epoch,quote,bid,ask,recv_ts
1783266682,5209.988,5209.951,5210.024,1783266682.162
1783266683,5209.983,5209.947,5210.02,1783266683.124
1783266684,5209.979,5209.943,5210.016,1783266684.162
1783266685,5209.967,5209.931,5210.004,1783266685.128
1783266686,5209.959,5209.923,5209.996,1783266686.150
1783266687,5209.948,5209.911,5209.984,1783266687.113
1783266688,5209.941,5209.904,5209.977,1783266688.135
1783266689,5209.926,5209.889,5209.962,1783266689.116
1783266690,5209.909,5209.872,5209.945,1783266690.147
1783266691,5209.904,5209.868,5209.941,1783266691.117
1783266692,5209.888,5209.851,5209.924,1783266692.149
1783266693,5209.873,5209.836,5209.909,1783266693.137
1783266694,5209.862,5209.826,5209.899,1783266694.149
1783266695,5209.847,5209.811,5209.884,1783266695.115
1783266696,5209.833,5209.796,5209.869,1783266696.139
1783266697,5209.811,5209.775,5209.848,1783266697.121
1783266698,5209.792,5209.756,5209.829,1783266698.204
1783266699,5209.778,5209.742,5209.815,1783266699.117
1783266700,5209.772,5209.736,5209.809,1783266700.145
1783266701,5209.762,5209.726,5209.799,1783266701.110
1783266702,5209.762,5209.725,5209.798,1783266702.143
1783266703,5209.752,5209.715,5209.788,1783266703.118
1783266704,5209.734,5209.698,5209.771,1783266704.139
1783266705,5209.72,5209.683,5209.756,1783266705.113
1783266706,5209.71,5209.673,5209.746,1783266706.149
1783266707,5209.709,5209.673,5209.746,1783266707.116
1783266708,5209.704,5209.668,5209.741,1783266708.138
1783266709,5209.696,5209.66,5209.733,1783266709.131
1783266710,5209.686,5209.649,5209.722,1783266710.140
1783266711,5209.677,5209.64,5209.713,1783266711.134
1783266712,5209.672,5209.635,5209.708,1783266712.156
1783266713,5209.665,5209.629,5209.702,1783266713.114
1783266714,5209.656,5209.619,5209.692,1783266714.144
1783266715,5209.645,5209.608,5209.681,1783266715.127
1783266716,5209.632,5209.595,5209.668,1783266716.174
1783266717,5209.625,5209.589,5209.662,1783266717.113
1783266718,5209.61,5209.573,5209.646,1783266718.163
1783266719,5209.596,5209.56,5209.633,1783266719.127
1783266720,5209.578,5209.541,5209.614,1783266720.204
1783266721,5209.568,5209.531,5209.604,1783266721.131
1783266722,5209.554,5209.518,5209.591,1783266722.273
1783266723,5209.544,5209.507,5209.58,1783266723.122
1783266724,5209.538,5209.501,5209.574,1783266724.233
1783266725,5209.534,5209.497,5209.57,1783266725.127
1783266726,5209.512,5209.476,5209.549,1783266726.136
1783266727,5209.509,5209.472,5209.545,1783266727.117
1783266728,5209.508,5209.471,5209.544,1783266728.201
1783266729,5209.501,5209.464,5209.537,1783266729.120
1783266730,5209.485,5209.449,5209.522,1783266730.127
1783266731,5209.484,5209.448,5209.521,1783266731.162
1783266732,5209.473,5209.437,5209.51,1783266732.149
1783266733,5209.471,5209.434,5209.507,1783266733.109
1783266734,5209.468,5209.432,5209.504,1783266734.156
1783266735,5209.453,5209.416,5209.489,1783266735.125
1783266736,5209.448,5209.412,5209.485,1783266736.136
1783266737,5209.432,5209.395,5209.468,1783266737.119
1783266738,5209.414,5209.377,5209.45,1783266738.145
1783266739,5209.408,5209.371,5209.444,1783266739.129
1783266740,5209.397,5209.36,5209.433,1783266740.142
1783266741,5209.39,5209.353,5209.426,1783266741.131
1783266742,5209.382,5209.345,5209.418,1783266742.140
1783266743,5209.375,5209.339,5209.412,1783266743.125
1783266744,5209.374,5209.337,5209.41,1783266744.180
1783266745,5209.365,5209.329,5209.402,1783266745.129
1783266746,5209.351,5209.315,5209.388,1783266746.146
1783266747,5209.33,5209.293,5209.366,1783266747.121
1783266748,5209.322,5209.285,5209.358,1783266748.171
1783266749,5209.296,5209.259,5209.332,1783266749.129
1783266750,5209.281,5209.245,5209.318,1783266750.155
1783266751,5209.264,5209.228,5209.301,1783266751.120
1783266752,5209.251,5209.214,5209.287,1783266752.135
1783266753,5209.233,5209.196,5209.269,1783266753.123
1783266754,5209.219,5209.182,5209.255,1783266754.162
1783266755,5209.21,5209.174,5209.247,1783266755.128
1783266756,5209.196,5209.16,5209.233,1783266756.139
1783266757,5209.195,5209.159,5209.232,1783266757.120
1783266758,5209.186,5209.149,5209.222,1783266758.249
1783266759,5209.181,5209.144,5209.217,1783266759.121
1783266760,5209.167,5209.131,5209.204,1783266760.167
1783266761,5209.154,5209.117,5209.19,1783266761.114
1783266762,5209.143,5209.106,5209.179,1783266762.133
1783266763,5209.142,5209.106,5209.179,1783266763.122
1783266764,5209.13,5209.094,5209.166,1783266764.137
1783266765,5209.112,5209.075,5209.148,1783266765.112
1783266766,5209.1,5209.064,5209.137,1783266766.148
1783266767,5209.085,5209.049,5209.122,1783266767.215
1783266768,5209.079,5209.042,5209.115,1783266768.175
1783266769,5209.076,5209.04,5209.113,1783266769.130
1783266770,5209.059,5209.023,5209.095,1783266770.150
1783266771,5209.051,5209.015,5209.088,1783266771.114
1783266772,5209.037,5209.001,5209.074,1783266772.154
1783266773,5209.019,5208.982,5209.055,1783266773.127
1783266774,5209,5208.964,5209.036,1783266774.151
1783266775,5208.991,5208.955,5209.028,1783266775.120
1783266776,5208.977,5208.94,5209.013,1783266776.156
1783266777,5208.976,5208.939,5209.012,1783266777.128
1783266778,5208.965,5208.928,5209.001,1783266778.143
1783266779,5208.959,5208.922,5208.995,1783266779.117
1783266780,5208.944,5208.908,5208.981,1783266780.163
1783266781,5208.942,5208.906,5208.979,1783266781.120
1783266782,5208.932,5208.895,5208.968,1783266782.197
1783266783,5208.923,5208.887,5208.96,1783266783.114
1783266784,5208.915,5208.878,5208.951,1783266784.150
1783266785,5208.909,5208.872,5208.945,1783266785.130
1783266786,5208.904,5208.868,5208.941,1783266786.138
1783266787,5208.895,5208.858,5208.931,1783266787.122
1783266788,5208.873,5208.836,5208.909,1783266788.204
1783266789,5208.87,5208.834,5208.906,1783266789.121
1783266790,5208.839,5208.803,5208.876,1783266790.163
1783266791,5208.821,5208.785,5208.858,1783266791.121
1783266792,5208.816,5208.78,5208.853,1783266792.153
1783266793,5208.813,5208.777,5208.85,1783266793.129
1783266794,5208.795,5208.759,5208.832,1783266794.144
1783266795,5208.787,5208.75,5208.823,1783266795.118
1783266796,5208.786,5208.75,5208.823,1783266796.150
1783266797,5208.771,5208.735,5208.808,1783266797.116
1783266798,5208.755,5208.718,5208.791,1783266798.146
1783266799,5208.737,5208.701,5208.774,1783266799.125
1783266800,5208.735,5208.698,5208.771,1783266800.136
1783266801,5208.728,5208.692,5208.765,1783266801.120
1783266802,5208.722,5208.686,5208.759,1783266802.129
1783266803,5208.703,5208.667,5208.739,1783266803.125
1783266804,5208.698,5208.662,5208.735,1783266804.147
1783266805,5208.695,5208.658,5208.731,1783266805.116
1783266806,5208.694,5208.658,5208.731,1783266806.140
1783266807,5208.682,5208.645,5208.718,1783266807.119
1783266808,5208.68,5208.643,5208.716,1783266808.161
1783266809,5208.672,5208.636,5208.709,1783266809.129
1783266810,5208.67,5208.634,5208.707,1783266810.143
1783266811,5208.663,5208.627,5208.7,1783266811.115
1783266812,5208.661,5208.625,5208.698,1783266812.141
1783266813,5208.651,5208.614,5208.687,1783266813.145
1783266814,5208.634,5208.597,5208.67,1783266814.146
1783266815,5208.626,5208.589,5208.662,1783266815.114
1783266816,5208.618,5208.581,5208.654,1783266816.165
1783266817,5208.609,5208.573,5208.646,1783266817.131
1783266818,5208.6,5208.563,5208.636,1783266818.243
1783266819,5208.595,5208.559,5208.632,1783266819.118
1783266820,5208.594,5208.558,5208.63,1783266820.133
1783266821,5208.587,5208.55,5208.623,1783266821.134
1783266822,5208.58,5208.544,5208.617,1783266822.142
1783266823,5208.564,5208.527,5208.6,1783266823.123
1783266824,5208.549,5208.512,5208.585,1783266824.136
1783266825,5208.532,5208.496,5208.569,1783266825.121
1783266826,5208.517,5208.481,5208.554,1783266826.142
1783266827,5208.501,5208.465,5208.538,1783266827.117
1783266828,5208.487,5208.451,5208.524,1783266828.137
1783266829,5208.485,5208.449,5208.522,1783266829.124
1783266830,5208.479,5208.442,5208.515,1783266830.161
1783266831,5208.471,5208.434,5208.507,1783266831.121
1783266832,5208.463,5208.427,5208.5,1783266832.131
1783266833,5208.448,5208.411,5208.484,1783266833.117
1783266834,5208.435,5208.398,5208.471,1783266834.135
1783266835,5208.434,5208.397,5208.47,1783266835.123
1783266836,5208.426,5208.389,5208.462,1783266836.133
1783266837,5208.412,5208.376,5208.449,1783266837.116
1783266838,5208.389,5208.353,5208.426,1783266838.151
1783266839,5208.37,5208.333,5208.406,1783266839.117
1783266840,5208.366,5208.33,5208.403,1783266840.142
1783266841,5208.335,5208.299,5208.372,1783266841.128
1783266842,5208.324,5208.288,5208.361,1783266842.147
1783266843,5208.315,5208.279,5208.352,1783266843.165
1783266844,5208.313,5208.277,5208.35,1783266844.148
1783266845,5208.304,5208.268,5208.341,1783266845.127
1783266846,5208.292,5208.256,5208.329,1783266846.132
1783266847,5208.273,5208.237,5208.31,1783266847.118
1783266848,5208.265,5208.229,5208.302,1783266848.203
1783266849,5208.251,5208.215,5208.287,1783266849.111
1783266850,5208.245,5208.209,5208.282,1783266850.141
1783266851,5208.233,5208.197,5208.27,1783266851.114
1783266852,5208.231,5208.194,5208.267,1783266852.162
1783266853,5208.228,5208.191,5208.264,1783266853.134
1783266854,5208.209,5208.173,5208.246,1783266854.135
1783266855,5208.208,5208.171,5208.244,1783266855.114
1783266856,5208.195,5208.158,5208.231,1783266856.150
1783266857,5208.192,5208.156,5208.229,1783266857.121
1783266858,5208.189,5208.152,5208.225,1783266858.165
1783266859,5208.182,5208.145,5208.218,1783266859.114
1783266860,5208.176,5208.139,5208.212,1783266860.166
1783266861,5208.175,5208.139,5208.212,1783266861.126
1783266862,5208.158,5208.122,5208.194,1783266862.138
1783266863,5208.157,5208.121,5208.194,1783266863.143
1783266864,5208.151,5208.115,5208.188,1783266864.147
1783266865,5208.146,5208.11,5208.182,1783266865.129
1783266866,5208.123,5208.086,5208.159,1783266866.137
1783266867,5208.121,5208.084,5208.157,1783266867.114
1783266868,5208.106,5208.07,5208.143,1783266868.129
1783266869,5208.106,5208.069,5208.142,1783266869.115
1783266870,5208.101,5208.065,5208.138,1783266870.142
1783266871,5208.086,5208.05,5208.123,1783266871.120
1783266872,5208.081,5208.044,5208.117,1783266872.155
1783266873,5208.069,5208.032,5208.105,1783266873.117
1783266874,5208.066,5208.03,5208.103,1783266874.143
1783266875,5208.065,5208.029,5208.102,1783266875.122
1783266876,5208.064,5208.028,5208.101,1783266876.149
1783266877,5208.058,5208.021,5208.094,1783266877.127
1783266878,5208.042,5208.005,5208.078,1783266878.250
1783266879,5208.039,5208.003,5208.076,1783266879.121
1783266880,5208.026,5207.989,5208.062,1783266880.129
1783266881,5208.023,5207.986,5208.059,1783266881.126
1783266882,5208.022,5207.986,5208.059,1783266882.143
1783266883,5208.02,5207.983,5208.056,1783266883.121
1783266884,5207.996,5207.959,5208.032,1783266884.131
1783266885,5207.98,5207.944,5208.017,1783266885.115
1783266886,5207.972,5207.936,5208.009,1783266886.131
1783266887,5207.967,5207.931,5208.004,1783266887.114
1783266888,5207.956,5207.92,5207.993,1783266888.139
1783266889,5207.953,5207.916,5207.989,1783266889.118
1783266890,5207.941,5207.905,5207.978,1783266890.138
1783266891,5207.931,5207.895,5207.968,1783266891.108
1783266892,5207.928,5207.892,5207.965,1783266892.148
1783266893,5207.914,5207.878,5207.951,1783266893.114
1783266894,5207.912,5207.876,5207.949,1783266894.149
1783266895,5207.9,5207.864,5207.937,1783266895.116
1783266896,5207.887,5207.851,5207.924,1783266896.137
1783266897,5207.886,5207.85,5207.923,1783266897.121
1783266898,5207.883,5207.847,5207.92,1783266898.137
1783266899,5207.881,5207.845,5207.918,1783266899.112
1783266900,5207.871,5207.835,5207.908,1783266900.148
1783266901,5207.866,5207.83,5207.903,1783266901.117
1783266902,5207.866,5207.83,5207.902,1783266902.352
1783266903,5207.863,5207.826,5207.899,1783266903.163
1783266904,5207.863,5207.826,5207.899,1783266904.276
1783266905,5207.854,5207.818,5207.891,1783266905.127
1783266906,5207.834,5207.797,5207.87,1783266906.150
1783266907,5207.833,5207.797,5207.87,1783266907.124
1783266908,5207.818,5207.781,5207.854,1783266908.202
1783266909,5207.814,5207.778,5207.851,1783266909.115
1783266910,5207.805,5207.769,5207.842,1783266910.134
1783266911,5207.801,5207.765,5207.838,1783266911.123
1783266912,5207.796,5207.76,5207.832,1783266912.142
1783266913,5207.781,5207.744,5207.817,1783266913.127
1783266914,5207.755,5207.719,5207.792,1783266914.140
1783266915,5207.741,5207.704,5207.777,1783266915.132
1783266916,5207.725,5207.689,5207.762,1783266916.303
1783266917,5207.698,5207.661,5207.734,1783266917.116
1783266918,5207.682,5207.646,5207.719,1783266918.138
1783266919,5207.682,5207.646,5207.718,1783266919.118
1783266920,5207.667,5207.63,5207.703,1783266920.136
1783266921,5207.652,5207.616,5207.689,1783266921.122
1783266922,5207.647,5207.61,5207.683,1783266922.138
1783266923,5207.623,5207.587,5207.66,1783266923.114
1783266924,5207.62,5207.584,5207.657,1783266924.133
1783266925,5207.62,5207.583,5207.656,1783266925.143
1783266926,5207.611,5207.574,5207.647,1783266926.132
1783266927,5207.603,5207.567,5207.64,1783266927.120
1783266928,5207.601,5207.564,5207.637,1783266928.149
1783266929,5207.599,5207.563,5207.636,1783266929.126
1783266930,5207.595,5207.559,5207.631,1783266930.155
1783266931,5207.587,5207.551,5207.624,1783266931.111
1783266932,5207.578,5207.542,5207.614,1783266932.135
1783266933,5207.561,5207.524,5207.597,1783266933.121
1783266934,5207.549,5207.512,5207.585,1783266934.133
1783266935,5207.538,5207.502,5207.575,1783266935.124
1783266936,5207.524,5207.487,5207.56,1783266936.146
1783266937,5207.519,5207.482,5207.555,1783266937.113
1783266938,5207.498,5207.462,5207.535,1783266938.208
1783266939,5207.49,5207.454,5207.527,1783266939.118
1783266940,5207.462,5207.425,5207.498,1783266940.161
1783266941,5207.448,5207.411,5207.484,1783266941.122
1783266942,5207.419,5207.382,5207.455,1783266942.135
1783266943,5207.405,5207.368,5207.441,1783266943.123
1783266944,5207.379,5207.343,5207.416,1783266944.143
1783266945,5207.365,5207.328,5207.401,1783266945.123
1783266946,5207.361,5207.324,5207.397,1783266946.158
1783266947,5207.345,5207.309,5207.381,1783266947.112
1783266948,5207.335,5207.298,5207.371,1783266948.162
1783266949,5207.332,5207.295,5207.368,1783266949.152
1783266950,5207.315,5207.279,5207.352,1783266950.145
1783266951,5207.308,5207.272,5207.345,1783266951.112
1783266952,5207.297,5207.26,5207.333,1783266952.137
1783266953,5207.275,5207.239,5207.312,1783266953.109
1783266954,5207.247,5207.211,5207.284,1783266954.132
1783266955,5207.232,5207.195,5207.268,1783266955.113
1783266956,5207.214,5207.177,5207.25,1783266956.147
1783266957,5207.195,5207.158,5207.231,1783266957.121
1783266958,5207.184,5207.148,5207.221,1783266958.131
1783266959,5207.181,5207.145,5207.218,1783266959.111
1783266960,5207.16,5207.124,5207.197,1783266960.147
1783266961,5207.141,5207.104,5207.177,1783266961.118
1783266962,5207.134,5207.098,5207.171,1783266962.313
1783266963,5207.134,5207.097,5207.17,1783266963.144
1783266964,5207.133,5207.097,5207.169,1783266964.136
1783266965,5207.125,5207.089,5207.162,1783266965.123
1783266966,5207.121,5207.084,5207.157,1783266966.139
1783266967,5207.101,5207.065,5207.138,1783266967.114
1783266968,5207.096,5207.059,5207.132,1783266968.199
1783266969,5207.085,5207.049,5207.121,1783266969.122
1783266970,5207.073,5207.037,5207.11,1783266970.150
1783266971,5207.064,5207.028,5207.101,1783266971.111
1783266972,5207.062,5207.025,5207.098,1783266972.129
1783266973,5207.051,5207.015,5207.088,1783266973.122
1783266974,5207.039,5207.003,5207.076,1783266974.157
1783266975,5207.027,5206.99,5207.063,1783266975.123
1783266976,5207.025,5206.988,5207.061,1783266976.140
1783266977,5207.014,5206.977,5207.05,1783266977.125
1783266978,5206.998,5206.961,5207.034,1783266978.161
1783266979,5206.99,5206.954,5207.027,1783266979.111
1783266980,5206.983,5206.947,5207.019,1783266980.134
1783266981,5206.972,5206.935,5207.008,1783266981.116
1783266982,5206.956,5206.92,5206.993,1783266982.141
1783266983,5206.942,5206.906,5206.979,1783266983.151
1783266984,5206.937,5206.901,5206.974,1783266984.144
1783266985,5206.925,5206.888,5206.961,1783266985.111
1783266986,5206.915,5206.879,5206.952,1783266986.144
1783266987,5206.909,5206.872,5206.945,1783266987.117
1783266988,5206.901,5206.864,5206.937,1783266988.145
1783266989,5206.895,5206.859,5206.931,1783266989.112
1783266990,5206.886,5206.849,5206.922,1783266990.150
1783266991,5206.885,5206.849,5206.922,1783266991.114
1783266992,5206.868,5206.832,5206.904,1783266992.165
1783266993,5206.857,5206.821,5206.894,1783266993.119
1783266994,5206.849,5206.813,5206.886,1783266994.133
1783266995,5206.843,5206.807,5206.88,1783266995.111
1783266996,5206.84,5206.803,5206.876,1783266996.133
1783266997,5206.826,5206.789,5206.862,1783266997.117
1783266998,5206.813,5206.777,5206.85,1783266998.201
1783266999,5206.812,5206.775,5206.848,1783266999.117
1783267000,5206.794,5206.757,5206.83,1783267000.140
1783267001,5206.792,5206.756,5206.829,1783267001.111
1783267002,5206.788,5206.751,5206.824,1783267002.146
1783267003,5206.774,5206.737,5206.81,1783267003.122
1783267004,5206.768,5206.732,5206.805,1783267004.135
1783267005,5206.763,5206.726,5206.799,1783267005.172
1783267006,5206.76,5206.723,5206.796,1783267006.143
1783267007,5206.759,5206.722,5206.795,1783267007.110
1783267008,5206.754,5206.718,5206.791,1783267008.134
1783267009,5206.752,5206.716,5206.789,1783267009.116
1783267010,5206.737,5206.701,5206.773,1783267010.170
1783267011,5206.723,5206.687,5206.76,1783267011.113
1783267012,5206.723,5206.686,5206.759,1783267012.145
1783267013,5206.719,5206.682,5206.755,1783267013.116
1783267014,5206.707,5206.67,5206.743,1783267014.159
1783267015,5206.689,5206.653,5206.726,1783267015.127
1783267016,5206.688,5206.651,5206.724,1783267016.135
1783267017,5206.666,5206.629,5206.702,1783267017.149
1783267018,5206.656,5206.619,5206.692,1783267018.141
1783267019,5206.652,5206.615,5206.688,1783267019.121
1783267020,5206.616,5206.579,5206.652,1783267020.153
1783267021,5206.603,5206.566,5206.639,1783267021.119
1783267022,5206.595,5206.558,5206.631,1783267022.258
1783267023,5206.594,5206.557,5206.63,1783267023.132
1783267024,5206.584,5206.548,5206.621,1783267024.183
1783267025,5206.577,5206.541,5206.614,1783267025.115
1783267026,5206.559,5206.523,5206.596,1783267026.140
1783267027,5206.555,5206.518,5206.591,1783267027.120
1783267028,5206.553,5206.517,5206.59,1783267028.221
1783267029,5206.536,5206.5,5206.573,1783267029.113
1783267030,5206.531,5206.495,5206.567,1783267030.135
1783267031,5206.515,5206.479,5206.552,1783267031.113
1783267032,5206.504,5206.468,5206.54,1783267032.134
1783267033,5206.498,5206.462,5206.535,1783267033.119
1783267034,5206.478,5206.442,5206.515,1783267034.142
1783267035,5206.474,5206.438,5206.51,1783267035.136
1783267036,5206.458,5206.421,5206.494,1783267036.143
1783267037,5206.457,5206.42,5206.493,1783267037.125
1783267038,5206.432,5206.395,5206.468,1783267038.143
1783267039,5206.406,5206.369,5206.442,1783267039.111
1783267040,5206.399,5206.362,5206.435,1783267040.141
1783267041,5206.382,5206.346,5206.419,1783267041.132
1783267042,5206.376,5206.339,5206.412,1783267042.148
1783267043,5206.372,5206.335,5206.408,1783267043.119
1783267044,5206.362,5206.325,5206.398,1783267044.132
1783267045,5206.335,5206.298,5206.371,1783267045.116
1783267046,5206.328,5206.292,5206.364,1783267046.149
1783267047,5206.325,5206.288,5206.361,1783267047.120
1783267048,5206.321,5206.285,5206.358,1783267048.137
1783267049,5206.317,5206.281,5206.354,1783267049.116
1783267050,5206.312,5206.276,5206.349,1783267050.148
1783267051,5206.307,5206.271,5206.343,1783267051.121
1783267052,5206.306,5206.27,5206.343,1783267052.152
1783267053,5206.276,5206.24,5206.313,1783267053.123
1783267054,5206.261,5206.225,5206.298,1783267054.134
1783267055,5206.246,5206.209,5206.282,1783267055.113
1783267056,5206.241,5206.204,5206.277,1783267056.133
1783267057,5206.222,5206.186,5206.258,1783267057.110
1783267058,5206.197,5206.16,5206.233,1783267058.208
1783267059,5206.189,5206.152,5206.225,1783267059.120
1783267060,5206.169,5206.132,5206.205,1783267060.163
1783267061,5206.164,5206.127,5206.2,1783267061.129
1783267062,5206.147,5206.111,5206.184,1783267062.203
1783267063,5206.136,5206.099,5206.172,1783267063.104
1783267064,5206.114,5206.077,5206.15,1783267064.135
1783267065,5206.103,5206.066,5206.139,1783267065.123
1783267066,5206.091,5206.055,5206.128,1783267066.134
1783267067,5206.072,5206.036,5206.109,1783267067.163
1783267068,5206.057,5206.021,5206.094,1783267068.139
1783267069,5206.039,5206.002,5206.075,1783267069.108
1783267070,5206.034,5205.998,5206.071,1783267070.146
1783267071,5206.02,5205.984,5206.057,1783267071.111
1783267072,5206.008,5205.972,5206.044,1783267072.137
1783267073,5206.005,5205.968,5206.041,1783267073.114
1783267074,5206.003,5205.967,5206.04,1783267074.139
1783267075,5206.002,5205.966,5206.039,1783267075.115
1783267076,5206,5205.964,5206.037,1783267076.144
1783267077,5205.992,5205.956,5206.028,1783267077.110
1783267078,5205.984,5205.947,5206.02,1783267078.152
1783267079,5205.969,5205.933,5206.006,1783267079.113
1783267080,5205.956,5205.92,5205.993,1783267080.139
1783267081,5205.952,5205.916,5205.989,1783267081.123
1783267082,5205.934,5205.898,5205.97,1783267082.170
1783267083,5205.919,5205.882,5205.955,1783267083.299
1783267084,5205.908,5205.872,5205.945,1783267084.155
1783267085,5205.907,5205.87,5205.943,1783267085.145
1783267086,5205.9,5205.863,5205.936,1783267086.157
1783267087,5205.894,5205.858,5205.931,1783267087.124
1783267088,5205.873,5205.836,5205.909,1783267088.133
1783267089,5205.867,5205.83,5205.903,1783267089.109
1783267090,5205.864,5205.828,5205.901,1783267090.171
1783267091,5205.864,5205.827,5205.9,1783267091.115
1783267092,5205.862,5205.826,5205.899,1783267092.165
1783267093,5205.838,5205.801,5205.874,1783267093.126
1783267094,5205.819,5205.783,5205.856,1783267094.149
1783267095,5205.8,5205.763,5205.836,1783267095.122
1783267096,5205.798,5205.762,5205.834,1783267096.158
1783267097,5205.788,5205.752,5205.825,1783267097.117
1783267098,5205.782,5205.746,5205.819,1783267098.164
1783267099,5205.76,5205.723,5205.796,1783267099.119
1783267100,5205.746,5205.709,5205.782,1783267100.147
1783267101,5205.744,5205.708,5205.78,1783267101.121
1783267102,5205.731,5205.694,5205.767,1783267102.138
1783267103,5205.725,5205.688,5205.761,1783267103.113
1783267104,5205.713,5205.676,5205.749,1783267104.144
1783267105,5205.713,5205.676,5205.749,1783267105.111
1783267106,5205.706,5205.67,5205.743,1783267106.131
1783267107,5205.697,5205.661,5205.734,1783267107.117
1783267108,5205.696,5205.659,5205.732,1783267108.146
1783267109,5205.69,5205.653,5205.726,1783267109.123
1783267110,5205.679,5205.643,5205.715,1783267110.140
1783267111,5205.668,5205.631,5205.704,1783267111.113
1783267112,5205.653,5205.617,5205.69,1783267112.135
1783267113,5205.645,5205.608,5205.681,1783267113.124
1783267114,5205.639,5205.602,5205.675,1783267114.137
1783267115,5205.613,5205.576,5205.649,1783267115.121
1783267116,5205.602,5205.565,5205.638,1783267116.161
1783267117,5205.588,5205.552,5205.624,1783267117.138
1783267118,5205.585,5205.548,5205.621,1783267118.204
1783267119,5205.581,5205.545,5205.617,1783267119.119
1783267120,5205.555,5205.519,5205.592,1783267120.145
1783267121,5205.54,5205.504,5205.576,1783267121.112
1783267122,5205.535,5205.499,5205.572,1783267122.148
1783267123,5205.526,5205.489,5205.562,1783267123.122
1783267124,5205.525,5205.488,5205.561,1783267124.151
1783267125,5205.523,5205.486,5205.559,1783267125.116
1783267126,5205.5,5205.463,5205.536,1783267126.258
1783267127,5205.469,5205.432,5205.505,1783267127.115
1783267128,5205.457,5205.42,5205.493,1783267128.154
1783267129,5205.453,5205.416,5205.489,1783267129.116
1783267130,5205.437,5205.4,5205.473,1783267130.160
1783267131,5205.423,5205.387,5205.46,1783267131.125
1783267132,5205.416,5205.38,5205.453,1783267132.159
1783267133,5205.406,5205.37,5205.443,1783267133.113
1783267134,5205.397,5205.361,5205.434,1783267134.142
1783267135,5205.383,5205.347,5205.42,1783267135.123
1783267136,5205.375,5205.339,5205.412,1783267136.163
1783267137,5205.372,5205.336,5205.409,1783267137.124
1783267138,5205.36,5205.324,5205.397,1783267138.149
1783267139,5205.352,5205.315,5205.388,1783267139.164
1783267140,5205.35,5205.313,5205.386,1783267140.156
1783267141,5205.343,5205.306,5205.379,1783267141.127
1783267142,5205.337,5205.301,5205.373,1783267142.321
1783267143,5205.323,5205.287,5205.359,1783267143.127
1783267144,5205.308,5205.272,5205.345,1783267144.174
1783267145,5205.288,5205.252,5205.325,1783267145.122
1783267146,5205.281,5205.245,5205.317,1783267146.136
1783267147,5205.265,5205.229,5205.302,1783267147.113
1783267148,5205.261,5205.224,5205.297,1783267148.204
1783267149,5205.25,5205.213,5205.286,1783267149.115
1783267150,5205.209,5205.173,5205.246,1783267150.142
1783267151,5205.197,5205.161,5205.234,1783267151.120
1783267152,5205.186,5205.149,5205.222,1783267152.139
1783267153,5205.169,5205.133,5205.205,1783267153.129
1783267154,5205.151,5205.114,5205.187,1783267154.150
1783267155,5205.126,5205.089,5205.162,1783267155.134
1783267156,5205.106,5205.07,5205.143,1783267156.145
1783267157,5205.089,5205.053,5205.126,1783267157.132
1783267158,5205.076,5205.039,5205.112,1783267158.144
1783267159,5205.058,5205.022,5205.095,1783267159.125
1783267160,5205.042,5205.005,5205.078,1783267160.153
1783267161,5205.033,5204.997,5205.07,1783267161.129
1783267162,5205.032,5204.996,5205.068,1783267162.140
1783267163,5205.025,5204.988,5205.061,1783267163.131
1783267164,5205.014,5204.977,5205.05,1783267164.152
1783267165,5205.009,5204.972,5205.045,1783267165.162
1783267166,5205.008,5204.972,5205.045,1783267166.150
1783267167,5205.006,5204.97,5205.043,1783267167.119
1783267168,5204.973,5204.937,5205.009,1783267168.156
1783267169,5204.961,5204.924,5204.997,1783267169.125
1783267170,5204.948,5204.912,5204.984,1783267170.146
1783267171,5204.941,5204.905,5204.977,1783267171.114
1783267172,5204.94,5204.903,5204.976,1783267172.141
1783267173,5204.933,5204.897,5204.97,1783267173.124
1783267174,5204.929,5204.892,5204.965,1783267174.139
1783267175,5204.919,5204.883,5204.955,1783267175.124
1783267176,5204.904,5204.867,5204.94,1783267176.146
1783267177,5204.893,5204.856,5204.929,1783267177.125
1783267178,5204.892,5204.855,5204.928,1783267178.204
1783267179,5204.876,5204.84,5204.913,1783267179.119
1783267180,5204.865,5204.829,5204.902,1783267180.143
1783267181,5204.856,5204.82,5204.893,1783267181.116
1783267182,5204.839,5204.803,5204.875,1783267182.150
1783267183,5204.838,5204.802,5204.875,1783267183.110
1783267184,5204.833,5204.797,5204.87,1783267184.142
1783267185,5204.821,5204.785,5204.858,1783267185.125
1783267186,5204.819,5204.782,5204.855,1783267186.147
1783267187,5204.806,5204.769,5204.842,1783267187.131
1783267188,5204.794,5204.757,5204.83,1783267188.141
1783267189,5204.78,5204.744,5204.816,1783267189.124
1783267190,5204.77,5204.734,5204.807,1783267190.154
1783267191,5204.755,5204.719,5204.792,1783267191.116
1783267192,5204.742,5204.706,5204.779,1783267192.156
1783267193,5204.738,5204.701,5204.774,1783267193.116
1783267194,5204.715,5204.679,5204.752,1783267194.148
1783267195,5204.704,5204.668,5204.741,1783267195.121
1783267196,5204.695,5204.658,5204.731,1783267196.174
1783267197,5204.666,5204.629,5204.702,1783267197.122
1783267198,5204.656,5204.62,5204.693,1783267198.143
1783267199,5204.656,5204.62,5204.693,1783267199.118
1783267200,5204.649,5204.613,5204.686,1783267200.249
1783267201,5204.626,5204.589,5204.662,1783267201.111
1783267202,5204.599,5204.563,5204.636,1783267202.197
1783267203,5204.588,5204.551,5204.624,1783267203.130
1783267204,5204.576,5204.539,5204.612,1783267204.164
1783267205,5204.573,5204.537,5204.61,1783267205.119
1783267206,5204.569,5204.533,5204.606,1783267206.155
1783267207,5204.563,5204.526,5204.599,1783267207.128
1783267208,5204.558,5204.522,5204.595,1783267208.204
1783267209,5204.554,5204.518,5204.59,1783267209.127
1783267210,5204.547,5204.511,5204.584,1783267210.148
1783267211,5204.533,5204.497,5204.57,1783267211.123
1783267212,5204.522,5204.485,5204.558,1783267212.164
1783267213,5204.515,5204.479,5204.552,1783267213.148
1783267214,5204.511,5204.474,5204.547,1783267214.146
1783267215,5204.497,5204.46,5204.533,1783267215.117
1783267216,5204.485,5204.448,5204.521,1783267216.148
1783267217,5204.48,5204.444,5204.517,1783267217.129
1783267218,5204.462,5204.426,5204.499,1783267218.157
1783267219,5204.456,5204.42,5204.493,1783267219.125
1783267220,5204.438,5204.402,5204.475,1783267220.159
1783267221,5204.438,5204.402,5204.475,1783267221.114
1783267222,5204.421,5204.385,5204.458,1783267222.145
1783267223,5204.415,5204.379,5204.452,1783267223.129
1783267224,5204.4,5204.364,5204.437,1783267224.144
1783267225,5204.37,5204.334,5204.406,1783267225.117
1783267226,5204.356,5204.32,5204.393,1783267226.135
1783267227,5204.354,5204.317,5204.39,1783267227.161
1783267228,5204.35,5204.314,5204.387,1783267228.150
1783267229,5204.324,5204.287,5204.36,1783267229.130
1783267230,5204.309,5204.272,5204.345,1783267230.149
1783267231,5204.294,5204.257,5204.33,1783267231.123
1783267232,5204.292,5204.256,5204.329,1783267232.148
1783267233,5204.291,5204.255,5204.327,1783267233.117
1783267234,5204.289,5204.252,5204.325,1783267234.150
1783267235,5204.275,5204.239,5204.312,1783267235.114
1783267236,5204.273,5204.236,5204.309,1783267236.144
1783267237,5204.272,5204.236,5204.308,1783267237.121
1783267238,5204.252,5204.215,5204.288,1783267238.205
1783267239,5204.236,5204.2,5204.273,1783267239.124
1783267240,5204.228,5204.192,5204.265,1783267240.139
1783267241,5204.223,5204.187,5204.26,1783267241.122
1783267242,5204.204,5204.168,5204.241,1783267242.140
1783267243,5204.198,5204.162,5204.235,1783267243.125
1783267244,5204.19,5204.153,5204.226,1783267244.153
1783267245,5204.184,5204.147,5204.22,1783267245.116
1783267246,5204.177,5204.141,5204.213,1783267246.150
1783267247,5204.177,5204.14,5204.213,1783267247.125
1783267248,5204.159,5204.123,5204.196,1783267248.143
1783267249,5204.151,5204.115,5204.187,1783267249.120
1783267250,5204.139,5204.102,5204.175,1783267250.146
1783267251,5204.135,5204.099,5204.171,1783267251.124
1783267252,5204.12,5204.084,5204.157,1783267252.144
1783267253,5204.106,5204.07,5204.142,1783267253.126
1783267254,5204.09,5204.054,5204.126,1783267254.156
1783267255,5204.088,5204.051,5204.124,1783267255.113
1783267256,5204.073,5204.036,5204.109,1783267256.138
1783267257,5204.059,5204.023,5204.096,1783267257.119
1783267258,5204.052,5204.016,5204.088,1783267258.146
1783267259,5204.041,5204.005,5204.078,1783267259.125
1783267260,5204.037,5204,5204.073,1783267260.177
1783267261,5204.028,5203.991,5204.064,1783267261.119
1783267262,5204.016,5203.979,5204.052,1783267262.291
1783267263,5203.996,5203.96,5204.033,1783267263.169
1783267264,5203.986,5203.949,5204.022,1783267264.160
1783267265,5203.971,5203.935,5204.007,1783267265.125
1783267266,5203.953,5203.917,5203.99,1783267266.215
1783267267,5203.942,5203.905,5203.978,1783267267.126
1783267268,5203.934,5203.898,5203.971,1783267268.244
1783267269,5203.923,5203.887,5203.96,1783267269.111
1783267270,5203.917,5203.881,5203.954,1783267270.158
1783267271,5203.908,5203.872,5203.945,1783267271.119
1783267272,5203.897,5203.861,5203.934,1783267272.166
1783267273,5203.885,5203.849,5203.921,1783267273.125
1783267274,5203.881,5203.844,5203.917,1783267274.149
1783267275,5203.875,5203.839,5203.911,1783267275.123
1783267276,5203.86,5203.824,5203.896,1783267276.155
1783267277,5203.858,5203.822,5203.894,1783267277.131
1783267278,5203.856,5203.819,5203.892,1783267278.137
1783267279,5203.835,5203.799,5203.872,1783267279.114
1783267280,5203.834,5203.798,5203.871,1783267280.150
1783267281,5203.829,5203.793,5203.865,1783267281.129
1783267282,5203.804,5203.767,5203.84,1783267282.153
1783267283,5203.789,5203.753,5203.825,1783267283.124
1783267284,5203.777,5203.74,5203.813,1783267284.148
1783267285,5203.773,5203.737,5203.81,1783267285.118
1783267286,5203.773,5203.736,5203.809,1783267286.152
1783267287,5203.759,5203.723,5203.796,1783267287.141
1783267288,5203.747,5203.71,5203.783,1783267288.165
1783267289,5203.735,5203.698,5203.771,1783267289.116
1783267290,5203.721,5203.684,5203.757,1783267290.153
1783267291,5203.717,5203.681,5203.754,1783267291.126
1783267292,5203.713,5203.677,5203.749,1783267292.161
1783267293,5203.7,5203.664,5203.737,1783267293.140
1783267294,5203.682,5203.645,5203.718,1783267294.157
1783267295,5203.679,5203.643,5203.716,1783267295.115
1783267296,5203.674,5203.637,5203.71,1783267296.162
1783267297,5203.673,5203.637,5203.71,1783267297.138
1783267298,5203.668,5203.631,5203.704,1783267298.205
1783267299,5203.641,5203.605,5203.678,1783267299.133
1783267300,5203.625,5203.589,5203.662,1783267300.148
1783267301,5203.597,5203.56,5203.633,1783267301.143
1783267302,5203.594,5203.558,5203.631,1783267302.164
1783267303,5203.584,5203.548,5203.62,1783267303.126
1783267304,5203.574,5203.538,5203.61,1783267304.150
1783267305,5203.572,5203.535,5203.608,1783267305.124
1783267306,5203.565,5203.528,5203.601,1783267306.148
1783267307,5203.552,5203.515,5203.588,1783267307.120
1783267308,5203.542,5203.505,5203.578,1783267308.152
1783267309,5203.541,5203.504,5203.577,1783267309.122
1783267310,5203.533,5203.497,5203.57,1783267310.156
1783267311,5203.524,5203.487,5203.56,1783267311.122
1783267312,5203.509,5203.473,5203.546,1783267312.156
1783267313,5203.5,5203.463,5203.536,1783267313.125
1783267314,5203.48,5203.444,5203.516,1783267314.148
1783267315,5203.478,5203.441,5203.514,1783267315.127
1783267316,5203.473,5203.437,5203.509,1783267316.148
1783267317,5203.468,5203.431,5203.504,1783267317.125
1783267318,5203.458,5203.422,5203.495,1783267318.142
1783267319,5203.441,5203.405,5203.477,1783267319.117
1783267320,5203.427,5203.39,5203.463,1783267320.157
1783267321,5203.418,5203.382,5203.455,1783267321.143
1783267322,5203.403,5203.366,5203.439,1783267322.165
1783267323,5203.393,5203.356,5203.429,1783267323.126
1783267324,5203.367,5203.33,5203.403,1783267324.152
1783267325,5203.348,5203.311,5203.384,1783267325.135
1783267326,5203.341,5203.304,5203.377,1783267326.142
1783267327,5203.33,5203.294,5203.366,1783267327.115
1783267328,5203.327,5203.29,5203.363,1783267328.201
1783267329,5203.323,5203.287,5203.36,1783267329.131
1783267330,5203.302,5203.266,5203.339,1783267330.152
1783267331,5203.296,5203.26,5203.333,1783267331.136
1783267332,5203.286,5203.25,5203.323,1783267332.156
1783267333,5203.273,5203.237,5203.31,1783267333.120
1783267334,5203.258,5203.221,5203.294,1783267334.139
1783267335,5203.257,5203.22,5203.293,1783267335.118
1783267336,5203.256,5203.22,5203.293,1783267336.146
1783267337,5203.251,5203.214,5203.287,1783267337.137
1783267338,5203.239,5203.203,5203.276,1783267338.150
1783267339,5203.216,5203.179,5203.252,1783267339.128
1783267340,5203.215,5203.178,5203.251,1783267340.146
1783267341,5203.208,5203.171,5203.244,1783267341.162
1783267342,5203.207,5203.171,5203.244,1783267342.155
1783267343,5203.196,5203.159,5203.232,1783267343.118
1783267344,5203.192,5203.156,5203.228,1783267344.140
1783267345,5203.189,5203.153,5203.226,1783267345.129
1783267346,5203.173,5203.136,5203.209,1783267346.146
1783267347,5203.165,5203.129,5203.202,1783267347.135
1783267348,5203.153,5203.117,5203.189,1783267348.149
1783267349,5203.141,5203.105,5203.177,1783267349.118
1783267350,5203.121,5203.084,5203.157,1783267350.150
1783267351,5203.117,5203.08,5203.153,1783267351.137
1783267352,5203.11,5203.074,5203.147,1783267352.151
1783267353,5203.105,5203.069,5203.142,1783267353.121
1783267354,5203.097,5203.061,5203.134,1783267354.181
1783267355,5203.086,5203.05,5203.123,1783267355.118
1783267356,5203.071,5203.035,5203.108,1783267356.141
1783267357,5203.058,5203.022,5203.094,1783267357.122
1783267358,5203.055,5203.018,5203.091,1783267358.205
1783267359,5203.05,5203.013,5203.086,1783267359.126
1783267360,5203.047,5203.011,5203.084,1783267360.166
1783267361,5203.036,5203,5203.072,1783267361.128
1783267362,5203.033,5202.996,5203.069,1783267362.150
1783267363,5203.029,5202.993,5203.066,1783267363.131
1783267364,5203.023,5202.987,5203.06,1783267364.159
1783267365,5203.021,5202.984,5203.057,1783267365.128
1783267366,5203.004,5202.967,5203.04,1783267366.149
1783267367,5203.003,5202.966,5203.039,1783267367.122
1783267368,5202.995,5202.958,5203.031,1783267368.139
1783267369,5202.978,5202.941,5203.014,1783267369.117
1783267370,5202.972,5202.936,5203.008,1783267370.141
1783267371,5202.97,5202.933,5203.006,1783267371.125
1783267372,5202.962,5202.926,5202.999,1783267372.139
1783267373,5202.942,5202.905,5202.978,1783267373.119
1783267374,5202.941,5202.905,5202.977,1783267374.132
1783267375,5202.932,5202.896,5202.969,1783267375.112
1783267376,5202.914,5202.878,5202.951,1783267376.149
1783267377,5202.907,5202.871,5202.944,1783267377.118
1783267378,5202.904,5202.867,5202.94,1783267378.153
1783267379,5202.899,5202.862,5202.935,1783267379.129
1783267380,5202.882,5202.846,5202.919,1783267380.164
1783267381,5202.871,5202.835,5202.908,1783267381.145
1783267382,5202.865,5202.828,5202.901,1783267382.158
1783267383,5217.137,5217.101,5217.174,1783267383.167
1783267384,5217.122,5217.086,5217.159,1783267384.162
1783267385,5217.113,5217.076,5217.149,1783267385.115
1783267386,5217.104,5217.067,5217.14,1783267386.146
1783267387,5217.084,5217.048,5217.121,1783267387.115
1783267388,5217.081,5217.045,5217.118,1783267388.203
1783267389,5217.066,5217.03,5217.103,1783267389.131
1783267390,5217.051,5217.014,5217.087,1783267390.136
1783267391,5217.042,5217.006,5217.079,1783267391.123
1783267392,5217.035,5216.999,5217.072,1783267392.141
1783267393,5217.022,5216.985,5217.058,1783267393.130
1783267394,5216.998,5216.961,5217.034,1783267394.150
1783267395,5216.975,5216.938,5217.011,1783267395.123
1783267396,5216.967,5216.93,5217.003,1783267396.147
1783267397,5216.944,5216.908,5216.981,1783267397.125
1783267398,5216.942,5216.906,5216.979,1783267398.141
1783267399,5216.927,5216.89,5216.963,1783267399.117
1783267400,5216.92,5216.884,5216.957,1783267400.152
1783267401,5216.894,5216.857,5216.93,1783267401.123
1783267402,5216.89,5216.853,5216.926,1783267402.149
1783267403,5216.877,5216.841,5216.914,1783267403.124
1783267404,5216.868,5216.831,5216.904,1783267404.144
1783267405,5216.861,5216.824,5216.897,1783267405.124
1783267406,5216.847,5216.811,5216.884,1783267406.167
1783267407,5216.836,5216.8,5216.873,1783267407.129
1783267408,5216.822,5216.785,5216.858,1783267408.155
1783267409,5216.811,5216.775,5216.848,1783267409.126
1783267410,5216.809,5216.772,5216.845,1783267410.153
1783267411,5216.776,5216.739,5216.812,1783267411.118
1783267412,5216.769,5216.732,5216.805,1783267412.154
1783267413,5216.767,5216.73,5216.803,1783267413.125
1783267414,5216.757,5216.72,5216.793,1783267414.150
1783267415,5216.745,5216.708,5216.782,1783267415.115
1783267416,5216.721,5216.685,5216.758,1783267416.166
1783267417,5216.721,5216.684,5216.757,1783267417.124
1783267418,5216.715,5216.678,5216.751,1783267418.212
1783267419,5216.706,5216.669,5216.742,1783267419.118
1783267420,5216.7,5216.664,5216.737,1783267420.157
1783267421,5216.69,5216.653,5216.726,1783267421.120
1783267422,5216.677,5216.641,5216.714,1783267422.149
1783267423,5216.66,5216.624,5216.697,1783267423.119
1783267424,5216.65,5216.613,5216.686,1783267424.147
1783267425,5216.636,5216.6,5216.673,1783267425.120
1783267426,5216.615,5216.578,5216.651,1783267426.156
1783267427,5216.601,5216.564,5216.637,1783267427.112
1783267428,5216.597,5216.56,5216.633,1783267428.150
1783267429,5216.587,5216.55,5216.623,1783267429.125
1783267430,5216.574,5216.537,5216.61,1783267430.146
1783267431,5216.569,5216.533,5216.606,1783267431.132
1783267432,5216.567,5216.531,5216.604,1783267432.171
1783267433,5216.551,5216.514,5216.587,1783267433.121
1783267434,5216.546,5216.509,5216.582,1783267434.157
1783267435,5216.526,5216.489,5216.562,1783267435.122
1783267436,5216.518,5216.481,5216.554,1783267436.141
1783267437,5216.505,5216.468,5216.541,1783267437.119
1783267438,5216.499,5216.463,5216.536,1783267438.137
1783267439,5216.48,5216.443,5216.516,1783267439.121
1783267440,5216.47,5216.434,5216.507,1783267440.161
1783267441,5216.459,5216.422,5216.495,1783267441.142
1783267442,5216.449,5216.413,5216.486,1783267442.169
1783267443,5216.429,5216.393,5216.466,1783267443.139
1783267444,5216.416,5216.379,5216.452,1783267444.150
1783267445,5216.4,5216.364,5216.437,1783267445.123
1783267446,5216.397,5216.36,5216.433,1783267446.142
1783267447,5216.387,5216.35,5216.423,1783267447.127
1783267448,5216.378,5216.342,5216.415,1783267448.243
1783267449,5216.356,5216.319,5216.393,1783267449.133
1783267450,5216.355,5216.319,5216.392,1783267450.149
1783267451,5216.348,5216.312,5216.385,1783267451.126
1783267452,5216.337,5216.301,5216.374,1783267452.145
1783267453,5216.326,5216.29,5216.363,1783267453.126
1783267454,5216.302,5216.265,5216.338,1783267454.155
1783267455,5216.297,5216.261,5216.334,1783267455.126
1783267456,5216.288,5216.252,5216.325,1783267456.158
1783267457,5216.286,5216.249,5216.322,1783267457.120
1783267458,5216.28,5216.243,5216.316,1783267458.160
1783267459,5216.27,5216.234,5216.307,1783267459.123
1783267460,5216.266,5216.229,5216.302,1783267460.145
1783267461,5216.26,5216.224,5216.297,1783267461.120
1783267462,5216.244,5216.208,5216.281,1783267462.151
1783267463,5216.222,5216.186,5216.259,1783267463.126
1783267464,5216.217,5216.181,5216.254,1783267464.146
1783267465,5216.211,5216.174,5216.247,1783267465.119
1783267466,5216.192,5216.155,5216.228,1783267466.141
1783267467,5216.178,5216.142,5216.215,1783267467.134
1783267468,5216.173,5216.136,5216.209,1783267468.142
1783267469,5216.147,5216.11,5216.183,1783267469.135
1783267470,5216.143,5216.106,5216.179,1783267470.159
1783267471,5216.127,5216.091,5216.164,1783267471.115
1783267472,5216.105,5216.069,5216.142,1783267472.141
1783267473,5216.093,5216.057,5216.13,1783267473.119
1783267474,5216.085,5216.049,5216.122,1783267474.156
1783267475,5216.075,5216.038,5216.112,1783267475.117
1783267476,5216.073,5216.037,5216.11,1783267476.148
1783267477,5216.071,5216.034,5216.108,1783267477.125
1783267478,5216.061,5216.025,5216.098,1783267478.203
1783267479,5216.054,5216.017,5216.09,1783267479.128
1783267480,5216.032,5215.996,5216.069,1783267480.151
1783267481,5216.019,5215.983,5216.056,1783267481.118
1783267482,5215.989,5215.952,5216.025,1783267482.146
1783267483,5215.976,5215.939,5216.012,1783267483.123
1783267484,5215.962,5215.926,5215.999,1783267484.140
1783267485,5215.956,5215.92,5215.993,1783267485.126
1783267486,5215.954,5215.917,5215.99,1783267486.161
1783267487,5215.946,5215.91,5215.983,1783267487.124
1783267488,5215.94,5215.903,5215.976,1783267488.166
1783267489,5215.934,5215.897,5215.97,1783267489.120
1783267490,5215.931,5215.894,5215.967,1783267490.140
1783267491,5215.917,5215.88,5215.953,1783267491.169
1783267492,5215.904,5215.867,5215.94,1783267492.161
1783267493,5215.892,5215.855,5215.928,1783267493.116
1783267494,5215.878,5215.842,5215.915,1783267494.154
1783267495,5215.878,5215.842,5215.915,1783267495.122
1783267496,5215.856,5215.819,5215.892,1783267496.150
1783267497,5215.848,5215.811,5215.884,1783267497.137
1783267498,5215.838,5215.802,5215.875,1783267498.162
1783267499,5215.832,5215.796,5215.869,1783267499.139
1783267500,5215.817,5215.781,5215.854,1783267500.175
1783267501,5215.804,5215.767,5215.84,1783267501.160
1783267502,5215.795,5215.758,5215.831,1783267502.201
1783267503,5215.789,5215.752,5215.825,1783267503.142
1783267504,5215.768,5215.731,5215.804,1783267504.397
1783267505,5215.763,5215.727,5215.8,1783267505.154
1783267506,5215.753,5215.716,5215.789,1783267506.149
1783267507,5215.741,5215.705,5215.778,1783267507.127
1783267508,5215.741,5215.704,5215.777,1783267508.246
1783267509,5215.731,5215.695,5215.768,1783267509.119
1783267510,5215.725,5215.688,5215.761,1783267510.151
1783267511,5215.718,5215.682,5215.755,1783267511.126
1783267512,5215.706,5215.67,5215.743,1783267512.143
1783267513,5215.685,5215.648,5215.721,1783267513.118
1783267514,5215.674,5215.638,5215.711,1783267514.163
1783267515,5215.654,5215.618,5215.691,1783267515.118
1783267516,5215.641,5215.604,5215.677,1783267516.157
1783267517,5215.635,5215.599,5215.672,1783267517.123
1783267518,5215.629,5215.593,5215.666,1783267518.168
1783267519,5215.615,5215.579,5215.652,1783267519.124
1783267520,5215.607,5215.571,5215.644,1783267520.155
1783267521,5215.606,5215.57,5215.643,1783267521.128
1783267522,5215.604,5215.567,5215.641,1783267522.155
1783267523,5215.593,5215.556,5215.629,1783267523.126
1783267524,5215.588,5215.552,5215.625,1783267524.162
1783267525,5215.576,5215.539,5215.612,1783267525.133
1783267526,5215.557,5215.52,5215.593,1783267526.137
1783267527,5215.547,5215.511,5215.584,1783267527.121
1783267528,5215.547,5215.51,5215.583,1783267528.128
1783267529,5215.53,5215.493,5215.567,1783267529.127
1783267530,5215.529,5215.493,5215.566,1783267530.148
1783267531,5215.529,5215.493,5215.566,1783267531.159
1783267532,5215.518,5215.481,5215.554,1783267532.150
1783267533,5215.515,5215.478,5215.551,1783267533.120
1783267534,5215.513,5215.476,5215.549,1783267534.156
1783267535,5215.509,5215.473,5215.546,1783267535.121
1783267536,5215.506,5215.47,5215.543,1783267536.147
1783267537,5215.499,5215.463,5215.536,1783267537.120
1783267538,5215.483,5215.447,5215.52,1783267538.247
1783267539,5215.478,5215.442,5215.515,1783267539.121
1783267540,5215.458,5215.422,5215.495,1783267540.162
1783267541,5215.454,5215.418,5215.491,1783267541.120
1783267542,5215.434,5215.398,5215.471,1783267542.150
1783267543,5215.414,5215.377,5215.45,1783267543.121
1783267544,5215.411,5215.375,5215.448,1783267544.140
1783267545,5215.396,5215.359,5215.432,1783267545.115
1783267546,5215.392,5215.356,5215.429,1783267546.144
1783267547,5215.385,5215.349,5215.422,1783267547.120
1783267548,5215.374,5215.337,5215.41,1783267548.159
1783267549,5215.344,5215.307,5215.38,1783267549.129
1783267550,5215.318,5215.281,5215.354,1783267550.152
1783267551,5215.313,5215.277,5215.35,1783267551.117
1783267552,5215.305,5215.269,5215.342,1783267552.164
1783267553,5215.291,5215.255,5215.328,1783267553.118
1783267554,5215.287,5215.251,5215.324,1783267554.152
1783267555,5215.278,5215.242,5215.315,1783267555.134
1783267556,5215.27,5215.233,5215.306,1783267556.150
1783267557,5215.255,5215.218,5215.291,1783267557.121
1783267558,5215.248,5215.212,5215.285,1783267558.146
1783267559,5215.232,5215.195,5215.268,1783267559.120
1783267560,5215.222,5215.185,5215.258,1783267560.158
1783267561,5215.204,5215.167,5215.24,1783267561.116
1783267562,5215.195,5215.158,5215.231,1783267562.199
1783267563,5215.193,5215.156,5215.229,1783267563.219
1783267564,5215.167,5215.13,5215.203,1783267564.171
1783267565,5215.161,5215.124,5215.197,1783267565.127
1783267566,5215.144,5215.107,5215.18,1783267566.161
1783267567,5215.137,5215.101,5215.174,1783267567.116
1783267568,5215.135,5215.098,5215.171,1783267568.351
1783267569,5215.133,5215.097,5215.17,1783267569.116
1783267570,5215.129,5215.093,5215.166,1783267570.157
1783267571,5215.121,5215.084,5215.157,1783267571.126
1783267572,5215.116,5215.08,5215.153,1783267572.154
1783267573,5215.105,5215.069,5215.142,1783267573.132
1783267574,5215.103,5215.066,5215.139,1783267574.146
1783267575,5215.099,5215.063,5215.136,1783267575.114
1783267576,5215.082,5215.045,5215.118,1783267576.163
1783267577,5215.067,5215.031,5215.104,1783267577.161
1783267578,5215.056,5215.02,5215.093,1783267578.151
1783267579,5215.047,5215.011,5215.084,1783267579.126
1783267580,5215.034,5214.997,5215.07,1783267580.155
1783267581,5215.026,5214.99,5215.063,1783267581.122
1783267582,5215.013,5214.976,5215.049,1783267582.149
1783267583,5215.012,5214.975,5215.048,1783267583.123
1783267584,5214.997,5214.961,5215.034,1783267584.155
1783267585,5214.988,5214.951,5215.024,1783267585.117
1783267586,5214.973,5214.937,5215.01,1783267586.162
1783267587,5214.967,5214.931,5215.004,1783267587.122
1783267588,5214.967,5214.93,5215.003,1783267588.156
1783267589,5214.967,5214.93,5215.003,1783267589.116
1783267590,5214.962,5214.925,5214.998,1783267590.145
1783267591,5214.955,5214.918,5214.991,1783267591.116
1783267592,5214.945,5214.909,5214.982,1783267592.139
1783267593,5214.942,5214.905,5214.978,1783267593.121
1783267594,5214.926,5214.89,5214.963,1783267594.137
1783267595,5214.915,5214.879,5214.952,1783267595.113
1783267596,5214.91,5214.873,5214.946,1783267596.144
1783267597,5214.896,5214.86,5214.933,1783267597.119
1783267598,5214.884,5214.848,5214.921,1783267598.133
1783267599,5214.884,5214.848,5214.921,1783267599.120
1783267600,5214.872,5214.836,5214.909,1783267600.157
1783267601,5214.864,5214.827,5214.9,1783267601.116
1783267602,5214.859,5214.822,5214.895,1783267602.164
1783267603,5214.854,5214.818,5214.891,1783267603.125
1783267604,5214.852,5214.816,5214.889,1783267604.146
1783267605,5214.816,5214.78,5214.853,1783267605.117
1783267606,5214.795,5214.758,5214.831,1783267606.158
1783267607,5214.781,5214.745,5214.818,1783267607.116
1783267608,5214.776,5214.739,5214.812,1783267608.153
1783267609,5214.766,5214.73,5214.803,1783267609.112
1783267610,5214.756,5214.72,5214.793,1783267610.136
1783267611,5214.738,5214.702,5214.775,1783267611.123
1783267612,5214.725,5214.689,5214.762,1783267612.149
1783267613,5214.724,5214.688,5214.761,1783267613.121
1783267614,5214.717,5214.68,5214.753,1783267614.156
1783267615,5214.706,5214.669,5214.742,1783267615.116
1783267616,5214.694,5214.657,5214.73,1783267616.145
1783267617,5214.693,5214.657,5214.73,1783267617.125
1783267618,5214.677,5214.64,5214.713,1783267618.150
1783267619,5214.662,5214.626,5214.699,1783267619.126
1783267620,5214.649,5214.613,5214.686,1783267620.154
1783267621,5214.638,5214.601,5214.674,1783267621.117
1783267622,5214.613,5214.576,5214.649,1783267622.132
1783267623,5214.59,5214.553,5214.626,1783267623.137
1783267624,5214.577,5214.541,5214.614,1783267624.337
1783267625,5214.576,5214.539,5214.612,1783267625.137
1783267626,5214.551,5214.514,5214.587,1783267626.147
1783267627,5214.541,5214.504,5214.577,1783267627.126
1783267628,5214.53,5214.493,5214.566,1783267628.201
1783267629,5214.519,5214.482,5214.555,1783267629.110
1783267630,5214.514,5214.477,5214.55,1783267630.156
1783267631,5214.504,5214.468,5214.541,1783267631.125
1783267632,5214.495,5214.459,5214.532,1783267632.139
1783267633,5214.472,5214.435,5214.508,1783267633.132
1783267634,5214.442,5214.406,5214.479,1783267634.164
1783267635,5214.431,5214.394,5214.467,1783267635.125
1783267636,5214.42,5214.383,5214.456,1783267636.151
1783267637,5214.408,5214.371,5214.444,1783267637.116
1783267638,5214.393,5214.356,5214.429,1783267638.164
1783267639,5214.392,5214.355,5214.428,1783267639.114
1783267640,5214.389,5214.352,5214.425,1783267640.162
1783267641,5214.385,5214.348,5214.421,1783267641.116
1783267642,5214.377,5214.341,5214.414,1783267642.156
1783267643,5214.372,5214.335,5214.408,1783267643.127
1783267644,5214.357,5214.321,5214.394,1783267644.140
1783267645,5214.356,5214.319,5214.392,1783267645.118
1783267646,5214.351,5214.314,5214.387,1783267646.137
1783267647,5214.345,5214.309,5214.382,1783267647.126
1783267648,5214.343,5214.306,5214.379,1783267648.137
1783267649,5214.34,5214.303,5214.376,1783267649.124
1783267650,5214.339,5214.302,5214.375,1783267650.137
1783267651,5214.324,5214.287,5214.36,1783267651.130
1783267652,5214.308,5214.272,5214.345,1783267652.150
1783267653,5214.296,5214.26,5214.333,1783267653.124
1783267654,5214.282,5214.245,5214.318,1783267654.166
1783267655,5214.28,5214.244,5214.317,1783267655.115
1783267656,5214.271,5214.234,5214.307,1783267656.139
1783267657,5214.265,5214.228,5214.301,1783267657.113
1783267658,5214.26,5214.223,5214.296,1783267658.200
1783267659,5214.246,5214.209,5214.282,1783267659.128
1783267660,5214.245,5214.209,5214.282,1783267660.143
1783267661,5214.24,5214.204,5214.277,1783267661.120
1783267662,5214.229,5214.192,5214.265,1783267662.145
1783267663,5214.208,5214.171,5214.244,1783267663.119
1783267664,5214.194,5214.158,5214.231,1783267664.164
1783267665,5214.182,5214.145,5214.218,1783267665.122
1783267666,5214.169,5214.133,5214.206,1783267666.142
1783267667,5214.15,5214.113,5214.186,1783267667.117
1783267668,5214.149,5214.113,5214.186,1783267668.149
1783267669,5214.148,5214.111,5214.184,1783267669.120
1783267670,5214.128,5214.092,5214.165,1783267670.144
1783267671,5214.108,5214.071,5214.144,1783267671.118
1783267672,5214.097,5214.061,5214.134,1783267672.140
1783267673,5214.075,5214.039,5214.112,1783267673.126
1783267674,5214.072,5214.035,5214.108,1783267674.141
1783267675,5214.067,5214.03,5214.103,1783267675.117
1783267676,5214.052,5214.015,5214.088,1783267676.158
1783267677,5214.043,5214.006,5214.079,1783267677.121
1783267678,5214.042,5214.005,5214.078,1783267678.167
1783267679,5214.033,5213.996,5214.069,1783267679.116
1783267680,5214.028,5213.992,5214.065,1783267680.157
1783267681,5214.026,5213.989,5214.062,1783267681.229
1783267682,5214.024,5213.987,5214.06,1783267682.296
1783267683,5214.016,5213.979,5214.052,1783267683.161
1783267684,5214.001,5213.965,5214.038,1783267684.172
1783267685,5213.994,5213.957,5214.03,1783267685.121
1783267686,5213.977,5213.94,5214.013,1783267686.151
1783267687,5213.968,5213.931,5214.004,1783267687.125
1783267688,5213.959,5213.922,5213.995,1783267688.206
1783267689,5213.939,5213.902,5213.975,1783267689.117
1783267690,5213.923,5213.886,5213.959,1783267690.150
1783267691,5213.915,5213.878,5213.951,1783267691.119
1783267692,5213.899,5213.863,5213.936,1783267692.143
1783267693,5213.885,5213.849,5213.922,1783267693.115
1783267694,5213.865,5213.829,5213.902,1783267694.148
1783267695,5213.852,5213.816,5213.889,1783267695.127
1783267696,5213.841,5213.805,5213.878,1783267696.127
1783267697,5213.834,5213.797,5213.87,1783267697.114
1783267698,5213.826,5213.79,5213.863,1783267698.143
1783267699,5213.824,5213.787,5213.86,1783267699.116
1783267700,5213.805,5213.768,5213.841,1783267700.165
1783267701,5213.787,5213.751,5213.824,1783267701.122
1783267702,5213.778,5213.741,5213.814,1783267702.139
1783267703,5213.776,5213.74,5213.813,1783267703.123
1783267704,5213.762,5213.726,5213.799,1783267704.144
1783267705,5213.76,5213.724,5213.797,1783267705.122
1783267706,5213.74,5213.704,5213.777,1783267706.173
1783267707,5213.729,5213.693,5213.766,1783267707.131
1783267708,5213.72,5213.683,5213.756,1783267708.148
1783267709,5213.712,5213.676,5213.749,1783267709.248
1783267710,5213.701,5213.665,5213.738,1783267710.127
1783267711,5213.689,5213.652,5213.725,1783267711.122
1783267712,5213.684,5213.647,5213.72,1783267712.136
1783267713,5213.672,5213.635,5213.708,1783267713.124
1783267714,5213.671,5213.634,5213.707,1783267714.153
1783267715,5213.668,5213.631,5213.704,1783267715.119
1783267716,5213.657,5213.621,5213.694,1783267716.141
1783267717,5213.647,5213.61,5213.683,1783267717.133
1783267718,5213.641,5213.604,5213.677,1783267718.206
1783267719,5213.624,5213.587,5213.66,1783267719.126
1783267720,5213.621,5213.585,5213.658,1783267720.148
1783267721,5213.617,5213.581,5213.654,1783267721.125
1783267722,5213.612,5213.576,5213.649,1783267722.145
1783267723,5213.59,5213.553,5213.626,1783267723.130
1783267724,5213.576,5213.54,5213.613,1783267724.149
1783267725,5213.567,5213.531,5213.604,1783267725.126
1783267726,5213.566,5213.53,5213.603,1783267726.156
1783267727,5213.563,5213.527,5213.6,1783267727.120
1783267728,5213.546,5213.51,5213.583,1783267728.173
1783267729,5213.537,5213.5,5213.573,1783267729.121
1783267730,5213.523,5213.486,5213.559,1783267730.151
1783267731,5213.516,5213.479,5213.552,1783267731.118
1783267732,5213.506,5213.47,5213.543,1783267732.149
1783267733,5213.495,5213.459,5213.532,1783267733.129
1783267734,5213.483,5213.447,5213.52,1783267734.164
1783267735,5213.467,5213.43,5213.503,1783267735.124
1783267736,5213.46,5213.423,5213.496,1783267736.166
1783267737,5213.453,5213.416,5213.489,1783267737.132
1783267738,5213.439,5213.402,5213.475,1783267738.152
1783267739,5213.431,5213.395,5213.468,1783267739.121
1783267740,5213.421,5213.384,5213.457,1783267740.167
1783267741,5213.413,5213.377,5213.45,1783267741.136
1783267742,5213.408,5213.371,5213.444,1783267742.293
1783267743,5213.393,5213.357,5213.43,1783267743.147
1783267744,5213.388,5213.351,5213.424,1783267744.259
1783267745,5213.376,5213.339,5213.412,1783267745.118
1783267746,5213.373,5213.337,5213.41,1783267746.164
1783267747,5213.368,5213.332,5213.405,1783267747.127
1783267748,5213.364,5213.327,5213.4,1783267748.208
1783267749,5213.347,5213.311,5213.384,1783267749.120
1783267750,5213.321,5213.284,5213.357,1783267750.150
1783267751,5213.305,5213.269,5213.342,1783267751.120
1783267752,5213.302,5213.265,5213.338,1783267752.156
1783267753,5213.293,5213.257,5213.33,1783267753.120
1783267754,5213.293,5213.256,5213.329,1783267754.158
1783267755,5213.282,5213.245,5213.318,1783267755.122
1783267756,5213.266,5213.229,5213.302,1783267756.156
1783267757,5213.259,5213.222,5213.295,1783267757.124
1783267758,5213.248,5213.212,5213.285,1783267758.159
1783267759,5213.24,5213.203,5213.276,1783267759.125
1783267760,5213.223,5213.186,5213.259,1783267760.158
1783267761,5213.216,5213.179,5213.252,1783267761.121
1783267762,5213.205,5213.169,5213.242,1783267762.153
1783267763,5213.203,5213.166,5213.239,1783267763.125
1783267764,5213.194,5213.157,5213.23,1783267764.157
1783267765,5213.174,5213.138,5213.211,1783267765.122
1783267766,5213.17,5213.133,5213.206,1783267766.156
1783267767,5213.166,5213.129,5213.202,1783267767.123
1783267768,5213.162,5213.126,5213.199,1783267768.151
1783267769,5213.16,5213.123,5213.196,1783267769.118
1783267770,5213.151,5213.114,5213.187,1783267770.158
1783267771,5213.124,5213.088,5213.161,1783267771.122
1783267772,5213.119,5213.082,5213.155,1783267772.145
1783267773,5213.106,5213.07,5213.143,1783267773.126
1783267774,5213.101,5213.064,5213.137,1783267774.140
1783267775,5213.085,5213.048,5213.121,1783267775.127
1783267776,5213.073,5213.037,5213.11,1783267776.150
1783267777,5213.065,5213.028,5213.101,1783267777.121
1783267778,5213.045,5213.009,5213.082,1783267778.210
1783267779,5213.03,5212.994,5213.067,1783267779.121
1783267780,5213.008,5212.972,5213.045,1783267780.144
1783267781,5212.989,5212.952,5213.025,1783267781.117
1783267782,5212.978,5212.942,5213.015,1783267782.161
1783267783,5212.972,5212.935,5213.008,1783267783.117
1783267784,5212.968,5212.931,5213.004,1783267784.158
1783267785,5212.967,5212.93,5213.003,1783267785.133
1783267786,5212.948,5212.911,5212.984,1783267786.155
1783267787,5212.939,5212.902,5212.975,1783267787.125
1783267788,5212.936,5212.9,5212.973,1783267788.159
1783267789,5212.922,5212.886,5212.959,1783267789.128
1783267790,5212.911,5212.874,5212.947,1783267790.134
1783267791,5212.892,5212.855,5212.928,1783267791.155
1783267792,5212.891,5212.854,5212.927,1783267792.136
1783267793,5212.887,5212.85,5212.923,1783267793.113
1783267794,5212.875,5212.838,5212.911,1783267794.141
1783267795,5212.871,5212.835,5212.908,1783267795.120
1783267796,5212.864,5212.828,5212.901,1783267796.165
1783267797,5212.859,5212.822,5212.895,1783267797.117
1783267798,5212.848,5212.812,5212.885,1783267798.155
1783267799,5212.84,5212.804,5212.877,1783267799.127
1783267800,5212.83,5212.794,5212.867,1783267800.149
1783267801,5212.808,5212.772,5212.845,1783267801.134
1783267802,5212.8,5212.764,5212.837,1783267802.298
1783267803,5212.799,5212.762,5212.835,1783267803.206
1783267804,5212.793,5212.756,5212.829,1783267804.337
1783267805,5212.787,5212.75,5212.823,1783267805.132
1783267806,5212.768,5212.732,5212.805,1783267806.172
1783267807,5212.753,5212.717,5212.79,1783267807.112
1783267808,5212.749,5212.712,5212.785,1783267808.244
1783267809,5212.736,5212.7,5212.773,1783267809.125
1783267810,5212.729,5212.693,5212.766,1783267810.151
1783267811,5212.726,5212.689,5212.762,1783267811.136
1783267812,5212.716,5212.68,5212.753,1783267812.139
1783267813,5212.7,5212.663,5212.736,1783267813.117
1783267814,5212.683,5212.647,5212.72,1783267814.159
1783267815,5212.662,5212.625,5212.698,1783267815.126
1783267816,5212.661,5212.624,5212.697,1783267816.245
1783267817,5212.642,5212.605,5212.678,1783267817.114
1783267818,5212.632,5212.595,5212.668,1783267818.142
1783267819,5212.622,5212.585,5212.658,1783267819.114
1783267820,5212.608,5212.572,5212.645,1783267820.158
1783267821,5212.586,5212.55,5212.623,1783267821.123
1783267822,5212.574,5212.538,5212.61,1783267822.191
1783267823,5212.565,5212.529,5212.602,1783267823.124
1783267824,5212.561,5212.525,5212.598,1783267824.143
1783267825,5212.559,5212.523,5212.596,1783267825.147
1783267826,5212.559,5212.523,5212.596,1783267826.155
1783267827,5212.558,5212.522,5212.595,1783267827.112
1783267828,5212.55,5212.513,5212.586,1783267828.165
1783267829,5212.543,5212.506,5212.579,1783267829.123
1783267830,5212.532,5212.495,5212.568,1783267830.151
1783267831,5212.52,5212.484,5212.557,1783267831.124
1783267832,5212.52,5212.484,5212.557,1783267832.146
1783267833,5212.517,5212.481,5212.554,1783267833.123
1783267834,5212.507,5212.47,5212.543,1783267834.136
1783267835,5212.503,5212.467,5212.54,1783267835.127
1783267836,5212.492,5212.456,5212.529,1783267836.152
1783267837,5212.47,5212.434,5212.507,1783267837.119
1783267838,5212.464,5212.427,5212.5,1783267838.244
1783267839,5212.457,5212.421,5212.494,1783267839.126
1783267840,5212.457,5212.421,5212.494,1783267840.149
1783267841,5212.442,5212.406,5212.479,1783267841.122
1783267842,5212.427,5212.391,5212.464,1783267842.129
1783267843,5212.421,5212.384,5212.457,1783267843.118
1783267844,5212.409,5212.373,5212.446,1783267844.155
1783267845,5212.397,5212.361,5212.434,1783267845.136
1783267846,5212.386,5212.35,5212.423,1783267846.143
1783267847,5212.379,5212.343,5212.416,1783267847.121
1783267848,5212.363,5212.326,5212.399,1783267848.151
1783267849,5212.353,5212.316,5212.389,1783267849.116
1783267850,5212.339,5212.302,5212.375,1783267850.137
1783267851,5212.335,5212.299,5212.372,1783267851.122
1783267852,5212.334,5212.298,5212.371,1783267852.142
1783267853,5212.332,5212.296,5212.369,1783267853.121
1783267854,5212.326,5212.289,5212.362,1783267854.150
1783267855,5212.323,5212.286,5212.359,1783267855.110
1783267856,5212.308,5212.271,5212.344,1783267856.144
1783267857,5212.306,5212.269,5212.342,1783267857.114
1783267858,5212.304,5212.268,5212.341,1783267858.142
1783267859,5212.294,5212.258,5212.331,1783267859.122
1783267860,5212.29,5212.254,5212.327,1783267860.179
1783267861,5212.282,5212.246,5212.318,1783267861.133
1783267862,5212.273,5212.237,5212.31,1783267862.326
1783267863,5212.266,5212.229,5212.302,1783267863.135
1783267864,5212.259,5212.223,5212.296,1783267864.162
1783267865,5212.257,5212.221,5212.294,1783267865.113
1783267866,5212.253,5212.217,5212.289,1783267866.138
1783267867,5212.251,5212.214,5212.287,1783267867.114
1783267868,5212.238,5212.202,5212.275,1783267868.134
1783267869,5212.225,5212.189,5212.262,1783267869.115
1783267870,5212.215,5212.179,5212.252,1783267870.140
1783267871,5212.208,5212.171,5212.244,1783267871.131
1783267872,5212.203,5212.166,5212.239,1783267872.136
1783267873,5212.183,5212.146,5212.219,1783267873.120
1783267874,5212.167,5212.13,5212.203,1783267874.157
1783267875,5212.162,5212.126,5212.199,1783267875.112
1783267876,5212.15,5212.114,5212.187,1783267876.137
1783267877,5212.135,5212.099,5212.172,1783267877.109
1783267878,5212.126,5212.089,5212.162,1783267878.131
1783267879,5212.108,5212.072,5212.145,1783267879.117
1783267880,5212.098,5212.061,5212.134,1783267880.139
1783267881,5212.094,5212.058,5212.131,1783267881.139
1783267882,5212.086,5212.05,5212.123,1783267882.147
1783267883,5212.075,5212.039,5212.112,1783267883.114
1783267884,5212.074,5212.037,5212.11,1783267884.138
1783267885,5212.064,5212.028,5212.101,1783267885.114
1783267886,5212.041,5212.004,5212.077,1783267886.137
1783267887,5212.033,5211.996,5212.069,1783267887.126
1783267888,5212.016,5211.979,5212.052,1783267888.133
1783267889,5212.005,5211.968,5212.041,1783267889.123
1783267890,5211.998,5211.962,5212.035,1783267890.167
1783267891,5211.989,5211.953,5212.025,1783267891.116
1783267892,5211.978,5211.942,5212.015,1783267892.129
1783267893,5211.964,5211.927,5212,1783267893.143
1783267894,5211.954,5211.917,5211.99,1783267894.143
1783267895,5211.946,5211.909,5211.982,1783267895.119
1783267896,5211.923,5211.887,5211.96,1783267896.141
1783267897,5211.901,5211.864,5211.937,1783267897.113
1783267898,5211.896,5211.86,5211.933,1783267898.209
1783267899,5211.88,5211.844,5211.917,1783267899.113
1783267900,5211.88,5211.843,5211.916,1783267900.166
1783267901,5211.872,5211.836,5211.908,1783267901.119
1783267902,5211.863,5211.827,5211.9,1783267902.165
1783267903,5211.853,5211.816,5211.889,1783267903.123
1783267904,5211.838,5211.802,5211.875,1783267904.138
1783267905,5211.828,5211.792,5211.865,1783267905.121
1783267906,5211.811,5211.775,5211.848,1783267906.141
1783267907,5211.806,5211.77,5211.843,1783267907.114
1783267908,5211.797,5211.761,5211.834,1783267908.141
1783267909,5211.797,5211.761,5211.834,1783267909.137
1783267910,5211.796,5211.76,5211.833,1783267910.155
1783267911,5211.791,5211.754,5211.827,1783267911.112
1783267912,5211.779,5211.742,5211.815,1783267912.157
1783267913,5211.765,5211.729,5211.802,1783267913.164
1783267914,5211.75,5211.713,5211.786,1783267914.156
1783267915,5211.74,5211.704,5211.777,1783267915.115
1783267916,5211.736,5211.7,5211.773,1783267916.136
1783267917,5211.728,5211.692,5211.764,1783267917.115
1783267918,5211.713,5211.677,5211.75,1783267918.150
1783267919,5211.701,5211.664,5211.737,1783267919.120
1783267920,5211.692,5211.656,5211.729,1783267920.136
1783267921,5211.691,5211.654,5211.727,1783267921.118
1783267922,5211.686,5211.65,5211.723,1783267922.164
1783267923,5211.663,5211.627,5211.7,1783267923.159
1783267924,5211.657,5211.621,5211.694,1783267924.147
1783267925,5211.635,5211.599,5211.672,1783267925.122
1783267926,5211.635,5211.598,5211.671,1783267926.136
1783267927,5211.632,5211.595,5211.668,1783267927.124
1783267928,5211.628,5211.591,5211.664,1783267928.203
1783267929,5211.617,5211.581,5211.654,1783267929.113
1783267930,5211.597,5211.561,5211.634,1783267930.127
1783267931,5211.577,5211.54,5211.613,1783267931.122
1783267932,5211.566,5211.53,5211.603,1783267932.148
1783267933,5211.563,5211.527,5211.6,1783267933.106
1783267934,5211.54,5211.503,5211.576,1783267934.138
1783267935,5211.53,5211.494,5211.567,1783267935.118
1783267936,5211.523,5211.486,5211.559,1783267936.212
1783267937,5211.517,5211.48,5211.553,1783267937.122
1783267938,5211.514,5211.477,5211.55,1783267938.156
1783267939,5211.511,5211.474,5211.547,1783267939.126
1783267940,5211.507,5211.471,5211.544,1783267940.152
1783267941,5211.491,5211.455,5211.528,1783267941.119
1783267942,5211.47,5211.433,5211.506,1783267942.162
1783267943,5211.458,5211.421,5211.494,1783267943.124
1783267944,5211.433,5211.396,5211.469,1783267944.144
1783267945,5211.425,5211.389,5211.462,1783267945.117
1783267946,5211.408,5211.371,5211.444,1783267946.159
1783267947,5211.401,5211.365,5211.438,1783267947.124
1783267948,5211.399,5211.363,5211.436,1783267948.140
1783267949,5211.39,5211.353,5211.426,1783267949.132
1783267950,5211.379,5211.343,5211.416,1783267950.154
1783267951,5211.375,5211.339,5211.412,1783267951.134
1783267952,5211.371,5211.334,5211.407,1783267952.161
1783267953,5211.358,5211.321,5211.394,1783267953.116
1783267954,5211.344,5211.308,5211.381,1783267954.150
1783267955,5211.33,5211.293,5211.366,1783267955.123
1783267956,5211.322,5211.286,5211.359,1783267956.156
1783267957,5211.319,5211.282,5211.355,1783267957.129
1783267958,5211.311,5211.275,5211.348,1783267958.205
1783267959,5211.309,5211.273,5211.346,1783267959.125
1783267960,5211.291,5211.255,5211.328,1783267960.158
1783267961,5211.277,5211.241,5211.314,1783267961.120
1783267962,5211.268,5211.232,5211.304,1783267962.165
1783267963,5211.252,5211.215,5211.288,1783267963.123
1783267964,5211.243,5211.207,5211.28,1783267964.148
1783267965,5211.236,5211.2,5211.273,1783267965.118
1783267966,5211.233,5211.196,5211.269,1783267966.153
1783267967,5211.213,5211.176,5211.249,1783267967.119
1783267968,5211.209,5211.172,5211.245,1783267968.148
1783267969,5211.201,5211.165,5211.238,1783267969.112
1783267970,5211.199,5211.162,5211.235,1783267970.165
1783267971,5211.184,5211.147,5211.22,1783267971.129
1783267972,5211.163,5211.127,5211.2,1783267972.156
1783267973,5211.147,5211.111,5211.184,1783267973.125
1783267974,5211.143,5211.107,5211.179,1783267974.155
1783267975,5211.135,5211.098,5211.171,1783267975.131
1783267976,5211.124,5211.087,5211.16,1783267976.147
1783267977,5211.114,5211.077,5211.15,1783267977.115
1783267978,5211.104,5211.067,5211.14,1783267978.163
1783267979,5211.09,5211.054,5211.127,1783267979.122
1783267980,5211.072,5211.036,5211.109,1783267980.166
1783267981,5211.049,5211.012,5211.085,1783267981.115
1783267982,5211.034,5210.997,5211.07,1783267982.148
1783267983,5211.03,5210.994,5211.067,1783267983.124
1783267984,5211.022,5210.986,5211.059,1783267984.161
1783267985,5211.008,5210.971,5211.044,1783267985.126
1783267986,5210.999,5210.962,5211.035,1783267986.157
1783267987,5210.993,5210.956,5211.029,1783267987.121
1783267988,5210.982,5210.946,5211.019,1783267988.206
1783267989,5210.967,5210.931,5211.004,1783267989.130
1783267990,5210.958,5210.922,5210.995,1783267990.165
1783267991,5210.952,5210.915,5210.988,1783267991.134
1783267992,5210.95,5210.914,5210.987,1783267992.135
1783267993,5210.927,5210.891,5210.964,1783267993.135
1783267994,5210.921,5210.885,5210.958,1783267994.145
1783267995,5210.921,5210.884,5210.957,1783267995.119
1783267996,5210.896,5210.859,5210.932,1783267996.152
1783267997,5210.893,5210.856,5210.929,1783267997.123
1783267998,5210.88,5210.844,5210.917,1783267998.153
1783267999,5210.869,5210.833,5210.906,1783267999.122
1783268000,5210.866,5210.83,5210.903,1783268000.146
1783268001,5210.857,5210.821,5210.894,1783268001.116
1783268002,5210.848,5210.811,5210.884,1783268002.160
1783268003,5210.843,5210.806,5210.879,1783268003.128
1783268004,5210.824,5210.787,5210.86,1783268004.165
1783268005,5210.793,5210.756,5210.829,1783268005.125
1783268006,5210.791,5210.755,5210.828,1783268006.147
1783268007,5210.771,5210.735,5210.808,1783268007.119
1783268008,5210.767,5210.73,5210.803,1783268008.152
1783268009,5210.758,5210.721,5210.794,1783268009.122
1783268010,5210.753,5210.716,5210.789,1783268010.159
1783268011,5210.731,5210.695,5210.768,1783268011.114
1783268012,5210.724,5210.688,5210.761,1783268012.145
1783268013,5210.717,5210.681,5210.754,1783268013.119
1783268014,5210.708,5210.672,5210.745,1783268014.149
1783268015,5210.696,5210.66,5210.733,1783268015.118
1783268016,5210.693,5210.656,5210.729,1783268016.141
1783268017,5210.69,5210.653,5210.726,1783268017.121
1783268018,5210.687,5210.651,5210.724,1783268018.204
1783268019,5210.682,5210.645,5210.718,1783268019.120
1783268020,5210.664,5210.627,5210.7,1783268020.143
1783268021,5210.66,5210.624,5210.696,1783268021.120
1783268022,5210.651,5210.615,5210.688,1783268022.132
1783268023,5210.648,5210.612,5210.684,1783268023.115
1783268024,5210.626,5210.59,5210.662,1783268024.139
1783268025,5210.597,5210.56,5210.633,1783268025.126
1783268026,5210.587,5210.55,5210.623,1783268026.151
1783268027,5210.586,5210.55,5210.623,1783268027.120
1783268028,5210.58,5210.544,5210.617,1783268028.151
1783268029,5210.572,5210.535,5210.608,1783268029.118
1783268030,5210.569,5210.533,5210.606,1783268030.171
1783268031,5210.558,5210.522,5210.595,1783268031.120
1783268032,5210.553,5210.516,5210.589,1783268032.240
1783268033,5210.551,5210.514,5210.587,1783268033.115
1783268034,5210.547,5210.51,5210.583,1783268034.158
1783268035,5210.535,5210.499,5210.572,1783268035.119
1783268036,5210.528,5210.491,5210.564,1783268036.151
1783268037,5210.523,5210.486,5210.559,1783268037.125
1783268038,5210.511,5210.475,5210.548,1783268038.158
1783268039,5210.507,5210.471,5210.544,1783268039.120
1783268040,5210.503,5210.467,5210.54,1783268040.170
1783268041,5210.5,5210.464,5210.537,1783268041.120
1783268042,5210.488,5210.451,5210.524,1783268042.211
1783268043,5210.482,5210.446,5210.518,1783268043.153
1783268044,5210.472,5210.436,5210.509,1783268044.181
1783268045,5210.46,5210.424,5210.497,1783268045.132
1783268046,5210.449,5210.413,5210.486,1783268046.136
1783268047,5210.437,5210.401,5210.474,1783268047.145
1783268048,5210.416,5210.38,5210.453,1783268048.207
1783268049,5210.412,5210.375,5210.448,1783268049.115
1783268050,5210.403,5210.367,5210.44,1783268050.135
1783268051,5210.4,5210.364,5210.436,1783268051.121
1783268052,5210.389,5210.352,5210.425,1783268052.138
1783268053,5210.376,5210.339,5210.412,1783268053.117
1783268054,5210.356,5210.32,5210.393,1783268054.138
1783268055,5210.337,5210.301,5210.374,1783268055.133
1783268056,5210.313,5210.277,5210.35,1783268056.138
1783268057,5210.297,5210.26,5210.333,1783268057.129
1783268058,5210.289,5210.253,5210.326,1783268058.135
1783268059,5210.28,5210.244,5210.317,1783268059.112
1783268060,5210.259,5210.223,5210.296,1783268060.181
1783268061,5210.255,5210.218,5210.291,1783268061.119
1783268062,5210.239,5210.202,5210.275,1783268062.147
1783268063,5210.235,5210.199,5210.272,1783268063.124
1783268064,5210.234,5210.197,5210.27,1783268064.153
1783268065,5210.224,5210.187,5210.26,1783268065.112
1783268066,5210.213,5210.177,5210.25,1783268066.206
1783268067,5210.207,5210.171,5210.244,1783268067.120
1783268068,5210.187,5210.151,5210.224,1783268068.149
1783268069,5210.185,5210.149,5210.222,1783268069.115
1783268070,5210.163,5210.127,5210.2,1783268070.139
1783268071,5210.152,5210.116,5210.188,1783268071.113
1783268072,5210.139,5210.102,5210.175,1783268072.177
1783268073,5210.133,5210.097,5210.17,1783268073.130
1783268074,5210.125,5210.088,5210.161,1783268074.130
1783268075,5210.12,5210.083,5210.156,1783268075.117
1783268076,5210.115,5210.078,5210.151,1783268076.166
1783268077,5210.115,5210.078,5210.151,1783268077.117
1783268078,5210.114,5210.078,5210.151,1783268078.204
1783268079,5210.107,5210.071,5210.144,1783268079.119
1783268080,5210.083,5210.046,5210.119,1783268080.153
1783268081,5210.073,5210.036,5210.109,1783268081.119
1783268082,5210.066,5210.03,5210.103,1783268082.144
1783268083,5210.058,5210.021,5210.094,1783268083.118
1783268084,5210.055,5210.018,5210.091,1783268084.147
1783268085,5210.047,5210.011,5210.084,1783268085.124
1783268086,5210.045,5210.009,5210.082,1783268086.164
1783268087,5210.033,5209.996,5210.069,1783268087.127
1783268088,5210.014,5209.977,5210.05,1783268088.156
1783268089,5210.003,5209.966,5210.039,1783268089.130
1783268090,5209.995,5209.958,5210.031,1783268090.172
1783268091,5209.994,5209.957,5210.03,1783268091.122
1783268092,5209.986,5209.95,5210.023,1783268092.166
1783268093,5209.983,5209.947,5210.02,1783268093.124
1783268094,5209.979,5209.942,5210.015,1783268094.138
1783268095,5209.964,5209.928,5210.001,1783268095.130
1783268096,5209.962,5209.925,5209.998,1783268096.150
1783268097,5209.95,5209.913,5209.986,1783268097.128
1783268098,5209.948,5209.911,5209.984,1783268098.161
1783268099,5209.945,5209.909,5209.982,1783268099.117
1783268100,5209.939,5209.902,5209.975,1783268100.150
1783268101,5209.92,5209.883,5209.956,1783268101.142
1783268102,5209.907,5209.871,5209.944,1783268102.213
1783268103,5209.895,5209.859,5209.931,1783268103.255
1783268104,5209.894,5209.857,5209.93,1783268104.262
1783268105,5209.89,5209.853,5209.926,1783268105.163
1783268106,5209.881,5209.844,5209.917,1783268106.166
1783268107,5209.87,5209.834,5209.907,1783268107.122
1783268108,5209.86,5209.823,5209.896,1783268108.203
1783268109,5209.852,5209.815,5209.888,1783268109.163
1783268110,5209.842,5209.805,5209.878,1783268110.168
1783268111,5209.831,5209.794,5209.867,1783268111.129
1783268112,5209.822,5209.786,5209.859,1783268112.146
1783268113,5209.82,5209.783,5209.856,1783268113.120
1783268114,5209.81,5209.774,5209.847,1783268114.153
1783268115,5209.791,5209.755,5209.828,1783268115.126
1783268116,5209.785,5209.749,5209.822,1783268116.181
1783268117,5209.781,5209.745,5209.818,1783268117.116
1783268118,5209.772,5209.735,5209.808,1783268118.186
1783268119,5209.752,5209.715,5209.788,1783268119.133
1783268120,5209.744,5209.708,5209.781,1783268120.140
1783268121,5209.744,5209.707,5209.78,1783268121.120
1783268122,5209.74,5209.704,5209.777,1783268122.162
1783268123,5209.725,5209.689,5209.762,1783268123.128
1783268124,5209.713,5209.677,5209.75,1783268124.159
1783268125,5209.711,5209.674,5209.747,1783268125.131
1783268126,5209.705,5209.669,5209.742,1783268126.144
1783268127,5209.704,5209.667,5209.74,1783268127.125
1783268128,5209.689,5209.653,5209.726,1783268128.153
1783268129,5209.684,5209.648,5209.721,1783268129.120
1783268130,5209.668,5209.631,5209.704,1783268130.146
1783268131,5209.661,5209.625,5209.698,1783268131.115
1783268132,5209.644,5209.608,5209.681,1783268132.137
1783268133,5209.635,5209.598,5209.671,1783268133.118
1783268134,5209.635,5209.598,5209.671,1783268134.151
1783268135,5209.634,5209.598,5209.67,1783268135.120
1783268136,5209.632,5209.595,5209.668,1783268136.146
1783268137,5209.601,5209.565,5209.638,1783268137.116
1783268138,5209.59,5209.553,5209.626,1783268138.207
1783268139,5209.588,5209.552,5209.625,1783268139.204
1783268140,5209.57,5209.534,5209.607,1783268140.151
1783268141,5209.563,5209.527,5209.6,1783268141.122
1783268142,5209.538,5209.502,5209.575,1783268142.147
1783268143,5209.533,5209.496,5209.569,1783268143.117
1783268144,5209.525,5209.488,5209.561,1783268144.142
1783268145,5209.512,5209.475,5209.548,1783268145.123
1783268146,5209.505,5209.468,5209.541,1783268146.246
1783268147,5209.499,5209.462,5209.535,1783268147.113
1783268148,5209.487,5209.451,5209.524,1783268148.147
1783268149,5209.472,5209.435,5209.508,1783268149.116
1783268150,5209.45,5209.414,5209.487,1783268150.156
1783268151,5209.429,5209.392,5209.465,1783268151.117
1783268152,5209.423,5209.386,5209.459,1783268152.153
1783268153,5209.416,5209.38,5209.453,1783268153.116
1783268154,5209.409,5209.373,5209.446,1783268154.138
1783268155,5209.402,5209.365,5209.438,1783268155.125
1783268156,5209.395,5209.358,5209.431,1783268156.151
1783268157,5209.384,5209.348,5209.42,1783268157.112
1783268158,5209.378,5209.342,5209.415,1783268158.133
1783268159,5209.378,5209.341,5209.414,1783268159.117
1783268160,5209.356,5209.32,5209.393,1783268160.184
1783268161,5209.349,5209.313,5209.386,1783268161.119
1783268162,5209.335,5209.298,5209.371,1783268162.242
1783268163,5209.323,5209.287,5209.36,1783268163.164
1783268164,5209.313,5209.277,5209.35,1783268164.144
1783268165,5209.309,5209.273,5209.346,1783268165.130
1783268166,5209.289,5209.252,5209.325,1783268166.174
1783268167,5209.285,5209.249,5209.322,1783268167.126
1783268168,5209.282,5209.245,5209.318,1783268168.206
1783268169,5209.272,5209.235,5209.308,1783268169.117
1783268170,5209.264,5209.227,5209.3,1783268170.141
1783268171,5209.262,5209.226,5209.298,1783268171.118
1783268172,5209.257,5209.221,5209.293,1783268172.201
1783268173,5209.255,5209.219,5209.292,1783268173.126
1783268174,5209.253,5209.217,5209.29,1783268174.142
1783268175,5209.229,5209.193,5209.265,1783268175.121
1783268176,5209.211,5209.175,5209.248,1783268176.158
1783268177,5209.204,5209.168,5209.241,1783268177.120
1783268178,5209.202,5209.165,5209.238,1783268178.141
1783268179,5209.199,5209.162,5209.235,1783268179.123
1783268180,5209.187,5209.15,5209.223,1783268180.137
1783268181,5209.17,5209.134,5209.207,1783268181.141
1783268182,5209.143,5209.107,5209.18,1783268182.161
1783268183,5209.137,5209.101,5209.174,1783268183.116
1783268184,5209.128,5209.092,5209.165,1783268184.162
1783268185,5209.127,5209.091,5209.164,1783268185.118
1783268186,5209.124,5209.088,5209.161,1783268186.150
1783268187,5209.114,5209.077,5209.15,1783268187.124
1783268188,5209.094,5209.057,5209.13,1783268188.153
1783268189,5209.072,5209.036,5209.109,1783268189.122
1783268190,5209.055,5209.018,5209.091,1783268190.143
1783268191,5209.039,5209.003,5209.076,1783268191.157
1783268192,5209.032,5208.996,5209.068,1783268192.148
1783268193,5209.02,5208.984,5209.057,1783268193.121
1783268194,5209.012,5208.975,5209.048,1783268194.170
1783268195,5209.009,5208.973,5209.045,1783268195.124
1783268196,5209.007,5208.971,5209.044,1783268196.163
1783268197,5208.996,5208.959,5209.032,1783268197.120
1783268198,5208.989,5208.952,5209.025,1783268198.210
1783268199,5208.979,5208.943,5209.015,1783268199.120
1783268200,5208.976,5208.939,5209.012,1783268200.186
1783268201,5208.963,5208.927,5209,1783268201.120
1783268202,5208.958,5208.922,5208.995,1783268202.143
1783268203,5208.957,5208.92,5208.993,1783268203.123
1783268204,5208.932,5208.895,5208.968,1783268204.209
1783268205,5208.93,5208.893,5208.966,1783268205.136
1783268206,5208.912,5208.875,5208.948,1783268206.150
1783268207,5208.903,5208.866,5208.939,1783268207.123
1783268208,5208.898,5208.862,5208.935,1783268208.146
1783268209,5208.891,5208.855,5208.928,1783268209.118
1783268210,5208.888,5208.851,5208.924,1783268210.162
1783268211,5208.871,5208.835,5208.908,1783268211.114
1783268212,5208.862,5208.825,5208.898,1783268212.145
1783268213,5208.859,5208.823,5208.896,1783268213.115
1783268214,5208.856,5208.82,5208.893,1783268214.148
1783268215,5208.829,5208.793,5208.866,1783268215.125
1783268216,5208.824,5208.787,5208.86,1783268216.141
1783268217,5208.815,5208.778,5208.851,1783268217.138
1783268218,5208.8,5208.764,5208.837,1783268218.155
1783268219,5208.798,5208.761,5208.834,1783268219.140
1783268220,5208.788,5208.752,5208.825,1783268220.163
1783268221,5208.782,5208.745,5208.818,1783268221.121
1783268222,5208.769,5208.733,5208.806,1783268222.268
1783268223,5208.767,5208.73,5208.803,1783268223.158
1783268224,5208.755,5208.719,5208.792,1783268224.175
1783268225,5208.739,5208.702,5208.775,1783268225.118
1783268226,5208.733,5208.697,5208.769,1783268226.153
1783268227,5208.726,5208.69,5208.763,1783268227.130
1783268228,5208.722,5208.686,5208.759,1783268228.203
1783268229,5208.72,5208.683,5208.756,1783268229.112
1783268230,5208.692,5208.656,5208.729,1783268230.147
1783268231,5208.688,5208.652,5208.725,1783268231.124
1783268232,5208.679,5208.643,5208.716,1783268232.142
1783268233,5208.679,5208.642,5208.715,1783268233.124
1783268234,5208.675,5208.638,5208.711,1783268234.146
1783268235,5208.667,5208.63,5208.703,1783268235.130
1783268236,5208.647,5208.611,5208.684,1783268236.168
1783268237,5208.638,5208.601,5208.674,1783268237.121
1783268238,5208.618,5208.582,5208.655,1783268238.127
1783268239,5208.616,5208.58,5208.653,1783268239.118
1783268240,5208.61,5208.573,5208.646,1783268240.168
1783268241,5208.596,5208.56,5208.633,1783268241.116
1783268242,5208.58,5208.543,5208.616,1783268242.143
1783268243,5208.577,5208.541,5208.614,1783268243.121
1783268244,5208.572,5208.536,5208.609,1783268244.142
1783268245,5208.57,5208.534,5208.606,1783268245.126
1783268246,5208.562,5208.526,5208.599,1783268246.182
1783268247,5208.56,5208.524,5208.597,1783268247.124
1783268248,5208.532,5208.495,5208.568,1783268248.202
1783268249,5208.528,5208.491,5208.564,1783268249.123
1783268250,5208.524,5208.488,5208.561,1783268250.148
1783268251,5208.514,5208.477,5208.55,1783268251.118
1783268252,5208.513,5208.477,5208.55,1783268252.140
1783268253,5208.502,5208.465,5208.538,1783268253.136
1783268254,5208.499,5208.462,5208.535,1783268254.151
1783268255,5208.482,5208.446,5208.519,1783268255.118
1783268256,5208.478,5208.441,5208.514,1783268256.135
1783268257,5208.468,5208.431,5208.504,1783268257.119
1783268258,5208.451,5208.415,5208.488,1783268258.246
1783268259,5208.435,5208.398,5208.471,1783268259.116
1783268260,5208.425,5208.389,5208.462,1783268260.148
1783268261,5208.422,5208.385,5208.458,1783268261.119
1783268262,5208.406,5208.37,5208.443,1783268262.143
1783268263,5208.39,5208.353,5208.426,1783268263.125
1783268264,5208.389,5208.353,5208.426,1783268264.155
1783268265,5208.388,5208.351,5208.424,1783268265.127
1783268266,5208.369,5208.332,5208.405,1783268266.147
1783268267,5208.364,5208.328,5208.4,1783268267.113
1783268268,5208.337,5208.301,5208.374,1783268268.147
1783268269,5208.329,5208.293,5208.366,1783268269.119
1783268270,5208.32,5208.283,5208.356,1783268270.139
1783268271,5208.29,5208.253,5208.326,1783268271.140
1783268272,5208.284,5208.248,5208.321,1783268272.162
1783268273,5208.268,5208.232,5208.305,1783268273.120
1783268274,5208.268,5208.231,5208.304,1783268274.149
1783268275,5208.266,5208.23,5208.303,1783268275.128
1783268276,5208.265,5208.229,5208.302,1783268276.147
1783268277,5208.264,5208.227,5208.3,1783268277.123
1783268278,5208.252,5208.215,5208.288,1783268278.137
1783268279,5208.244,5208.208,5208.281,1783268279.120
1783268280,5208.237,5208.2,5208.273,1783268280.159
1783268281,5208.235,5208.199,5208.272,1783268281.119
1783268282,5208.226,5208.189,5208.262,1783268282.182
1783268283,5208.217,5208.181,5208.254,1783268283.170
1783268284,5208.198,5208.162,5208.235,1783268284.140
1783268285,5208.183,5208.146,5208.219,1783268285.225
1783268286,5208.169,5208.133,5208.206,1783268286.141
1783268287,5208.16,5208.124,5208.197,1783268287.121
1783268288,5208.15,5208.114,5208.187,1783268288.199
1783268289,5208.147,5208.11,5208.183,1783268289.125
1783268290,5208.134,5208.097,5208.17,1783268290.187
1783268291,5208.13,5208.094,5208.167,1783268291.124
1783268292,5208.123,5208.086,5208.159,1783268292.151
1783268293,5208.122,5208.085,5208.158,1783268293.118
1783268294,5208.12,5208.083,5208.156,1783268294.133
1783268295,5208.111,5208.074,5208.147,1783268295.117
1783268296,5208.1,5208.064,5208.137,1783268296.167
1783268297,5208.095,5208.059,5208.132,1783268297.122
1783268298,5208.087,5208.05,5208.123,1783268298.162
1783268299,5208.071,5208.035,5208.108,1783268299.119
1783268300,5208.066,5208.03,5208.103,1783268300.144
1783268301,5208.066,5208.029,5208.102,1783268301.139
1783268302,5208.054,5208.017,5208.09,1783268302.156
1783268303,5208.04,5208.004,5208.077,1783268303.118
1783268304,5208.036,5208,5208.072,1783268304.150
1783268305,5208.029,5207.993,5208.066,1783268305.122
1783268306,5208.021,5207.984,5208.057,1783268306.147
1783268307,5208.004,5207.968,5208.041,1783268307.125
1783268308,5207.993,5207.957,5208.03,1783268308.150
1783268309,5207.981,5207.945,5208.018,1783268309.123
1783268310,5207.968,5207.931,5208.004,1783268310.160
1783268311,5207.948,5207.912,5207.985,1783268311.124
1783268312,5207.933,5207.897,5207.97,1783268312.144
1783268313,5207.921,5207.884,5207.957,1783268313.123
1783268314,5207.913,5207.877,5207.95,1783268314.142
1783268315,5207.897,5207.86,5207.933,1783268315.130
1783268316,5207.893,5207.857,5207.93,1783268316.147
1783268317,5207.893,5207.856,5207.929,1783268317.113
1783268318,5207.891,5207.854,5207.927,1783268318.204
1783268319,5207.89,5207.854,5207.927,1783268319.118
1783268320,5207.878,5207.841,5207.914,1783268320.148
1783268321,5207.864,5207.828,5207.9,1783268321.122
1783268322,5207.854,5207.818,5207.891,1783268322.153
1783268323,5207.85,5207.813,5207.886,1783268323.122
1783268324,5207.843,5207.806,5207.879,1783268324.162
1783268325,5207.838,5207.802,5207.875,1783268325.122
1783268326,5207.835,5207.799,5207.871,1783268326.158
1783268327,5207.817,5207.781,5207.854,1783268327.125
1783268328,5207.811,5207.774,5207.847,1783268328.170
1783268329,5207.793,5207.757,5207.829,1783268329.129
1783268330,5207.776,5207.739,5207.812,1783268330.140
1783268331,5207.775,5207.739,5207.811,1783268331.126
1783268332,5207.764,5207.728,5207.801,1783268332.157
1783268333,5207.743,5207.707,5207.78,1783268333.117
1783268334,5207.742,5207.706,5207.779,1783268334.181
1783268335,5207.741,5207.704,5207.777,1783268335.133
1783268336,5207.736,5207.699,5207.772,1783268336.149
1783268337,5207.72,5207.683,5207.756,1783268337.117
1783268338,5207.719,5207.682,5207.755,1783268338.145
1783268339,5207.707,5207.671,5207.744,1783268339.125
1783268340,5207.703,5207.666,5207.739,1783268340.163
1783268341,5207.687,5207.65,5207.723,1783268341.119
1783268342,5207.661,5207.625,5207.698,1783268342.193
1783268343,5207.643,5207.607,5207.68,1783268343.133
1783268344,5207.632,5207.595,5207.668,1783268344.145
1783268345,5207.623,5207.586,5207.659,1783268345.118
1783268346,5207.621,5207.585,5207.658,1783268346.145
1783268347,5207.613,5207.577,5207.649,1783268347.121
1783268348,5207.612,5207.576,5207.649,1783268348.205
1783268349,5207.606,5207.569,5207.642,1783268349.110
1783268350,5207.605,5207.569,5207.642,1783268350.153
1783268351,5207.599,5207.562,5207.635,1783268351.128
1783268352,5207.57,5207.534,5207.607,1783268352.170
1783268353,5207.557,5207.521,5207.594,1783268353.125
1783268354,5207.54,5207.504,5207.576,1783268354.132
1783268355,5207.52,5207.483,5207.556,1783268355.133
1783268356,5207.52,5207.483,5207.556,1783268356.145
1783268357,5207.516,5207.479,5207.552,1783268357.123
1783268358,5207.513,5207.477,5207.55,1783268358.161
1783268359,5207.501,5207.465,5207.538,1783268359.117
1783268360,5207.489,5207.452,5207.525,1783268360.148
1783268361,5207.473,5207.436,5207.509,1783268361.123
1783268362,5207.468,5207.432,5207.504,1783268362.151
1783268363,5207.456,5207.42,5207.493,1783268363.135
1783268364,5207.449,5207.413,5207.485,1783268364.152
1783268365,5207.434,5207.398,5207.471,1783268365.118
1783268366,5207.417,5207.381,5207.454,1783268366.136
1783268367,5207.409,5207.373,5207.446,1783268367.125
1783268368,5207.405,5207.368,5207.441,1783268368.131
1783268369,5207.398,5207.362,5207.435,1783268369.123
1783268370,5207.377,5207.34,5207.413,1783268370.163
1783268371,5207.363,5207.327,5207.4,1783268371.134
1783268372,5207.353,5207.317,5207.39,1783268372.203
1783268373,5207.349,5207.313,5207.386,1783268373.121
1783268374,5207.331,5207.295,5207.368,1783268374.143
1783268375,5207.331,5207.294,5207.367,1783268375.147
1783268376,5207.329,5207.292,5207.365,1783268376.162
1783268377,5207.321,5207.284,5207.357,1783268377.117
1783268378,5207.317,5207.28,5207.353,1783268378.204
1783268379,5207.311,5207.274,5207.347,1783268379.118
1783268380,5207.306,5207.27,5207.343,1783268380.149
1783268381,5207.299,5207.262,5207.335,1783268381.114
1783268382,5207.295,5207.259,5207.332,1783268382.155
1783268383,5207.285,5207.249,5207.322,1783268383.126
1783268384,5207.27,5207.234,5207.306,1783268384.143
1783268385,5207.252,5207.216,5207.289,1783268385.117
1783268386,5207.244,5207.207,5207.28,1783268386.134
1783268387,5207.241,5207.205,5207.278,1783268387.123
1783268388,5207.23,5207.194,5207.267,1783268388.153
1783268389,5207.22,5207.184,5207.257,1783268389.122
1783268390,5207.217,5207.181,5207.254,1783268390.155
1783268391,5207.208,5207.171,5207.244,1783268391.117
1783268392,5207.189,5207.152,5207.225,1783268392.144
1783268393,5207.163,5207.126,5207.199,1783268393.124
1783268394,5207.156,5207.12,5207.193,1783268394.155
1783268395,5207.154,5207.117,5207.19,1783268395.123
1783268396,5207.138,5207.101,5207.174,1783268396.158
1783268397,5207.113,5207.077,5207.15,1783268397.119
1783268398,5207.107,5207.07,5207.143,1783268398.133
1783268399,5207.103,5207.067,5207.14,1783268399.122
1783268400,5207.076,5207.04,5207.113,1783268400.167
1783268401,5207.075,5207.038,5207.111,1783268401.151
1783268402,5207.063,5207.027,5207.1,1783268402.187
1783268403,5207.037,5207.001,5207.074,1783268403.346
1783268404,5207.015,5206.979,5207.052,1783268404.155
1783268405,5207.015,5206.979,5207.052,1783268405.182
1783268406,5214.469,5214.432,5214.505,1783268406.156
1783268407,5214.466,5214.429,5214.502,1783268407.116
1783268408,5214.457,5214.42,5214.493,1783268408.202
1783268409,5214.451,5214.414,5214.487,1783268409.125
1783268410,5214.435,5214.399,5214.472,1783268410.208
1783268411,5214.408,5214.372,5214.445,1783268411.119
1783268412,5214.384,5214.348,5214.421,1783268412.236
1783268413,5214.38,5214.343,5214.416,1783268413.118
1783268414,5214.373,5214.337,5214.41,1783268414.245
1783268415,5214.359,5214.322,5214.395,1783268415.113
1783268416,5214.353,5214.317,5214.39,1783268416.143
1783268417,5214.328,5214.292,5214.365,1783268417.114
1783268418,5214.326,5214.289,5214.362,1783268418.147
1783268419,5214.323,5214.286,5214.359,1783268419.110
1783268420,5214.303,5214.266,5214.339,1783268420.152
1783268421,5214.3,5214.263,5214.336,1783268421.123
1783268422,5214.288,5214.251,5214.324,1783268422.144
1783268423,5214.279,5214.242,5214.315,1783268423.134
1783268424,5214.268,5214.231,5214.304,1783268424.140
1783268425,5214.261,5214.224,5214.297,1783268425.114
1783268426,5214.25,5214.213,5214.286,1783268426.144
1783268427,5214.235,5214.198,5214.271,1783268427.112
1783268428,5214.224,5214.187,5214.26,1783268428.162
1783268429,5214.215,5214.179,5214.252,1783268429.120
1783268430,5214.206,5214.17,5214.243,1783268430.173
1783268431,5214.206,5214.169,5214.242,1783268431.127
1783268432,5214.196,5214.159,5214.232,1783268432.150
1783268433,5214.173,5214.137,5214.21,1783268433.136
1783268434,5214.169,5214.132,5214.205,1783268434.159
1783268435,5214.158,5214.121,5214.194,1783268435.132
1783268436,5214.143,5214.107,5214.18,1783268436.148
1783268437,5214.124,5214.087,5214.16,1783268437.132
1783268438,5214.11,5214.074,5214.147,1783268438.245
1783268439,5214.097,5214.061,5214.134,1783268439.132
1783268440,5214.089,5214.052,5214.125,1783268440.145
1783268441,5214.078,5214.041,5214.114,1783268441.134
1783268442,5214.065,5214.029,5214.102,1783268442.150
1783268443,5214.052,5214.015,5214.088,1783268443.115
1783268444,5214.049,5214.013,5214.086,1783268444.158
1783268445,5214.048,5214.011,5214.084,1783268445.129
1783268446,5214.043,5214.006,5214.079,1783268446.175
1783268447,5214.035,5213.998,5214.071,1783268447.124
1783268448,5214.016,5213.979,5214.052,1783268448.167
1783268449,5214.011,5213.975,5214.048,1783268449.118
1783268450,5213.993,5213.956,5214.029,1783268450.161
1783268451,5213.982,5213.945,5214.018,1783268451.125
1783268452,5213.978,5213.941,5214.014,1783268452.245
1783268453,5213.969,5213.933,5214.006,1783268453.116
1783268454,5213.958,5213.922,5213.995,1783268454.175
1783268455,5213.954,5213.917,5213.99,1783268455.118
1783268456,5213.949,5213.912,5213.985,1783268456.148
1783268457,5213.941,5213.905,5213.978,1783268457.118
1783268458,5213.937,5213.9,5213.973,1783268458.155
1783268459,5213.935,5213.899,5213.972,1783268459.109
1783268460,5213.916,5213.88,5213.952,1783268460.153
1783268461,5213.9,5213.863,5213.936,1783268461.124
1783268462,5213.874,5213.838,5213.911,1783268462.158
1783268463,5213.867,5213.83,5213.903,1783268463.134
1783268464,5213.863,5213.827,5213.9,1783268464.157
1783268465,5213.847,5213.81,5213.883,1783268465.123
1783268466,5213.834,5213.798,5213.871,1783268466.152
1783268467,5213.823,5213.786,5213.859,1783268467.162
1783268468,5213.815,5213.779,5213.852,1783268468.153
1783268469,5213.792,5213.755,5213.828,1783268469.129
1783268470,5213.774,5213.737,5213.81,1783268470.152
1783268471,5213.768,5213.732,5213.805,1783268471.121
1783268472,5213.768,5213.732,5213.805,1783268472.151
1783268473,5213.749,5213.713,5213.786,1783268473.120
1783268474,5213.732,5213.695,5213.768,1783268474.152
1783268475,5213.731,5213.695,5213.768,1783268475.144
1783268476,5213.73,5213.693,5213.766,1783268476.148
1783268477,5213.726,5213.69,5213.763,1783268477.129
1783268478,5213.723,5213.686,5213.759,1783268478.150
1783268479,5213.698,5213.662,5213.735,1783268479.121
1783268480,5213.686,5213.649,5213.722,1783268480.162
1783268481,5213.67,5213.634,5213.707,1783268481.122
1783268482,5213.66,5213.624,5213.697,1783268482.154
1783268483,5213.658,5213.621,5213.694,1783268483.115
1783268484,5213.615,5213.579,5213.652,1783268484.206
1783268485,5213.602,5213.565,5213.638,1783268485.128
1783268486,5213.598,5213.561,5213.634,1783268486.167
1783268487,5213.592,5213.555,5213.628,1783268487.115
1783268488,5213.589,5213.552,5213.625,1783268488.133
1783268489,5213.586,5213.549,5213.622,1783268489.119
1783268490,5213.585,5213.549,5213.622,1783268490.168
1783268491,5213.583,5213.546,5213.619,1783268491.125
1783268492,5213.581,5213.544,5213.617,1783268492.223
1783268493,5213.577,5213.54,5213.613,1783268493.120
1783268494,5213.567,5213.531,5213.604,1783268494.184
1783268495,5213.557,5213.52,5213.593,1783268495.121
1783268496,5213.548,5213.511,5213.584,1783268496.154
1783268497,5213.54,5213.504,5213.577,1783268497.126
1783268498,5213.535,5213.498,5213.571,1783268498.201
1783268499,5213.531,5213.495,5213.568,1783268499.117
1783268500,5213.525,5213.488,5213.561,1783268500.133
1783268501,5213.512,5213.476,5213.549,1783268501.116
1783268502,5213.509,5213.472,5213.545,1783268502.135
1783268503,5213.502,5213.466,5213.539,1783268503.116
1783268504,5213.495,5213.459,5213.532,1783268504.158
1783268505,5213.492,5213.455,5213.528,1783268505.123
1783268506,5213.487,5213.45,5213.523,1783268506.169
1783268507,5213.481,5213.444,5213.517,1783268507.122
1783268508,5213.479,5213.442,5213.515,1783268508.165
1783268509,5213.449,5213.413,5213.486,1783268509.111
1783268510,5213.445,5213.409,5213.482,1783268510.159
1783268511,5213.434,5213.398,5213.471,1783268511.118
1783268512,5213.417,5213.38,5213.453,1783268512.131
1783268513,5213.411,5213.374,5213.447,1783268513.127
1783268514,5213.394,5213.357,5213.43,1783268514.159
1783268515,5213.379,5213.342,5213.415,1783268515.129
1783268516,5213.37,5213.334,5213.407,1783268516.129
1783268517,5213.346,5213.31,5213.382,1783268517.115
1783268518,5213.322,5213.285,5213.358,1783268518.132
1783268519,5213.308,5213.272,5213.345,1783268519.111
1783268520,5213.307,5213.27,5213.343,1783268520.140
1783268521,5213.301,5213.264,5213.337,1783268521.134
1783268522,5213.285,5213.248,5213.321,1783268522.232
1783268523,5213.275,5213.238,5213.311,1783268523.139
1783268524,5213.252,5213.215,5213.288,1783268524.173
1783268525,5213.247,5213.211,5213.284,1783268525.112
1783268526,5213.223,5213.187,5213.26,1783268526.133
1783268527,5213.205,5213.168,5213.241,1783268527.130
1783268528,5213.19,5213.153,5213.226,1783268528.272
1783268529,5213.179,5213.142,5213.215,1783268529.117
1783268530,5213.168,5213.132,5213.205,1783268530.156
1783268531,5213.159,5213.122,5213.195,1783268531.112
1783268532,5213.145,5213.109,5213.181,1783268532.134
1783268533,5213.132,5213.095,5213.168,1783268533.121
1783268534,5213.111,5213.074,5213.147,1783268534.161
1783268535,5213.092,5213.056,5213.129,1783268535.115
1783268536,5213.079,5213.043,5213.116,1783268536.139
1783268537,5213.063,5213.026,5213.099,1783268537.130
1783268538,5213.051,5213.015,5213.088,1783268538.159
1783268539,5213.043,5213.007,5213.08,1783268539.115
1783268540,5213.027,5212.991,5213.064,1783268540.131
1783268541,5213.014,5212.977,5213.05,1783268541.124
1783268542,5212.992,5212.955,5213.028,1783268542.131
1783268543,5212.988,5212.952,5213.025,1783268543.118
1783268544,5212.976,5212.94,5213.013,1783268544.135
1783268545,5212.973,5212.936,5213.009,1783268545.122
1783268546,5212.96,5212.923,5212.996,1783268546.166
1783268547,5212.95,5212.914,5212.987,1783268547.123
1783268548,5212.939,5212.902,5212.975,1783268548.156
1783268549,5212.929,5212.892,5212.965,1783268549.109
1783268550,5212.919,5212.882,5212.955,1783268550.130
1783268551,5212.903,5212.866,5212.939,1783268551.123
1783268552,5212.889,5212.853,5212.926,1783268552.164
1783268553,5212.886,5212.849,5212.922,1783268553.123
1783268554,5212.876,5212.84,5212.913,1783268554.137
1783268555,5212.851,5212.814,5212.887,1783268555.123
1783268556,5212.846,5212.809,5212.882,1783268556.161
1783268557,5212.843,5212.807,5212.88,1783268557.113
1783268558,5212.838,5212.802,5212.875,1783268558.200
1783268559,5212.837,5212.8,5212.873,1783268559.122
1783268560,5212.83,5212.794,5212.867,1783268560.162
1783268561,5212.816,5212.78,5212.853,1783268561.120
1783268562,5212.806,5212.77,5212.843,1783268562.136
1783268563,5212.786,5212.749,5212.822,1783268563.119
1783268564,5212.772,5212.736,5212.809,1783268564.170
1783268565,5212.768,5212.731,5212.804,1783268565.117
1783268566,5212.743,5212.706,5212.779,1783268566.169
1783268567,5212.735,5212.699,5212.772,1783268567.122
1783268568,5212.714,5212.677,5212.75,1783268568.159
1783268569,5212.694,5212.658,5212.731,1783268569.115
1783268570,5212.679,5212.642,5212.715,1783268570.163
1783268571,5212.665,5212.628,5212.701,1783268571.120
1783268572,5212.653,5212.616,5212.689,1783268572.145
1783268573,5212.644,5212.607,5212.68,1783268573.112
1783268574,5212.641,5212.604,5212.677,1783268574.165
1783268575,5212.617,5212.581,5212.654,1783268575.113
1783268576,5212.617,5212.58,5212.653,1783268576.134
1783268577,5212.612,5212.576,5212.649,1783268577.120
1783268578,5212.61,5212.573,5212.646,1783268578.137
1783268579,5212.58,5212.543,5212.616,1783268579.118
1783268580,5212.572,5212.535,5212.608,1783268580.168
1783268581,5212.555,5212.519,5212.592,1783268581.126
1783268582,5212.55,5212.513,5212.586,1783268582.177
1783268583,5212.539,5212.502,5212.575,1783268583.130
1783268584,5212.528,5212.491,5212.564,1783268584.140
1783268585,5212.516,5212.479,5212.552,1783268585.121
1783268586,5212.508,5212.471,5212.544,1783268586.163
1783268587,5212.502,5212.465,5212.538,1783268587.117
1783268588,5212.489,5212.453,5212.526,1783268588.209
1783268589,5212.475,5212.439,5212.512,1783268589.118
1783268590,5212.458,5212.421,5212.494,1783268590.167
1783268591,5212.439,5212.403,5212.476,1783268591.114
1783268592,5212.424,5212.387,5212.46,1783268592.167
1783268593,5212.412,5212.376,5212.449,1783268593.111
1783268594,5212.406,5212.37,5212.443,1783268594.167
1783268595,5212.398,5212.362,5212.435,1783268595.109
1783268596,5212.391,5212.354,5212.427,1783268596.137
1783268597,5212.388,5212.352,5212.425,1783268597.111
1783268598,5212.38,5212.344,5212.417,1783268598.136
1783268599,5212.369,5212.332,5212.405,1783268599.123
1783268600,5212.341,5212.305,5212.378,1783268600.148
1783268601,5212.324,5212.287,5212.36,1783268601.124
1783268602,5212.318,5212.281,5212.354,1783268602.131
1783268603,5212.315,5212.278,5212.351,1783268603.122
1783268604,5212.308,5212.272,5212.345,1783268604.151
1783268605,5212.293,5212.257,5212.33,1783268605.111
1783268606,5212.283,5212.247,5212.32,1783268606.136
1783268607,5212.282,5212.245,5212.318,1783268607.112
1783268608,5212.276,5212.24,5212.313,1783268608.143
1783268609,5212.254,5212.217,5212.29,1783268609.111
1783268610,5212.252,5212.216,5212.289,1783268610.139
1783268611,5212.247,5212.21,5212.283,1783268611.122
1783268612,5212.226,5212.189,5212.262,1783268612.135
1783268613,5212.221,5212.184,5212.257,1783268613.113
1783268614,5212.21,5212.174,5212.247,1783268614.146
1783268615,5212.199,5212.162,5212.235,1783268615.117
1783268616,5212.186,5212.15,5212.223,1783268616.142
1783268617,5212.176,5212.14,5212.213,1783268617.115
1783268618,5212.155,5212.119,5212.192,1783268618.244
1783268619,5212.141,5212.105,5212.178,1783268619.113
1783268620,5212.128,5212.091,5212.164,1783268620.163
1783268621,5212.12,5212.084,5212.157,1783268621.127
1783268622,5212.094,5212.057,5212.13,1783268622.132
1783268623,5212.089,5212.052,5212.125,1783268623.113
1783268624,5212.073,5212.037,5212.11,1783268624.141
1783268625,5212.055,5212.018,5212.091,1783268625.127
1783268626,5212.05,5212.013,5212.086,1783268626.133
1783268627,5212.049,5212.012,5212.085,1783268627.115
1783268628,5212.039,5212.003,5212.076,1783268628.151
1783268629,5212.023,5211.986,5212.059,1783268629.106
1783268630,5212.019,5211.982,5212.055,1783268630.171
1783268631,5212.013,5211.976,5212.049,1783268631.111
1783268632,5212.004,5211.968,5212.041,1783268632.142
1783268633,5211.998,5211.962,5212.035,1783268633.119
1783268634,5211.991,5211.955,5212.028,1783268634.173
1783268635,5211.985,5211.948,5212.021,1783268635.123
1783268636,5211.978,5211.942,5212.014,1783268636.134
1783268637,5211.968,5211.931,5212.004,1783268637.108
1783268638,5211.956,5211.92,5211.993,1783268638.132
1783268639,5211.946,5211.91,5211.983,1783268639.107
1783268640,5211.935,5211.898,5211.971,1783268640.148
1783268641,5211.931,5211.895,5211.968,1783268641.181
1783268642,5211.93,5211.893,5211.966,1783268642.241
1783268643,5211.912,5211.875,5211.948,1783268643.257
1783268644,5211.909,5211.873,5211.946,1783268644.258
1783268645,5211.902,5211.865,5211.938,1783268645.128
1783268646,5211.876,5211.839,5211.912,1783268646.166
1783268647,5211.849,5211.812,5211.885,1783268647.119
1783268648,5211.847,5211.811,5211.884,1783268648.203
1783268649,5211.834,5211.798,5211.871,1783268649.119
1783268650,5211.823,5211.786,5211.859,1783268650.130
1783268651,5211.806,5211.77,5211.843,1783268651.110
1783268652,5211.802,5211.766,5211.839,1783268652.148
1783268653,5211.798,5211.762,5211.835,1783268653.124
1783268654,5211.796,5211.759,5211.832,1783268654.146
1783268655,5211.793,5211.756,5211.829,1783268655.111
1783268656,5211.789,5211.753,5211.826,1783268656.130
1783268657,5211.78,5211.744,5211.816,1783268657.113
1783268658,5211.766,5211.729,5211.802,1783268658.152
1783268659,5211.75,5211.713,5211.786,1783268659.109
1783268660,5211.744,5211.707,5211.78,1783268660.151
1783268661,5211.742,5211.705,5211.778,1783268661.117
1783268662,5211.712,5211.675,5211.748,1783268662.139
1783268663,5211.688,5211.652,5211.725,1783268663.112
1783268664,5211.672,5211.636,5211.709,1783268664.128
1783268665,5211.672,5211.635,5211.708,1783268665.124
1783268666,5211.662,5211.626,5211.699,1783268666.148
1783268667,5211.644,5211.608,5211.681,1783268667.124
1783268668,5211.642,5211.606,5211.679,1783268668.136
1783268669,5211.641,5211.605,5211.678,1783268669.115
1783268670,5211.629,5211.592,5211.665,1783268670.155
1783268671,5211.616,5211.579,5211.652,1783268671.124
1783268672,5211.616,5211.579,5211.652,1783268672.133
1783268673,5211.599,5211.562,5211.635,1783268673.121
1783268674,5211.597,5211.56,5211.633,1783268674.159
1783268675,5211.58,5211.543,5211.616,1783268675.140
1783268676,5211.577,5211.541,5211.614,1783268676.140
1783268677,5211.565,5211.528,5211.601,1783268677.113
1783268678,5211.553,5211.517,5211.59,1783268678.205
1783268679,5211.528,5211.491,5211.564,1783268679.129
1783268680,5211.523,5211.486,5211.559,1783268680.142
1783268681,5211.51,5211.474,5211.547,1783268681.115
1783268682,5211.504,5211.468,5211.541,1783268682.203
1783268683,5211.488,5211.452,5211.525,1783268683.126
1783268684,5211.473,5211.437,5211.51,1783268684.149
1783268685,5211.471,5211.434,5211.507,1783268685.121
1783268686,5211.466,5211.43,5211.503,1783268686.142
1783268687,5211.451,5211.414,5211.487,1783268687.114
1783268688,5211.448,5211.411,5211.484,1783268688.165
1783268689,5211.445,5211.408,5211.481,1783268689.118
1783268690,5211.428,5211.391,5211.464,1783268690.147
1783268691,5211.423,5211.386,5211.459,1783268691.128
1783268692,5211.42,5211.383,5211.456,1783268692.146
1783268693,5211.418,5211.382,5211.455,1783268693.116
1783268694,5211.405,5211.369,5211.442,1783268694.149
1783268695,5211.4,5211.363,5211.436,1783268695.117
1783268696,5211.4,5211.363,5211.436,1783268696.152
1783268697,5211.398,5211.362,5211.435,1783268697.113
1783268698,5211.383,5211.346,5211.419,1783268698.154
1783268699,5211.379,5211.342,5211.415,1783268699.121
1783268700,5211.379,5211.342,5211.415,1783268700.147
1783268701,5211.37,5211.333,5211.406,1783268701.116
1783268702,5211.367,5211.33,5211.403,1783268702.202
1783268703,5211.358,5211.321,5211.394,1783268703.298
1783268704,5211.351,5211.314,5211.387,1783268704.272
1783268705,5211.341,5211.305,5211.378,1783268705.126
1783268706,5211.331,5211.295,5211.368,1783268706.133
1783268707,5211.327,5211.29,5211.363,1783268707.117
1783268708,5211.302,5211.265,5211.338,1783268708.210
1783268709,5211.301,5211.265,5211.338,1783268709.125
1783268710,5211.282,5211.245,5211.318,1783268710.163
1783268711,5211.276,5211.239,5211.312,1783268711.113
1783268712,5211.265,5211.229,5211.302,1783268712.151
1783268713,5211.258,5211.222,5211.295,1783268713.117
1783268714,5211.227,5211.191,5211.264,1783268714.144
1783268715,5211.219,5211.183,5211.256,1783268715.136
1783268716,5211.211,5211.175,5211.248,1783268716.130
1783268717,5211.199,5211.163,5211.236,1783268717.117
1783268718,5211.193,5211.156,5211.229,1783268718.146
1783268719,5211.181,5211.145,5211.218,1783268719.127
1783268720,5211.169,5211.133,5211.206,1783268720.157
1783268721,5211.165,5211.128,5211.201,1783268721.122
1783268722,5211.141,5211.105,5211.178,1783268722.137
1783268723,5211.133,5211.096,5211.169,1783268723.112
1783268724,5211.124,5211.088,5211.161,1783268724.141
1783268725,5211.109,5211.072,5211.145,1783268725.157
1783268726,5211.102,5211.065,5211.138,1783268726.140
1783268727,5211.092,5211.056,5211.129,1783268727.114
1783268728,5211.089,5211.053,5211.126,1783268728.146
1783268729,5211.066,5211.029,5211.102,1783268729.114
1783268730,5211.064,5211.028,5211.101,1783268730.137
1783268731,5211.06,5211.023,5211.096,1783268731.110
1783268732,5211.043,5211.006,5211.079,1783268732.140
1783268733,5211.02,5210.984,5211.057,1783268733.124
1783268734,5210.999,5210.962,5211.035,1783268734.167
1783268735,5210.997,5210.961,5211.034,1783268735.122
1783268736,5210.982,5210.945,5211.018,1783268736.138
1783268737,5210.956,5210.919,5210.992,1783268737.117
1783268738,5210.936,5210.9,5210.973,1783268738.202
1783268739,5210.915,5210.879,5210.952,1783268739.125
1783268740,5210.907,5210.87,5210.943,1783268740.149
1783268741,5210.903,5210.866,5210.939,1783268741.131
1783268742,5210.894,5210.857,5210.93,1783268742.149
1783268743,5210.876,5210.839,5210.912,1783268743.129
1783268744,5210.872,5210.835,5210.908,1783268744.148
1783268745,5210.866,5210.83,5210.902,1783268745.129
1783268746,5210.86,5210.823,5210.896,1783268746.153
1783268747,5210.855,5210.818,5210.891,1783268747.114
1783268748,5210.841,5210.805,5210.878,1783268748.307
1783268749,5210.833,5210.796,5210.869,1783268749.117
1783268750,5210.809,5210.773,5210.846,1783268750.145
1783268751,5210.798,5210.762,5210.835,1783268751.123
1783268752,5210.789,5210.753,5210.826,1783268752.136
1783268753,5210.782,5210.746,5210.819,1783268753.110
1783268754,5210.776,5210.739,5210.812,1783268754.144
1783268755,5210.772,5210.735,5210.808,1783268755.112
1783268756,5210.755,5210.718,5210.791,1783268756.152
1783268757,5210.75,5210.714,5210.787,1783268757.114
1783268758,5210.742,5210.705,5210.778,1783268758.163
1783268759,5210.709,5210.672,5210.745,1783268759.115
1783268760,5210.689,5210.653,5210.726,1783268760.165
1783268761,5210.687,5210.65,5210.723,1783268761.122
1783268762,5210.671,5210.635,5210.708,1783268762.195
1783268763,5210.646,5210.609,5210.682,1783268763.157
1783268764,5210.634,5210.597,5210.67,1783268764.140
1783268765,5210.634,5210.597,5210.67,1783268765.122
1783268766,5210.625,5210.588,5210.661,1783268766.151
1783268767,5210.623,5210.586,5210.659,1783268767.152
1783268768,5210.617,5210.58,5210.653,1783268768.210
1783268769,5210.61,5210.574,5210.647,1783268769.120
1783268770,5210.604,5210.567,5210.64,1783268770.163
1783268771,5210.603,5210.567,5210.64,1783268771.140
1783268772,5210.592,5210.556,5210.629,1783268772.149
1783268773,5210.585,5210.549,5210.621,1783268773.129
1783268774,5210.574,5210.537,5210.61,1783268774.157
1783268775,5210.557,5210.52,5210.593,1783268775.118
1783268776,5210.55,5210.514,5210.587,1783268776.145
1783268777,5210.526,5210.489,5210.562,1783268777.118
1783268778,5210.521,5210.484,5210.557,1783268778.149
1783268779,5210.5,5210.463,5210.536,1783268779.124
1783268780,5210.487,5210.451,5210.523,1783268780.139
1783268781,5210.476,5210.439,5210.512,1783268781.122
1783268782,5210.47,5210.433,5210.506,1783268782.140
1783268783,5210.451,5210.414,5210.487,1783268783.115
1783268784,5210.426,5210.389,5210.462,1783268784.146
1783268785,5210.418,5210.381,5210.454,1783268785.118
1783268786,5210.412,5210.376,5210.449,1783268786.137
1783268787,5210.396,5210.36,5210.433,1783268787.114
1783268788,5210.393,5210.356,5210.429,1783268788.135
1783268789,5210.368,5210.332,5210.405,1783268789.116
1783268790,5210.364,5210.327,5210.4,1783268790.138
1783268791,5210.361,5210.324,5210.397,1783268791.130
1783268792,5210.358,5210.321,5210.394,1783268792.149
1783268793,5210.352,5210.315,5210.388,1783268793.122
1783268794,5210.338,5210.301,5210.374,1783268794.139
1783268795,5210.332,5210.295,5210.368,1783268795.117
1783268796,5210.326,5210.29,5210.363,1783268796.165
1783268797,5210.318,5210.281,5210.354,1783268797.113
1783268798,5210.297,5210.26,5210.333,1783268798.206
1783268799,5210.296,5210.26,5210.333,1783268799.119
1783268800,5210.287,5210.251,5210.324,1783268800.137
1783268801,5210.279,5210.243,5210.316,1783268801.117
1783268802,5210.268,5210.231,5210.304,1783268802.137
1783268803,5210.248,5210.211,5210.284,1783268803.113
1783268804,5210.238,5210.201,5210.274,1783268804.135
1783268805,5210.229,5210.192,5210.265,1783268805.114
1783268806,5210.223,5210.187,5210.26,1783268806.133
1783268807,5210.222,5210.186,5210.259,1783268807.113
1783268808,5210.208,5210.171,5210.244,1783268808.141
1783268809,5210.201,5210.164,5210.237,1783268809.126
1783268810,5210.197,5210.16,5210.233,1783268810.172
1783268811,5210.175,5210.139,5210.212,1783268811.112
1783268812,5210.172,5210.136,5210.208,1783268812.149
1783268813,5210.167,5210.131,5210.204,1783268813.125
1783268814,5210.15,5210.114,5210.187,1783268814.140
1783268815,5210.145,5210.109,5210.182,1783268815.120
1783268816,5210.134,5210.097,5210.17,1783268816.140
1783268817,5210.133,5210.096,5210.169,1783268817.114
1783268818,5210.113,5210.077,5210.15,1783268818.141
1783268819,5210.108,5210.071,5210.144,1783268819.121
1783268820,5210.092,5210.055,5210.128,1783268820.160
1783268821,5210.081,5210.045,5210.118,1783268821.114
1783268822,5210.077,5210.041,5210.114,1783268822.308
1783268823,5210.062,5210.025,5210.098,1783268823.122
1783268824,5210.033,5209.997,5210.07,1783268824.196
1783268825,5210.019,5209.982,5210.055,1783268825.118
1783268826,5210.012,5209.975,5210.048,1783268826.141
1783268827,5210,5209.964,5210.036,1783268827.116
1783268828,5209.993,5209.956,5210.029,1783268828.138
1783268829,5209.988,5209.951,5210.024,1783268829.117
1783268830,5209.974,5209.937,5210.01,1783268830.144
1783268831,5209.966,5209.93,5210.003,1783268831.121
1783268832,5209.957,5209.921,5209.994,1783268832.149
1783268833,5209.937,5209.901,5209.974,1783268833.113
1783268834,5209.934,5209.897,5209.97,1783268834.154
1783268835,5209.928,5209.891,5209.964,1783268835.116
1783268836,5209.919,5209.883,5209.956,1783268836.135
1783268837,5209.912,5209.875,5209.948,1783268837.129
1783268838,5209.903,5209.867,5209.94,1783268838.159
1783268839,5209.896,5209.859,5209.932,1783268839.112
1783268840,5209.884,5209.848,5209.921,1783268840.149
1783268841,5209.868,5209.832,5209.904,1783268841.122
1783268842,5209.85,5209.814,5209.887,1783268842.146
1783268843,5209.827,5209.79,5209.863,1783268843.114
1783268844,5209.808,5209.771,5209.844,1783268844.130
1783268845,5209.794,5209.758,5209.831,1783268845.129
1783268846,5209.791,5209.755,5209.828,1783268846.142
1783268847,5209.782,5209.746,5209.819,1783268847.125
1783268848,5209.772,5209.736,5209.809,1783268848.145
1783268849,5209.769,5209.733,5209.806,1783268849.117
1783268850,5209.769,5209.733,5209.806,1783268850.140
1783268851,5209.755,5209.719,5209.792,1783268851.113
1783268852,5209.738,5209.702,5209.775,1783268852.148
1783268853,5209.726,5209.69,5209.763,1783268853.119
1783268854,5209.712,5209.675,5209.748,1783268854.145
1783268855,5209.685,5209.648,5209.721,1783268855.116
1783268856,5209.677,5209.641,5209.714,1783268856.156
1783268857,5209.669,5209.632,5209.705,1783268857.112
1783268858,5209.658,5209.621,5209.694,1783268858.147
1783268859,5209.644,5209.607,5209.68,1783268859.112
1783268860,5209.638,5209.601,5209.674,1783268860.146
1783268861,5209.637,5209.6,5209.673,1783268861.117
1783268862,5209.627,5209.591,5209.664,1783268862.146
1783268863,5209.609,5209.573,5209.646,1783268863.116
1783268864,5209.606,5209.57,5209.643,1783268864.156
1783268865,5209.595,5209.559,5209.632,1783268865.118
1783268866,5209.593,5209.557,5209.63,1783268866.132
1783268867,5209.575,5209.538,5209.611,1783268867.117
1783268868,5209.566,5209.53,5209.603,1783268868.144
1783268869,5209.56,5209.524,5209.596,1783268869.122
1783268870,5209.538,5209.502,5209.575,1783268870.140
1783268871,5209.533,5209.496,5209.569,1783268871.122
1783268872,5209.517,5209.48,5209.553,1783268872.140
1783268873,5209.501,5209.464,5209.537,1783268873.123
1783268874,5209.48,5209.443,5209.516,1783268874.138
1783268875,5209.468,5209.431,5209.504,1783268875.151
1783268876,5209.453,5209.417,5209.49,1783268876.148
1783268877,5209.439,5209.403,5209.476,1783268877.123
1783268878,5209.438,5209.402,5209.475,1783268878.145
1783268879,5209.433,5209.397,5209.47,1783268879.113
1783268880,5209.425,5209.389,5209.462,1783268880.164
1783268881,5209.421,5209.385,5209.458,1783268881.145
1783268882,5209.402,5209.366,5209.439,1783268882.217
1783268883,5209.395,5209.358,5209.431,1783268883.136
1783268884,5209.373,5209.337,5209.41,1783268884.153
1783268885,5209.371,5209.334,5209.407,1783268885.114
1783268886,5209.36,5209.323,5209.396,1783268886.155
1783268887,5209.333,5209.297,5209.37,1783268887.131
1783268888,5209.329,5209.293,5209.366,1783268888.126
1783268889,5209.319,5209.282,5209.355,1783268889.117
1783268890,5209.308,5209.272,5209.345,1783268890.146
1783268891,5209.302,5209.265,5209.338,1783268891.117
1783268892,5209.285,5209.249,5209.322,1783268892.200
1783268893,5209.281,5209.245,5209.318,1783268893.115
1783268894,5209.27,5209.234,5209.307,1783268894.155
1783268895,5209.261,5209.224,5209.297,1783268895.129
1783268896,5209.245,5209.208,5209.281,1783268896.151
1783268897,5209.235,5209.198,5209.271,1783268897.116
1783268898,5209.231,5209.194,5209.267,1783268898.138
1783268899,5209.202,5209.165,5209.238,1783268899.122
1783268900,5209.192,5209.155,5209.228,1783268900.144
1783268901,5209.166,5209.13,5209.203,1783268901.124
1783268902,5209.16,5209.124,5209.197,1783268902.144
1783268903,5209.155,5209.118,5209.191,1783268903.125
1783268904,5209.142,5209.105,5209.178,1783268904.142
1783268905,5209.13,5209.094,5209.167,1783268905.113
1783268906,5209.127,5209.09,5209.163,1783268906.143
1783268907,5209.125,5209.088,5209.161,1783268907.134
1783268908,5209.105,5209.069,5209.142,1783268908.144
1783268909,5209.092,5209.055,5209.128,1783268909.120
1783268910,5209.077,5209.041,5209.114,1783268910.137
1783268911,5209.072,5209.036,5209.109,1783268911.110
1783268912,5209.064,5209.027,5209.1,1783268912.142
1783268913,5209.043,5209.007,5209.08,1783268913.113
1783268914,5209.029,5208.992,5209.065,1783268914.145
1783268915,5209.025,5208.989,5209.062,1783268915.117
1783268916,5209.006,5208.97,5209.043,1783268916.138
1783268917,5208.994,5208.957,5209.03,1783268917.116
1783268918,5208.988,5208.952,5209.025,1783268918.217
1783268919,5208.985,5208.949,5209.022,1783268919.132
1783268920,5208.976,5208.939,5209.012,1783268920.138
1783268921,5208.971,5208.934,5209.007,1783268921.116
1783268922,5208.962,5208.926,5208.998,1783268922.145
1783268923,5208.954,5208.918,5208.991,1783268923.118
1783268924,5208.943,5208.907,5208.98,1783268924.147
1783268925,5208.927,5208.891,5208.963,1783268925.121
1783268926,5208.922,5208.886,5208.958,1783268926.130
1783268927,5208.916,5208.88,5208.953,1783268927.125
1783268928,5208.91,5208.874,5208.947,1783268928.133
1783268929,5208.89,5208.853,5208.926,1783268929.119
1783268930,5208.879,5208.843,5208.916,1783268930.144
1783268931,5208.876,5208.839,5208.912,1783268931.128
1783268932,5208.873,5208.836,5208.909,1783268932.139
1783268933,5208.847,5208.81,5208.883,1783268933.123
1783268934,5208.824,5208.788,5208.861,1783268934.137
1783268935,5208.812,5208.775,5208.848,1783268935.124
1783268936,5208.787,5208.751,5208.824,1783268936.147
1783268937,5208.782,5208.745,5208.818,1783268937.123
1783268938,5208.773,5208.737,5208.81,1783268938.145
1783268939,5208.762,5208.725,5208.798,1783268939.114
1783268940,5208.732,5208.695,5208.768,1783268940.163
1783268941,5208.715,5208.678,5208.751,1783268941.124
1783268942,5208.714,5208.678,5208.75,1783268942.132
1783268943,5208.706,5208.669,5208.742,1783268943.145
1783268944,5208.702,5208.666,5208.738,1783268944.149
1783268945,5208.692,5208.656,5208.729,1783268945.123
1783268946,5208.675,5208.638,5208.711,1783268946.127
1783268947,5208.655,5208.618,5208.691,1783268947.109
1783268948,5208.643,5208.607,5208.68,1783268948.201
1783268949,5208.638,5208.602,5208.674,1783268949.128
1783268950,5208.623,5208.586,5208.659,1783268950.151
1783268951,5208.615,5208.579,5208.652,1783268951.122
1783268952,5208.612,5208.576,5208.649,1783268952.138
1783268953,5208.606,5208.57,5208.642,1783268953.119
1783268954,5208.592,5208.555,5208.628,1783268954.136
1783268955,5208.574,5208.538,5208.611,1783268955.125
1783268956,5208.57,5208.534,5208.607,1783268956.170
1783268957,5208.561,5208.525,5208.598,1783268957.135
1783268958,5208.558,5208.522,5208.595,1783268958.128
1783268959,5208.558,5208.521,5208.594,1783268959.164
1783268960,5208.552,5208.516,5208.589,1783268960.213
1783268961,5208.543,5208.506,5208.579,1783268961.118
1783268962,5208.534,5208.498,5208.571,1783268962.152
1783268963,5208.522,5208.485,5208.558,1783268963.129
1783268964,5208.517,5208.481,5208.554,1783268964.134
1783268965,5208.513,5208.477,5208.55,1783268965.124
1783268966,5208.502,5208.466,5208.538,1783268966.141
1783268967,5208.499,5208.463,5208.536,1783268967.117
1783268968,5208.486,5208.45,5208.523,1783268968.141
1783268969,5208.485,5208.448,5208.521,1783268969.117
1783268970,5221.047,5221.011,5221.084,1783268970.162
1783268971,5221.029,5220.992,5221.065,1783268971.116
1783268972,5221.024,5220.987,5221.061,1783268972.136
1783268973,5221,5220.964,5221.037,1783268973.125
1783268974,5220.995,5220.959,5221.032,1783268974.204
1783268975,5220.979,5220.942,5221.016,1783268975.125
1783268976,5220.958,5220.922,5220.995,1783268976.134
1783268977,5220.946,5220.91,5220.983,1783268977.122
1783268978,5220.931,5220.895,5220.968,1783268978.204
1783268979,5220.921,5220.884,5220.957,1783268979.115
1783268980,5220.92,5220.884,5220.957,1783268980.178
1783268981,5220.915,5220.879,5220.952,1783268981.127
1783268982,5220.894,5220.858,5220.931,1783268982.136
1783268983,5220.882,5220.845,5220.919,1783268983.126
1783268984,5220.874,5220.837,5220.91,1783268984.147
1783268985,5220.868,5220.831,5220.904,1783268985.124
1783268986,5220.836,5220.799,5220.872,1783268986.138
1783268987,5220.836,5220.799,5220.872,1783268987.129
1783268988,5220.821,5220.784,5220.857,1783268988.136
1783268989,5220.817,5220.781,5220.854,1783268989.118
1783268990,5220.813,5220.776,5220.85,1783268990.151
1783268991,5220.809,5220.773,5220.846,1783268991.121
1783268992,5220.797,5220.761,5220.834,1783268992.140
1783268993,5220.79,5220.753,5220.826,1783268993.121
1783268994,5220.777,5220.74,5220.813,1783268994.138
1783268995,5220.763,5220.726,5220.799,1783268995.116
1783268996,5220.754,5220.717,5220.79,1783268996.132
1783268997,5220.742,5220.705,5220.778,1783268997.118
1783268998,5220.739,5220.703,5220.776,1783268998.162
1783268999,5220.728,5220.692,5220.765,1783268999.123
1783269000,5220.725,5220.689,5220.762,1783269000.149
1783269001,5220.719,5220.683,5220.756,1783269001.211
1783269002,5220.694,5220.657,5220.73,1783269002.170
1783269003,5220.688,5220.651,5220.724,1783269003.141
1783269004,5220.671,5220.635,5220.708,1783269004.174
1783269005,5220.657,5220.62,5220.693,1783269005.158
1783269006,5220.631,5220.594,5220.667,1783269006.174
1783269007,5220.621,5220.584,5220.658,1783269007.129
1783269008,5223.682,5223.646,5223.719,1783269008.203
1783269009,5223.68,5223.644,5223.717,1783269009.128
1783269010,5223.672,5223.635,5223.709,1783269010.164
1783269011,5223.664,5223.627,5223.701,1783269011.118
1783269012,5223.663,5223.626,5223.699,1783269012.141
1783269013,5223.654,5223.617,5223.69,1783269013.126
1783269014,5223.646,5223.609,5223.682,1783269014.131
1783269015,5223.64,5223.603,5223.676,1783269015.120
1783269016,5223.615,5223.579,5223.652,1783269016.130
1783269017,5223.606,5223.57,5223.643,1783269017.116
1783269018,5223.603,5223.567,5223.64,1783269018.163
1783269019,5223.582,5223.545,5223.619,1783269019.121
1783269020,5223.568,5223.532,5223.605,1783269020.135
1783269021,5223.554,5223.517,5223.59,1783269021.117
1783269022,5223.554,5223.517,5223.59,1783269022.151
1783269023,5223.547,5223.511,5223.584,1783269023.122
1783269024,5223.541,5223.505,5223.578,1783269024.160
1783269025,5223.535,5223.498,5223.571,1783269025.125
1783269026,5223.51,5223.473,5223.547,1783269026.152
1783269027,5223.508,5223.471,5223.544,1783269027.117
1783269028,5223.496,5223.459,5223.532,1783269028.141
1783269029,5223.484,5223.448,5223.521,1783269029.124
1783269030,5223.479,5223.443,5223.516,1783269030.301
1783269031,5223.473,5223.436,5223.509,1783269031.120
1783269032,5223.472,5223.436,5223.509,1783269032.160
1783269033,5223.465,5223.428,5223.501,1783269033.123
1783269034,5223.461,5223.424,5223.498,1783269034.135
1783269035,5223.45,5223.414,5223.487,1783269035.113
1783269036,5223.438,5223.402,5223.475,1783269036.134
1783269037,5223.424,5223.388,5223.461,1783269037.117
1783269038,5223.413,5223.376,5223.449,1783269038.247
1783269039,5223.407,5223.37,5223.443,1783269039.114
1783269040,5223.403,5223.367,5223.44,1783269040.141
1783269041,5223.379,5223.343,5223.416,1783269041.112
1783269042,5223.355,5223.318,5223.391,1783269042.134
1783269043,5223.333,5223.296,5223.369,1783269043.109
1783269044,5223.332,5223.295,5223.368,1783269044.144
1783269045,5223.319,5223.282,5223.355,1783269045.109
1783269046,5223.298,5223.262,5223.335,1783269046.146
1783269047,5223.296,5223.259,5223.333,1783269047.125
1783269048,5223.295,5223.258,5223.332,1783269048.142
1783269049,5223.271,5223.234,5223.307,1783269049.115
1783269050,5223.246,5223.21,5223.283,1783269050.143
1783269051,5223.224,5223.188,5223.261,1783269051.125
1783269052,5223.22,5223.184,5223.257,1783269052.134
1783269053,5223.196,5223.16,5223.233,1783269053.127
1783269054,5223.185,5223.148,5223.221,1783269054.137
1783269055,5223.172,5223.136,5223.209,1783269055.113
1783269056,5223.158,5223.121,5223.195,1783269056.146
1783269057,5223.153,5223.117,5223.19,1783269057.129
1783269058,5223.145,5223.108,5223.181,1783269058.139
1783269059,5223.143,5223.106,5223.179,1783269059.121
1783269060,5223.138,5223.101,5223.175,1783269060.167
1783269061,5223.133,5223.097,5223.17,1783269061.118
1783269062,5223.11,5223.073,5223.146,1783269062.309
1783269063,5223.082,5223.045,5223.118,1783269063.125
1783269064,5223.066,5223.029,5223.103,1783269064.180
1783269065,5223.066,5223.029,5223.102,1783269065.118
1783269066,5223.053,5223.017,5223.09,1783269066.136
1783269067,5223.043,5223.006,5223.08,1783269067.132
1783269068,5223.038,5223.002,5223.075,1783269068.210
1783269069,5223.023,5222.986,5223.059,1783269069.119
1783269070,5223.011,5222.974,5223.047,1783269070.161
1783269071,5223.005,5222.969,5223.042,1783269071.120
1783269072,5222.994,5222.958,5223.031,1783269072.146
1783269073,5222.993,5222.957,5223.03,1783269073.112
1783269074,5222.987,5222.95,5223.024,1783269074.170
1783269075,5222.973,5222.936,5223.009,1783269075.124
1783269076,5222.97,5222.933,5223.007,1783269076.139
1783269077,5222.962,5222.925,5222.998,1783269077.115
1783269078,5222.957,5222.92,5222.993,1783269078.133
1783269079,5222.954,5222.918,5222.991,1783269079.113
1783269080,5222.95,5222.913,5222.986,1783269080.141
1783269081,5222.941,5222.904,5222.977,1783269081.112
1783269082,5222.939,5222.902,5222.975,1783269082.144
1783269083,5222.93,5222.893,5222.966,1783269083.122
1783269084,5222.919,5222.883,5222.956,1783269084.128
1783269085,5222.911,5222.874,5222.947,1783269085.112
1783269086,5222.881,5222.844,5222.917,1783269086.130
1783269087,5222.864,5222.828,5222.901,1783269087.124
1783269088,5222.862,5222.826,5222.899,1783269088.133
1783269089,5222.846,5222.81,5222.883,1783269089.125
1783269090,5222.837,5222.801,5222.874,1783269090.132
1783269091,5222.83,5222.794,5222.867,1783269091.122
1783269092,5222.819,5222.782,5222.856,1783269092.135
1783269093,5222.807,5222.771,5222.844,1783269093.112
1783269094,5222.783,5222.747,5222.82,1783269094.137
1783269095,5222.775,5222.738,5222.812,1783269095.119
1783269096,5222.766,5222.73,5222.803,1783269096.142
1783269097,5222.756,5222.72,5222.793,1783269097.117
1783269098,5222.737,5222.7,5222.773,1783269098.206
1783269099,5222.717,5222.68,5222.753,1783269099.163
1783269100,5222.712,5222.675,5222.748,1783269100.135
1783269101,5222.706,5222.669,5222.743,1783269101.110
1783269102,5222.701,5222.664,5222.738,1783269102.137
1783269103,5222.699,5222.662,5222.735,1783269103.134
1783269104,5222.695,5222.659,5222.732,1783269104.133
1783269105,5222.68,5222.643,5222.716,1783269105.117
1783269106,5222.666,5222.629,5222.702,1783269106.141
1783269107,5222.657,5222.621,5222.694,1783269107.121
1783269108,5222.649,5222.612,5222.685,1783269108.151
1783269109,5222.622,5222.586,5222.659,1783269109.116
1783269110,5222.619,5222.583,5222.656,1783269110.141
1783269111,5222.609,5222.572,5222.646,1783269111.117
1783269112,5222.592,5222.555,5222.628,1783269112.161
1783269113,5222.588,5222.551,5222.624,1783269113.121
1783269114,5222.572,5222.536,5222.609,1783269114.135
1783269115,5222.553,5222.517,5222.59,1783269115.113
1783269116,5222.545,5222.509,5222.582,1783269116.146
1783269117,5222.541,5222.505,5222.578,1783269117.122
1783269118,5222.522,5222.486,5222.559,1783269118.137
1783269119,5222.516,5222.479,5222.552,1783269119.107
1783269120,5222.495,5222.458,5222.531,1783269120.149
1783269121,5222.487,5222.451,5222.524,1783269121.136
1783269122,5222.48,5222.444,5222.517,1783269122.137
1783269123,5222.466,5222.429,5222.502,1783269123.169
1783269124,5222.454,5222.418,5222.491,1783269124.173
1783269125,5222.448,5222.412,5222.485,1783269125.113
1783269126,5222.432,5222.396,5222.469,1783269126.134
1783269127,5222.424,5222.387,5222.46,1783269127.125
1783269128,5222.406,5222.369,5222.442,1783269128.207
1783269129,5222.402,5222.365,5222.439,1783269129.119
1783269130,5222.4,5222.364,5222.437,1783269130.145
1783269131,5222.387,5222.351,5222.424,1783269131.114
1783269132,5222.379,5222.343,5222.416,1783269132.132
1783269133,5222.378,5222.342,5222.415,1783269133.108
1783269134,5222.376,5222.339,5222.412,1783269134.139
1783269135,5222.364,5222.328,5222.401,1783269135.122
1783269136,5222.354,5222.317,5222.391,1783269136.160
1783269137,5222.344,5222.307,5222.38,1783269137.114
1783269138,5222.337,5222.301,5222.374,1783269138.162
1783269139,5222.325,5222.289,5222.362,1783269139.114
1783269140,5222.31,5222.274,5222.347,1783269140.141
1783269141,5222.294,5222.258,5222.331,1783269141.135
1783269142,5222.286,5222.249,5222.322,1783269142.141
1783269143,5222.273,5222.236,5222.309,1783269143.116
1783269144,5222.264,5222.228,5222.301,1783269144.141
1783269145,5222.255,5222.219,5222.292,1783269145.114
1783269146,5222.247,5222.21,5222.283,1783269146.141
1783269147,5222.222,5222.185,5222.259,1783269147.111
1783269148,5222.213,5222.176,5222.249,1783269148.162
1783269149,5222.204,5222.167,5222.241,1783269149.125
1783269150,5222.185,5222.149,5222.222,1783269150.146
1783269151,5222.168,5222.132,5222.205,1783269151.120
1783269152,5222.155,5222.118,5222.191,1783269152.155
1783269153,5222.133,5222.096,5222.169,1783269153.123
1783269154,5222.132,5222.096,5222.169,1783269154.152
1783269155,5222.132,5222.095,5222.168,1783269155.127
1783269156,5222.117,5222.08,5222.153,1783269156.144
1783269157,5222.109,5222.072,5222.145,1783269157.115
1783269158,5222.101,5222.064,5222.138,1783269158.207
1783269159,5222.096,5222.06,5222.133,1783269159.125
1783269160,5222.091,5222.055,5222.128,1783269160.148
1783269161,5222.084,5222.048,5222.121,1783269161.127
1783269162,5222.071,5222.034,5222.107,1783269162.137
1783269163,5222.068,5222.032,5222.105,1783269163.115
1783269164,5222.06,5222.024,5222.097,1783269164.162
1783269165,5222.053,5222.016,5222.089,1783269165.138
1783269166,5222.052,5222.016,5222.089,1783269166.143
1783269167,5222.04,5222.003,5222.076,1783269167.125
1783269168,5222.023,5221.987,5222.06,1783269168.150
1783269169,5222.017,5221.98,5222.053,1783269169.122
1783269170,5222.008,5221.971,5222.044,1783269170.156
1783269171,5221.993,5221.957,5222.03,1783269171.220
1783269172,5221.99,5221.953,5222.026,1783269172.135
1783269173,5221.973,5221.937,5222.01,1783269173.118
1783269174,5221.955,5221.918,5221.992,1783269174.162
1783269175,5221.93,5221.894,5221.967,1783269175.119
1783269176,5221.924,5221.888,5221.961,1783269176.134
1783269177,5221.913,5221.877,5221.95,1783269177.125
1783269178,5221.912,5221.875,5221.949,1783269178.152
1783269179,5221.911,5221.874,5221.947,1783269179.117
1783269180,5221.896,5221.859,5221.932,1783269180.140
1783269181,5221.892,5221.855,5221.929,1783269181.121
1783269182,5221.874,5221.838,5221.911,1783269182.158
1783269183,5221.857,5221.821,5221.894,1783269183.262
1783269184,5221.826,5221.79,5221.863,1783269184.184
1783269185,5221.813,5221.776,5221.849,1783269185.116
1783269186,5221.797,5221.76,5221.833,1783269186.144
1783269187,5221.783,5221.746,5221.819,1783269187.121
1783269188,5221.775,5221.738,5221.811,1783269188.255
1783269189,5221.759,5221.722,5221.795,1783269189.121
1783269190,5221.755,5221.719,5221.792,1783269190.139
1783269191,5221.747,5221.711,5221.784,1783269191.133
1783269192,5221.736,5221.7,5221.773,1783269192.154
1783269193,5221.727,5221.69,5221.764,1783269193.115
1783269194,5221.72,5221.684,5221.757,1783269194.139
1783269195,5221.714,5221.677,5221.75,1783269195.121
1783269196,5221.707,5221.67,5221.743,1783269196.149
1783269197,5221.691,5221.654,5221.727,1783269197.119
1783269198,5221.686,5221.65,5221.723,1783269198.143
1783269199,5221.676,5221.64,5221.713,1783269199.118
1783269200,5221.67,5221.633,5221.706,1783269200.164
1783269201,5221.658,5221.621,5221.694,1783269201.121
1783269202,5221.656,5221.62,5221.693,1783269202.155
1783269203,5221.651,5221.614,5221.687,1783269203.118
1783269204,5221.633,5221.596,5221.669,1783269204.155
1783269205,5221.617,5221.581,5221.654,1783269205.120
1783269206,5221.598,5221.562,5221.635,1783269206.159
1783269207,5221.574,5221.538,5221.611,1783269207.119
1783269208,5221.551,5221.514,5221.587,1783269208.159
1783269209,5221.538,5221.501,5221.574,1783269209.116
1783269210,5221.528,5221.491,5221.564,1783269210.156
1783269211,5221.519,5221.482,5221.555,1783269211.119
1783269212,5221.499,5221.462,5221.535,1783269212.142
1783269213,5221.487,5221.451,5221.524,1783269213.113
1783269214,5221.478,5221.442,5221.515,1783269214.158
1783269215,5221.476,5221.44,5221.513,1783269215.134
1783269216,5221.47,5221.433,5221.507,1783269216.146
1783269217,5221.451,5221.414,5221.487,1783269217.118
1783269218,5221.447,5221.411,5221.484,1783269218.200
1783269219,5221.428,5221.391,5221.464,1783269219.117
1783269220,5221.414,5221.378,5221.451,1783269220.157
1783269221,5221.41,5221.374,5221.447,1783269221.119
1783269222,5221.399,5221.363,5221.436,1783269222.143
1783269223,5221.375,5221.339,5221.412,1783269223.120
1783269224,5221.373,5221.336,5221.41,1783269224.154
1783269225,5221.362,5221.326,5221.399,1783269225.117
1783269226,5221.336,5221.299,5221.372,1783269226.163
1783269227,5221.33,5221.294,5221.367,1783269227.113
1783269228,5221.317,5221.28,5221.353,1783269228.141
1783269229,5221.313,5221.277,5221.35,1783269229.118
1783269230,5221.31,5221.273,5221.346,1783269230.143
1783269231,5221.283,5221.246,5221.319,1783269231.122
1783269232,5221.281,5221.244,5221.317,1783269232.144
1783269233,5221.271,5221.235,5221.308,1783269233.120
1783269234,5221.257,5221.221,5221.294,1783269234.153
1783269235,5221.24,5221.204,5221.277,1783269235.115
1783269236,5221.232,5221.195,5221.268,1783269236.154
1783269237,5221.212,5221.176,5221.249,1783269237.115
1783269238,5221.196,5221.159,5221.232,1783269238.154
1783269239,5221.183,5221.146,5221.219,1783269239.112
1783269240,5221.177,5221.141,5221.214,1783269240.167
1783269241,5221.167,5221.13,5221.203,1783269241.128
1783269242,5228.291,5228.254,5228.327,1783269242.243
1783269243,5228.276,5228.24,5228.313,1783269243.130
1783269244,5228.244,5228.207,5228.28,1783269244.207
1783269245,5228.222,5228.186,5228.259,1783269245.121
1783269246,5228.201,5228.165,5228.238,1783269246.162
1783269247,5228.17,5228.133,5228.207,1783269247.115
1783269248,5228.16,5228.124,5228.197,1783269248.208
1783269249,5228.156,5228.12,5228.193,1783269249.119
1783269250,5228.145,5228.108,5228.181,1783269250.149
1783269251,5228.119,5228.082,5228.156,1783269251.121
1783269252,5228.112,5228.076,5228.149,1783269252.162
1783269253,5228.099,5228.062,5228.136,1783269253.124
1783269254,5228.089,5228.053,5228.126,1783269254.157
1783269255,5228.087,5228.05,5228.124,1783269255.118
1783269256,5228.081,5228.045,5228.118,1783269256.142
1783269257,5228.071,5228.035,5228.108,1783269257.121
1783269258,5228.055,5228.019,5228.092,1783269258.144
1783269259,5228.052,5228.016,5228.089,1783269259.119
1783269260,5228.033,5227.997,5228.07,1783269260.153
1783269261,5228.02,5227.983,5228.057,1783269261.116
1783269262,5228.01,5227.973,5228.046,1783269262.154
1783269263,5228.01,5227.973,5228.046,1783269263.123
1783269264,5227.996,5227.96,5228.033,1783269264.151
1783269265,5227.996,5227.959,5228.033,1783269265.128
1783269266,5227.993,5227.956,5228.029,1783269266.145
1783269267,5227.986,5227.95,5228.023,1783269267.115
1783269268,5227.966,5227.929,5228.002,1783269268.153
1783269269,5227.948,5227.912,5227.985,1783269269.117
1783269270,5227.933,5227.896,5227.969,1783269270.153
1783269271,5227.926,5227.889,5227.962,1783269271.115
1783269272,5227.913,5227.877,5227.95,1783269272.146
1783269273,5227.903,5227.867,5227.94,1783269273.123
1783269274,5227.897,5227.86,5227.933,1783269274.149
1783269275,5227.893,5227.857,5227.93,1783269275.121
1783269276,5227.878,5227.841,5227.914,1783269276.151
1783269277,5227.863,5227.826,5227.899,1783269277.123
1783269278,5227.862,5227.826,5227.899,1783269278.204
1783269279,5227.858,5227.821,5227.894,1783269279.117
1783269280,5227.852,5227.816,5227.889,1783269280.153
1783269281,5227.852,5227.816,5227.889,1783269281.123
1783269282,5227.85,5227.813,5227.886,1783269282.146
1783269283,5227.848,5227.811,5227.884,1783269283.132
1783269284,5227.841,5227.804,5227.878,1783269284.169
1783269285,5227.833,5227.796,5227.87,1783269285.123
1783269286,5227.822,5227.785,5227.858,1783269286.165
1783269287,5227.807,5227.77,5227.844,1783269287.117
1783269288,5227.803,5227.766,5227.839,1783269288.141
1783269289,5227.803,5227.766,5227.839,1783269289.118
1783269290,5227.802,5227.765,5227.839,1783269290.163
1783269291,5227.793,5227.756,5227.829,1783269291.126
1783269292,5227.79,5227.753,5227.826,1783269292.154
1783269293,5227.786,5227.749,5227.822,1783269293.125
1783269294,5227.773,5227.736,5227.81,1783269294.137
1783269295,5227.745,5227.709,5227.782,1783269295.125
1783269296,5227.738,5227.701,5227.774,1783269296.145
1783269297,5227.734,5227.698,5227.771,1783269297.125
1783269298,5227.715,5227.678,5227.751,1783269298.154
1783269299,5227.706,5227.669,5227.743,1783269299.115
1783269300,5227.701,5227.664,5227.737,1783269300.160
1783269301,5227.696,5227.659,5227.732,1783269301.144
1783269302,5227.692,5227.655,5227.729,1783269302.442
1783269303,5227.672,5227.635,5227.709,1783269303.193
1783269304,5227.657,5227.62,5227.693,1783269304.492
1783269305,5227.632,5227.596,5227.669,1783269305.124
1783269306,5227.627,5227.59,5227.663,1783269306.148
1783269307,5227.616,5227.58,5227.653,1783269307.129
1783269308,5227.598,5227.561,5227.634,1783269308.210
1783269309,5227.589,5227.552,5227.625,1783269309.123
1783269310,5227.578,5227.542,5227.615,1783269310.151
1783269311,5227.56,5227.523,5227.597,1783269311.132
1783269312,5227.543,5227.507,5227.58,1783269312.143
1783269313,5227.541,5227.504,5227.577,1783269313.108
1783269314,5227.54,5227.504,5227.577,1783269314.207
1783269315,5227.533,5227.496,5227.569,1783269315.130
1783269316,5227.511,5227.474,5227.548,1783269316.142
1783269317,5227.505,5227.469,5227.542,1783269317.123
1783269318,5227.492,5227.455,5227.528,1783269318.142
1783269319,5227.477,5227.44,5227.513,1783269319.113
1783269320,5227.466,5227.429,5227.502,1783269320.141
1783269321,5227.46,5227.424,5227.497,1783269321.123
1783269322,5227.44,5227.403,5227.476,1783269322.137
1783269323,5227.428,5227.391,5227.464,1783269323.124
1783269324,5227.416,5227.38,5227.453,1783269324.146
1783269325,5227.402,5227.365,5227.438,1783269325.116
1783269326,5227.387,5227.351,5227.424,1783269326.139
1783269327,5227.367,5227.331,5227.404,1783269327.113
1783269328,5227.359,5227.322,5227.395,1783269328.141
1783269329,5227.347,5227.31,5227.384,1783269329.108
1783269330,5227.345,5227.308,5227.381,1783269330.150
1783269331,5227.331,5227.295,5227.368,1783269331.118
1783269332,5227.33,5227.293,5227.367,1783269332.155
1783269333,5227.327,5227.291,5227.364,1783269333.110
1783269334,5227.318,5227.281,5227.355,1783269334.163
1783269335,5227.309,5227.273,5227.346,1783269335.116
1783269336,5227.305,5227.268,5227.341,1783269336.148
1783269337,5227.298,5227.261,5227.334,1783269337.117
1783269338,5227.295,5227.259,5227.332,1783269338.248
1783269339,5227.293,5227.256,5227.329,1783269339.119
1783269340,5227.273,5227.236,5227.309,1783269340.136
1783269341,5227.261,5227.225,5227.298,1783269341.113
1783269342,5227.25,5227.213,5227.287,1783269342.147
1783269343,5227.246,5227.209,5227.282,1783269343.115
1783269344,5227.24,5227.203,5227.276,1783269344.147
1783269345,5227.22,5227.184,5227.257,1783269345.113
1783269346,5227.204,5227.168,5227.241,1783269346.145
1783269347,5227.202,5227.165,5227.238,1783269347.119
1783269348,5227.198,5227.162,5227.235,1783269348.204
1783269349,5227.186,5227.15,5227.223,1783269349.122
1783269350,5227.175,5227.138,5227.211,1783269350.155
1783269351,5227.172,5227.135,5227.208,1783269351.120
1783269352,5227.162,5227.126,5227.199,1783269352.153
1783269353,5227.139,5227.102,5227.175,1783269353.166
1783269354,5227.125,5227.088,5227.161,1783269354.139
1783269355,5227.115,5227.079,5227.152,1783269355.129
1783269356,5227.109,5227.073,5227.146,1783269356.169
1783269357,5227.1,5227.064,5227.137,1783269357.124
1783269358,5227.096,5227.059,5227.133,1783269358.148
1783269359,5227.085,5227.048,5227.121,1783269359.128
1783269360,5227.083,5227.046,5227.12,1783269360.172
1783269361,5227.066,5227.03,5227.103,1783269361.131
1783269362,5227.059,5227.023,5227.096,1783269362.155
1783269363,5227.049,5227.012,5227.085,1783269363.300
1783269364,5227.042,5227.005,5227.078,1783269364.362
1783269365,5227.03,5226.993,5227.066,1783269365.129
1783269366,5227.023,5226.987,5227.06,1783269366.170
1783269367,5227.013,5226.976,5227.049,1783269367.127
1783269368,5227.012,5226.976,5227.049,1783269368.213
1783269369,5227.002,5226.965,5227.039,1783269369.146
1783269370,5226.994,5226.958,5227.031,1783269370.162
1783269371,5226.984,5226.947,5227.02,1783269371.122
1783269372,5226.971,5226.934,5227.007,1783269372.146
1783269373,5226.964,5226.927,5227,1783269373.123
1783269374,5226.963,5226.927,5227,1783269374.135
1783269375,5226.949,5226.912,5226.985,1783269375.115
1783269376,5226.942,5226.905,5226.978,1783269376.154
1783269377,5226.926,5226.89,5226.963,1783269377.129
1783269378,5226.918,5226.881,5226.954,1783269378.155
1783269379,5226.899,5226.862,5226.936,1783269379.117
1783269380,5226.87,5226.834,5226.907,1783269380.160
1783269381,5226.852,5226.815,5226.889,1783269381.127
1783269382,5226.845,5226.809,5226.882,1783269382.144
1783269383,5226.837,5226.801,5226.874,1783269383.122
1783269384,5226.829,5226.792,5226.865,1783269384.160
1783269385,5226.828,5226.791,5226.864,1783269385.113
1783269386,5226.808,5226.771,5226.844,1783269386.155
1783269387,5226.806,5226.77,5226.843,1783269387.119
1783269388,5226.794,5226.757,5226.831,1783269388.147
1783269389,5226.777,5226.74,5226.813,1783269389.118
1783269390,5226.752,5226.716,5226.789,1783269390.156
1783269391,5226.748,5226.711,5226.785,1783269391.133
1783269392,5226.739,5226.703,5226.776,1783269392.164
1783269393,5226.738,5226.701,5226.774,1783269393.130
1783269394,5226.728,5226.692,5226.765,1783269394.136
1783269395,5226.703,5226.667,5226.74,1783269395.124
1783269396,5226.703,5226.666,5226.739,1783269396.153
1783269397,5226.678,5226.641,5226.715,1783269397.122
1783269398,5226.668,5226.631,5226.704,1783269398.244
1783269399,5226.648,5226.611,5226.684,1783269399.118
1783269400,5226.633,5226.596,5226.669,1783269400.160
1783269401,5226.612,5226.576,5226.649,1783269401.127
1783269402,5226.611,5226.574,5226.648,1783269402.140
1783269403,5226.605,5226.569,5226.642,1783269403.121
1783269404,5226.592,5226.556,5226.629,1783269404.153
1783269405,5226.574,5226.538,5226.611,1783269405.126
1783269406,5226.548,5226.511,5226.584,1783269406.154
1783269407,5226.547,5226.51,5226.583,1783269407.116
1783269408,5226.545,5226.509,5226.582,1783269408.151
1783269409,5226.543,5226.506,5226.579,1783269409.122
1783269410,5226.521,5226.484,5226.557,1783269410.137
1783269411,5226.515,5226.478,5226.552,1783269411.128
1783269412,5226.5,5226.463,5226.536,1783269412.154
1783269413,5226.49,5226.454,5226.527,1783269413.124
1783269414,5226.484,5226.448,5226.521,1783269414.161
1783269415,5226.473,5226.436,5226.509,1783269415.112
1783269416,5226.447,5226.411,5226.484,1783269416.162
1783269417,5226.432,5226.395,5226.468,1783269417.120
1783269418,5226.419,5226.383,5226.456,1783269418.162
1783269419,5226.419,5226.383,5226.456,1783269419.146
1783269420,5226.415,5226.379,5226.452,1783269420.170
1783269421,5226.393,5226.356,5226.429,1783269421.122
1783269422,5226.382,5226.346,5226.419,1783269422.438
1783269423,5226.368,5226.331,5226.405,1783269423.161
1783269424,5226.342,5226.305,5226.379,1783269424.159
1783269425,5226.338,5226.301,5226.375,1783269425.129
1783269426,5226.326,5226.289,5226.362,1783269426.137
1783269427,5226.304,5226.267,5226.341,1783269427.115
1783269428,5226.297,5226.261,5226.334,1783269428.200
1783269429,5226.287,5226.25,5226.323,1783269429.159
1783269430,5226.263,5226.227,5226.3,1783269430.145
1783269431,5226.24,5226.204,5226.277,1783269431.161
1783269432,5226.228,5226.192,5226.265,1783269432.153
1783269433,5226.219,5226.182,5226.255,1783269433.120
1783269434,5226.202,5226.165,5226.239,1783269434.158
1783269435,5226.19,5226.153,5226.227,1783269435.127
1783269436,5226.18,5226.143,5226.217,1783269436.157
1783269437,5226.169,5226.133,5226.206,1783269437.124
1783269438,5226.16,5226.123,5226.196,1783269438.161
1783269439,5226.159,5226.122,5226.195,1783269439.125
1783269440,5226.139,5226.102,5226.176,1783269440.145
1783269441,5226.113,5226.076,5226.149,1783269441.118
1783269442,5226.098,5226.061,5226.134,1783269442.145
1783269443,5226.092,5226.055,5226.129,1783269443.121
1783269444,5226.09,5226.053,5226.126,1783269444.155
1783269445,5226.088,5226.051,5226.124,1783269445.126
1783269446,5226.085,5226.048,5226.121,1783269446.149
1783269447,5226.075,5226.038,5226.111,1783269447.122
1783269448,5226.073,5226.036,5226.109,1783269448.149
1783269449,5226.059,5226.023,5226.096,1783269449.120
1783269450,5226.057,5226.021,5226.094,1783269450.166
1783269451,5226.028,5225.991,5226.064,1783269451.123
1783269452,5226.021,5225.984,5226.057,1783269452.145
1783269453,5226.019,5225.983,5226.056,1783269453.130
1783269454,5226.018,5225.981,5226.055,1783269454.148
1783269455,5225.997,5225.96,5226.033,1783269455.113
1783269456,5225.973,5225.937,5226.01,1783269456.140
1783269457,5225.955,5225.919,5225.992,1783269457.125
1783269458,5225.955,5225.918,5225.991,1783269458.137
1783269459,5225.939,5225.902,5225.975,1783269459.123
1783269460,5225.921,5225.885,5225.958,1783269460.132
1783269461,5225.918,5225.882,5225.955,1783269461.119
1783269462,5225.91,5225.874,5225.947,1783269462.138
1783269463,5225.905,5225.868,5225.941,1783269463.112
1783269464,5225.897,5225.86,5225.933,1783269464.139
1783269465,5225.891,5225.855,5225.928,1783269465.124
1783269466,5225.887,5225.85,5225.923,1783269466.140
1783269467,5225.876,5225.839,5225.912,1783269467.120
1783269468,5225.872,5225.835,5225.909,1783269468.141
1783269469,5225.864,5225.827,5225.9,1783269469.119
1783269470,5225.861,5225.825,5225.898,1783269470.153
1783269471,5225.853,5225.816,5225.89,1783269471.117
1783269472,5225.851,5225.815,5225.888,1783269472.136
1783269473,5225.85,5225.814,5225.887,1783269473.117
1783269474,5225.835,5225.798,5225.871,1783269474.136
1783269475,5225.821,5225.785,5225.858,1783269475.120
1783269476,5225.819,5225.782,5225.856,1783269476.156
1783269477,5225.818,5225.781,5225.854,1783269477.115
1783269478,5225.817,5225.781,5225.854,1783269478.133
1783269479,5225.797,5225.76,5225.833,1783269479.111
1783269480,5225.789,5225.753,5225.826,1783269480.162
1783269481,5225.785,5225.749,5225.822,1783269481.120
1783269482,5225.784,5225.748,5225.821,1783269482.206
1783269483,5225.761,5225.724,5225.797,1783269483.268
1783269484,5225.76,5225.723,5225.796,1783269484.178
1783269485,5225.737,5225.701,5225.774,1783269485.111
1783269486,5225.723,5225.686,5225.759,1783269486.140
1783269487,5225.708,5225.671,5225.744,1783269487.117
1783269488,5225.694,5225.657,5225.73,1783269488.202
1783269489,5225.678,5225.641,5225.714,1783269489.117
1783269490,5225.649,5225.613,5225.686,1783269490.146
1783269491,5225.645,5225.608,5225.682,1783269491.121
1783269492,5225.644,5225.607,5225.68,1783269492.143
1783269493,5225.635,5225.598,5225.671,1783269493.119
1783269494,5225.624,5225.587,5225.66,1783269494.136
1783269495,5225.597,5225.56,5225.633,1783269495.109
1783269496,5225.586,5225.55,5225.623,1783269496.133
1783269497,5225.578,5225.541,5225.614,1783269497.113
1783269498,5225.547,5225.51,5225.584,1783269498.142
1783269499,5225.531,5225.495,5225.568,1783269499.116
1783269500,5225.511,5225.475,5225.548,1783269500.138
1783269501,5225.498,5225.461,5225.534,1783269501.112
1783269502,5225.47,5225.433,5225.507,1783269502.141
1783269503,5225.461,5225.424,5225.498,1783269503.113
1783269504,5225.455,5225.419,5225.492,1783269504.155
1783269505,5225.45,5225.414,5225.487,1783269505.118
1783269506,5225.431,5225.395,5225.468,1783269506.164
1783269507,5225.424,5225.388,5225.461,1783269507.121
1783269508,5225.418,5225.382,5225.455,1783269508.144
1783269509,5225.403,5225.366,5225.44,1783269509.116
1783269510,5225.393,5225.357,5225.43,1783269510.153
1783269511,5225.372,5225.335,5225.408,1783269511.120
1783269512,5225.358,5225.321,5225.395,1783269512.132
1783269513,5225.342,5225.306,5225.379,1783269513.114
1783269514,5225.336,5225.299,5225.373,1783269514.135
1783269515,5225.335,5225.298,5225.372,1783269515.116
1783269516,5225.314,5225.278,5225.351,1783269516.159
1783269517,5225.311,5225.274,5225.348,1783269517.110
1783269518,5225.29,5225.254,5225.327,1783269518.203
1783269519,5225.286,5225.249,5225.322,1783269519.124
1783269520,5225.281,5225.245,5225.318,1783269520.141
1783269521,5225.271,5225.235,5225.308,1783269521.121
1783269522,5225.26,5225.224,5225.297,1783269522.133
1783269523,5225.251,5225.214,5225.287,1783269523.123
1783269524,5225.236,5225.199,5225.273,1783269524.150
1783269525,5225.226,5225.19,5225.263,1783269525.120
1783269526,5225.216,5225.18,5225.253,1783269526.145
1783269527,5225.206,5225.17,5225.243,1783269527.118
1783269528,5225.201,5225.164,5225.237,1783269528.143
1783269529,5225.192,5225.155,5225.229,1783269529.119
1783269530,5225.185,5225.149,5225.222,1783269530.156
1783269531,5225.174,5225.138,5225.211,1783269531.119
1783269532,5225.171,5225.134,5225.207,1783269532.165
1783269533,5225.14,5225.103,5225.176,1783269533.127
1783269534,5225.133,5225.097,5225.17,1783269534.146
1783269535,5225.11,5225.073,5225.146,1783269535.131
1783269536,5225.087,5225.051,5225.124,1783269536.141
1783269537,5225.076,5225.039,5225.113,1783269537.117
1783269538,5225.061,5225.025,5225.098,1783269538.146
1783269539,5225.05,5225.014,5225.087,1783269539.121
1783269540,5225.047,5225.011,5225.084,1783269540.154
1783269541,5225.034,5224.998,5225.071,1783269541.111
1783269542,5225.023,5224.987,5225.06,1783269542.271
1783269543,5225.014,5224.977,5225.05,1783269543.123
1783269544,5224.992,5224.955,5225.028,1783269544.145
1783269545,5224.97,5224.933,5225.007,1783269545.125
1783269546,5224.947,5224.911,5224.984,1783269546.147
1783269547,5224.926,5224.89,5224.963,1783269547.115
1783269548,5224.914,5224.878,5224.951,1783269548.209
1783269549,5224.907,5224.871,5224.944,1783269549.118
1783269550,5224.907,5224.871,5224.944,1783269550.142
1783269551,5224.903,5224.866,5224.94,1783269551.110
1783269552,5224.901,5224.864,5224.937,1783269552.149
1783269553,5224.896,5224.86,5224.933,1783269553.127
1783269554,5224.888,5224.851,5224.924,1783269554.150
1783269555,5224.872,5224.835,5224.908,1783269555.116
1783269556,5224.868,5224.831,5224.904,1783269556.145
1783269557,5224.861,5224.824,5224.897,1783269557.128
1783269558,5224.844,5224.807,5224.88,1783269558.166
1783269559,5224.835,5224.798,5224.872,1783269559.129
1783269560,5224.833,5224.797,5224.87,1783269560.150
1783269561,5224.827,5224.79,5224.863,1783269561.110
1783269562,5224.823,5224.786,5224.859,1783269562.148
1783269563,5224.823,5224.786,5224.859,1783269563.126
1783269564,5224.82,5224.783,5224.857,1783269564.155
1783269565,5224.808,5224.771,5224.844,1783269565.134
1783269566,5224.802,5224.765,5224.838,1783269566.144
1783269567,5224.791,5224.755,5224.828,1783269567.121
1783269568,5224.786,5224.749,5224.822,1783269568.149
1783269569,5224.784,5224.747,5224.82,1783269569.121
1783269570,5224.783,5224.747,5224.82,1783269570.147
1783269571,5224.778,5224.741,5224.815,1783269571.118
1783269572,5224.753,5224.716,5224.79,1783269572.157
1783269573,5224.741,5224.704,5224.777,1783269573.125
1783269574,5224.739,5224.703,5224.776,1783269574.152
1783269575,5224.737,5224.7,5224.773,1783269575.129
1783269576,5224.723,5224.686,5224.76,1783269576.242
1783269577,5224.721,5224.684,5224.757,1783269577.119
1783269578,5224.714,5224.678,5224.751,1783269578.244
1783269579,5224.712,5224.676,5224.749,1783269579.124
1783269580,5224.706,5224.67,5224.743,1783269580.154
1783269581,5224.694,5224.658,5224.731,1783269581.120
1783269582,5224.677,5224.64,5224.713,1783269582.169
1783269583,5224.666,5224.629,5224.702,1783269583.115
1783269584,5224.666,5224.629,5224.702,1783269584.165
1783269585,5224.644,5224.608,5224.681,1783269585.120
1783269586,5224.642,5224.605,5224.678,1783269586.147
1783269587,5224.633,5224.596,5224.67,1783269587.119
1783269588,5224.632,5224.596,5224.669,1783269588.151
1783269589,5224.627,5224.59,5224.663,1783269589.118
1783269590,5224.611,5224.575,5224.648,1783269590.157
1783269591,5224.601,5224.564,5224.638,1783269591.125
1783269592,5224.589,5224.552,5224.625,1783269592.142
1783269593,5224.58,5224.543,5224.616,1783269593.119
1783269594,5224.573,5224.536,5224.609,1783269594.151
1783269595,5224.566,5224.529,5224.603,1783269595.112
1783269596,5224.56,5224.524,5224.597,1783269596.131
1783269597,5224.551,5224.515,5224.588,1783269597.122
1783269598,5224.55,5224.513,5224.587,1783269598.140
1783269599,5224.529,5224.493,5224.566,1783269599.128
1783269600,5224.51,5224.474,5224.547,1783269600.145
1783269601,5224.494,5224.457,5224.53,1783269601.133
1783269602,5224.487,5224.451,5224.524,1783269602.240
1783269603,5224.462,5224.425,5224.498,1783269603.129
1783269604,5224.456,5224.419,5224.492,1783269604.162
1783269605,5224.442,5224.405,5224.478,1783269605.129
1783269606,5224.432,5224.395,5224.469,1783269606.151
1783269607,5224.429,5224.392,5224.466,1783269607.125
1783269608,5224.428,5224.392,5224.465,1783269608.249
1783269609,5224.419,5224.383,5224.456,1783269609.124
1783269610,5224.395,5224.359,5224.432,1783269610.164
1783269611,5224.373,5224.337,5224.41,1783269611.122
1783269612,5224.354,5224.318,5224.391,1783269612.139
1783269613,5224.348,5224.312,5224.385,1783269613.125
1783269614,5224.343,5224.306,5224.38,1783269614.139
1783269615,5224.34,5224.303,5224.377,1783269615.119
1783269616,5224.336,5224.299,5224.372,1783269616.143
1783269617,5224.32,5224.284,5224.357,1783269617.129
1783269618,5224.299,5224.262,5224.336,1783269618.130
1783269619,5224.296,5224.26,5224.333,1783269619.121
1783269620,5224.286,5224.249,5224.322,1783269620.153
1783269621,5224.283,5224.246,5224.319,1783269621.132
1783269622,5224.283,5224.246,5224.319,1783269622.155
1783269623,5224.271,5224.235,5224.308,1783269623.123
1783269624,5224.27,5224.233,5224.306,1783269624.158
1783269625,5224.266,5224.23,5224.303,1783269625.155
1783269626,5224.234,5224.198,5224.271,1783269626.162
1783269627,5224.231,5224.194,5224.267,1783269627.122
1783269628,5224.214,5224.178,5224.251,1783269628.135
1783269629,5224.202,5224.166,5224.239,1783269629.126
1783269630,5224.168,5224.132,5224.205,1783269630.152
1783269631,5224.145,5224.108,5224.181,1783269631.116
1783269632,5224.118,5224.082,5224.155,1783269632.156
1783269633,5224.118,5224.082,5224.155,1783269633.128
1783269634,5224.108,5224.072,5224.145,1783269634.155
1783269635,5224.102,5224.066,5224.139,1783269635.122
1783269636,5224.089,5224.052,5224.126,1783269636.145
1783269637,5224.07,5224.033,5224.106,1783269637.119
1783269638,5224.057,5224.021,5224.094,1783269638.244
1783269639,5224.055,5224.018,5224.091,1783269639.131
1783269640,5224.028,5223.992,5224.065,1783269640.158
1783269641,5224.023,5223.986,5224.059,1783269641.121
1783269642,5224.012,5223.975,5224.048,1783269642.144
1783269643,5223.998,5223.961,5224.034,1783269643.129
1783269644,5223.99,5223.953,5224.026,1783269644.165
1783269645,5223.965,5223.928,5224.002,1783269645.124
1783269646,5223.961,5223.924,5223.998,1783269646.160
1783269647,5223.951,5223.915,5223.988,1783269647.136
1783269648,5223.943,5223.907,5223.98,1783269648.162
1783269649,5223.941,5223.905,5223.978,1783269649.162
1783269650,5223.923,5223.887,5223.96,1783269650.140
1783269651,5223.923,5223.886,5223.959,1783269651.135
1783269652,5223.91,5223.874,5223.947,1783269652.148
1783269653,5223.9,5223.864,5223.937,1783269653.129
1783269654,5223.881,5223.845,5223.918,1783269654.148
1783269655,5223.874,5223.837,5223.91,1783269655.123
1783269656,5223.872,5223.836,5223.909,1783269656.157
1783269657,5223.862,5223.826,5223.899,1783269657.121
1783269658,5223.854,5223.818,5223.891,1783269658.154
1783269659,5223.846,5223.81,5223.883,1783269659.123
1783269660,5223.838,5223.802,5223.875,1783269660.148
1783269661,5223.833,5223.796,5223.869,1783269661.119
1783269662,5223.824,5223.787,5223.861,1783269662.204
1783269663,5223.808,5223.771,5223.844,1783269663.148
1783269664,5223.796,5223.759,5223.833,1783269664.171
1783269665,5223.779,5223.742,5223.815,1783269665.118
1783269666,5223.766,5223.729,5223.802,1783269666.148
1783269667,5223.756,5223.719,5223.792,1783269667.117
1783269668,5223.748,5223.711,5223.785,1783269668.201
1783269669,5223.729,5223.693,5223.766,1783269669.125
1783269670,5223.724,5223.687,5223.76,1783269670.145
1783269671,5223.706,5223.669,5223.742,1783269671.125
1783269672,5223.699,5223.663,5223.736,1783269672.152
1783269673,5223.686,5223.649,5223.722,1783269673.130
1783269674,5223.669,5223.633,5223.706,1783269674.140
1783269675,5223.658,5223.621,5223.695,1783269675.122
1783269676,5223.643,5223.606,5223.679,1783269676.164
1783269677,5223.631,5223.595,5223.668,1783269677.132
1783269678,5223.613,5223.576,5223.649,1783269678.156
1783269679,5223.604,5223.567,5223.64,1783269679.127
1783269680,5223.601,5223.565,5223.638,1783269680.143
1783269681,5223.591,5223.555,5223.628,1783269681.129
1783269682,5223.585,5223.548,5223.622,1783269682.166
1783269683,5223.584,5223.548,5223.621,1783269683.130
1783269684,5223.574,5223.538,5223.611,1783269684.157
1783269685,5223.571,5223.534,5223.607,1783269685.129
1783269686,5223.557,5223.52,5223.593,1783269686.159
1783269687,5223.543,5223.507,5223.58,1783269687.118
1783269688,5223.536,5223.5,5223.573,1783269688.167
1783269689,5223.517,5223.48,5223.553,1783269689.119
1783269690,5223.507,5223.471,5223.544,1783269690.146
1783269691,5223.504,5223.468,5223.541,1783269691.121
1783269692,5223.494,5223.457,5223.531,1783269692.140
1783269693,5223.485,5223.448,5223.521,1783269693.119
1783269694,5223.478,5223.442,5223.515,1783269694.154
1783269695,5223.464,5223.428,5223.501,1783269695.123
1783269696,5223.461,5223.424,5223.497,1783269696.149
1783269697,5223.448,5223.411,5223.484,1783269697.129
1783269698,5223.443,5223.406,5223.479,1783269698.201
1783269699,5223.429,5223.393,5223.466,1783269699.121
1783269700,5223.414,5223.378,5223.451,1783269700.148
1783269701,5223.401,5223.364,5223.437,1783269701.121
1783269702,5223.381,5223.344,5223.418,1783269702.153
1783269703,5223.362,5223.325,5223.398,1783269703.123
1783269704,5223.344,5223.307,5223.38,1783269704.150
1783269705,5223.332,5223.296,5223.369,1783269705.131
1783269706,5223.31,5223.274,5223.347,1783269706.144
1783269707,5223.293,5223.256,5223.329,1783269707.132
1783269708,5223.276,5223.239,5223.313,1783269708.160
1783269709,5223.257,5223.22,5223.293,1783269709.126
1783269710,5223.253,5223.216,5223.29,1783269710.155
1783269711,5223.238,5223.201,5223.275,1783269711.162
1783269712,5223.221,5223.185,5223.258,1783269712.154
1783269713,5223.212,5223.175,5223.249,1783269713.132
1783269714,5223.186,5223.149,5223.222,1783269714.144
1783269715,5223.175,5223.139,5223.212,1783269715.131
1783269716,5223.154,5223.117,5223.19,1783269716.158
1783269717,5223.138,5223.101,5223.174,1783269717.119
1783269718,5223.132,5223.096,5223.169,1783269718.181
1783269719,5223.128,5223.091,5223.164,1783269719.121
1783269720,5223.124,5223.088,5223.161,1783269720.160
1783269721,5223.102,5223.065,5223.138,1783269721.132
1783269722,5223.098,5223.061,5223.134,1783269722.166
1783269723,5223.088,5223.051,5223.124,1783269723.138
1783269724,5223.084,5223.048,5223.121,1783269724.161
1783269725,5223.079,5223.042,5223.115,1783269725.133
1783269726,5223.057,5223.02,5223.093,1783269726.153
1783269727,5223.043,5223.007,5223.08,1783269727.122
1783269728,5223.017,5222.981,5223.054,1783269728.208
1783269729,5223.015,5222.978,5223.051,1783269729.132
1783269730,5222.986,5222.949,5223.023,1783269730.169
1783269731,5222.977,5222.94,5223.013,1783269731.133
1783269732,5222.961,5222.924,5222.997,1783269732.168
1783269733,5222.952,5222.915,5222.989,1783269733.136
1783269734,5222.938,5222.901,5222.974,1783269734.172
1783269735,5222.931,5222.894,5222.967,1783269735.121
1783269736,5222.92,5222.883,5222.956,1783269736.154
1783269737,5222.904,5222.867,5222.94,1783269737.123
1783269738,5222.901,5222.865,5222.938,1783269738.163
1783269739,5222.901,5222.865,5222.938,1783269739.129
1783269740,5222.891,5222.855,5222.928,1783269740.160
1783269741,5222.885,5222.849,5222.922,1783269741.121
1783269742,5222.88,5222.843,5222.916,1783269742.150
1783269743,5222.855,5222.818,5222.891,1783269743.122
1783269744,5222.853,5222.817,5222.89,1783269744.164
1783269745,5222.843,5222.807,5222.88,1783269745.127
1783269746,5222.836,5222.8,5222.873,1783269746.152
1783269747,5222.834,5222.797,5222.87,1783269747.127
1783269748,5222.828,5222.791,5222.864,1783269748.161
1783269749,5222.823,5222.786,5222.859,1783269749.124
1783269750,5222.817,5222.781,5222.854,1783269750.176
1783269751,5222.81,5222.774,5222.847,1783269751.128
1783269752,5222.788,5222.752,5222.825,1783269752.160
1783269753,5222.785,5222.749,5222.822,1783269753.134
1783269754,5222.765,5222.728,5222.801,1783269754.156
1783269755,5222.747,5222.711,5222.784,1783269755.122
1783269756,5222.731,5222.694,5222.767,1783269756.150
1783269757,5222.722,5222.685,5222.758,1783269757.124
1783269758,5222.714,5222.677,5222.751,1783269758.204
1783269759,5222.692,5222.655,5222.728,1783269759.122
1783269760,5222.683,5222.647,5222.72,1783269760.158
1783269761,5222.676,5222.639,5222.712,1783269761.120
1783269762,5222.667,5222.631,5222.704,1783269762.151
1783269763,5222.656,5222.619,5222.692,1783269763.124
1783269764,5222.647,5222.61,5222.683,1783269764.157
1783269765,5222.617,5222.581,5222.654,1783269765.125
1783269766,5222.594,5222.557,5222.63,1783269766.157
1783269767,5222.593,5222.556,5222.629,1783269767.117
1783269768,5222.579,5222.543,5222.616,1783269768.155
1783269769,5222.573,5222.537,5222.61,1783269769.126
1783269770,5222.555,5222.519,5222.592,1783269770.157
1783269771,5222.548,5222.511,5222.584,1783269771.123
1783269772,5222.543,5222.507,5222.58,1783269772.147
1783269773,5222.537,5222.5,5222.574,1783269773.123
1783269774,5222.53,5222.493,5222.566,1783269774.156
1783269775,5222.519,5222.483,5222.556,1783269775.121
1783269776,5222.511,5222.474,5222.547,1783269776.153
1783269777,5222.505,5222.468,5222.541,1783269777.124
1783269778,5222.48,5222.444,5222.517,1783269778.189
1783269779,5222.467,5222.43,5222.503,1783269779.131
1783269780,5222.465,5222.428,5222.501,1783269780.167
1783269781,5222.462,5222.425,5222.499,1783269781.122
1783269782,5222.46,5222.423,5222.496,1783269782.381
1783269783,5222.441,5222.404,5222.477,1783269783.155
1783269784,5222.437,5222.401,5222.474,1783269784.153
1783269785,5222.426,5222.389,5222.462,1783269785.121
1783269786,5222.417,5222.38,5222.453,1783269786.152
1783269787,5222.413,5222.377,5222.45,1783269787.134
1783269788,5222.399,5222.363,5222.436,1783269788.202
1783269789,5222.388,5222.352,5222.425,1783269789.129
1783269790,5222.374,5222.337,5222.41,1783269790.168
1783269791,5222.362,5222.325,5222.398,1783269791.127
1783269792,5222.347,5222.311,5222.384,1783269792.145
1783269793,5222.327,5222.291,5222.364,1783269793.128
1783269794,5222.326,5222.29,5222.363,1783269794.145
1783269795,5222.298,5222.262,5222.335,1783269795.117
1783269796,5222.279,5222.242,5222.315,1783269796.160
1783269797,5222.278,5222.241,5222.315,1783269797.139
1783269798,5222.265,5222.229,5222.302,1783269798.168
1783269799,5222.261,5222.224,5222.297,1783269799.121
1783269800,5222.253,5222.216,5222.289,1783269800.154
1783269801,5222.229,5222.192,5222.265,1783269801.117
1783269802,5222.218,5222.182,5222.255,1783269802.162
1783269803,5222.208,5222.172,5222.245,1783269803.124
1783269804,5222.185,5222.148,5222.222,1783269804.140
1783269805,5222.181,5222.145,5222.218,1783269805.120
1783269806,5222.171,5222.135,5222.208,1783269806.152
1783269807,5222.153,5222.117,5222.19,1783269807.127
1783269808,5222.143,5222.106,5222.179,1783269808.165
1783269809,5222.131,5222.094,5222.167,1783269809.122
1783269810,5222.121,5222.085,5222.158,1783269810.149
1783269811,5222.118,5222.082,5222.155,1783269811.131
1783269812,5222.105,5222.068,5222.141,1783269812.162
1783269813,5222.092,5222.055,5222.129,1783269813.144
1783269814,5222.073,5222.036,5222.11,1783269814.150
1783269815,5222.072,5222.036,5222.109,1783269815.119
1783269816,5222.058,5222.021,5222.094,1783269816.155
1783269817,5222.05,5222.014,5222.087,1783269817.123
1783269818,5222.044,5222.007,5222.08,1783269818.201
1783269819,5222.03,5221.993,5222.066,1783269819.129
1783269820,5222.017,5221.98,5222.053,1783269820.150
1783269821,5221.997,5221.961,5222.034,1783269821.130
1783269822,5221.989,5221.952,5222.026,1783269822.162
1783269823,5221.983,5221.946,5222.019,1783269823.118
1783269824,5221.982,5221.945,5222.018,1783269824.158
1783269825,5221.976,5221.939,5222.013,1783269825.125
1783269826,5221.961,5221.925,5221.998,1783269826.157
1783269827,5221.958,5221.921,5221.995,1783269827.120
1783269828,5221.948,5221.912,5221.985,1783269828.163
1783269829,5221.927,5221.891,5221.964,1783269829.130
1783269830,5221.927,5221.891,5221.964,1783269830.163
1783269831,5221.919,5221.882,5221.955,1783269831.116
1783269832,5221.916,5221.88,5221.953,1783269832.153
1783269833,5221.887,5221.85,5221.924,1783269833.124
1783269834,5221.866,5221.83,5221.903,1783269834.154
1783269835,5221.866,5221.829,5221.902,1783269835.127
1783269836,5221.864,5221.827,5221.9,1783269836.159
1783269837,5221.858,5221.821,5221.894,1783269837.121
1783269838,5221.855,5221.819,5221.892,1783269838.165
1783269839,5221.84,5221.804,5221.877,1783269839.134
1783269840,5221.814,5221.778,5221.851,1783269840.158
1783269841,5221.809,5221.772,5221.846,1783269841.127
1783269842,5221.794,5221.757,5221.83,1783269842.177
1783269843,5221.782,5221.745,5221.818,1783269843.150
1783269844,5221.778,5221.742,5221.815,1783269844.171
1783269845,5221.756,5221.72,5221.793,1783269845.130
1783269846,5221.74,5221.703,5221.776,1783269846.165
1783269847,5221.721,5221.685,5221.758,1783269847.125
1783269848,5221.717,5221.681,5221.754,1783269848.204
1783269849,5221.716,5221.679,5221.752,1783269849.134
1783269850,5221.706,5221.669,5221.743,1783269850.162
1783269851,5221.692,5221.655,5221.728,1783269851.138
1783269852,5221.68,5221.644,5221.717,1783269852.174
1783269853,5221.66,5221.623,5221.697,1783269853.118
1783269854,5221.653,5221.617,5221.69,1783269854.304
1783269855,5221.651,5221.615,5221.688,1783269855.122
1783269856,5221.644,5221.608,5221.681,1783269856.157
1783269857,5221.633,5221.596,5221.669,1783269857.121
1783269858,5221.63,5221.594,5221.667,1783269858.164
1783269859,5221.612,5221.575,5221.649,1783269859.122
1783269860,5221.608,5221.571,5221.644,1783269860.152
1783269861,5221.607,5221.571,5221.644,1783269861.122
1783269862,5221.6,5221.564,5221.637,1783269862.160
1783269863,5221.586,5221.55,5221.623,1783269863.119
1783269864,5221.579,5221.542,5221.615,1783269864.155
1783269865,5221.578,5221.542,5221.615,1783269865.117
1783269866,5221.551,5221.514,5221.587,1783269866.157
1783269867,5221.541,5221.504,5221.577,1783269867.130
1783269868,5221.525,5221.488,5221.561,1783269868.150
1783269869,5221.516,5221.479,5221.552,1783269869.125
1783269870,5221.513,5221.477,5221.55,1783269870.137
1783269871,5221.503,5221.466,5221.54,1783269871.116
1783269872,5221.485,5221.449,5221.522,1783269872.160
1783269873,5221.471,5221.435,5221.508,1783269873.140
1783269874,5221.453,5221.417,5221.49,1783269874.247
1783269875,5221.453,5221.416,5221.49,1783269875.128
1783269876,5221.441,5221.405,5221.478,1783269876.145
1783269877,5221.425,5221.388,5221.462,1783269877.121
1783269878,5221.409,5221.373,5221.446,1783269878.202
1783269879,5221.399,5221.362,5221.435,1783269879.136
1783269880,5221.39,5221.354,5221.427,1783269880.147
1783269881,5221.384,5221.347,5221.42,1783269881.138
1783269882,5221.379,5221.342,5221.415,1783269882.161
1783269883,5221.377,5221.34,5221.413,1783269883.125
1783269884,5221.366,5221.33,5221.403,1783269884.154
1783269885,5221.358,5221.321,5221.394,1783269885.118
1783269886,5221.344,5221.308,5221.381,1783269886.151
1783269887,5221.334,5221.297,5221.37,1783269887.120
1783269888,5221.319,5221.282,5221.355,1783269888.166
1783269889,5221.314,5221.278,5221.351,1783269889.121
1783269890,5221.303,5221.267,5221.34,1783269890.147
1783269891,5221.281,5221.244,5221.317,1783269891.126
1783269892,5221.272,5221.236,5221.309,1783269892.155
1783269893,5221.259,5221.222,5221.295,1783269893.117
1783269894,5221.256,5221.219,5221.292,1783269894.144
1783269895,5221.251,5221.214,5221.288,1783269895.122
1783269896,5221.243,5221.207,5221.28,1783269896.154
1783269897,5221.232,5221.196,5221.269,1783269897.123
1783269898,5221.217,5221.181,5221.254,1783269898.155
1783269899,5221.199,5221.162,5221.235,1783269899.117
1783269900,5221.197,5221.161,5221.234,1783269900.162
1783269901,5221.193,5221.156,5221.229,1783269901.136
1783269902,5221.18,5221.143,5221.216,1783269902.222
1783269903,5221.177,5221.141,5221.214,1783269903.330
1783269904,5221.151,5221.115,5221.188,1783269904.201
1783269905,5221.146,5221.109,5221.182,1783269905.128
1783269906,5221.134,5221.097,5221.171,1783269906.154
1783269907,5221.12,5221.083,5221.156,1783269907.151
1783269908,5221.114,5221.078,5221.151,1783269908.245
1783269909,5221.102,5221.066,5221.139,1783269909.140
1783269910,5221.1,5221.064,5221.137,1783269910.157
1783269911,5221.088,5221.052,5221.125,1783269911.127
1783269912,5221.071,5221.035,5221.108,1783269912.155
1783269913,5221.065,5221.029,5221.102,1783269913.124
1783269914,5221.057,5221.02,5221.093,1783269914.162
1783269915,5221.052,5221.016,5221.089,1783269915.123
1783269916,5221.049,5221.013,5221.086,1783269916.159
1783269917,5221.046,5221.009,5221.082,1783269917.126
1783269918,5221.037,5221.001,5221.074,1783269918.155
1783269919,5221.037,5221,5221.073,1783269919.124
1783269920,5221.019,5220.982,5221.056,1783269920.154
1783269921,5221.01,5220.974,5221.047,1783269921.130
1783269922,5220.986,5220.949,5221.022,1783269922.159
1783269923,5220.98,5220.944,5221.017,1783269923.115
1783269924,5220.969,5220.933,5221.006,1783269924.149
1783269925,5220.967,5220.931,5221.004,1783269925.116
1783269926,5220.954,5220.917,5220.99,1783269926.147
1783269927,5220.924,5220.887,5220.96,1783269927.120
1783269928,5220.915,5220.878,5220.951,1783269928.142
1783269929,5220.907,5220.871,5220.944,1783269929.110
1783269930,5220.905,5220.868,5220.941,1783269930.159
1783269931,5220.899,5220.863,5220.936,1783269931.128
1783269932,5220.887,5220.851,5220.924,1783269932.171
1783269933,5220.886,5220.85,5220.923,1783269933.129
1783269934,5220.876,5220.839,5220.912,1783269934.154
1783269935,5220.863,5220.827,5220.9,1783269935.126
1783269936,5220.841,5220.804,5220.877,1783269936.159
1783269937,5220.837,5220.8,5220.874,1783269937.127
1783269938,5220.837,5220.8,5220.873,1783269938.249
1783269939,5220.832,5220.795,5220.869,1783269939.125
1783269940,5220.826,5220.79,5220.863,1783269940.154
1783269941,5220.812,5220.775,5220.848,1783269941.138
1783269942,5220.808,5220.771,5220.844,1783269942.154
1783269943,5220.802,5220.766,5220.839,1783269943.122
1783269944,5220.796,5220.759,5220.832,1783269944.152
1783269945,5220.787,5220.751,5220.824,1783269945.126
1783269946,5220.781,5220.745,5220.818,1783269946.155
1783269947,5220.781,5220.744,5220.817,1783269947.119
1783269948,5220.771,5220.735,5220.808,1783269948.156
1783269949,5220.755,5220.719,5220.792,1783269949.117
1783269950,5220.753,5220.716,5220.79,1783269950.157
1783269951,5220.746,5220.709,5220.782,1783269951.114
1783269952,5220.741,5220.704,5220.777,1783269952.151
1783269953,5220.731,5220.694,5220.768,1783269953.116
1783269954,5220.725,5220.688,5220.761,1783269954.142
1783269955,5220.721,5220.684,5220.757,1783269955.126
1783269956,5220.712,5220.675,5220.749,1783269956.155
1783269957,5220.706,5220.669,5220.742,1783269957.109
1783269958,5220.68,5220.643,5220.716,1783269958.157
1783269959,5220.679,5220.642,5220.716,1783269959.114
1783269960,5220.673,5220.636,5220.709,1783269960.152
1783269961,5220.645,5220.608,5220.681,1783269961.121
1783269962,5220.632,5220.596,5220.669,1783269962.294
1783269963,5220.624,5220.587,5220.66,1783269963.166
1783269964,5220.623,5220.586,5220.659,1783269964.159
1783269965,5220.618,5220.581,5220.654,1783269965.126
1783269966,5220.601,5220.564,5220.638,1783269966.151
1783269967,5220.575,5220.538,5220.611,1783269967.126
1783269968,5220.568,5220.531,5220.604,1783269968.201
1783269969,5220.551,5220.514,5220.587,1783269969.115
1783269970,5220.533,5220.497,5220.57,1783269970.172
1783269971,5220.526,5220.49,5220.563,1783269971.124
1783269972,5220.516,5220.48,5220.553,1783269972.163
1783269973,5220.501,5220.465,5220.538,1783269973.134
1783269974,5220.487,5220.451,5220.524,1783269974.151
1783269975,5220.467,5220.43,5220.503,1783269975.124
1783269976,5220.449,5220.413,5220.486,1783269976.161
1783269977,5220.434,5220.397,5220.47,1783269977.124
1783269978,5220.421,5220.385,5220.458,1783269978.161
1783269979,5220.418,5220.382,5220.455,1783269979.130
1783269980,5220.413,5220.377,5220.45,1783269980.149
1783269981,5220.409,5220.372,5220.445,1783269981.120
1783269982,5220.408,5220.372,5220.445,1783269982.147
1783269983,5220.393,5220.356,5220.429,1783269983.128
1783269984,5220.392,5220.355,5220.428,1783269984.144
1783269985,5220.391,5220.354,5220.427,1783269985.126
1783269986,5220.379,5220.343,5220.416,1783269986.137
1783269987,5220.356,5220.32,5220.393,1783269987.124
1783269988,5220.332,5220.296,5220.369,1783269988.142
1783269989,5220.332,5220.295,5220.368,1783269989.122
1783269990,5220.331,5220.294,5220.367,1783269990.153
1783269991,5220.323,5220.287,5220.36,1783269991.122
1783269992,5220.309,5220.272,5220.345,1783269992.135
1783269993,5220.285,5220.248,5220.321,1783269993.114
1783269994,5220.275,5220.238,5220.311,1783269994.143
1783269995,5220.275,5220.238,5220.311,1783269995.117
1783269996,5220.274,5220.238,5220.311,1783269996.133
1783269997,5220.271,5220.234,5220.307,1783269997.111
1783269998,5220.263,5220.226,5220.299,1783269998.209
1783269999,5220.26,5220.224,5220.297,1783269999.114
1783270000,5220.258,5220.222,5220.295,1783270000.154
1783270001,5220.25,5220.214,5220.287,1783270001.118
1783270002,5220.236,5220.199,5220.273,1783270002.146
1783270003,5220.23,5220.193,5220.266,1783270003.118
1783270004,5220.211,5220.175,5220.248,1783270004.149
1783270005,5220.201,5220.164,5220.237,1783270005.122
1783270006,5220.197,5220.161,5220.234,1783270006.144
1783270007,5220.186,5220.149,5220.222,1783270007.115
1783270008,5220.166,5220.129,5220.202,1783270008.145
1783270009,5220.151,5220.114,5220.188,1783270009.119
1783270010,5220.142,5220.106,5220.179,1783270010.160
1783270011,5220.13,5220.093,5220.166,1783270011.122
1783270012,5220.106,5220.069,5220.142,1783270012.136
1783270013,5220.097,5220.06,5220.134,1783270013.121
1783270014,5220.086,5220.049,5220.122,1783270014.134
1783270015,5220.082,5220.045,5220.118,1783270015.118
1783270016,5220.077,5220.04,5220.113,1783270016.151
1783270017,5220.067,5220.031,5220.104,1783270017.129
1783270018,5220.062,5220.025,5220.098,1783270018.137
1783270019,5220.042,5220.006,5220.079,1783270019.122
1783270020,5220.018,5219.982,5220.055,1783270020.156
1783270021,5220.013,5219.976,5220.049,1783270021.122
1783270022,5220.009,5219.972,5220.045,1783270022.166
1783270023,5220.006,5219.97,5220.043,1783270023.206
1783270024,5220,5219.964,5220.037,1783270024.152
1783270025,5219.999,5219.962,5220.035,1783270025.112
1783270026,5219.98,5219.943,5220.016,1783270026.153
1783270027,5219.964,5219.928,5220.001,1783270027.119
1783270028,5219.957,5219.92,5219.994,1783270028.207
1783270029,5219.937,5219.901,5219.974,1783270029.117
1783270030,5219.931,5219.894,5219.967,1783270030.146
1783270031,5219.918,5219.881,5219.955,1783270031.117
1783270032,5219.912,5219.875,5219.948,1783270032.136
1783270033,5219.911,5219.874,5219.947,1783270033.120
1783270034,5219.909,5219.872,5219.945,1783270034.139
1783270035,5219.898,5219.861,5219.934,1783270035.125
1783270036,5219.886,5219.849,5219.922,1783270036.164
1783270037,5219.864,5219.827,5219.9,1783270037.116
1783270038,5219.841,5219.804,5219.877,1783270038.147
1783270039,5219.822,5219.786,5219.859,1783270039.112
1783270040,5219.814,5219.777,5219.85,1783270040.138
1783270041,5219.795,5219.758,5219.831,1783270041.124
1783270042,5219.788,5219.751,5219.824,1783270042.144
1783270043,5219.775,5219.738,5219.811,1783270043.123
1783270044,5219.764,5219.728,5219.801,1783270044.154
1783270045,5219.752,5219.715,5219.788,1783270045.138
1783270046,5219.738,5219.702,5219.775,1783270046.137
1783270047,5219.736,5219.699,5219.772,1783270047.206
1783270048,5219.735,5219.699,5219.772,1783270048.164
1783270049,5219.708,5219.672,5219.745,1783270049.116
1783270050,5219.697,5219.66,5219.733,1783270050.164
1783270051,5219.676,5219.639,5219.712,1783270051.126
1783270052,5219.671,5219.634,5219.708,1783270052.154
1783270053,5219.67,5219.633,5219.706,1783270053.116
1783270054,5219.651,5219.614,5219.687,1783270054.134
1783270055,5219.648,5219.611,5219.684,1783270055.122
1783270056,5219.625,5219.588,5219.661,1783270056.161
1783270057,5219.608,5219.571,5219.644,1783270057.127
1783270058,5219.584,5219.547,5219.62,1783270058.203
1783270059,5219.562,5219.526,5219.599,1783270059.125
1783270060,5219.551,5219.514,5219.587,1783270060.137
1783270061,5219.539,5219.502,5219.575,1783270061.116
1783270062,5219.528,5219.492,5219.565,1783270062.143
1783270063,5219.526,5219.49,5219.563,1783270063.120
1783270064,5219.514,5219.477,5219.551,1783270064.139
1783270065,5219.51,5219.474,5219.547,1783270065.125
1783270066,5219.494,5219.458,5219.531,1783270066.158
1783270067,5219.466,5219.429,5219.502,1783270067.118
1783270068,5219.465,5219.429,5219.502,1783270068.141
1783270069,5219.464,5219.428,5219.501,1783270069.125
1783270070,5219.446,5219.41,5219.483,1783270070.149
1783270071,5219.427,5219.391,5219.464,1783270071.112
1783270072,5219.4,5219.363,5219.436,1783270072.143
1783270073,5219.39,5219.354,5219.427,1783270073.114
1783270074,5219.389,5219.353,5219.426,1783270074.153
1783270075,5219.368,5219.331,5219.404,1783270075.117
1783270076,5219.35,5219.314,5219.387,1783270076.129
1783270077,5219.335,5219.298,5219.372,1783270077.110
1783270078,5219.335,5219.298,5219.371,1783270078.136
1783270079,5219.326,5219.289,5219.362,1783270079.130
1783270080,5219.326,5219.289,5219.362,1783270080.142
1783270081,5219.311,5219.274,5219.347,1783270081.135
1783270082,5219.3,5219.264,5219.337,1783270082.252
1783270083,5219.294,5219.257,5219.33,1783270083.120
1783270084,5219.291,5219.254,5219.327,1783270084.157
1783270085,5219.26,5219.224,5219.297,1783270085.115
1783270086,5219.251,5219.214,5219.288,1783270086.164
1783270087,5219.237,5219.201,5219.274,1783270087.118
1783270088,5219.236,5219.2,5219.273,1783270088.206
1783270089,5219.224,5219.187,5219.26,1783270089.114
1783270090,5219.214,5219.178,5219.251,1783270090.142
1783270091,5219.211,5219.175,5219.248,1783270091.125
1783270092,5219.211,5219.174,5219.247,1783270092.151
1783270093,5219.195,5219.158,5219.231,1783270093.125
1783270094,5219.187,5219.151,5219.224,1783270094.155
1783270095,5219.186,5219.149,5219.222,1783270095.120
1783270096,5219.177,5219.14,5219.214,1783270096.134
1783270097,5219.166,5219.129,5219.202,1783270097.122
1783270098,5219.161,5219.125,5219.198,1783270098.146
1783270099,5219.146,5219.11,5219.183,1783270099.109
1783270100,5219.13,5219.093,5219.166,1783270100.147
1783270101,5219.121,5219.084,5219.157,1783270101.115
1783270102,5219.1,5219.063,5219.136,1783270102.139
1783270103,5219.081,5219.045,5219.118,1783270103.114
1783270104,5219.072,5219.036,5219.109,1783270104.136
1783270105,5219.061,5219.025,5219.098,1783270105.112
1783270106,5219.041,5219.004,5219.077,1783270106.130
1783270107,5219.031,5218.994,5219.067,1783270107.123
1783270108,5219.01,5218.973,5219.046,1783270108.152
1783270109,5219.007,5218.97,5219.043,1783270109.117
1783270110,5218.993,5218.957,5219.03,1783270110.135
1783270111,5218.971,5218.935,5219.008,1783270111.111
1783270112,5218.952,5218.916,5218.989,1783270112.147
1783270113,5218.95,5218.913,5218.986,1783270113.130
1783270114,5218.949,5218.913,5218.986,1783270114.130
1783270115,5218.941,5218.905,5218.978,1783270115.121
1783270116,5218.937,5218.9,5218.973,1783270116.147
1783270117,5218.92,5218.884,5218.957,1783270117.111
1783270118,5218.903,5218.866,5218.939,1783270118.204
1783270119,5218.898,5218.862,5218.935,1783270119.136
1783270120,5218.89,5218.854,5218.927,1783270120.141
1783270121,5218.89,5218.854,5218.927,1783270121.108
1783270122,5218.866,5218.829,5218.903,1783270122.137
1783270123,5218.855,5218.819,5218.892,1783270123.118
1783270124,5218.84,5218.803,5218.876,1783270124.134
1783270125,5218.816,5218.78,5218.853,1783270125.122
1783270126,5218.802,5218.766,5218.839,1783270126.154
1783270127,5218.798,5218.762,5218.835,1783270127.113
1783270128,5218.787,5218.75,5218.823,1783270128.164
1783270129,5218.782,5218.745,5218.819,1783270129.113
1783270130,5218.772,5218.736,5218.809,1783270130.149
1783270131,5218.754,5218.717,5218.79,1783270131.115
1783270132,5218.729,5218.693,5218.766,1783270132.150
1783270133,5218.726,5218.689,5218.762,1783270133.116
1783270134,5218.713,5218.677,5218.75,1783270134.145
1783270135,5218.708,5218.671,5218.744,1783270135.114
1783270136,5218.697,5218.66,5218.734,1783270136.140
1783270137,5218.688,5218.652,5218.725,1783270137.114
1783270138,5218.682,5218.646,5218.719,1783270138.162
1783270139,5218.676,5218.64,5218.713,1783270139.112
1783270140,5218.67,5218.634,5218.707,1783270140.152
1783270141,5218.658,5218.622,5218.695,1783270141.119
1783270142,5218.644,5218.607,5218.68,1783270142.140
1783270143,5218.629,5218.592,5218.665,1783270143.122
1783270144,5218.619,5218.582,5218.655,1783270144.152
1783270145,5218.603,5218.567,5218.64,1783270145.134
1783270146,5218.6,5218.564,5218.637,1783270146.150
1783270147,5218.596,5218.56,5218.633,1783270147.125
1783270148,5218.587,5218.55,5218.623,1783270148.212
1783270149,5218.579,5218.543,5218.616,1783270149.114
1783270150,5218.577,5218.54,5218.613,1783270150.128
1783270151,5218.563,5218.526,5218.599,1783270151.123
1783270152,5218.554,5218.517,5218.59,1783270152.135
1783270153,5218.545,5218.508,5218.581,1783270153.132
1783270154,5218.518,5218.482,5218.555,1783270154.128
1783270155,5218.513,5218.477,5218.55,1783270155.132
1783270156,5218.506,5218.47,5218.543,1783270156.143
1783270157,5218.498,5218.461,5218.534,1783270157.119
1783270158,5218.473,5218.437,5218.51,1783270158.141
1783270159,5218.468,5218.432,5218.505,1783270159.134
1783270160,5218.461,5218.424,5218.497,1783270160.154
1783270161,5218.456,5218.419,5218.492,1783270161.113
1783270162,5218.433,5218.397,5218.47,1783270162.127
1783270163,5218.422,5218.385,5218.458,1783270163.113
1783270164,5218.42,5218.383,5218.456,1783270164.124
1783270165,5218.419,5218.383,5218.456,1783270165.120
1783270166,5218.414,5218.378,5218.451,1783270166.129
1783270167,5218.394,5218.357,5218.43,1783270167.106
1783270168,5218.39,5218.353,5218.426,1783270168.143
1783270169,5218.378,5218.342,5218.415,1783270169.113
1783270170,5218.37,5218.333,5218.406,1783270170.142
1783270171,5218.358,5218.321,5218.394,1783270171.121
1783270172,5218.337,5218.301,5218.374,1783270172.138
1783270173,5218.321,5218.285,5218.358,1783270173.120
1783270174,5218.309,5218.272,5218.345,1783270174.247
1783270175,5218.303,5218.266,5218.339,1783270175.117
1783270176,5218.289,5218.252,5218.325,1783270176.151
1783270177,5218.278,5218.241,5218.314,1783270177.110
1783270178,5218.274,5218.238,5218.311,1783270178.123
1783270179,5218.26,5218.223,5218.296,1783270179.130
1783270180,5218.247,5218.21,5218.283,1783270180.140
1783270181,5218.243,5218.206,5218.279,1783270181.110
1783270182,5218.237,5218.2,5218.273,1783270182.142
1783270183,5218.224,5218.188,5218.261,1783270183.119
1783270184,5218.221,5218.184,5218.258,1783270184.151
1783270185,5218.215,5218.179,5218.252,1783270185.123
1783270186,5218.19,5218.154,5218.227,1783270186.134
1783270187,5218.173,5218.136,5218.21,1783270187.111
1783270188,5218.169,5218.132,5218.205,1783270188.140
1783270189,5218.164,5218.128,5218.201,1783270189.126
1783270190,5218.162,5218.125,5218.198,1783270190.166
1783270191,5218.152,5218.115,5218.188,1783270191.103
1783270192,5218.134,5218.098,5218.171,1783270192.137
1783270193,5218.13,5218.094,5218.167,1783270193.109
1783270194,5218.115,5218.078,5218.151,1783270194.137
1783270195,5218.102,5218.066,5218.139,1783270195.110
1783270196,5218.085,5218.049,5218.122,1783270196.140
1783270197,5218.062,5218.026,5218.099,1783270197.117
1783270198,5218.039,5218.003,5218.076,1783270198.120
1783270199,5218.034,5217.997,5218.07,1783270199.127
1783270200,5218.033,5217.997,5218.07,1783270200.163
1783270201,5218.032,5217.995,5218.068,1783270201.150
1783270202,5218.03,5217.993,5218.066,1783270202.236
1783270203,5218.027,5217.991,5218.064,1783270203.192
1783270204,5218.014,5217.978,5218.051,1783270204.311
1783270205,5218.01,5217.974,5218.047,1783270205.159
1783270206,5218,5217.963,5218.036,1783270206.131
1783270207,5217.984,5217.948,5218.021,1783270207.119
1783270208,5217.969,5217.933,5218.006,1783270208.124
1783270209,5217.966,5217.93,5218.003,1783270209.121
1783270210,5217.952,5217.915,5217.988,1783270210.146
1783270211,5217.945,5217.909,5217.982,1783270211.113
1783270212,5217.921,5217.885,5217.958,1783270212.150
1783270213,5217.904,5217.868,5217.941,1783270213.122
1783270214,5217.897,5217.86,5217.933,1783270214.125
1783270215,5217.894,5217.857,5217.93,1783270215.120
1783270216,5217.893,5217.857,5217.93,1783270216.164
1783270217,5217.882,5217.846,5217.919,1783270217.114
1783270218,5217.863,5217.827,5217.9,1783270218.131
1783270219,5217.83,5217.793,5217.866,1783270219.114
1783270220,5217.823,5217.787,5217.86,1783270220.138
1783270221,5217.814,5217.778,5217.851,1783270221.116
1783270222,5217.813,5217.777,5217.85,1783270222.155
1783270223,5217.81,5217.774,5217.847,1783270223.121
1783270224,5217.801,5217.765,5217.838,1783270224.143
1783270225,5217.793,5217.757,5217.83,1783270225.127
1783270226,5217.772,5217.736,5217.809,1783270226.150
1783270227,5217.744,5217.708,5217.781,1783270227.118
1783270228,5217.744,5217.708,5217.781,1783270228.146
1783270229,5217.74,5217.704,5217.777,1783270229.118
1783270230,5217.713,5217.677,5217.75,1783270230.147
1783270231,5217.707,5217.67,5217.743,1783270231.119
1783270232,5217.697,5217.661,5217.734,1783270232.155
1783270233,5217.686,5217.649,5217.722,1783270233.118
1783270234,5217.684,5217.647,5217.72,1783270234.146
1783270235,5217.682,5217.646,5217.719,1783270235.118
1783270236,5217.669,5217.633,5217.706,1783270236.129
1783270237,5217.644,5217.608,5217.681,1783270237.112
1783270238,5217.64,5217.604,5217.677,1783270238.244
1783270239,5217.634,5217.597,5217.67,1783270239.113
1783270240,5217.621,5217.584,5217.657,1783270240.150
1783270241,5217.606,5217.57,5217.643,1783270241.113
1783270242,5217.606,5217.57,5217.643,1783270242.161
1783270243,5217.604,5217.567,5217.64,1783270243.128
1783270244,5217.6,5217.563,5217.636,1783270244.147
1783270245,5217.589,5217.553,5217.626,1783270245.112
1783270246,5217.572,5217.535,5217.608,1783270246.157
1783270247,5217.56,5217.523,5217.596,1783270247.109
1783270248,5217.547,5217.51,5217.583,1783270248.148
1783270249,5217.537,5217.501,5217.574,1783270249.140
1783270250,5217.533,5217.497,5217.57,1783270250.161
1783270251,5217.523,5217.487,5217.56,1783270251.129
1783270252,5217.519,5217.482,5217.555,1783270252.142
1783270253,5217.501,5217.464,5217.537,1783270253.124
1783270254,5217.48,5217.444,5217.517,1783270254.137
1783270255,5217.475,5217.439,5217.512,1783270255.104
1783270256,5217.459,5217.423,5217.496,1783270256.140
1783270257,5217.45,5217.413,5217.486,1783270257.113
1783270258,5217.44,5217.404,5217.477,1783270258.151
1783270259,5217.428,5217.392,5217.465,1783270259.118
1783270260,5217.404,5217.367,5217.44,1783270260.184
1783270261,5217.394,5217.358,5217.431,1783270261.127
1783270262,5217.378,5217.341,5217.414,1783270262.211
1783270263,5217.362,5217.325,5217.398,1783270263.141
1783270264,5217.36,5217.323,5217.396,1783270264.125
1783270265,5217.348,5217.311,5217.384,1783270265.113
1783270266,5217.338,5217.302,5217.375,1783270266.123
1783270267,5217.329,5217.293,5217.366,1783270267.106
1783270268,5217.322,5217.286,5217.359,1783270268.162
1783270269,5217.299,5217.263,5217.336,1783270269.123
1783270270,5217.297,5217.26,5217.334,1783270270.139
1783270271,5217.279,5217.242,5217.316,1783270271.132
1783270272,5217.276,5217.239,5217.312,1783270272.131
1783270273,5217.263,5217.227,5217.3,1783270273.155
1783270274,5217.258,5217.221,5217.294,1783270274.139
1783270275,5217.256,5217.22,5217.293,1783270275.119
1783270276,5217.25,5217.214,5217.287,1783270276.134
1783270277,5217.247,5217.211,5217.284,1783270277.106
1783270278,5217.236,5217.2,5217.273,1783270278.163
1783270279,5217.216,5217.179,5217.252,1783270279.109
1783270280,5217.207,5217.17,5217.243,1783270280.140
1783270281,5217.187,5217.151,5217.224,1783270281.113
1783270282,5217.164,5217.128,5217.201,1783270282.151
1783270283,5217.148,5217.112,5217.185,1783270283.115
1783270284,5217.141,5217.104,5217.177,1783270284.163
1783270285,5217.125,5217.089,5217.162,1783270285.118
1783270286,5217.108,5217.071,5217.145,1783270286.128
1783270287,5217.104,5217.068,5217.141,1783270287.115
1783270288,5217.1,5217.064,5217.137,1783270288.126
1783270289,5217.1,5217.063,5217.136,1783270289.162
1783270290,5217.092,5217.055,5217.128,1783270290.138
1783270291,5217.089,5217.053,5217.126,1783270291.116
1783270292,5217.066,5217.03,5217.103,1783270292.142
1783270293,5217.051,5217.014,5217.087,1783270293.120
1783270294,5217.043,5217.007,5217.08,1783270294.125
1783270295,5217.04,5217.003,5217.077,1783270295.128
1783270296,5217.036,5217,5217.073,1783270296.136
1783270297,5217.022,5216.986,5217.059,1783270297.114
1783270298,5217.011,5216.975,5217.048,1783270298.205
1783270299,5217.004,5216.967,5217.04,1783270299.108
1783270300,5216.999,5216.963,5217.036,1783270300.144
1783270301,5216.984,5216.947,5217.02,1783270301.109
1783270302,5216.978,5216.941,5217.014,1783270302.154
1783270303,5216.965,5216.929,5217.002,1783270303.107
1783270304,5216.96,5216.923,5216.996,1783270304.125
1783270305,5216.956,5216.919,5216.992,1783270305.119
1783270306,5216.948,5216.911,5216.984,1783270306.139
1783270307,5216.934,5216.898,5216.971,1783270307.104
1783270308,5216.93,5216.893,5216.966,1783270308.144
1783270309,5216.914,5216.878,5216.951,1783270309.121
1783270310,5216.903,5216.866,5216.939,1783270310.163
1783270311,5216.897,5216.86,5216.933,1783270311.121
1783270312,5216.881,5216.845,5216.918,1783270312.129
1783270313,5216.857,5216.82,5216.893,1783270313.114
1783270314,5216.855,5216.819,5216.892,1783270314.127
1783270315,5216.849,5216.812,5216.885,1783270315.117
1783270316,5216.848,5216.811,5216.884,1783270316.147
1783270317,5216.843,5216.806,5216.879,1783270317.119
1783270318,5216.837,5216.801,5216.874,1783270318.127
1783270319,5216.833,5216.797,5216.87,1783270319.115
1783270320,5216.82,5216.783,5216.856,1783270320.151
1783270321,5216.798,5216.761,5216.834,1783270321.112
1783270322,5216.796,5216.76,5216.833,1783270322.607
1783270323,5216.793,5216.756,5216.829,1783270323.468
1783270324,5216.771,5216.734,5216.807,1783270325.020
1783270325,5216.752,5216.715,5216.788,1783270325.882
1783270326,5216.733,5216.696,5216.769,1783270326.147
1783270327,5216.719,5216.682,5216.755,1783270327.109
1783270328,5216.714,5216.677,5216.75,1783270328.127
1783270329,5216.712,5216.676,5216.749,1783270329.108
1783270330,5216.712,5216.676,5216.749,1783270330.143
1783270331,5216.707,5216.67,5216.743,1783270331.137
1783270332,5216.704,5216.668,5216.741,1783270332.155
1783270333,5216.702,5216.665,5216.738,1783270333.123
1783270334,5216.69,5216.653,5216.726,1783270334.145
1783270335,5216.673,5216.637,5216.71,1783270335.106
1783270336,5216.66,5216.623,5216.696,1783270336.165
1783270337,5216.642,5216.606,5216.679,1783270337.105
1783270338,5216.641,5216.605,5216.678,1783270338.125
1783270339,5216.64,5216.604,5216.677,1783270339.108
1783270340,5216.628,5216.591,5216.664,1783270340.148
1783270341,5216.616,5216.579,5216.652,1783270341.115
1783270342,5216.614,5216.577,5216.65,1783270342.121
1783270343,5216.608,5216.572,5216.645,1783270343.119
1783270344,5216.591,5216.555,5216.628,1783270344.124
1783270345,5216.587,5216.551,5216.624,1783270345.108
1783270346,5216.571,5216.534,5216.608,1783270346.142
1783270347,5216.564,5216.527,5216.6,1783270347.110
1783270348,5216.547,5216.51,5216.583,1783270348.130
1783270349,5216.531,5216.494,5216.568,1783270349.115
1783270350,5216.5,5216.463,5216.536,1783270350.130
1783270351,5216.494,5216.457,5216.53,1783270351.108
1783270352,5216.486,5216.449,5216.522,1783270352.181
1783270353,5216.48,5216.443,5216.516,1783270353.128
1783270354,5216.469,5216.432,5216.505,1783270354.139
1783270355,5216.469,5216.432,5216.505,1783270355.113
1783270356,5216.468,5216.432,5216.505,1783270356.132
1783270357,5216.453,5216.416,5216.489,1783270357.147
1783270358,5216.433,5216.397,5216.47,1783270358.201
1783270359,5216.414,5216.377,5216.45,1783270359.116
1783270360,5216.412,5216.375,5216.448,1783270360.125
1783270361,5216.393,5216.357,5216.43,1783270361.118
1783270362,5216.392,5216.355,5216.428,1783270362.134
1783270363,5216.388,5216.351,5216.424,1783270363.117
1783270364,5216.382,5216.346,5216.419,1783270364.146
1783270365,5216.375,5216.339,5216.412,1783270365.116
1783270366,5216.366,5216.33,5216.403,1783270366.133
1783270367,5216.344,5216.308,5216.381,1783270367.117
1783270368,5216.339,5216.303,5216.376,1783270368.125
1783270369,5216.331,5216.295,5216.368,1783270369.119
1783270370,5216.311,5216.274,5216.347,1783270370.147
1783270371,5216.311,5216.274,5216.347,1783270371.121
1783270372,5216.31,5216.274,5216.347,1783270372.120
1783270373,5216.306,5216.27,5216.343,1783270373.110
1783270374,5216.295,5216.259,5216.332,1783270374.122
1783270375,5216.285,5216.248,5216.321,1783270375.114
1783270376,5216.281,5216.244,5216.317,1783270376.129
1783270377,5216.261,5216.225,5216.298,1783270377.106
1783270378,5216.255,5216.219,5216.292,1783270378.164
1783270379,5216.244,5216.207,5216.28,1783270379.111
1783270380,5216.225,5216.188,5216.261,1783270380.151
1783270381,5216.211,5216.175,5216.248,1783270381.146
1783270382,5216.204,5216.168,5216.241,1783270382.234
1783270383,5216.203,5216.166,5216.239,1783270383.273
1783270384,5216.2,5216.164,5216.237,1783270384.167
1783270385,5216.194,5216.157,5216.23,1783270385.119
1783270386,5216.191,5216.155,5216.228,1783270386.134
1783270387,5216.164,5216.127,5216.2,1783270387.112
1783270388,5216.153,5216.116,5216.189,1783270388.124
1783270389,5216.138,5216.102,5216.175,1783270389.112
1783270390,5216.11,5216.074,5216.147,1783270390.141
1783270391,5216.087,5216.05,5216.123,1783270391.112
1783270392,5216.083,5216.046,5216.12,1783270392.140
1783270393,5216.072,5216.036,5216.109,1783270393.106
1783270394,5216.065,5216.028,5216.101,1783270394.129
1783270395,5216.038,5216.002,5216.075,1783270395.127
1783270396,5216.031,5215.994,5216.067,1783270396.121
1783270397,5216.025,5215.989,5216.062,1783270397.113
1783270398,5216.017,5215.981,5216.054,1783270398.132
1783270399,5216.017,5215.981,5216.054,1783270399.102
1783270400,5215.996,5215.96,5216.033,1783270400.121
1783270401,5215.973,5215.937,5216.01,1783270401.108
1783270402,5215.951,5215.914,5215.988,1783270402.119
1783270403,5215.939,5215.903,5215.976,1783270403.108
1783270404,5215.939,5215.902,5215.975,1783270404.120
1783270405,5215.931,5215.894,5215.967,1783270405.110
1783270406,5215.93,5215.894,5215.967,1783270406.142
1783270407,5215.907,5215.871,5215.944,1783270407.105
1783270408,5215.895,5215.859,5215.932,1783270408.120
1783270409,5215.893,5215.856,5215.929,1783270409.110
1783270410,5215.886,5215.849,5215.922,1783270410.137
1783270411,5215.873,5215.837,5215.91,1783270411.108
1783270412,5215.862,5215.825,5215.898,1783270412.126
1783270413,5215.853,5215.817,5215.89,1783270413.117
1783270414,5215.838,5215.801,5215.874,1783270414.139
1783270415,5215.807,5215.771,5215.844,1783270415.104
1783270416,5215.805,5215.768,5215.841,1783270416.141
1783270417,5215.796,5215.759,5215.832,1783270417.121
1783270418,5215.788,5215.752,5215.825,1783270418.132
1783270419,5215.787,5215.75,5215.823,1783270419.111
1783270420,5215.774,5215.737,5215.81,1783270420.144
1783270421,5215.762,5215.725,5215.798,1783270421.116
1783270422,5215.753,5215.717,5215.79,1783270422.180
1783270423,5215.741,5215.704,5215.777,1783270423.119
1783270424,5215.724,5215.688,5215.761,1783270424.150
1783270425,5215.712,5215.676,5215.749,1783270425.121
1783270426,5215.706,5215.669,5215.742,1783270426.128
1783270427,5215.694,5215.657,5215.73,1783270427.119
1783270428,5215.674,5215.638,5215.711,1783270428.137
1783270429,5215.661,5215.625,5215.698,1783270429.114
1783270430,5215.639,5215.602,5215.675,1783270430.134
1783270431,5215.636,5215.599,5215.672,1783270431.113
1783270432,5215.624,5215.588,5215.661,1783270432.126
1783270433,5215.606,5215.57,5215.643,1783270433.118
1783270434,5215.601,5215.564,5215.637,1783270434.131
1783270435,5215.598,5215.562,5215.635,1783270435.119
1783270436,5215.576,5215.539,5215.612,1783270436.130
1783270437,5215.567,5215.531,5215.604,1783270437.119
1783270438,5215.561,5215.525,5215.598,1783270438.129
1783270439,5215.55,5215.514,5215.587,1783270439.114
1783270440,5215.53,5215.494,5215.567,1783270440.152
1783270441,5215.524,5215.488,5215.561,1783270441.123
1783270442,5215.506,5215.47,5215.543,1783270442.152
1783270443,5215.504,5215.468,5215.541,1783270443.197
1783270444,5215.5,5215.464,5215.537,1783270444.216
1783270445,5215.498,5215.462,5215.535,1783270445.116
1783270446,5215.482,5215.445,5215.518,1783270446.124
1783270447,5215.464,5215.428,5215.501,1783270447.108
1783270448,5215.449,5215.412,5215.485,1783270448.122
1783270449,5215.44,5215.403,5215.477,1783270449.130
1783270450,5215.434,5215.397,5215.47,1783270450.128
1783270451,5215.416,5215.379,5215.452,1783270451.113
1783270452,5215.406,5215.37,5215.443,1783270452.141
1783270453,5215.387,5215.35,5215.423,1783270453.121
1783270454,5215.363,5215.326,5215.399,1783270454.128
1783270455,5215.363,5215.326,5215.399,1783270455.109
1783270456,5215.349,5215.313,5215.386,1783270456.122
1783270457,5215.344,5215.307,5215.38,1783270457.104
1783270458,5215.317,5215.281,5215.354,1783270458.130
1783270459,5215.315,5215.278,5215.351,1783270459.118
1783270460,5215.303,5215.267,5215.34,1783270460.124
1783270461,5215.291,5215.255,5215.328,1783270461.105
1783270462,5215.283,5215.246,5215.319,1783270462.160
1783270463,5215.281,5215.245,5215.318,1783270463.115
1783270464,5215.273,5215.237,5215.31,1783270464.124
1783270465,5215.257,5215.22,5215.293,1783270465.125
1783270466,5215.249,5215.212,5215.285,1783270466.139
1783270467,5215.246,5215.21,5215.283,1783270467.124
1783270468,5215.231,5215.194,5215.267,1783270468.155
1783270469,5215.222,5215.186,5215.259,1783270469.112
1783270470,5215.22,5215.184,5215.257,1783270470.131
1783270471,5215.214,5215.178,5215.251,1783270471.104
1783270472,5215.211,5215.175,5215.248,1783270472.133
1783270473,5215.202,5215.165,5215.238,1783270473.109
1783270474,5215.201,5215.164,5215.237,1783270474.137
1783270475,5215.195,5215.158,5215.231,1783270475.123
1783270476,5215.193,5215.157,5215.23,1783270476.124
1783270477,5215.187,5215.15,5215.224,1783270477.109
1783270478,5215.186,5215.149,5215.222,1783270478.123
1783270479,5215.164,5215.127,5215.2,1783270479.107
1783270480,5215.152,5215.116,5215.189,1783270480.145
1783270481,5215.145,5215.109,5215.182,1783270481.108
1783270482,5215.133,5215.097,5215.17,1783270482.122
1783270483,5215.107,5215.07,5215.143,1783270483.120
1783270484,5215.097,5215.061,5215.134,1783270484.138
1783270485,5215.095,5215.058,5215.131,1783270485.107
1783270486,5215.087,5215.051,5215.124,1783270486.131
1783270487,5215.075,5215.038,5215.111,1783270487.112
1783270488,5215.062,5215.025,5215.098,1783270488.132
1783270489,5215.052,5215.016,5215.089,1783270489.106
1783270490,5215.037,5215,5215.073,1783270490.118
1783270491,5215.036,5214.999,5215.072,1783270491.119
1783270492,5215.028,5214.992,5215.065,1783270492.125
1783270493,5215.024,5214.988,5215.061,1783270493.111
1783270494,5214.999,5214.962,5215.035,1783270494.125
1783270495,5214.995,5214.958,5215.031,1783270495.128
1783270496,5214.969,5214.932,5215.005,1783270496.132
1783270497,5214.961,5214.924,5214.997,1783270497.109
1783270498,5214.959,5214.923,5214.996,1783270498.124
1783270499,5214.958,5214.922,5214.995,1783270499.128
1783270500,5214.951,5214.914,5214.987,1783270500.135
1783270501,5214.943,5214.906,5214.979,1783270501.105
1783270502,5214.921,5214.884,5214.957,1783270502.149
1783270503,5214.906,5214.869,5214.942,1783270503.119
1783270504,5214.901,5214.864,5214.937,1783270504.182
1783270505,5214.893,5214.856,5214.929,1783270505.138
1783270506,5214.883,5214.846,5214.919,1783270506.123
1783270507,5214.872,5214.836,5214.909,1783270507.115
1783270508,5214.858,5214.821,5214.894,1783270508.126
1783270509,5214.852,5214.815,5214.888,1783270509.112
1783270510,5214.836,5214.799,5214.872,1783270510.125
1783270511,5214.82,5214.783,5214.856,1783270511.104
1783270512,5214.799,5214.763,5214.836,1783270512.129
1783270513,5214.793,5214.757,5214.83,1783270513.111
1783270514,5214.777,5214.741,5214.814,1783270514.141
1783270515,5214.771,5214.734,5214.807,1783270515.115
1783270516,5214.763,5214.726,5214.799,1783270516.128
1783270517,5214.744,5214.707,5214.78,1783270517.116
1783270518,5214.74,5214.704,5214.777,1783270518.124
1783270519,5214.737,5214.701,5214.774,1783270519.128
1783270520,5214.724,5214.687,5214.76,1783270520.119
1783270521,5214.704,5214.668,5214.741,1783270521.113
1783270522,5214.701,5214.664,5214.737,1783270522.128
1783270523,5214.695,5214.658,5214.731,1783270523.124
1783270524,5214.683,5214.646,5214.719,1783270524.134
1783270525,5214.665,5214.628,5214.701,1783270525.143
1783270526,5214.648,5214.612,5214.685,1783270526.147
1783270527,5214.64,5214.603,5214.676,1783270527.105
1783270528,5214.627,5214.591,5214.664,1783270528.131
1783270529,5214.61,5214.574,5214.647,1783270529.107
1783270530,5214.597,5214.56,5214.633,1783270530.142
1783270531,5214.584,5214.547,5214.62,1783270531.111
1783270532,5214.568,5214.531,5214.604,1783270532.123
1783270533,5214.557,5214.521,5214.594,1783270533.113
1783270534,5214.54,5214.504,5214.577,1783270534.133
1783270535,5214.54,5214.503,5214.576,1783270535.107
1783270536,5214.533,5214.496,5214.569,1783270536.119
1783270537,5214.527,5214.49,5214.563,1783270537.115
1783270538,5214.527,5214.49,5214.563,1783270538.245
1783270539,5214.514,5214.477,5214.55,1783270539.115
1783270540,5214.502,5214.465,5214.538,1783270540.142
1783270541,5214.482,5214.445,5214.518,1783270541.127
1783270542,5214.457,5214.42,5214.493,1783270542.123
1783270543,5214.456,5214.42,5214.493,1783270543.106
1783270544,5214.435,5214.398,5214.471,1783270544.128
1783270545,5214.411,5214.375,5214.448,1783270545.114
1783270546,5214.403,5214.367,5214.44,1783270546.128
1783270547,5214.393,5214.356,5214.429,1783270547.103
1783270548,5214.389,5214.352,5214.425,1783270548.123
1783270549,5214.373,5214.337,5214.41,1783270549.102
1783270550,5214.373,5214.336,5214.409,1783270550.128
1783270551,5214.372,5214.335,5214.408,1783270551.115
1783270552,5214.363,5214.327,5214.4,1783270552.122
1783270553,5214.353,5214.316,5214.389,1783270553.104
1783270554,5214.331,5214.294,5214.367,1783270554.137
1783270555,5214.318,5214.281,5214.354,1783270555.109
1783270556,5214.316,5214.279,5214.352,1783270556.123
1783270557,5214.305,5214.268,5214.341,1783270557.117
1783270558,5214.293,5214.256,5214.329,1783270558.128
1783270559,5214.278,5214.242,5214.315,1783270559.119
1783270560,5214.275,5214.239,5214.312,1783270560.163
1783270561,5214.274,5214.237,5214.31,1783270561.117
1783270562,5214.264,5214.227,5214.3,1783270562.279
1783270563,5214.251,5214.214,5214.287,1783270563.305
1783270564,5214.24,5214.203,5214.276,1783270564.143
1783270565,5214.231,5214.195,5214.268,1783270565.112
1783270566,5214.225,5214.188,5214.261,1783270566.117
1783270567,5214.202,5214.166,5214.239,1783270567.107
1783270568,5214.187,5214.15,5214.223,1783270568.118
1783270569,5214.185,5214.148,5214.221,1783270569.107
1783270570,5214.172,5214.135,5214.208,1783270570.121
1783270571,5214.162,5214.125,5214.198,1783270571.106
1783270572,5214.154,5214.118,5214.191,1783270572.120
1783270573,5214.145,5214.109,5214.182,1783270573.120
1783270574,5214.119,5214.083,5214.156,1783270574.123
1783270575,5214.113,5214.076,5214.149,1783270575.108
1783270576,5214.111,5214.075,5214.148,1783270576.167
1783270577,5214.087,5214.051,5214.124,1783270577.113
1783270578,5214.07,5214.033,5214.106,1783270578.139
1783270579,5214.061,5214.025,5214.098,1783270579.106
1783270580,5214.052,5214.016,5214.089,1783270580.121
1783270581,5214.041,5214.004,5214.077,1783270581.107
1783270582,5214.025,5213.989,5214.062,1783270582.126
1783270583,5214.023,5213.986,5214.059,1783270583.119
1783270584,5214.014,5213.978,5214.051,1783270584.122
1783270585,5213.999,5213.963,5214.036,1783270585.110
1783270586,5213.977,5213.941,5214.014,1783270586.128
1783270587,5213.963,5213.926,5213.999,1783270587.112
1783270588,5213.949,5213.913,5213.986,1783270588.182
1783270589,5213.946,5213.91,5213.983,1783270589.116
1783270590,5213.917,5213.881,5213.954,1783270590.124
1783270591,5213.915,5213.878,5213.951,1783270591.110
1783270592,5213.9,5213.863,5213.936,1783270592.127
1783270593,5213.898,5213.861,5213.934,1783270593.118
1783270594,5213.892,5213.855,5213.928,1783270594.129
1783270595,5213.885,5213.848,5213.921,1783270595.111
1783270596,5213.884,5213.848,5213.921,1783270596.133
1783270597,5213.884,5213.847,5213.92,1783270597.126
1783270598,5213.871,5213.835,5213.908,1783270598.201
1783270599,5213.861,5213.824,5213.897,1783270599.118
1783270600,5213.842,5213.805,5213.878,1783270600.125
1783270601,5213.831,5213.794,5213.867,1783270601.108
1783270602,5213.817,5213.781,5213.854,1783270602.131
1783270603,5213.791,5213.754,5213.827,1783270603.121
1783270604,5213.77,5213.733,5213.806,1783270604.131
1783270605,5213.757,5213.72,5213.793,1783270605.111
1783270606,5213.753,5213.717,5213.79,1783270606.122
1783270607,5213.736,5213.699,5213.772,1783270607.106
1783270608,5213.717,5213.681,5213.754,1783270608.140
1783270609,5213.699,5213.663,5213.736,1783270609.120
1783270610,5213.686,5213.65,5213.723,1783270610.146
1783270611,5213.685,5213.649,5213.722,1783270611.112
1783270612,5213.67,5213.634,5213.707,1783270612.124
1783270613,5213.669,5213.633,5213.706,1783270613.109
1783270614,5213.645,5213.609,5213.682,1783270614.127
1783270615,5213.621,5213.584,5213.657,1783270615.127
1783270616,5213.605,5213.568,5213.641,1783270616.132
1783270617,5213.591,5213.555,5213.628,1783270617.114
1783270618,5213.569,5213.533,5213.606,1783270618.135
1783270619,5213.561,5213.524,5213.597,1783270619.126
1783270620,5213.553,5213.517,5213.59,1783270620.130
1783270621,5213.549,5213.512,5213.585,1783270621.112
1783270622,5213.542,5213.505,5213.578,1783270622.231
1783270623,5213.533,5213.496,5213.569,1783270623.129
1783270624,5213.523,5213.486,5213.559,1783270624.141
1783270625,5213.521,5213.485,5213.558,1783270625.127
1783270626,5213.492,5213.456,5213.529,1783270626.127
1783270627,5213.487,5213.45,5213.523,1783270627.163
1783270628,5213.481,5213.445,5213.518,1783270628.244
1783270629,5213.466,5213.429,5213.502,1783270629.119
1783270630,5213.462,5213.425,5213.498,1783270630.147
1783270631,5213.445,5213.409,5213.482,1783270631.117
1783270632,5213.426,5213.39,5213.463,1783270632.125
1783270633,5213.418,5213.381,5213.454,1783270633.112
1783270634,5213.41,5213.373,5213.446,1783270634.133
1783270635,5213.403,5213.366,5213.439,1783270635.121
1783270636,5213.4,5213.364,5213.437,1783270636.136
1783270637,5213.391,5213.354,5213.427,1783270637.112
1783270638,5213.385,5213.349,5213.422,1783270638.130
1783270639,5213.371,5213.335,5213.408,1783270639.128
1783270640,5213.364,5213.328,5213.401,1783270640.137
1783270641,5213.352,5213.316,5213.389,1783270641.113
1783270642,5213.342,5213.305,5213.378,1783270642.138
1783270643,5213.324,5213.288,5213.361,1783270643.117
1783270644,5213.323,5213.287,5213.36,1783270644.162
1783270645,5213.323,5213.287,5213.36,1783270645.122
1783270646,5213.315,5213.279,5213.352,1783270646.130
1783270647,5213.308,5213.271,5213.344,1783270647.125
1783270648,5213.303,5213.266,5213.339,1783270648.145
1783270649,5213.289,5213.253,5213.326,1783270649.132
1783270650,5213.273,5213.236,5213.309,1783270650.155
1783270651,5213.253,5213.216,5213.289,1783270651.116
1783270652,5213.245,5213.208,5213.281,1783270652.131
1783270653,5213.237,5213.201,5213.274,1783270653.112
1783270654,5213.235,5213.199,5213.272,1783270654.128
1783270655,5213.217,5213.181,5213.254,1783270655.119
1783270656,5213.192,5213.155,5213.228,1783270656.133
1783270657,5213.168,5213.132,5213.205,1783270657.122
1783270658,5213.142,5213.106,5213.179,1783270658.202
1783270659,5213.125,5213.088,5213.161,1783270659.125
1783270660,5213.114,5213.078,5213.151,1783270660.480
1783270661,5213.106,5213.07,5213.143,1783270661.543
1783270662,5213.105,5213.069,5213.142,1783270662.130
1783270663,5213.083,5213.047,5213.12,1783270663.113
1783270664,5213.063,5213.027,5213.1,1783270664.136
1783270665,5213.051,5213.015,5213.088,1783270665.112
1783270666,5213.022,5212.985,5213.058,1783270666.122
1783270667,5213.011,5212.974,5213.047,1783270667.122
1783270668,5212.98,5212.943,5213.016,1783270668.139
1783270669,5212.976,5212.939,5213.012,1783270669.118
1783270670,5212.947,5212.911,5212.984,1783270670.166
1783270671,5212.947,5212.911,5212.984,1783270671.118
1783270672,5212.947,5212.91,5212.983,1783270672.148
1783270673,5212.936,5212.899,5212.972,1783270673.118
1783270674,5212.927,5212.891,5212.964,1783270674.144
1783270675,5212.927,5212.891,5212.964,1783270675.120
1783270676,5212.921,5212.884,5212.957,1783270676.132
1783270677,5212.912,5212.875,5212.948,1783270677.114
1783270678,5212.912,5212.875,5212.948,1783270678.150
1783270679,5212.907,5212.871,5212.944,1783270679.123
1783270680,5212.894,5212.858,5212.931,1783270680.151
1783270681,5212.892,5212.855,5212.928,1783270681.116
1783270682,5212.88,5212.844,5212.917,1783270682.142
1783270683,5212.876,5212.84,5212.913,1783270683.173
1783270684,5212.867,5212.831,5212.904,1783270684.175
1783270685,5212.854,5212.817,5212.89,1783270685.110
1783270686,5212.84,5212.803,5212.876,1783270686.133
1783270687,5212.827,5212.79,5212.863,1783270687.114
1783270688,5212.811,5212.774,5212.847,1783270688.201
1783270689,5212.8,5212.764,5212.836,1783270689.123
1783270690,5212.789,5212.752,5212.825,1783270690.150
1783270691,5212.779,5212.743,5212.816,1783270691.114
1783270692,5212.771,5212.734,5212.807,1783270692.143
1783270693,5212.761,5212.725,5212.798,1783270693.120
1783270694,5212.76,5212.724,5212.797,1783270694.146
1783270695,5212.744,5212.707,5212.78,1783270695.116
1783270696,5212.734,5212.698,5212.77,1783270696.163
1783270697,5212.724,5212.688,5212.761,1783270697.113
1783270698,5212.723,5212.687,5212.76,1783270698.204
1783270699,5212.71,5212.674,5212.747,1783270699.118
1783270700,5212.709,5212.672,5212.745,1783270700.128
1783270701,5212.696,5212.659,5212.732,1783270701.124
1783270702,5212.689,5212.653,5212.726,1783270702.148
1783270703,5212.668,5212.631,5212.704,1783270703.114
1783270704,5212.651,5212.615,5212.688,1783270704.161
1783270705,5212.648,5212.612,5212.685,1783270705.112
1783270706,5212.635,5212.598,5212.671,1783270706.137
1783270707,5212.611,5212.575,5212.648,1783270707.122
1783270708,5212.609,5212.572,5212.645,1783270708.140
1783270709,5212.594,5212.558,5212.631,1783270709.114
1783270710,5212.583,5212.547,5212.62,1783270710.148
1783270711,5212.572,5212.535,5212.608,1783270711.116
1783270712,5212.57,5212.534,5212.607,1783270712.138
1783270713,5212.57,5212.533,5212.606,1783270713.117
1783270714,5212.564,5212.527,5212.6,1783270714.149
1783270715,5212.559,5212.522,5212.595,1783270715.122
1783270716,5212.543,5212.506,5212.579,1783270716.128
1783270717,5212.522,5212.486,5212.559,1783270717.121
1783270718,5212.509,5212.473,5212.546,1783270718.202
1783270719,5212.499,5212.462,5212.535,1783270719.121
1783270720,5212.489,5212.453,5212.526,1783270720.125
1783270721,5212.467,5212.43,5212.503,1783270721.125
1783270722,5212.446,5212.409,5212.482,1783270722.135
1783270723,5212.445,5212.409,5212.482,1783270723.129
1783270724,5212.44,5212.404,5212.477,1783270724.135
1783270725,5212.429,5212.393,5212.466,1783270725.117
1783270726,5212.421,5212.385,5212.458,1783270726.133
1783270727,5212.411,5212.374,5212.447,1783270727.120
1783270728,5212.4,5212.364,5212.437,1783270728.134
1783270729,5212.392,5212.356,5212.429,1783270729.118
1783270730,5212.386,5212.35,5212.423,1783270730.145
1783270731,5212.381,5212.345,5212.418,1783270731.127
1783270732,5212.374,5212.337,5212.41,1783270732.151
1783270733,5212.367,5212.33,5212.403,1783270733.118
1783270734,5212.366,5212.33,5212.402,1783270734.151
1783270735,5212.365,5212.328,5212.401,1783270735.129
1783270736,5212.362,5212.325,5212.398,1783270736.163
1783270737,5212.358,5212.322,5212.395,1783270737.126
1783270738,5212.356,5212.32,5212.392,1783270738.166
1783270739,5212.347,5212.31,5212.383,1783270739.129
1783270740,5212.342,5212.305,5212.378,1783270740.151
1783270741,5212.339,5212.302,5212.375,1783270741.113
1783270742,5212.319,5212.282,5212.355,1783270742.364
1783270743,5212.313,5212.276,5212.349,1783270743.162
1783270744,5212.303,5212.266,5212.339,1783270744.145
1783270745,5212.294,5212.257,5212.33,1783270745.118
1783270746,5212.274,5212.238,5212.311,1783270746.134
1783270747,5212.237,5212.201,5212.274,1783270747.124
1783270748,5212.234,5212.198,5212.271,1783270748.153
1783270749,5212.234,5212.197,5212.27,1783270749.124
1783270750,5212.223,5212.187,5212.26,1783270750.132
1783270751,5212.218,5212.182,5212.255,1783270751.120
1783270752,5212.201,5212.165,5212.238,1783270752.157
1783270753,5212.184,5212.147,5212.22,1783270753.122
1783270754,5212.168,5212.132,5212.205,1783270754.141
1783270755,5212.16,5212.124,5212.197,1783270755.119
1783270756,5212.157,5212.12,5212.193,1783270756.142
1783270757,5212.136,5212.1,5212.173,1783270757.129
1783270758,5212.126,5212.089,5212.162,1783270758.136
1783270759,5212.116,5212.08,5212.153,1783270759.128
1783270760,5212.097,5212.06,5212.133,1783270760.139
1783270761,5212.08,5212.043,5212.116,1783270761.123
1783270762,5212.064,5212.028,5212.101,1783270762.162
1783270763,5212.051,5212.015,5212.088,1783270763.127
1783270764,5212.046,5212.01,5212.083,1783270764.162
1783270765,5212.031,5211.995,5212.068,1783270765.132
1783270766,5212.019,5211.983,5212.056,1783270766.142
1783270767,5212.011,5211.974,5212.047,1783270767.126
1783270768,5212.005,5211.968,5212.041,1783270768.149
1783270769,5211.996,5211.959,5212.032,1783270769.119
1783270770,5211.987,5211.951,5212.024,1783270770.139
1783270771,5211.967,5211.931,5212.004,1783270771.119
1783270772,5211.947,5211.91,5211.983,1783270772.148
1783270773,5211.942,5211.906,5211.979,1783270773.114
1783270774,5211.934,5211.898,5211.971,1783270774.247
1783270775,5211.93,5211.893,5211.966,1783270775.134
1783270776,5211.929,5211.892,5211.965,1783270776.135
1783270777,5211.921,5211.885,5211.958,1783270777.124
1783270778,5211.908,5211.871,5211.944,1783270778.201
1783270779,5211.901,5211.865,5211.938,1783270779.125
1783270780,5211.885,5211.849,5211.922,1783270780.166
1783270781,5211.865,5211.828,5211.901,1783270781.115
1783270782,5211.864,5211.828,5211.901,1783270782.147
1783270783,5211.86,5211.824,5211.897,1783270783.114
1783270784,5211.858,5211.822,5211.895,1783270784.146
1783270785,5211.852,5211.816,5211.889,1783270785.126
1783270786,5211.851,5211.815,5211.888,1783270786.139
1783270787,5211.846,5211.81,5211.883,1783270787.116
1783270788,5211.841,5211.805,5211.878,1783270788.135
1783270789,5211.839,5211.802,5211.875,1783270789.121
1783270790,5211.834,5211.798,5211.871,1783270790.148
1783270791,5211.819,5211.782,5211.855,1783270791.105
1783270792,5211.805,5211.769,5211.842,1783270792.137
1783270793,5211.792,5211.755,5211.828,1783270793.116
1783270794,5211.761,5211.724,5211.797,1783270794.143
1783270795,5211.756,5211.72,5211.793,1783270795.119
1783270796,5211.749,5211.712,5211.785,1783270796.156
1783270797,5211.739,5211.703,5211.776,1783270797.115
1783270798,5211.735,5211.699,5211.772,1783270798.148
1783270799,5211.733,5211.696,5211.769,1783270799.112
1783270800,5211.719,5211.682,5211.755,1783270800.174
1783270801,5211.705,5211.669,5211.741,1783270801.122
1783270802,5211.703,5211.666,5211.739,1783270802.192
1783270803,5211.683,5211.646,5211.719,1783270803.319
1783270804,5211.673,5211.637,5211.71,1783270804.238
1783270805,5211.663,5211.626,5211.699,1783270805.149
1783270806,5211.652,5211.615,5211.688,1783270806.192
1783270807,5211.642,5211.606,5211.679,1783270807.128
1783270808,5211.639,5211.602,5211.675,1783270808.200
1783270809,5211.626,5211.589,5211.662,1783270809.129
1783270810,5211.617,5211.581,5211.653,1783270810.143
1783270811,5211.615,5211.578,5211.651,1783270811.124
1783270812,5211.61,5211.573,5211.646,1783270812.152
1783270813,5211.589,5211.553,5211.626,1783270813.123
1783270814,5211.589,5211.553,5211.626,1783270814.137
1783270815,5211.579,5211.543,5211.616,1783270815.124
1783270816,5211.572,5211.535,5211.608,1783270816.128
1783270817,5211.558,5211.522,5211.595,1783270817.113
1783270818,5211.556,5211.52,5211.593,1783270818.144
1783270819,5211.552,5211.515,5211.588,1783270819.113
1783270820,5211.542,5211.505,5211.578,1783270820.144
1783270821,5211.534,5211.498,5211.571,1783270821.121
1783270822,5211.517,5211.48,5211.553,1783270822.143
1783270823,5211.501,5211.464,5211.537,1783270823.120
1783270824,5211.489,5211.452,5211.525,1783270824.170
1783270825,5211.489,5211.452,5211.525,1783270825.131
1783270826,5211.484,5211.447,5211.52,1783270826.160
1783270827,5211.476,5211.439,5211.512,1783270827.127
1783270828,5211.452,5211.416,5211.489,1783270828.136
1783270829,5211.436,5211.4,5211.473,1783270829.117
1783270830,5211.436,5211.399,5211.472,1783270830.145
1783270831,5211.426,5211.389,5211.462,1783270831.116
1783270832,5211.415,5211.378,5211.451,1783270832.145
1783270833,5211.406,5211.369,5211.442,1783270833.113
1783270834,5211.401,5211.364,5211.437,1783270834.158
1783270835,5211.399,5211.362,5211.435,1783270835.138
1783270836,5211.393,5211.357,5211.43,1783270836.150
1783270837,5211.376,5211.34,5211.413,1783270837.123
1783270838,5211.373,5211.337,5211.41,1783270838.248
1783270839,5211.365,5211.329,5211.402,1783270839.124
1783270840,5211.344,5211.308,5211.381,1783270840.136
1783270841,5211.331,5211.295,5211.368,1783270841.124
1783270842,5211.311,5211.274,5211.347,1783270842.146
1783270843,5211.297,5211.26,5211.333,1783270843.113
1783270844,5211.277,5211.24,5211.313,1783270844.161
1783270845,5211.27,5211.233,5211.306,1783270845.130
1783270846,5211.257,5211.221,5211.294,1783270846.152
1783270847,5211.24,5211.204,5211.277,1783270847.125
1783270848,5211.218,5211.182,5211.254,1783270848.166
1783270849,5211.212,5211.176,5211.249,1783270849.124
1783270850,5211.205,5211.169,5211.242,1783270850.139
1783270851,5211.195,5211.158,5211.231,1783270851.125
1783270852,5211.193,5211.157,5211.23,1783270852.133
1783270853,5211.185,5211.149,5211.222,1783270853.111
1783270854,5211.163,5211.126,5211.199,1783270854.183
1783270855,5211.159,5211.122,5211.195,1783270855.132
1783270856,5211.134,5211.098,5211.171,1783270856.142
1783270857,5211.126,5211.09,5211.162,1783270857.116
1783270858,5211.098,5211.061,5211.134,1783270858.128
1783270859,5211.088,5211.052,5211.125,1783270859.121
1783270860,5211.069,5211.032,5211.105,1783270860.158
1783270861,5211.048,5211.012,5211.085,1783270861.162
1783270862,5211.036,5211,5211.073,1783270862.271
1783270863,5211.033,5210.996,5211.069,1783270863.183
1783270864,5211.016,5210.98,5211.053,1783270864.156
1783270865,5211.007,5210.97,5211.043,1783270865.132
1783270866,5211.001,5210.964,5211.037,1783270866.172
1783270867,5210.98,5210.943,5211.016,1783270867.137
1783270868,5210.958,5210.922,5210.995,1783270868.202
1783270869,5210.953,5210.916,5210.989,1783270869.128
1783270870,5210.943,5210.907,5210.98,1783270870.152
1783270871,5210.943,5210.906,5210.979,1783270871.126
1783270872,5210.942,5210.906,5210.979,1783270872.160
1783270873,5210.93,5210.893,5210.966,1783270873.114
1783270874,5210.921,5210.885,5210.958,1783270874.165
1783270875,5210.916,5210.88,5210.953,1783270875.123
1783270876,5210.914,5210.877,5210.95,1783270876.133
1783270877,5210.9,5210.863,5210.936,1783270877.121
1783270878,5210.891,5210.854,5210.927,1783270878.169
1783270879,5210.873,5210.837,5210.91,1783270879.122
1783270880,5210.866,5210.83,5210.903,1783270880.138
1783270881,5210.862,5210.826,5210.899,1783270881.147
1783270882,5210.841,5210.804,5210.877,1783270882.152
1783270883,5210.83,5210.793,5210.866,1783270883.125
1783270884,5210.828,5210.792,5210.865,1783270884.144
1783270885,5210.808,5210.772,5210.845,1783270885.118
1783270886,5210.807,5210.77,5210.843,1783270886.157
1783270887,5210.791,5210.754,5210.827,1783270887.128
1783270888,5210.786,5210.749,5210.822,1783270888.133
1783270889,5210.784,5210.748,5210.82,1783270889.116
1783270890,5210.773,5210.737,5210.81,1783270890.134
1783270891,5210.757,5210.72,5210.793,1783270891.119
1783270892,5210.734,5210.697,5210.77,1783270892.157
1783270893,5210.719,5210.682,5210.755,1783270893.133
1783270894,5210.715,5210.679,5210.752,1783270894.156
1783270895,5210.712,5210.675,5210.748,1783270895.119
1783270896,5210.711,5210.674,5210.747,1783270896.146
1783270897,5210.704,5210.667,5210.74,1783270897.122
1783270898,5210.702,5210.666,5210.739,1783270898.202
1783270899,5210.697,5210.661,5210.733,1783270899.119
1783270900,5210.688,5210.651,5210.724,1783270900.163
1783270901,5210.684,5210.647,5210.72,1783270901.127
1783270902,5210.679,5210.643,5210.716,1783270902.146
1783270903,5210.67,5210.633,5210.706,1783270903.117
1783270904,5210.655,5210.619,5210.692,1783270904.141
1783270905,5210.651,5210.615,5210.688,1783270905.118
1783270906,5210.643,5210.607,5210.68,1783270906.150
1783270907,5210.637,5210.601,5210.674,1783270907.126
1783270908,5210.633,5210.597,5210.67,1783270908.146
1783270909,5210.627,5210.591,5210.664,1783270909.116
1783270910,5210.62,5210.583,5210.656,1783270910.152
1783270911,5210.619,5210.582,5210.655,1783270911.120
1783270912,5210.605,5210.569,5210.642,1783270912.169
1783270913,5210.589,5210.553,5210.626,1783270913.114
1783270914,5210.557,5210.52,5210.593,1783270914.149
1783270915,5210.529,5210.492,5210.565,1783270915.118
1783270916,5210.527,5210.491,5210.564,1783270916.143
1783270917,5210.523,5210.487,5210.559,1783270917.114
1783270918,5210.515,5210.479,5210.551,1783270918.136
1783270919,5210.509,5210.472,5210.545,1783270919.119
1783270920,5210.507,5210.471,5210.544,1783270920.155
1783270921,5210.492,5210.455,5210.528,1783270921.130
1783270922,5210.485,5210.448,5210.521,1783270922.383
1783270923,5210.477,5210.44,5210.513,1783270923.122
1783270924,5210.47,5210.434,5210.507,1783270924.139
1783270925,5210.461,5210.425,5210.498,1783270925.122
1783270926,5210.456,5210.42,5210.493,1783270926.143
1783270927,5210.451,5210.414,5210.487,1783270927.117
1783270928,5210.431,5210.395,5210.468,1783270928.212
1783270929,5210.426,5210.389,5210.462,1783270929.116
1783270930,5210.422,5210.385,5210.458,1783270930.160
1783270931,5210.397,5210.36,5210.433,1783270931.117
1783270932,5210.389,5210.353,5210.426,1783270932.157
1783270933,5210.374,5210.337,5210.41,1783270933.135
1783270934,5210.357,5210.321,5210.393,1783270934.128
1783270935,5210.347,5210.31,5210.383,1783270935.126
1783270936,5210.334,5210.297,5210.37,1783270936.146
1783270937,5210.32,5210.283,5210.356,1783270937.128
1783270938,5210.313,5210.277,5210.349,1783270938.130
1783270939,5210.288,5210.252,5210.325,1783270939.115
1783270940,5210.282,5210.246,5210.319,1783270940.146
1783270941,5210.277,5210.241,5210.313,1783270941.114
1783270942,5210.272,5210.236,5210.309,1783270942.162
1783270943,5210.258,5210.221,5210.294,1783270943.113
1783270944,5210.249,5210.213,5210.286,1783270944.126
1783270945,5210.245,5210.208,5210.281,1783270945.122
1783270946,5210.232,5210.195,5210.268,1783270946.155
1783270947,5210.217,5210.18,5210.253,1783270947.117
1783270948,5210.213,5210.176,5210.249,1783270948.165
1783270949,5210.207,5210.171,5210.244,1783270949.110
1783270950,5210.201,5210.165,5210.238,1783270950.139
1783270951,5210.174,5210.137,5210.21,1783270951.135
1783270952,5210.171,5210.134,5210.207,1783270952.147
1783270953,5210.167,5210.131,5210.203,1783270953.129
1783270954,5210.162,5210.126,5210.198,1783270954.133
1783270955,5210.159,5210.122,5210.195,1783270955.164
1783270956,5210.143,5210.106,5210.179,1783270956.170
1783270957,5210.137,5210.101,5210.174,1783270957.119
1783270958,5210.13,5210.094,5210.167,1783270958.248
1783270959,5210.122,5210.086,5210.159,1783270959.113
1783270960,5210.12,5210.084,5210.157,1783270960.142
1783270961,5210.117,5210.08,5210.153,1783270961.135
1783270962,5210.11,5210.074,5210.147,1783270962.159
1783270963,5210.094,5210.057,5210.13,1783270963.126
1783270964,5210.077,5210.041,5210.113,1783270964.156
1783270965,5210.059,5210.022,5210.095,1783270965.143
1783270966,5210.046,5210.009,5210.082,1783270966.154
1783270967,5210.036,5210,5210.073,1783270967.125
1783270968,5210.025,5209.989,5210.062,1783270968.161
1783270969,5210.023,5209.986,5210.059,1783270969.122
1783270970,5210.017,5209.981,5210.054,1783270970.159
1783270971,5210.014,5209.978,5210.051,1783270971.125
1783270972,5210.014,5209.978,5210.051,1783270972.134
1783270973,5210.009,5209.973,5210.045,1783270973.116
1783270974,5210.008,5209.972,5210.045,1783270974.146
1783270975,5210.003,5209.966,5210.039,1783270975.120
1783270976,5209.98,5209.943,5210.016,1783270976.145
1783270977,5209.966,5209.929,5210.002,1783270977.121
1783270978,5209.952,5209.915,5209.988,1783270978.152
1783270979,5209.951,5209.914,5209.987,1783270979.119
1783270980,5209.941,5209.905,5209.978,1783270980.167
1783270981,5209.936,5209.899,5209.972,1783270981.163
1783270982,5209.931,5209.894,5209.967,1783270982.198
1783270983,5209.916,5209.88,5209.953,1783270983.203
1783270984,5209.91,5209.873,5209.946,1783270984.192
1783270985,5209.899,5209.862,5209.935,1783270985.118
1783270986,5209.896,5209.859,5209.932,1783270986.148
1783270987,5209.869,5209.832,5209.905,1783270987.125
1783270988,5209.866,5209.829,5209.902,1783270988.248
1783270989,5209.858,5209.822,5209.895,1783270989.121
1783270990,5209.851,5209.814,5209.887,1783270990.155
1783270991,5209.844,5209.808,5209.881,1783270991.110
1783270992,5209.829,5209.792,5209.865,1783270992.142
1783270993,5209.823,5209.787,5209.86,1783270993.113
1783270994,5209.802,5209.766,5209.838,1783270994.162
1783270995,5209.774,5209.738,5209.811,1783270995.148
1783270996,5209.768,5209.731,5209.804,1783270996.150
1783270997,5209.757,5209.721,5209.794,1783270997.118
1783270998,5209.753,5209.716,5209.789,1783270998.147
1783270999,5209.746,5209.709,5209.782,1783270999.118
1783271000,5209.734,5209.698,5209.771,1783271000.150
1783271001,5209.728,5209.691,5209.764,1783271001.116
1783271002,5209.726,5209.69,5209.763,1783271002.151
1783271003,5209.714,5209.677,5209.75,1783271003.119
1783271004,5209.701,5209.664,5209.737,1783271004.173
1783271005,5209.688,5209.652,5209.725,1783271005.115
1783271006,5209.678,5209.641,5209.714,1783271006.149
1783271007,5209.676,5209.639,5209.712,1783271007.205
1783271008,5209.656,5209.62,5209.693,1783271008.136
1783271009,5209.649,5209.613,5209.686,1783271009.119
1783271010,5209.641,5209.605,5209.678,1783271010.165
1783271011,5209.625,5209.588,5209.661,1783271011.118
1783271012,5209.612,5209.576,5209.649,1783271012.148
1783271013,5209.609,5209.573,5209.646,1783271013.117
1783271014,5209.594,5209.558,5209.631,1783271014.163
1783271015,5209.578,5209.541,5209.614,1783271015.136
1783271016,5209.572,5209.536,5209.609,1783271016.150
1783271017,5209.567,5209.53,5209.603,1783271017.128
1783271018,5209.563,5209.527,5209.6,1783271018.212
1783271019,5209.545,5209.509,5209.582,1783271019.125
1783271020,5209.54,5209.503,5209.576,1783271020.152
1783271021,5209.531,5209.495,5209.568,1783271021.136
1783271022,5209.53,5209.493,5209.566,1783271022.165
1783271023,5209.514,5209.478,5209.55,1783271023.121
1783271024,5209.499,5209.462,5209.535,1783271024.145
1783271025,5209.496,5209.46,5209.533,1783271025.123
1783271026,5209.483,5209.447,5209.52,1783271026.148
1783271027,5209.476,5209.44,5209.513,1783271027.121
1783271028,5209.465,5209.428,5209.501,1783271028.156
1783271029,5209.46,5209.423,5209.496,1783271029.125
1783271030,5209.447,5209.41,5209.483,1783271030.136
1783271031,5209.429,5209.393,5209.466,1783271031.123
1783271032,5209.417,5209.381,5209.454,1783271032.139
1783271033,5209.414,5209.377,5209.45,1783271033.123
1783271034,5209.401,5209.365,5209.438,1783271034.160
1783271035,5209.388,5209.352,5209.425,1783271035.118
1783271036,5209.386,5209.35,5209.423,1783271036.165
1783271037,5209.376,5209.339,5209.412,1783271037.139
1783271038,5209.366,5209.329,5209.402,1783271038.155
1783271039,5209.358,5209.321,5209.394,1783271039.130
1783271040,5209.35,5209.313,5209.386,1783271040.159
1783271041,5209.341,5209.305,5209.378,1783271041.138
1783271042,5209.311,5209.274,5209.347,1783271042.158
1783271043,5209.31,5209.273,5209.346,1783271043.125
1783271044,5209.303,5209.267,5209.34,1783271044.179
1783271045,5209.295,5209.259,5209.332,1783271045.112
1783271046,5209.281,5209.244,5209.317,1783271046.150
1783271047,5209.264,5209.228,5209.301,1783271047.121
1783271048,5209.251,5209.214,5209.287,1783271048.204
1783271049,5209.238,5209.201,5209.274,1783271049.162
1783271050,5209.217,5209.181,5209.254,1783271050.135
1783271051,5209.202,5209.166,5209.239,1783271051.124
1783271052,5209.191,5209.154,5209.227,1783271052.132
1783271053,5209.187,5209.15,5209.223,1783271053.127
1783271054,5209.164,5209.127,5209.2,1783271054.135
1783271055,5209.162,5209.125,5209.198,1783271055.118
1783271056,5209.145,5209.108,5209.181,1783271056.130
1783271057,5209.123,5209.087,5209.16,1783271057.120
1783271058,5209.116,5209.08,5209.153,1783271058.124
1783271059,5209.11,5209.073,5209.146,1783271059.121
1783271060,5209.104,5209.067,5209.14,1783271060.151
1783271061,5209.097,5209.061,5209.133,1783271061.114
1783271062,5209.088,5209.051,5209.124,1783271062.163
1783271063,5209.07,5209.034,5209.107,1783271063.117
1783271064,5209.059,5209.022,5209.095,1783271064.147
1783271065,5209.051,5209.015,5209.088,1783271065.147
1783271066,5209.044,5209.008,5209.081,1783271066.153
1783271067,5209.039,5209.003,5209.076,1783271067.120
1783271068,5209.03,5208.994,5209.067,1783271068.142
1783271069,5209.021,5208.985,5209.058,1783271069.125
1783271070,5209.019,5208.983,5209.056,1783271070.143
1783271071,5208.989,5208.952,5209.025,1783271071.127
1783271072,5208.987,5208.951,5209.024,1783271072.246
1783271073,5208.983,5208.946,5209.019,1783271073.130
1783271074,5208.976,5208.94,5209.013,1783271074.130
1783271075,5208.955,5208.919,5208.992,1783271075.115
1783271076,5208.944,5208.908,5208.981,1783271076.151
1783271077,5208.932,5208.896,5208.968,1783271077.119
1783271078,5208.932,5208.895,5208.968,1783271078.204
1783271079,5208.909,5208.872,5208.945,1783271079.138
1783271080,5208.908,5208.872,5208.945,1783271080.124
1783271081,5208.891,5208.855,5208.928,1783271081.143
1783271082,5208.889,5208.853,5208.926,1783271082.149
1783271083,5208.884,5208.847,5208.92,1783271083.132
1783271084,5208.879,5208.843,5208.916,1783271084.138
1783271085,5208.867,5208.831,5208.904,1783271085.137
1783271086,5208.858,5208.821,5208.894,1783271086.147
1783271087,5208.833,5208.797,5208.87,1783271087.111
1783271088,5208.822,5208.785,5208.858,1783271088.126
1783271089,5208.813,5208.776,5208.849,1783271089.112
1783271090,5208.804,5208.768,5208.841,1783271090.147
1783271091,5208.791,5208.754,5208.827,1783271091.122
1783271092,5208.782,5208.746,5208.819,1783271092.157
1783271093,5208.781,5208.744,5208.817,1783271093.122
1783271094,5208.775,5208.739,5208.811,1783271094.162
1783271095,5208.765,5208.729,5208.802,1783271095.137
1783271096,5208.757,5208.72,5208.793,1783271096.141
1783271097,5208.748,5208.712,5208.785,1783271097.127
1783271098,5208.742,5208.706,5208.779,1783271098.151
1783271099,5208.739,5208.702,5208.775,1783271099.129
1783271100,5208.718,5208.682,5208.755,1783271100.154
1783271101,5208.712,5208.676,5208.749,1783271101.134
1783271102,5208.7,5208.663,5208.736,1783271102.224
1783271103,5208.698,5208.662,5208.735,1783271103.220
1783271104,5208.696,5208.66,5208.733,1783271104.233
1783271105,5208.687,5208.651,5208.724,1783271105.134
1783271106,5208.673,5208.637,5208.71,1783271106.144
1783271107,5208.658,5208.622,5208.695,1783271107.123
1783271108,5208.654,5208.618,5208.691,1783271108.134
1783271109,5208.642,5208.606,5208.679,1783271109.158
1783271110,5208.638,5208.602,5208.674,1783271110.144
1783271111,5208.636,5208.6,5208.673,1783271111.118
1783271112,5208.622,5208.586,5208.659,1783271112.133
1783271113,5208.611,5208.574,5208.647,1783271113.112
1783271114,5208.589,5208.553,5208.626,1783271114.125
1783271115,5208.582,5208.546,5208.619,1783271115.123
1783271116,5208.576,5208.54,5208.613,1783271116.129
1783271117,5208.571,5208.535,5208.608,1783271117.113
1783271118,5208.561,5208.525,5208.598,1783271118.141
1783271119,5208.553,5208.516,5208.589,1783271119.117
1783271120,5208.54,5208.504,5208.577,1783271120.144
1783271121,5208.525,5208.489,5208.562,1783271121.122
1783271122,5208.52,5208.483,5208.556,1783271122.197
1783271123,5208.514,5208.478,5208.551,1783271123.123
1783271124,5208.51,5208.474,5208.547,1783271124.147
1783271125,5208.495,5208.458,5208.531,1783271125.111
1783271126,5208.492,5208.455,5208.528,1783271126.155
1783271127,5208.488,5208.451,5208.524,1783271127.108
1783271128,5208.474,5208.437,5208.51,1783271128.149
1783271129,5208.449,5208.412,5208.485,1783271129.122
1783271130,5208.435,5208.399,5208.472,1783271130.173
1783271131,5208.419,5208.383,5208.456,1783271131.135
1783271132,5208.411,5208.374,5208.447,1783271132.152
1783271133,5208.387,5208.351,5208.424,1783271133.127
1783271134,5208.38,5208.344,5208.417,1783271134.141
1783271135,5208.355,5208.319,5208.392,1783271135.111
1783271136,5208.345,5208.309,5208.382,1783271136.121
1783271137,5208.34,5208.304,5208.377,1783271137.114
1783271138,5208.327,5208.291,5208.364,1783271138.203
1783271139,5208.316,5208.28,5208.353,1783271139.125
1783271140,5208.316,5208.28,5208.353,1783271140.123
1783271141,5208.3,5208.263,5208.336,1783271141.118
1783271142,5208.282,5208.246,5208.319,1783271142.149
1783271143,5208.263,5208.226,5208.299,1783271143.115
1783271144,5208.247,5208.211,5208.283,1783271144.134
1783271145,5208.242,5208.205,5208.278,1783271145.124
1783271146,5208.241,5208.205,5208.278,1783271146.124
1783271147,5208.239,5208.202,5208.275,1783271147.109
1783271148,5208.228,5208.192,5208.265,1783271148.128
1783271149,5208.223,5208.186,5208.259,1783271149.123
1783271150,5208.222,5208.186,5208.259,1783271150.146
1783271151,5208.216,5208.18,5208.253,1783271151.125
1783271152,5208.213,5208.177,5208.25,1783271152.128
1783271153,5208.194,5208.158,5208.231,1783271153.127
1783271154,5208.188,5208.152,5208.225,1783271154.131
1783271155,5208.166,5208.129,5208.202,1783271155.117
1783271156,5208.149,5208.113,5208.186,1783271156.132
1783271157,5208.146,5208.109,5208.182,1783271157.118
1783271158,5208.145,5208.109,5208.182,1783271158.151
1783271159,5208.127,5208.09,5208.163,1783271159.123
1783271160,5208.107,5208.071,5208.144,1783271160.146
1783271161,5208.086,5208.049,5208.122,1783271161.162
1783271162,5208.075,5208.039,5208.112,1783271162.171
1783271163,5208.059,5208.022,5208.095,1783271163.127
1783271164,5208.048,5208.011,5208.084,1783271164.163
1783271165,5208.035,5207.999,5208.072,1783271165.141
1783271166,5208.027,5207.99,5208.063,1783271166.139
1783271167,5208.01,5207.974,5208.047,1783271167.119
1783271168,5208.006,5207.97,5208.043,1783271168.212
1783271169,5207.996,5207.96,5208.033,1783271169.162
1783271170,5207.988,5207.951,5208.024,1783271170.156
1783271171,5207.978,5207.941,5208.014,1783271171.124
1783271172,5207.964,5207.928,5208.001,1783271172.152
1783271173,5207.958,5207.921,5207.994,1783271173.126
1783271174,5207.953,5207.917,5207.99,1783271174.148
1783271175,5207.933,5207.896,5207.969,1783271175.134
1783271176,5207.914,5207.878,5207.951,1783271176.146
1783271177,5207.901,5207.865,5207.938,1783271177.129
1783271178,5207.883,5207.846,5207.919,1783271178.158
1783271179,5207.87,5207.834,5207.907,1783271179.130
1783271180,5207.863,5207.826,5207.899,1783271180.131
1783271181,5207.847,5207.811,5207.884,1783271181.125
1783271182,5207.838,5207.802,5207.875,1783271182.144
1783271183,5207.834,5207.797,5207.87,1783271183.152
1783271184,5207.821,5207.785,5207.857,1783271184.138
1783271185,5207.812,5207.776,5207.849,1783271185.139
1783271186,5207.808,5207.772,5207.845,1783271186.145
1783271187,5207.79,5207.753,5207.826,1783271187.117
1783271188,5207.78,5207.743,5207.816,1783271188.131
1783271189,5207.769,5207.732,5207.805,1783271189.126
1783271190,5207.757,5207.721,5207.794,1783271190.155
1783271191,5207.74,5207.704,5207.777,1783271191.122
1783271192,5207.733,5207.697,5207.77,1783271192.143
1783271193,5207.717,5207.68,5207.753,1783271193.139
1783271194,5207.709,5207.673,5207.745,1783271194.146
1783271195,5207.68,5207.644,5207.717,1783271195.114
1783271196,5207.663,5207.626,5207.699,1783271196.151
1783271197,5207.653,5207.617,5207.69,1783271197.121
1783271198,5207.647,5207.611,5207.684,1783271198.148
1783271199,5207.629,5207.592,5207.665,1783271199.127
1783271200,5207.623,5207.586,5207.659,1783271200.136
1783271201,5207.619,5207.583,5207.656,1783271201.123
1783271202,5207.603,5207.566,5207.639,1783271202.135
1783271203,5207.589,5207.553,5207.626,1783271203.125
1783271204,5207.58,5207.543,5207.616,1783271204.155
1783271205,5207.553,5207.516,5207.589,1783271205.114
1783271206,5207.547,5207.511,5207.583,1783271206.141
1783271207,5207.523,5207.486,5207.559,1783271207.120
1783271208,5207.508,5207.471,5207.544,1783271208.163
1783271209,5207.505,5207.468,5207.541,1783271209.121
1783271210,5207.488,5207.452,5207.525,1783271210.135
1783271211,5207.463,5207.427,5207.5,1783271211.125
1783271212,5207.444,5207.408,5207.481,1783271212.160
1783271213,5207.433,5207.397,5207.47,1783271213.119
1783271214,5207.419,5207.383,5207.456,1783271214.146
1783271215,5207.415,5207.378,5207.451,1783271215.117
1783271216,5207.405,5207.369,5207.442,1783271216.171
1783271217,5207.399,5207.362,5207.435,1783271217.116
1783271218,5207.389,5207.353,5207.426,1783271218.141
1783271219,5207.376,5207.339,5207.412,1783271219.116
1783271220,5207.371,5207.335,5207.408,1783271220.135
1783271221,5207.353,5207.316,5207.389,1783271221.118
1783271222,5207.35,5207.313,5207.386,1783271222.274
1783271223,5207.328,5207.292,5207.365,1783271223.272
1783271224,5207.318,5207.282,5207.355,1783271224.138
1783271225,5207.3,5207.264,5207.337,1783271225.128
1783271226,5207.296,5207.259,5207.332,1783271226.152
1783271227,5207.286,5207.25,5207.322,1783271227.123
1783271228,5207.275,5207.239,5207.312,1783271228.246
1783271229,5207.259,5207.223,5207.296,1783271229.135
1783271230,5207.24,5207.203,5207.276,1783271230.153
1783271231,5207.232,5207.195,5207.268,1783271231.126
1783271232,5207.217,5207.18,5207.253,1783271232.125
1783271233,5207.203,5207.167,5207.239,1783271233.119
1783271234,5207.194,5207.158,5207.231,1783271234.164
1783271235,5207.194,5207.157,5207.23,1783271235.125
1783271236,5207.184,5207.148,5207.221,1783271236.145
1783271237,5207.166,5207.13,5207.203,1783271237.121
1783271238,5207.157,5207.12,5207.193,1783271238.141
1783271239,5207.15,5207.114,5207.187,1783271239.127
1783271240,5207.14,5207.104,5207.177,1783271240.149
1783271241,5207.13,5207.093,5207.166,1783271241.123
1783271242,5207.124,5207.088,5207.161,1783271242.138
1783271243,5207.107,5207.07,5207.143,1783271243.116
1783271244,5207.098,5207.061,5207.134,1783271244.203
1783271245,5207.094,5207.058,5207.131,1783271245.134
1783271246,5207.077,5207.04,5207.113,1783271246.129
1783271247,5207.06,5207.024,5207.097,1783271247.117
1783271248,5207.058,5207.021,5207.094,1783271248.147
1783271249,5207.043,5207.007,5207.08,1783271249.113
1783271250,5207.029,5206.992,5207.065,1783271250.134
1783271251,5206.999,5206.962,5207.035,1783271251.127
1783271252,5206.982,5206.945,5207.018,1783271252.149
1783271253,5206.973,5206.937,5207.01,1783271253.120
1783271254,5206.971,5206.935,5207.007,1783271254.144
1783271255,5206.971,5206.935,5207.007,1783271255.120
1783271256,5206.971,5206.934,5207.007,1783271256.145
1783271257,5206.955,5206.919,5206.992,1783271257.121
1783271258,5206.943,5206.907,5206.98,1783271258.205
1783271259,5206.93,5206.894,5206.967,1783271259.142
1783271260,5206.906,5206.869,5206.942,1783271260.162
1783271261,5206.902,5206.866,5206.938,1783271261.137
1783271262,5206.881,5206.845,5206.918,1783271262.160
1783271263,5206.868,5206.832,5206.905,1783271263.118
1783271264,5206.851,5206.815,5206.888,1783271264.153
1783271265,5206.846,5206.81,5206.883,1783271265.115
1783271266,5206.835,5206.798,5206.871,1783271266.155
1783271267,5206.824,5206.787,5206.86,1783271267.121
1783271268,5206.816,5206.78,5206.853,1783271268.260
1783271269,5206.802,5206.766,5206.838,1783271269.134
1783271270,5206.782,5206.746,5206.819,1783271270.150
1783271271,5206.78,5206.744,5206.817,1783271271.117
1783271272,5206.769,5206.732,5206.805,1783271272.144
1783271273,5206.759,5206.722,5206.795,1783271273.125
1783271274,5206.736,5206.7,5206.773,1783271274.143
1783271275,5206.714,5206.678,5206.751,1783271275.116
1783271276,5206.701,5206.664,5206.737,1783271276.132
1783271277,5206.693,5206.657,5206.73,1783271277.132
1783271278,5206.679,5206.642,5206.715,1783271278.154
1783271279,5206.667,5206.63,5206.703,1783271279.108
1783271280,5206.662,5206.625,5206.698,1783271280.158
1783271281,5206.661,5206.625,5206.697,1783271281.166
1783271282,5206.629,5206.592,5206.665,1783271282.147
1783271283,5206.613,5206.577,5206.649,1783271283.163
1783271284,5206.592,5206.555,5206.628,1783271284.218
1783271285,5206.583,5206.547,5206.62,1783271285.123
1783271286,5206.552,5206.516,5206.589,1783271286.164
1783271287,5206.551,5206.514,5206.587,1783271287.125
1783271288,5206.538,5206.501,5206.574,1783271288.206
1783271289,5206.528,5206.491,5206.564,1783271289.125
1783271290,5206.517,5206.481,5206.554,1783271290.155
1783271291,5206.511,5206.475,5206.548,1783271291.120
1783271292,5206.509,5206.473,5206.546,1783271292.145
1783271293,5206.507,5206.471,5206.544,1783271293.127
1783271294,5206.49,5206.454,5206.526,1783271294.155
1783271295,5206.482,5206.446,5206.519,1783271295.112
1783271296,5206.458,5206.421,5206.494,1783271296.141
1783271297,5206.45,5206.413,5206.486,1783271297.120
1783271298,5206.448,5206.412,5206.485,1783271298.146
1783271299,5206.433,5206.396,5206.469,1783271299.161
1783271300,5206.427,5206.391,5206.464,1783271300.141
1783271301,5206.416,5206.38,5206.453,1783271301.119
1783271302,5206.413,5206.376,5206.449,1783271302.136
1783271303,5206.397,5206.361,5206.434,1783271303.115
1783271304,5206.389,5206.353,5206.425,1783271304.137
1783271305,5206.381,5206.344,5206.417,1783271305.121
1783271306,5206.369,5206.332,5206.405,1783271306.133
1783271307,5206.355,5206.318,5206.391,1783271307.113
1783271308,5206.347,5206.31,5206.383,1783271308.155
1783271309,5206.34,5206.303,5206.376,1783271309.113
1783271310,5206.334,5206.298,5206.37,1783271310.128
1783271311,5206.313,5206.277,5206.35,1783271311.120
1783271312,5206.306,5206.27,5206.343,1783271312.161
1783271313,5206.292,5206.256,5206.329,1783271313.116
1783271314,5206.285,5206.249,5206.322,1783271314.133
1783271315,5206.269,5206.233,5206.306,1783271315.125
1783271316,5206.243,5206.207,5206.279,1783271316.161
1783271317,5206.235,5206.198,5206.271,1783271317.128
1783271318,5206.226,5206.189,5206.262,1783271318.239
1783271319,5206.217,5206.18,5206.253,1783271319.137
1783271320,5206.203,5206.167,5206.239,1783271320.145
1783271321,5206.2,5206.164,5206.237,1783271321.140
1783271322,5206.183,5206.147,5206.22,1783271322.139
1783271323,5206.175,5206.138,5206.211,1783271323.125
1783271324,5206.163,5206.126,5206.199,1783271324.149
1783271325,5206.161,5206.125,5206.198,1783271325.112
1783271326,5206.14,5206.104,5206.176,1783271326.174
1783271327,5206.134,5206.098,5206.171,1783271327.125
1783271328,5206.11,5206.073,5206.146,1783271328.132
1783271329,5206.092,5206.056,5206.129,1783271329.123
1783271330,5206.084,5206.048,5206.121,1783271330.121
1783271331,5206.079,5206.043,5206.116,1783271331.128
1783271332,5206.073,5206.036,5206.109,1783271332.145
1783271333,5206.049,5206.013,5206.086,1783271333.131
1783271334,5206.046,5206.009,5206.082,1783271334.136
1783271335,5206.034,5205.997,5206.07,1783271335.110
1783271336,5206.025,5205.989,5206.062,1783271336.131
1783271337,5206.023,5205.987,5206.06,1783271337.120
1783271338,5206.015,5205.979,5206.052,1783271338.157
1783271339,5206.002,5205.966,5206.039,1783271339.124
1783271340,5205.99,5205.954,5206.027,1783271340.158
1783271341,5205.974,5205.937,5206.01,1783271341.162
1783271342,5205.973,5205.936,5206.009,1783271342.194
1783271343,5205.964,5205.928,5206.001,1783271343.124
1783271344,5205.952,5205.916,5205.989,1783271344.167
1783271345,5205.948,5205.912,5205.985,1783271345.130
1783271346,5205.933,5205.896,5205.969,1783271346.149
1783271347,5205.91,5205.874,5205.947,1783271347.126
1783271348,5205.897,5205.86,5205.933,1783271348.204
1783271349,5205.896,5205.859,5205.932,1783271349.138
1783271350,5205.894,5205.857,5205.93,1783271350.155
1783271351,5205.889,5205.853,5205.925,1783271351.125
1783271352,5205.871,5205.835,5205.908,1783271352.144
1783271353,5205.863,5205.826,5205.899,1783271353.111
1783271354,5205.861,5205.825,5205.898,1783271354.167
1783271355,5205.856,5205.82,5205.893,1783271355.138
1783271356,5205.849,5205.813,5205.886,1783271356.153
1783271357,5205.829,5205.793,5205.866,1783271357.129
1783271358,5205.82,5205.783,5205.856,1783271358.155
1783271359,5205.811,5205.775,5205.847,1783271359.124
1783271360,5205.803,5205.766,5205.839,1783271360.142
1783271361,5205.802,5205.766,5205.839,1783271361.135
1783271362,5205.78,5205.744,5205.817,1783271362.138
1783271363,5205.761,5205.724,5205.797,1783271363.116
1783271364,5205.757,5205.721,5205.793,1783271364.152
1783271365,5205.756,5205.719,5205.792,1783271365.124
1783271366,5205.743,5205.707,5205.78,1783271366.156
1783271367,5205.715,5205.679,5205.752,1783271367.131
1783271368,5205.704,5205.668,5205.74,1783271368.126
1783271369,5205.678,5205.642,5205.715,1783271369.131
1783271370,5205.674,5205.638,5205.711,1783271370.139
1783271371,5205.668,5205.632,5205.705,1783271371.118
1783271372,5205.641,5205.605,5205.678,1783271372.136
1783271373,5205.631,5205.594,5205.667,1783271373.111
1783271374,5205.611,5205.574,5205.647,1783271374.132
1783271375,5205.586,5205.55,5205.623,1783271375.116
1783271376,5205.571,5205.534,5205.607,1783271376.157
1783271377,5205.57,5205.534,5205.607,1783271377.115
1783271378,5205.557,5205.521,5205.594,1783271378.204
1783271379,5205.539,5205.503,5205.576,1783271379.113
1783271380,5205.534,5205.497,5205.57,1783271380.165
1783271381,5205.532,5205.496,5205.569,1783271381.128
1783271382,5205.526,5205.489,5205.562,1783271382.150
1783271383,5205.524,5205.487,5205.56,1783271383.123
1783271384,5205.521,5205.484,5205.557,1783271384.127
1783271385,5205.516,5205.479,5205.552,1783271385.115
1783271386,5205.483,5205.446,5205.519,1783271386.145
1783271387,5205.469,5205.433,5205.506,1783271387.117
1783271388,5205.442,5205.406,5205.479,1783271388.159
1783271389,5205.432,5205.396,5205.468,1783271389.117
1783271390,5205.411,5205.374,5205.447,1783271390.153
1783271391,5205.402,5205.365,5205.438,1783271391.122
1783271392,5205.399,5205.362,5205.435,1783271392.132
1783271393,5205.387,5205.351,5205.424,1783271393.122
1783271394,5205.386,5205.35,5205.423,1783271394.136
1783271395,5205.373,5205.337,5205.41,1783271395.121
1783271396,5205.355,5205.319,5205.392,1783271396.162
1783271397,5205.352,5205.316,5205.389,1783271397.125
1783271398,5205.337,5205.301,5205.374,1783271398.133
1783271399,5205.333,5205.297,5205.37,1783271399.134
1783271400,5205.329,5205.293,5205.366,1783271400.159
1783271401,5205.312,5205.275,5205.348,1783271401.273
1783271402,5205.303,5205.266,5205.339,1783271402.208
1783271403,5205.286,5205.25,5205.323,1783271403.332
1783271404,5205.276,5205.24,5205.312,1783271404.139
1783271405,5205.27,5205.234,5205.307,1783271405.132
1783271406,5205.267,5205.23,5205.303,1783271406.134
1783271407,5205.26,5205.223,5205.296,1783271407.144
1783271408,5205.237,5205.2,5205.273,1783271408.206
1783271409,5205.231,5205.195,5205.268,1783271409.131
1783271410,5205.226,5205.189,5205.262,1783271410.148
1783271411,5205.206,5205.169,5205.242,1783271411.120
1783271412,5205.198,5205.162,5205.235,1783271412.132
1783271413,5205.188,5205.151,5205.224,1783271413.124
1783271414,5205.18,5205.143,5205.216,1783271414.168
1783271415,5205.179,5205.143,5205.215,1783271415.131
1783271416,5205.164,5205.127,5205.2,1783271416.141
1783271417,5205.144,5205.107,5205.18,1783271417.126
1783271418,5205.144,5205.107,5205.18,1783271418.136
1783271419,5205.129,5205.093,5205.166,1783271419.124
1783271420,5205.121,5205.085,5205.157,1783271420.156
1783271421,5205.105,5205.069,5205.141,1783271421.117
1783271422,5205.102,5205.066,5205.139,1783271422.166
1783271423,5205.089,5205.053,5205.126,1783271423.112
1783271424,5205.078,5205.042,5205.115,1783271424.154
1783271425,5205.071,5205.035,5205.107,1783271425.143
1783271426,5205.066,5205.03,5205.103,1783271426.144
1783271427,5205.065,5205.029,5205.102,1783271427.113
1783271428,5205.06,5205.023,5205.096,1783271428.153
1783271429,5205.056,5205.019,5205.092,1783271429.113
1783271430,5205.043,5205.007,5205.08,1783271430.138
1783271431,5205.042,5205.005,5205.078,1783271431.116
1783271432,5205.04,5205.003,5205.076,1783271432.162
1783271433,5205.038,5205.001,5205.074,1783271433.120
1783271434,5205.016,5204.979,5205.052,1783271434.178
1783271435,5204.992,5204.955,5205.028,1783271435.129
1783271436,5204.98,5204.943,5205.016,1783271436.148
1783271437,5204.972,5204.935,5205.008,1783271437.124
1783271438,5204.961,5204.925,5204.998,1783271438.247
1783271439,5204.956,5204.92,5204.993,1783271439.116
1783271440,5204.944,5204.907,5204.98,1783271440.135
1783271441,5204.915,5204.878,5204.951,1783271441.117
1783271442,5204.91,5204.874,5204.946,1783271442.128
1783271443,5204.883,5204.846,5204.919,1783271443.121
1783271444,5204.87,5204.833,5204.906,1783271444.145
1783271445,5204.866,5204.83,5204.903,1783271445.161
1783271446,5204.86,5204.824,5204.896,1783271446.145
1783271447,5204.844,5204.807,5204.88,1783271447.109
1783271448,5204.836,5204.8,5204.873,1783271448.155
1783271449,5204.831,5204.794,5204.867,1783271449.132
1783271450,5204.819,5204.783,5204.856,1783271450.157
1783271451,5204.807,5204.771,5204.844,1783271451.129
1783271452,5204.795,5204.759,5204.832,1783271452.149
1783271453,5204.778,5204.741,5204.814,1783271453.122
1783271454,5204.764,5204.727,5204.8,1783271454.149
1783271455,5204.753,5204.717,5204.789,1783271455.126
1783271456,5204.744,5204.708,5204.781,1783271456.164
1783271457,5204.741,5204.704,5204.777,1783271457.124
1783271458,5204.735,5204.698,5204.771,1783271458.141
1783271459,5204.729,5204.693,5204.766,1783271459.120
1783271460,5204.724,5204.687,5204.76,1783271460.156
1783271461,5204.715,5204.679,5204.752,1783271461.118
1783271462,5204.711,5204.675,5204.748,1783271462.252
1783271463,5204.686,5204.65,5204.723,1783271463.145
1783271464,5204.68,5204.644,5204.717,1783271464.151
1783271465,5204.66,5204.624,5204.697,1783271465.121
1783271466,5204.653,5204.617,5204.69,1783271466.159
1783271467,5204.646,5204.609,5204.682,1783271467.125
1783271468,5204.632,5204.596,5204.668,1783271468.244
1783271469,5204.608,5204.572,5204.644,1783271469.125
1783271470,5204.601,5204.565,5204.637,1783271470.158
1783271471,5204.6,5204.564,5204.636,1783271471.162
1783271472,5204.596,5204.559,5204.632,1783271472.146
1783271473,5204.58,5204.544,5204.617,1783271473.124
1783271474,5204.56,5204.523,5204.596,1783271474.153
1783271475,5204.546,5204.51,5204.582,1783271475.118
1783271476,5204.533,5204.496,5204.569,1783271476.153
1783271477,5204.522,5204.485,5204.558,1783271477.117
1783271478,5204.516,5204.479,5204.552,1783271478.147
1783271479,5204.511,5204.475,5204.547,1783271479.112
1783271480,5204.487,5204.451,5204.524,1783271480.137
1783271481,5204.472,5204.436,5204.508,1783271481.116
1783271482,5204.469,5204.433,5204.505,1783271482.137
1783271483,5204.448,5204.412,5204.485,1783271483.126
1783271484,5204.436,5204.399,5204.472,1783271484.164
1783271485,5204.424,5204.388,5204.461,1783271485.124
1783271486,5204.411,5204.374,5204.447,1783271486.149
1783271487,5204.408,5204.372,5204.445,1783271487.123
1783271488,5204.405,5204.368,5204.441,1783271488.139
1783271489,5204.395,5204.359,5204.432,1783271489.111
1783271490,5204.392,5204.356,5204.429,1783271490.148
1783271491,5204.376,5204.34,5204.413,1783271491.120
1783271492,5204.371,5204.335,5204.408,1783271492.150
1783271493,5204.358,5204.322,5204.395,1783271493.145
1783271494,5204.347,5204.311,5204.384,1783271494.163
1783271495,5204.346,5204.31,5204.383,1783271495.127
1783271496,5204.329,5204.292,5204.365,1783271496.157
1783271497,5204.306,5204.269,5204.342,1783271497.129
1783271498,5204.291,5204.255,5204.328,1783271498.203
1783271499,5204.286,5204.25,5204.323,1783271499.122
1783271500,5204.279,5204.243,5204.316,1783271500.173
1783271501,5204.278,5204.241,5204.314,1783271501.142
1783271502,5204.276,5204.239,5204.312,1783271502.142
1783271503,5204.267,5204.231,5204.304,1783271503.122
1783271504,5204.26,5204.223,5204.296,1783271504.159
1783271505,5204.251,5204.215,5204.288,1783271505.134
1783271506,5204.244,5204.208,5204.281,1783271506.149
1783271507,5204.24,5204.204,5204.277,1783271507.122
1783271508,5204.206,5204.17,5204.243,1783271508.160
1783271509,5204.198,5204.162,5204.234,1783271509.130
1783271510,5204.186,5204.15,5204.223,1783271510.146
1783271511,5204.17,5204.134,5204.206,1783271511.126
1783271512,5204.164,5204.127,5204.2,1783271512.137
1783271513,5204.142,5204.106,5204.179,1783271513.116
1783271514,5204.138,5204.102,5204.174,1783271514.153
1783271515,5204.136,5204.1,5204.173,1783271515.122
1783271516,5204.124,5204.088,5204.161,1783271516.135
1783271517,5204.121,5204.085,5204.158,1783271517.122
1783271518,5204.116,5204.08,5204.153,1783271518.142
1783271519,5204.107,5204.071,5204.144,1783271519.143
1783271520,5204.103,5204.066,5204.139,1783271520.182
1783271521,5204.089,5204.053,5204.126,1783271521.127
1783271522,5204.075,5204.039,5204.112,1783271522.211
1783271523,5204.055,5204.018,5204.091,1783271523.180
1783271524,5204.041,5204.004,5204.077,1783271524.244
1783271525,5204.025,5203.989,5204.062,1783271525.125
1783271526,5204.02,5203.984,5204.056,1783271526.132
1783271527,5204.01,5203.974,5204.046,1783271527.146
1783271528,5203.989,5203.953,5204.026,1783271528.203
1783271529,5203.989,5203.953,5204.026,1783271529.117
1783271530,5203.969,5203.933,5204.006,1783271530.150
1783271531,5203.955,5203.919,5203.991,1783271531.112
1783271532,5203.954,5203.918,5203.99,1783271532.135
1783271533,5203.95,5203.913,5203.986,1783271533.133
1783271534,5203.944,5203.908,5203.981,1783271534.137
1783271535,5203.935,5203.898,5203.971,1783271535.116
1783271536,5203.934,5203.898,5203.971,1783271536.132
1783271537,5203.928,5203.891,5203.964,1783271537.122
1783271538,5203.918,5203.882,5203.954,1783271538.146
1783271539,5203.901,5203.865,5203.938,1783271539.120
1783271540,5203.883,5203.846,5203.919,1783271540.151
1783271541,5203.87,5203.834,5203.906,1783271541.119
1783271542,5203.858,5203.822,5203.895,1783271542.133
1783271543,5203.836,5203.8,5203.873,1783271543.151
1783271544,5203.813,5203.777,5203.85,1783271544.136
1783271545,5203.804,5203.767,5203.84,1783271545.108
1783271546,5203.799,5203.763,5203.836,1783271546.162
1783271547,5203.793,5203.756,5203.829,1783271547.118
1783271548,5203.787,5203.751,5203.824,1783271548.145
1783271549,5203.786,5203.749,5203.822,1783271549.113
1783271550,5203.777,5203.741,5203.814,1783271550.140
1783271551,5203.769,5203.733,5203.806,1783271551.109
1783271552,5203.753,5203.717,5203.79,1783271552.126
1783271553,5203.734,5203.698,5203.771,1783271553.138
1783271554,5203.723,5203.686,5203.759,1783271554.148
1783271555,5203.704,5203.668,5203.741,1783271555.112
1783271556,5203.704,5203.668,5203.741,1783271556.137
1783271557,5203.701,5203.664,5203.737,1783271557.115
1783271558,5203.681,5203.645,5203.717,1783271558.202
1783271559,5203.664,5203.628,5203.7,1783271559.112
1783271560,5203.662,5203.626,5203.698,1783271560.138
1783271561,5203.641,5203.604,5203.677,1783271561.124
1783271562,5203.623,5203.587,5203.66,1783271562.132
1783271563,5203.616,5203.58,5203.653,1783271563.127
1783271564,5203.607,5203.571,5203.644,1783271564.144
1783271565,5203.607,5203.57,5203.643,1783271565.115
1783271566,5203.587,5203.551,5203.624,1783271566.132
1783271567,5203.571,5203.534,5203.607,1783271567.124
1783271568,5203.568,5203.531,5203.604,1783271568.124
1783271569,5203.566,5203.529,5203.602,1783271569.111
1783271570,5203.553,5203.516,5203.589,1783271570.148
1783271571,5203.546,5203.509,5203.582,1783271571.107
1783271572,5203.53,5203.494,5203.567,1783271572.158
1783271573,5203.517,5203.48,5203.553,1783271573.119
1783271574,5203.506,5203.47,5203.543,1783271574.143
1783271575,5203.5,5203.464,5203.537,1783271575.162
1783271576,5203.471,5203.435,5203.508,1783271576.156
1783271577,5203.453,5203.416,5203.489,1783271577.114
1783271578,5203.439,5203.402,5203.475,1783271578.164
1783271579,5203.417,5203.381,5203.454,1783271579.111
1783271580,5203.413,5203.377,5203.45,1783271580.144
1783271581,5203.392,5203.356,5203.429,1783271581.136
1783271582,5203.381,5203.344,5203.417,1783271582.166
1783271583,5203.375,5203.339,5203.412,1783271583.127
1783271584,5203.364,5203.328,5203.4,1783271584.171
1783271585,5203.347,5203.311,5203.384,1783271585.111
1783271586,5203.338,5203.301,5203.374,1783271586.136
1783271587,5203.33,5203.294,5203.366,1783271587.130
1783271588,5203.307,5203.27,5203.343,1783271588.168
1783271589,5203.293,5203.257,5203.33,1783271589.119
1783271590,5203.262,5203.226,5203.299,1783271590.127
1783271591,5203.256,5203.219,5203.292,1783271591.112
1783271592,5203.239,5203.203,5203.276,1783271592.142
1783271593,5203.235,5203.199,5203.271,1783271593.129
1783271594,5203.23,5203.194,5203.267,1783271594.128
1783271595,5203.209,5203.173,5203.246,1783271595.115
1783271596,5203.191,5203.154,5203.227,1783271596.130
1783271597,5203.187,5203.151,5203.223,1783271597.121
1783271598,5203.171,5203.135,5203.208,1783271598.134
1783271599,5203.165,5203.129,5203.202,1783271599.112
1783271600,5203.161,5203.124,5203.197,1783271600.156
1783271601,5203.159,5203.123,5203.195,1783271601.118
1783271602,5203.148,5203.111,5203.184,1783271602.125
1783271603,5203.144,5203.108,5203.181,1783271603.121
1783271604,5203.14,5203.103,5203.176,1783271604.127
1783271605,5203.121,5203.084,5203.157,1783271605.126
1783271606,5203.105,5203.068,5203.141,1783271606.140
1783271607,5203.098,5203.062,5203.135,1783271607.114
1783271608,5203.093,5203.056,5203.129,1783271608.130
1783271609,5203.08,5203.043,5203.116,1783271609.118
1783271610,5203.078,5203.041,5203.114,1783271610.148
1783271611,5203.063,5203.026,5203.099,1783271611.108
1783271612,5203.06,5203.023,5203.096,1783271612.130
1783271613,5203.042,5203.005,5203.078,1783271613.135
1783271614,5203.035,5202.999,5203.072,1783271614.162
1783271615,5203.028,5202.991,5203.064,1783271615.113
1783271616,5203.028,5202.991,5203.064,1783271616.131
1783271617,5203.023,5202.986,5203.059,1783271617.110
1783271618,5203.013,5202.976,5203.049,1783271618.206
1783271619,5203.003,5202.966,5203.039,1783271619.123
1783271620,5202.987,5202.95,5203.023,1783271620.157
1783271621,5202.975,5202.939,5203.012,1783271621.143
1783271622,5202.96,5202.923,5202.996,1783271622.148
1783271623,5202.958,5202.922,5202.995,1783271623.131
1783271624,5202.958,5202.922,5202.995,1783271624.145
1783271625,5202.951,5202.915,5202.988,1783271625.124
1783271626,5202.948,5202.912,5202.985,1783271626.135
1783271627,5202.942,5202.906,5202.979,1783271627.163
1783271628,5202.94,5202.904,5202.977,1783271628.127
1783271629,5202.922,5202.885,5202.958,1783271629.126
1783271630,5202.904,5202.868,5202.941,1783271630.170
1783271631,5202.903,5202.866,5202.939,1783271631.131
1783271632,5202.895,5202.859,5202.931,1783271632.124
1783271633,5202.889,5202.852,5202.925,1783271633.110
1783271634,5202.881,5202.844,5202.917,1783271634.133
1783271635,5202.871,5202.835,5202.908,1783271635.120
1783271636,5202.866,5202.829,5202.902,1783271636.148
1783271637,5202.851,5202.815,5202.887,1783271637.111
1783271638,5202.848,5202.811,5202.884,1783271638.129
1783271639,5202.83,5202.794,5202.867,1783271639.116
1783271640,5202.823,5202.787,5202.86,1783271640.140
1783271641,5202.814,5202.777,5202.85,1783271641.115
1783271642,5202.789,5202.752,5202.825,1783271642.185
1783271643,5202.783,5202.747,5202.82,1783271643.195
1783271644,5202.768,5202.731,5202.804,1783271644.225
1783271645,5202.758,5202.721,5202.794,1783271645.151
1783271646,5202.751,5202.715,5202.788,1783271646.138
1783271647,5202.737,5202.701,5202.774,1783271647.129
1783271648,5202.726,5202.69,5202.763,1783271648.250
1783271649,5202.72,5202.683,5202.756,1783271649.118
1783271650,5202.716,5202.679,5202.752,1783271650.160
1783271651,5202.697,5202.661,5202.733,1783271651.129
1783271652,5202.696,5202.659,5202.732,1783271652.131
1783271653,5202.683,5202.647,5202.72,1783271653.124
1783271654,5202.675,5202.638,5202.711,1783271654.144
1783271655,5202.674,5202.638,5202.711,1783271655.124
1783271656,5202.662,5202.626,5202.699,1783271656.137
1783271657,5202.662,5202.626,5202.698,1783271657.116
1783271658,5202.657,5202.62,5202.693,1783271658.128
1783271659,5202.65,5202.614,5202.687,1783271659.132
1783271660,5202.637,5202.6,5202.673,1783271660.140
1783271661,5202.635,5202.599,5202.671,1783271661.129
1783271662,5202.631,5202.594,5202.667,1783271662.159
1783271663,5202.611,5202.575,5202.648,1783271663.116
1783271664,5202.6,5202.564,5202.636,1783271664.141
1783271665,5202.591,5202.555,5202.628,1783271665.116
1783271666,5202.585,5202.549,5202.622,1783271666.152
1783271667,5202.576,5202.539,5202.612,1783271667.115
1783271668,5202.573,5202.537,5202.61,1783271668.133
1783271669,5202.572,5202.536,5202.609,1783271669.112
1783271670,5202.563,5202.527,5202.599,1783271670.156
1783271671,5202.55,5202.513,5202.586,1783271671.112
1783271672,5202.548,5202.511,5202.584,1783271672.128
1783271673,5202.534,5202.497,5202.57,1783271673.130
1783271674,5202.522,5202.486,5202.559,1783271674.205
1783271675,5202.504,5202.467,5202.54,1783271675.127
1783271676,5202.502,5202.465,5202.538,1783271676.134
1783271677,5202.496,5202.46,5202.533,1783271677.127
1783271678,5202.487,5202.451,5202.524,1783271678.204
1783271679,5202.471,5202.434,5202.507,1783271679.124
1783271680,5202.468,5202.431,5202.504,1783271680.135
1783271681,5202.456,5202.419,5202.492,1783271681.111
1783271682,5202.44,5202.404,5202.477,1783271682.140
1783271683,5202.428,5202.392,5202.465,1783271683.112
1783271684,5202.424,5202.387,5202.46,1783271684.146
1783271685,5202.417,5202.38,5202.453,1783271685.129
1783271686,5202.396,5202.36,5202.433,1783271686.127
1783271687,5202.395,5202.358,5202.431,1783271687.113
1783271688,5202.385,5202.349,5202.421,1783271688.168
1783271689,5202.371,5202.334,5202.407,1783271689.114
1783271690,5202.366,5202.33,5202.402,1783271690.151
1783271691,5202.354,5202.318,5202.391,1783271691.117
1783271692,5202.326,5202.289,5202.362,1783271692.142
1783271693,5202.313,5202.277,5202.35,1783271693.125
1783271694,5202.311,5202.275,5202.347,1783271694.132
1783271695,5202.302,5202.266,5202.338,1783271695.105
1783271696,5202.297,5202.261,5202.334,1783271696.153
1783271697,5202.284,5202.248,5202.321,1783271697.112
1783271698,5202.276,5202.24,5202.313,1783271698.133
1783271699,5202.26,5202.223,5202.296,1783271699.120
1783271700,5202.25,5202.213,5202.286,1783271700.144
1783271701,5202.239,5202.202,5202.275,1783271701.121
1783271702,5202.226,5202.19,5202.263,1783271702.202
1783271703,5202.206,5202.169,5202.242,1783271703.170
1783271704,5202.198,5202.161,5202.234,1783271704.141
1783271705,5202.187,5202.15,5202.223,1783271705.121
1783271706,5202.165,5202.128,5202.201,1783271706.136
1783271707,5202.149,5202.112,5202.185,1783271707.116
1783271708,5202.133,5202.096,5202.169,1783271708.201
1783271709,5202.125,5202.089,5202.162,1783271709.114
1783271710,5202.115,5202.079,5202.152,1783271710.126
1783271711,5202.103,5202.066,5202.139,1783271711.123
1783271712,5202.078,5202.041,5202.114,1783271712.145
1783271713,5202.078,5202.041,5202.114,1783271713.129
1783271714,5202.077,5202.04,5202.113,1783271714.158
1783271715,5202.063,5202.026,5202.099,1783271715.115
1783271716,5202.059,5202.022,5202.095,1783271716.156
1783271717,5202.053,5202.017,5202.09,1783271717.113
1783271718,5202.047,5202.011,5202.084,1783271718.166
1783271719,5202.029,5201.993,5202.066,1783271719.112
1783271720,5202.009,5201.973,5202.046,1783271720.140
1783271721,5201.993,5201.957,5202.03,1783271721.121
1783271722,5201.981,5201.945,5202.018,1783271722.142
1783271723,5201.967,5201.93,5202.003,1783271723.112
1783271724,5201.95,5201.914,5201.987,1783271724.133
1783271725,5201.922,5201.886,5201.959,1783271725.123
1783271726,5201.911,5201.875,5201.948,1783271726.135
1783271727,5201.9,5201.863,5201.936,1783271727.120
1783271728,5201.898,5201.862,5201.934,1783271728.131
1783271729,5201.88,5201.844,5201.917,1783271729.124
1783271730,5201.866,5201.83,5201.903,1783271730.152
1783271731,5201.847,5201.811,5201.883,1783271731.123
1783271732,5201.843,5201.807,5201.88,1783271732.147
1783271733,5201.825,5201.788,5201.861,1783271733.129
1783271734,5201.816,5201.779,5201.852,1783271734.142
1783271735,5201.81,5201.774,5201.846,1783271735.117
1783271736,5201.787,5201.75,5201.823,1783271736.135
1783271737,5201.784,5201.747,5201.82,1783271737.128
1783271738,5201.782,5201.746,5201.819,1783271738.246
1783271739,5201.764,5201.728,5201.801,1783271739.109
1783271740,5201.75,5201.714,5201.787,1783271740.141
1783271741,5201.726,5201.689,5201.762,1783271741.120
1783271742,5201.726,5201.689,5201.762,1783271742.150
1783271743,5201.702,5201.666,5201.739,1783271743.142
1783271744,5201.695,5201.658,5201.731,1783271744.135
1783271745,5201.681,5201.645,5201.718,1783271745.124
1783271746,5201.678,5201.641,5201.714,1783271746.146
1783271747,5201.675,5201.639,5201.712,1783271747.116
1783271748,5201.666,5201.63,5201.703,1783271748.152
1783271749,5201.647,5201.611,5201.684,1783271749.114
1783271750,5201.634,5201.598,5201.67,1783271750.139
1783271751,5201.621,5201.584,5201.657,1783271751.113
1783271752,5201.614,5201.578,5201.65,1783271752.141
1783271753,5201.614,5201.577,5201.65,1783271753.116
1783271754,5201.607,5201.57,5201.643,1783271754.146
1783271755,5201.607,5201.57,5201.643,1783271755.113
1783271756,5201.603,5201.566,5201.639,1783271756.131
1783271757,5201.584,5201.548,5201.62,1783271757.128
1783271758,5201.575,5201.539,5201.611,1783271758.145
1783271759,5201.556,5201.52,5201.593,1783271759.122
1783271760,5201.535,5201.498,5201.571,1783271760.131
1783271761,5201.531,5201.495,5201.568,1783271761.129
1783271762,5201.524,5201.488,5201.561,1783271762.181
1783271763,5209.374,5209.337,5209.41,1783271763.118
1783271764,5209.362,5209.326,5209.399,1783271764.192
1783271765,5209.349,5209.312,5209.385,1783271765.119
1783271766,5209.337,5209.3,5209.373,1783271766.140
1783271767,5209.33,5209.293,5209.366,1783271767.120
1783271768,5209.314,5209.278,5209.351,1783271768.202
1783271769,5209.314,5209.278,5209.351,1783271769.123
1783271770,5209.311,5209.275,5209.348,1783271770.150
1783271771,5209.289,5209.252,5209.325,1783271771.112
1783271772,5209.278,5209.241,5209.314,1783271772.134
1783271773,5209.275,5209.239,5209.312,1783271773.126
1783271774,5209.274,5209.238,5209.311,1783271774.143
1783271775,5209.27,5209.233,5209.306,1783271775.121
1783271776,5209.252,5209.215,5209.288,1783271776.158
1783271777,5209.247,5209.21,5209.283,1783271777.117
1783271778,5209.241,5209.204,5209.277,1783271778.131
1783271779,5209.217,5209.18,5209.253,1783271779.119
1783271780,5209.211,5209.175,5209.248,1783271780.137
1783271781,5209.208,5209.171,5209.244,1783271781.144
1783271782,5209.201,5209.165,5209.238,1783271782.134
1783271783,5209.182,5209.146,5209.219,1783271783.112
1783271784,5209.163,5209.127,5209.199,1783271784.135
1783271785,5209.156,5209.12,5209.193,1783271785.113
1783271786,5209.136,5209.1,5209.172,1783271786.166
1783271787,5209.115,5209.079,5209.152,1783271787.110
1783271788,5209.102,5209.065,5209.138,1783271788.129
1783271789,5209.088,5209.051,5209.124,1783271789.148
1783271790,5209.067,5209.031,5209.104,1783271790.138
1783271791,5209.065,5209.029,5209.102,1783271791.113
1783271792,5209.051,5209.015,5209.088,1783271792.131
1783271793,5209.045,5209.009,5209.082,1783271793.123
1783271794,5209.027,5208.991,5209.064,1783271794.133
1783271795,5209.019,5208.982,5209.055,1783271795.110
1783271796,5209.019,5208.982,5209.055,1783271796.150
1783271797,5209.006,5208.969,5209.042,1783271797.121
1783271798,5208.991,5208.954,5209.027,1783271798.134
1783271799,5208.983,5208.947,5209.02,1783271799.162
1783271800,5208.98,5208.943,5209.016,1783271800.144
1783271801,5208.978,5208.941,5209.014,1783271801.119
1783271802,5208.974,5208.938,5209.011,1783271802.133
1783271803,5208.965,5208.929,5209.001,1783271803.114
1783271804,5208.949,5208.913,5208.986,1783271804.146
1783271805,5208.949,5208.912,5208.985,1783271805.108
1783271806,5208.929,5208.893,5208.966,1783271806.133
1783271807,5208.902,5208.865,5208.938,1783271807.123
1783271808,5208.901,5208.864,5208.937,1783271808.141
1783271809,5208.891,5208.854,5208.927,1783271809.121
1783271810,5208.887,5208.851,5208.924,1783271810.135
1783271811,5208.88,5208.843,5208.916,1783271811.115
1783271812,5208.879,5208.843,5208.916,1783271812.146
1783271813,5208.87,5208.833,5208.906,1783271813.113
1783271814,5208.856,5208.82,5208.893,1783271814.148
1783271815,5208.839,5208.803,5208.876,1783271815.115
1783271816,5208.827,5208.791,5208.863,1783271816.153
1783271817,5208.813,5208.776,5208.849,1783271817.122
1783271818,5208.805,5208.769,5208.841,1783271818.138
1783271819,5208.787,5208.751,5208.823,1783271819.120
1783271820,5208.761,5208.725,5208.797,1783271820.187
1783271821,5208.756,5208.72,5208.793,1783271821.120
1783271822,5208.73,5208.694,5208.767,1783271822.192
1783271823,5208.717,5208.68,5208.753,1783271823.233
1783271824,5208.7,5208.664,5208.737,1783271824.153
1783271825,5208.693,5208.656,5208.729,1783271825.165
1783271826,5208.69,5208.654,5208.727,1783271826.153
1783271827,5208.666,5208.63,5208.703,1783271827.122
1783271828,5208.655,5208.618,5208.691,1783271828.136
1783271829,5208.647,5208.611,5208.684,1783271829.119
1783271830,5208.646,5208.61,5208.682,1783271830.130
1783271831,5208.608,5208.572,5208.644,1783271831.111
1783271832,5208.595,5208.559,5208.632,1783271832.152
1783271833,5208.591,5208.554,5208.627,1783271833.117
1783271834,5208.586,5208.549,5208.622,1783271834.128
1783271835,5208.57,5208.534,5208.607,1783271835.117
1783271836,5208.554,5208.518,5208.591,1783271836.141
1783271837,5208.553,5208.517,5208.59,1783271837.126
1783271838,5208.547,5208.51,5208.583,1783271838.136
1783271839,5208.534,5208.498,5208.57,1783271839.124
1783271840,5208.509,5208.473,5208.546,1783271840.133
1783271841,5208.5,5208.464,5208.537,1783271841.118
1783271842,5208.478,5208.442,5208.515,1783271842.151
1783271843,5208.461,5208.424,5208.497,1783271843.119
1783271844,5208.451,5208.414,5208.487,1783271844.140
1783271845,5208.439,5208.403,5208.476,1783271845.121
1783271846,5208.426,5208.389,5208.462,1783271846.144
1783271847,5208.412,5208.375,5208.448,1783271847.149
1783271848,5208.406,5208.37,5208.443,1783271848.138
1783271849,5208.399,5208.362,5208.435,1783271849.110
1783271850,5208.386,5208.349,5208.422,1783271850.133
1783271851,5208.376,5208.339,5208.412,1783271851.163
1783271852,5208.375,5208.339,5208.412,1783271852.165
1783271853,5208.371,5208.335,5208.408,1783271853.115
1783271854,5208.362,5208.325,5208.398,1783271854.157
1783271855,5208.344,5208.307,5208.38,1783271855.118
1783271856,5208.336,5208.3,5208.373,1783271856.140
1783271857,5208.325,5208.289,5208.362,1783271857.123
1783271858,5208.325,5208.288,5208.361,1783271858.203
1783271859,5208.313,5208.277,5208.35,1783271859.121
1783271860,5208.307,5208.271,5208.344,1783271860.151
1783271861,5208.305,5208.268,5208.341,1783271861.124
1783271862,5208.301,5208.265,5208.338,1783271862.147
1783271863,5208.275,5208.239,5208.312,1783271863.114
1783271864,5208.265,5208.228,5208.301,1783271864.143
1783271865,5208.262,5208.226,5208.299,1783271865.115
1783271866,5208.247,5208.21,5208.283,1783271866.135
1783271867,5208.241,5208.205,5208.278,1783271867.112
1783271868,5208.24,5208.204,5208.276,1783271868.138
1783271869,5208.235,5208.199,5208.272,1783271869.124
1783271870,5208.214,5208.178,5208.25,1783271870.140
1783271871,5208.192,5208.156,5208.228,1783271871.137
1783271872,5208.184,5208.147,5208.22,1783271872.138
1783271873,5208.177,5208.14,5208.213,1783271873.109
1783271874,5208.165,5208.129,5208.201,1783271874.147
1783271875,5208.152,5208.116,5208.189,1783271875.128
1783271876,5208.134,5208.098,5208.171,1783271876.148
1783271877,5208.128,5208.092,5208.165,1783271877.113
1783271878,5208.123,5208.086,5208.159,1783271878.146
1783271879,5208.12,5208.083,5208.156,1783271879.144
1783271880,5208.105,5208.068,5208.141,1783271880.164
1783271881,5208.098,5208.062,5208.134,1783271881.134
1783271882,5208.089,5208.053,5208.126,1783271882.265
1783271883,5208.076,5208.04,5208.113,1783271883.138
1783271884,5208.07,5208.033,5208.106,1783271884.321
1783271885,5208.054,5208.018,5208.091,1783271885.129
1783271886,5208.047,5208.01,5208.083,1783271886.156
1783271887,5208.023,5207.986,5208.059,1783271887.116
1783271888,5208.01,5207.974,5208.047,1783271888.126
1783271889,5207.994,5207.957,5208.03,1783271889.118
1783271890,5207.993,5207.956,5208.029,1783271890.145
1783271891,5207.982,5207.945,5208.018,1783271891.114
1783271892,5207.979,5207.942,5208.015,1783271892.130
1783271893,5207.97,5207.934,5208.007,1783271893.164
1783271894,5207.968,5207.932,5208.004,1783271894.146
1783271895,5207.968,5207.931,5208.004,1783271895.129
1783271896,5207.961,5207.925,5207.998,1783271896.143
1783271897,5207.961,5207.924,5207.997,1783271897.118
1783271898,5207.949,5207.912,5207.985,1783271898.138
1783271899,5207.948,5207.912,5207.985,1783271899.112
1783271900,5207.946,5207.91,5207.983,1783271900.125
1783271901,5207.933,5207.896,5207.969,1783271901.113
1783271902,5207.92,5207.884,5207.957,1783271902.146
1783271903,5207.904,5207.868,5207.941,1783271903.120
1783271904,5207.895,5207.859,5207.932,1783271904.159
1783271905,5207.863,5207.827,5207.9,1783271905.113
1783271906,5207.85,5207.813,5207.886,1783271906.162
1783271907,5207.831,5207.795,5207.868,1783271907.131
1783271908,5207.831,5207.795,5207.868,1783271908.132
1783271909,5207.823,5207.787,5207.86,1783271909.114
1783271910,5207.8,5207.764,5207.837,1783271910.144
1783271911,5207.79,5207.753,5207.826,1783271911.115
1783271912,5207.789,5207.752,5207.825,1783271912.139
1783271913,5207.781,5207.744,5207.817,1783271913.117
1783271914,5207.759,5207.723,5207.796,1783271914.144
1783271915,5207.753,5207.717,5207.79,1783271915.128
1783271916,5207.739,5207.703,5207.776,1783271916.144
1783271917,5207.725,5207.689,5207.762,1783271917.114
1783271918,5207.718,5207.682,5207.755,1783271918.242
1783271919,5207.713,5207.677,5207.75,1783271919.117
1783271920,5207.703,5207.666,5207.739,1783271920.164
1783271921,5207.694,5207.657,5207.73,1783271921.116
1783271922,5207.681,5207.644,5207.717,1783271922.145
1783271923,5207.679,5207.643,5207.716,1783271923.112
1783271924,5207.67,5207.634,5207.707,1783271924.128
1783271925,5207.657,5207.62,5207.693,1783271925.122
1783271926,5207.645,5207.608,5207.681,1783271926.135
1783271927,5207.622,5207.585,5207.658,1783271927.113
1783271928,5207.614,5207.578,5207.651,1783271928.144
1783271929,5207.609,5207.573,5207.645,1783271929.109
1783271930,5207.603,5207.567,5207.639,1783271930.151
1783271931,5207.578,5207.542,5207.615,1783271931.109
1783271932,5207.562,5207.526,5207.599,1783271932.173
1783271933,5207.541,5207.505,5207.578,1783271933.123
1783271934,5207.512,5207.476,5207.549,1783271934.156
1783271935,5207.505,5207.469,5207.542,1783271935.113
1783271936,5207.497,5207.461,5207.534,1783271936.154
1783271937,5207.474,5207.437,5207.51,1783271937.124
1783271938,5207.463,5207.426,5207.499,1783271938.132
1783271939,5207.461,5207.425,5207.498,1783271939.124
1783271940,5207.452,5207.416,5207.489,1783271940.166
1783271941,5207.449,5207.412,5207.485,1783271941.124
1783271942,5207.427,5207.391,5207.464,1783271942.266
1783271943,5207.42,5207.383,5207.456,1783271943.128
1783271944,5207.409,5207.373,5207.446,1783271944.162
1783271945,5207.388,5207.352,5207.425,1783271945.113
1783271946,5207.382,5207.345,5207.418,1783271946.142
1783271947,5207.381,5207.345,5207.418,1783271947.124
1783271948,5207.375,5207.338,5207.411,1783271948.201
1783271949,5207.371,5207.335,5207.408,1783271949.126
1783271950,5207.356,5207.32,5207.393,1783271950.134
1783271951,5207.343,5207.306,5207.379,1783271951.117
1783271952,5207.334,5207.298,5207.371,1783271952.149
1783271953,5207.331,5207.295,5207.368,1783271953.126
1783271954,5207.303,5207.266,5207.339,1783271954.142
1783271955,5207.286,5207.25,5207.323,1783271955.117
1783271956,5207.28,5207.244,5207.317,1783271956.157
1783271957,5207.279,5207.243,5207.315,1783271957.111
1783271958,5207.261,5207.224,5207.297,1783271958.163
1783271959,5207.26,5207.224,5207.297,1783271959.117
1783271960,5207.248,5207.212,5207.285,1783271960.133
1783271961,5207.236,5207.199,5207.272,1783271961.110
1783271962,5207.233,5207.196,5207.269,1783271962.124
1783271963,5207.233,5207.196,5207.269,1783271963.115
1783271964,5207.23,5207.194,5207.267,1783271964.128
1783271965,5207.23,5207.193,5207.266,1783271965.111
1783271966,5207.22,5207.184,5207.257,1783271966.207
1783271967,5207.218,5207.182,5207.254,1783271967.116
1783271968,5207.211,5207.174,5207.247,1783271968.165
1783271969,5207.206,5207.17,5207.243,1783271969.140
1783271970,5207.195,5207.159,5207.232,1783271970.153
1783271971,5207.188,5207.152,5207.225,1783271971.112
1783271972,5207.173,5207.136,5207.209,1783271972.132
1783271973,5207.153,5207.117,5207.19,1783271973.127
1783271974,5207.149,5207.113,5207.186,1783271974.154
1783271975,5207.121,5207.085,5207.158,1783271975.116
1783271976,5207.115,5207.078,5207.151,1783271976.133
1783271977,5207.102,5207.066,5207.139,1783271977.131
1783271978,5207.097,5207.061,5207.134,1783271978.256
1783271979,5207.09,5207.054,5207.127,1783271979.114
1783271980,5207.083,5207.047,5207.12,1783271980.128
1783271981,5207.07,5207.034,5207.107,1783271981.116
1783271982,5207.062,5207.026,5207.099,1783271982.143
1783271983,5207.053,5207.017,5207.089,1783271983.128
1783271984,5207.047,5207.011,5207.084,1783271984.130
1783271985,5207.034,5206.997,5207.07,1783271985.118
1783271986,5207.017,5206.98,5207.053,1783271986.152
1783271987,5207.002,5206.965,5207.038,1783271987.119
1783271988,5207.001,5206.964,5207.037,1783271988.148
1783271989,5206.994,5206.957,5207.03,1783271989.112
1783271990,5206.977,5206.94,5207.013,1783271990.144
1783271991,5206.976,5206.94,5207.013,1783271991.127
1783271992,5206.957,5206.921,5206.994,1783271992.161
1783271993,5206.949,5206.913,5206.986,1783271993.119
1783271994,5206.941,5206.904,5206.977,1783271994.128
1783271995,5206.914,5206.877,5206.95,1783271995.114
1783271996,5206.893,5206.856,5206.929,1783271996.137
1783271997,5206.871,5206.834,5206.907,1783271997.115
1783271998,5206.86,5206.823,5206.896,1783271998.151
1783271999,5206.856,5206.819,5206.892,1783271999.115
1783272000,5206.851,5206.815,5206.887,1783272000.146
1783272001,5206.843,5206.806,5206.879,1783272001.121
1783272002,5206.827,5206.791,5206.864,1783272002.219
1783272003,5206.814,5206.777,5206.85,1783272003.155
1783272004,5206.801,5206.764,5206.837,1783272004.200
1783272005,5206.794,5206.757,5206.83,1783272005.128
1783272006,5206.781,5206.745,5206.818,1783272006.128
1783272007,5206.778,5206.742,5206.815,1783272007.111
1783272008,5206.771,5206.735,5206.808,1783272008.209
1783272009,5206.762,5206.726,5206.799,1783272009.130
1783272010,5206.76,5206.724,5206.797,1783272010.162
1783272011,5206.745,5206.709,5206.782,1783272011.114
1783272012,5206.723,5206.687,5206.76,1783272012.134
1783272013,5206.708,5206.671,5206.744,1783272013.126
1783272014,5206.703,5206.666,5206.739,1783272014.142
1783272015,5206.699,5206.663,5206.736,1783272015.115
1783272016,5206.672,5206.636,5206.709,1783272016.160
1783272017,5206.672,5206.635,5206.708,1783272017.110
1783272018,5206.658,5206.621,5206.694,1783272018.130
1783272019,5206.641,5206.604,5206.677,1783272019.112
1783272020,5206.631,5206.594,5206.667,1783272020.133
1783272021,5206.616,5206.58,5206.653,1783272021.113
1783272022,5206.611,5206.574,5206.647,1783272022.131
1783272023,5206.603,5206.566,5206.639,1783272023.113
1783272024,5206.585,5206.548,5206.621,1783272024.144
1783272025,5206.581,5206.544,5206.617,1783272025.113
1783272026,5206.571,5206.534,5206.607,1783272026.131
1783272027,5206.556,5206.52,5206.593,1783272027.111
1783272028,5206.556,5206.52,5206.593,1783272028.130
1783272029,5206.541,5206.505,5206.578,1783272029.119
1783272030,5206.526,5206.489,5206.562,1783272030.146
1783272031,5206.52,5206.483,5206.556,1783272031.112
1783272032,5206.501,5206.464,5206.537,1783272032.136
1783272033,5206.483,5206.447,5206.52,1783272033.117
1783272034,5206.458,5206.422,5206.495,1783272034.155
1783272035,5206.455,5206.418,5206.491,1783272035.109
1783272036,5206.444,5206.408,5206.481,1783272036.133
1783272037,5206.433,5206.397,5206.47,1783272037.109
1783272038,5206.418,5206.382,5206.455,1783272038.244
1783272039,5206.414,5206.378,5206.451,1783272039.113
1783272040,5206.406,5206.37,5206.443,1783272040.133
1783272041,5206.375,5206.338,5206.411,1783272041.121
1783272042,5206.359,5206.322,5206.395,1783272042.136
1783272043,5206.358,5206.322,5206.395,1783272043.124
1783272044,5206.358,5206.321,5206.394,1783272044.129
1783272045,5206.347,5206.31,5206.383,1783272045.110
1783272046,5206.346,5206.309,5206.382,1783272046.155
1783272047,5206.341,5206.304,5206.377,1783272047.117
1783272048,5206.34,5206.304,5206.377,1783272048.134
1783272049,5206.326,5206.289,5206.362,1783272049.165
1783272050,5206.308,5206.272,5206.345,1783272050.143
1783272051,5206.297,5206.261,5206.333,1783272051.111
1783272052,5206.293,5206.257,5206.33,1783272052.151
1783272053,5206.28,5206.244,5206.317,1783272053.131
1783272054,5206.269,5206.232,5206.305,1783272054.132
1783272055,5206.267,5206.231,5206.304,1783272055.115
1783272056,5206.267,5206.231,5206.303,1783272056.121
1783272057,5206.265,5206.229,5206.302,1783272057.104
1783272058,5206.263,5206.226,5206.299,1783272058.117
1783272059,5206.249,5206.213,5206.285,1783272059.107
1783272060,5206.229,5206.193,5206.265,1783272060.123
1783272061,5206.213,5206.176,5206.249,1783272061.116
1783272062,5206.209,5206.173,5206.246,1783272062.189
1783272063,5206.208,5206.172,5206.245,1783272063.116
1783272064,5206.2,5206.163,5206.236,1783272064.134
1783272065,5206.193,5206.157,5206.23,1783272065.109
1783272066,5206.187,5206.15,5206.223,1783272066.135
1783272067,5206.177,5206.141,5206.214,1783272067.110
1783272068,5206.174,5206.138,5206.21,1783272068.200
1783272069,5206.154,5206.118,5206.191,1783272069.110
1783272070,5206.132,5206.096,5206.169,1783272070.117
1783272071,5206.11,5206.074,5206.147,1783272071.100
1783272072,5206.105,5206.069,5206.142,1783272072.117
1783272073,5206.105,5206.069,5206.142,1783272073.108
1783272074,5206.102,5206.065,5206.138,1783272074.164
1783272075,5206.096,5206.06,5206.132,1783272075.112
1783272076,5206.092,5206.056,5206.129,1783272076.127
1783272077,5206.089,5206.053,5206.126,1783272077.109
1783272078,5206.058,5206.021,5206.094,1783272078.120
1783272079,5206.05,5206.014,5206.087,1783272079.122
1783272080,5206.033,5205.997,5206.069,1783272080.124
1783272081,5206.004,5205.968,5206.041,1783272081.109
1783272082,5205.999,5205.963,5206.036,1783272082.113
1783272083,5205.994,5205.957,5206.03,1783272083.106
1783272084,5205.982,5205.945,5206.018,1783272084.143
1783272085,5205.976,5205.939,5206.012,1783272085.107
1783272086,5205.97,5205.934,5206.007,1783272086.122
1783272087,5205.949,5205.913,5205.986,1783272087.106
1783272088,5205.937,5205.901,5205.974,1783272088.154
1783272089,5205.929,5205.893,5205.966,1783272089.104
1783272090,5205.922,5205.885,5205.958,1783272090.139
1783272091,5205.921,5205.884,5205.957,1783272091.163
1783272092,5205.92,5205.883,5205.956,1783272092.127
1783272093,5205.915,5205.879,5205.952,1783272093.107
1783272094,5205.912,5205.876,5205.949,1783272094.129
1783272095,5205.891,5205.854,5205.927,1783272095.105
1783272096,5205.864,5205.827,5205.9,1783272096.128
1783272097,5205.864,5205.827,5205.9,1783272097.112
1783272098,5205.852,5205.815,5205.888,1783272098.120
1783272099,5205.848,5205.811,5205.884,1783272099.108
1783272100,5205.844,5205.808,5205.881,1783272100.126
1783272101,5205.827,5205.791,5205.864,1783272101.117
1783272102,5205.825,5205.788,5205.861,1783272102.133
1783272103,5205.815,5205.779,5205.852,1783272103.112
1783272104,5205.814,5205.777,5205.85,1783272104.125
1783272105,5205.81,5205.773,5205.846,1783272105.110
1783272106,5205.796,5205.76,5205.833,1783272106.121
1783272107,5205.794,5205.758,5205.831,1783272107.109
1783272108,5205.788,5205.751,5205.824,1783272108.129
1783272109,5205.781,5205.745,5205.817,1783272109.114
1783272110,5205.775,5205.739,5205.812,1783272110.124
1783272111,5205.767,5205.731,5205.804,1783272111.112
1783272112,5205.756,5205.72,5205.793,1783272112.249
1783272113,5205.746,5205.709,5205.782,1783272113.111
1783272114,5205.741,5205.704,5205.777,1783272114.131
1783272115,5205.731,5205.694,5205.767,1783272115.113
1783272116,5205.721,5205.684,5205.757,1783272116.127
1783272117,5205.708,5205.672,5205.745,1783272117.108
1783272118,5205.702,5205.666,5205.739,1783272118.133
1783272119,5205.697,5205.661,5205.734,1783272119.107
1783272120,5205.679,5205.642,5205.715,1783272120.138
1783272121,5205.656,5205.62,5205.693,1783272121.112
1783272122,5205.641,5205.605,5205.678,1783272122.149
1783272123,5205.613,5205.577,5205.649,1783272123.200
1783272124,5205.609,5205.573,5205.646,1783272124.147
1783272125,5205.592,5205.555,5205.628,1783272125.112
1783272126,5205.589,5205.552,5205.625,1783272126.134
1783272127,5205.575,5205.538,5205.611,1783272127.119
1783272128,5205.568,5205.531,5205.604,1783272128.123
1783272129,5205.555,5205.519,5205.592,1783272129.122
1783272130,5205.546,5205.509,5205.582,1783272130.166
1783272131,5205.542,5205.505,5205.578,1783272131.109
1783272132,5205.541,5205.504,5205.577,1783272132.125
1783272133,5205.527,5205.49,5205.563,1783272133.109
1783272134,5205.506,5205.47,5205.542,1783272134.142
1783272135,5205.505,5205.469,5205.541,1783272135.114
1783272136,5205.498,5205.462,5205.535,1783272136.122
1783272137,5205.486,5205.449,5205.522,1783272137.127
1783272138,5205.475,5205.439,5205.511,1783272138.130
1783272139,5205.458,5205.421,5205.494,1783272139.108
1783272140,5205.455,5205.418,5205.491,1783272140.163
1783272141,5205.446,5205.41,5205.483,1783272141.114
1783272142,5205.442,5205.406,5205.479,1783272142.125
1783272143,5205.436,5205.4,5205.473,1783272143.113
1783272144,5205.427,5205.391,5205.464,1783272144.128
1783272145,5205.401,5205.364,5205.437,1783272145.107
1783272146,5205.399,5205.363,5205.436,1783272146.128
1783272147,5205.387,5205.35,5205.423,1783272147.114
1783272148,5205.386,5205.35,5205.423,1783272148.245
1783272149,5205.367,5205.331,5205.404,1783272149.105
1783272150,5205.351,5205.315,5205.388,1783272150.132
1783272151,5205.335,5205.299,5205.371,1783272151.117
1783272152,5205.323,5205.287,5205.36,1783272152.126
1783272153,5205.32,5205.284,5205.357,1783272153.106
1783272154,5205.318,5205.281,5205.354,1783272154.126
1783272155,5205.311,5205.274,5205.347,1783272155.107
1783272156,5205.299,5205.262,5205.335,1783272156.130
1783272157,5205.29,5205.253,5205.326,1783272157.107
1783272158,5205.274,5205.237,5205.31,1783272158.204
1783272159,5205.256,5205.22,5205.292,1783272159.108
1783272160,5205.244,5205.207,5205.28,1783272160.140
1783272161,5205.242,5205.205,5205.278,1783272161.112
1783272162,5205.232,5205.195,5205.268,1783272162.120
1783272163,5205.22,5205.183,5205.256,1783272163.106
1783272164,5205.211,5205.174,5205.247,1783272164.128
1783272165,5205.203,5205.166,5205.239,1783272165.110
1783272166,5205.195,5205.159,5205.232,1783272166.164
1783272167,5205.189,5205.153,5205.225,1783272167.112
1783272168,5205.167,5205.13,5205.203,1783272168.125
1783272169,5205.15,5205.114,5205.187,1783272169.112
1783272170,5205.135,5205.099,5205.172,1783272170.133
1783272171,5205.123,5205.086,5205.159,1783272171.113
1783272172,5205.105,5205.068,5205.141,1783272172.131
1783272173,5205.096,5205.06,5205.133,1783272173.106
1783272174,5205.08,5205.044,5205.117,1783272174.127
1783272175,5205.068,5205.032,5205.105,1783272175.110
1783272176,5205.052,5205.016,5205.089,1783272176.140
1783272177,5205.051,5205.014,5205.087,1783272177.113
1783272178,5205.041,5205.005,5205.078,1783272178.129
1783272179,5205.027,5204.991,5205.064,1783272179.105
1783272180,5205.012,5204.976,5205.048,1783272180.140
1783272181,5205.003,5204.967,5205.04,1783272181.108
1783272182,5204.998,5204.962,5205.035,1783272182.162
1783272183,5204.986,5204.949,5205.022,1783272183.168
1783272184,5204.966,5204.929,5205.002,1783272184.138
1783272185,5204.957,5204.92,5204.993,1783272185.116
1783272186,5204.946,5204.909,5204.982,1783272186.121
1783272187,5204.929,5204.892,5204.965,1783272187.111
1783272188,5204.909,5204.873,5204.946,1783272188.154
1783272189,5204.896,5204.859,5204.932,1783272189.104
1783272190,5204.883,5204.847,5204.92,1783272190.128
1783272191,5204.877,5204.841,5204.914,1783272191.114
1783272192,5204.867,5204.831,5204.904,1783272192.125
1783272193,5204.862,5204.826,5204.899,1783272193.126
1783272194,5204.842,5204.806,5204.878,1783272194.122
1783272195,5204.842,5204.805,5204.878,1783272195.107
1783272196,5204.824,5204.787,5204.86,1783272196.134
1783272197,5204.799,5204.763,5204.836,1783272197.106
1783272198,5204.779,5204.742,5204.815,1783272198.133
1783272199,5204.774,5204.737,5204.81,1783272199.105
1783272200,5204.766,5204.73,5204.803,1783272200.119
1783272201,5204.758,5204.721,5204.794,1783272201.116
1783272202,5204.749,5204.713,5204.786,1783272202.138
1783272203,5204.744,5204.707,5204.78,1783272203.105
1783272204,5204.738,5204.702,5204.774,1783272204.122
1783272205,5204.731,5204.694,5204.767,1783272205.113
1783272206,5204.726,5204.689,5204.762,1783272206.145
1783272207,5204.715,5204.679,5204.751,1783272207.111
1783272208,5204.704,5204.667,5204.74,1783272208.136
1783272209,5204.672,5204.636,5204.709,1783272209.112
1783272210,5204.669,5204.632,5204.705,1783272210.131
1783272211,5204.657,5204.621,5204.694,1783272211.106
1783272212,5204.643,5204.607,5204.68,1783272212.136
1783272213,5204.636,5204.599,5204.672,1783272213.110
1783272214,5204.616,5204.58,5204.653,1783272214.135
1783272215,5204.613,5204.577,5204.649,1783272215.112
1783272216,5204.609,5204.572,5204.645,1783272216.154
1783272217,5204.593,5204.556,5204.629,1783272217.104
1783272218,5204.586,5204.55,5204.623,1783272218.204
1783272219,5204.575,5204.539,5204.611,1783272219.115
1783272220,5204.565,5204.528,5204.601,1783272220.140
1783272221,5204.555,5204.519,5204.592,1783272221.121
1783272222,5204.555,5204.518,5204.591,1783272222.129
1783272223,5204.553,5204.517,5204.59,1783272223.105
1783272224,5204.551,5204.514,5204.587,1783272224.133
1783272225,5204.543,5204.507,5204.58,1783272225.135
1783272226,5204.533,5204.497,5204.57,1783272226.137
1783272227,5204.531,5204.494,5204.567,1783272227.113
1783272228,5204.529,5204.492,5204.565,1783272228.166
1783272229,5204.501,5204.465,5204.538,1783272229.113
1783272230,5204.494,5204.457,5204.53,1783272230.127
1783272231,5204.474,5204.438,5204.51,1783272231.115
1783272232,5204.456,5204.42,5204.493,1783272232.135
1783272233,5204.452,5204.416,5204.489,1783272233.107
1783272234,5204.445,5204.408,5204.481,1783272234.202
1783272235,5204.443,5204.406,5204.479,1783272235.114
1783272236,5204.44,5204.404,5204.477,1783272236.127
1783272237,5204.436,5204.4,5204.473,1783272237.112
1783272238,5204.429,5204.392,5204.465,1783272238.136
1783272239,5204.421,5204.385,5204.458,1783272239.106
1783272240,5204.41,5204.373,5204.446,1783272240.148
1783272241,5204.388,5204.352,5204.425,1783272241.108
1783272242,5204.368,5204.332,5204.404,1783272242.165
1783272243,5204.364,5204.327,5204.4,1783272243.198
1783272244,5204.345,5204.309,5204.382,1783272244.132
1783272245,5204.339,5204.303,5204.376,1783272245.124
1783272246,5204.319,5204.283,5204.356,1783272246.129
1783272247,5204.305,5204.268,5204.341,1783272247.116
1783272248,5204.292,5204.255,5204.328,1783272248.205
1783272249,5204.287,5204.251,5204.324,1783272249.115
1783272250,5204.27,5204.234,5204.307,1783272250.143
1783272251,5204.249,5204.213,5204.286,1783272251.116
1783272252,5204.236,5204.199,5204.272,1783272252.129
1783272253,5204.213,5204.177,5204.25,1783272253.112
1783272254,5204.204,5204.168,5204.241,1783272254.131
1783272255,5204.203,5204.167,5204.239,1783272255.107
1783272256,5204.189,5204.152,5204.225,1783272256.124
1783272257,5204.182,5204.146,5204.218,1783272257.115
1783272258,5204.181,5204.145,5204.218,1783272258.141
1783272259,5204.17,5204.134,5204.207,1783272259.111
1783272260,5204.158,5204.121,5204.194,1783272260.129
1783272261,5204.143,5204.107,5204.18,1783272261.111
1783272262,5204.131,5204.095,5204.168,1783272262.129
1783272263,5204.112,5204.076,5204.149,1783272263.114
1783272264,5204.112,5204.075,5204.148,1783272264.130
1783272265,5204.108,5204.072,5204.145,1783272265.114
1783272266,5204.089,5204.053,5204.126,1783272266.133
1783272267,5204.07,5204.034,5204.107,1783272267.116
1783272268,5204.054,5204.018,5204.091,1783272268.131
1783272269,5204.047,5204.01,5204.083,1783272269.112
1783272270,5204.043,5204.007,5204.08,1783272270.138
1783272271,5204.036,5203.999,5204.072,1783272271.111
1783272272,5204.016,5203.98,5204.053,1783272272.131
1783272273,5204.013,5203.977,5204.049,1783272273.129
1783272274,5204.004,5203.968,5204.041,1783272274.145
1783272275,5204,5203.963,5204.036,1783272275.116
1783272276,5203.989,5203.953,5204.026,1783272276.136
1783272277,5203.986,5203.95,5204.023,1783272277.118
1783272278,5203.984,5203.947,5204.02,1783272278.134
1783272279,5203.981,5203.944,5204.017,1783272279.103
1783272280,5203.963,5203.926,5203.999,1783272280.142
1783272281,5203.947,5203.91,5203.983,1783272281.114
1783272282,5203.944,5203.908,5203.98,1783272282.146
1783272283,5203.924,5203.888,5203.961,1783272283.111
1783272284,5203.915,5203.879,5203.952,1783272284.134
1783272285,5203.911,5203.875,5203.948,1783272285.131
1783272286,5203.904,5203.867,5203.94,1783272286.133
1783272287,5203.889,5203.853,5203.926,1783272287.116
1783272288,5203.876,5203.84,5203.912,1783272288.129
1783272289,5203.86,5203.823,5203.896,1783272289.113
1783272290,5203.849,5203.812,5203.885,1783272290.168
1783272291,5203.841,5203.804,5203.877,1783272291.118
1783272292,5203.84,5203.803,5203.876,1783272292.204
1783272293,5203.836,5203.8,5203.873,1783272293.109
1783272294,5203.822,5203.786,5203.859,1783272294.132
1783272295,5203.797,5203.761,5203.833,1783272295.108
1783272296,5203.794,5203.757,5203.83,1783272296.138
1783272297,5203.774,5203.737,5203.81,1783272297.109
1783272298,5203.747,5203.711,5203.784,1783272298.137
1783272299,5203.738,5203.702,5203.775,1783272299.114
1783272300,5203.734,5203.698,5203.771,1783272300.133
1783272301,5203.733,5203.697,5203.77,1783272301.109
1783272302,5203.724,5203.687,5203.76,1783272302.138
1783272303,5203.714,5203.678,5203.75,1783272303.162
1783272304,5203.708,5203.671,5203.744,1783272304.134
1783272305,5203.677,5203.641,5203.714,1783272305.204
1783272306,5203.671,5203.634,5203.707,1783272306.123
1783272307,5203.669,5203.633,5203.706,1783272307.139
1783272308,5203.66,5203.624,5203.697,1783272308.201
1783272309,5203.657,5203.62,5203.693,1783272309.108
1783272310,5203.639,5203.603,5203.676,1783272310.134
1783272311,5203.619,5203.582,5203.655,1783272311.112
1783272312,5203.6,5203.564,5203.636,1783272312.135
1783272313,5203.578,5203.541,5203.614,1783272313.112
1783272314,5203.57,5203.533,5203.606,1783272314.144
1783272315,5203.565,5203.529,5203.601,1783272315.108
1783272316,5203.557,5203.52,5203.593,1783272316.127
1783272317,5203.551,5203.514,5203.587,1783272317.124
1783272318,5203.549,5203.513,5203.586,1783272318.128
1783272319,5203.545,5203.508,5203.581,1783272319.111
1783272320,5203.538,5203.502,5203.575,1783272320.146
1783272321,5203.508,5203.472,5203.545,1783272321.142
1783272322,5203.482,5203.445,5203.518,1783272322.135
1783272323,5203.476,5203.44,5203.512,1783272323.131
1783272324,5203.459,5203.422,5203.495,1783272324.142
1783272325,5203.454,5203.418,5203.49,1783272325.150
1783272326,5203.435,5203.398,5203.471,1783272326.121
1783272327,5203.422,5203.385,5203.458,1783272327.109
1783272328,5203.417,5203.38,5203.453,1783272328.134
1783272329,5203.408,5203.371,5203.444,1783272329.125
1783272330,5203.393,5203.356,5203.429,1783272330.136
1783272331,5203.381,5203.345,5203.418,1783272331.116
1783272332,5203.359,5203.322,5203.395,1783272332.124
1783272333,5203.358,5203.322,5203.394,1783272333.110
1783272334,5203.343,5203.306,5203.379,1783272334.134
1783272335,5203.342,5203.306,5203.379,1783272335.119
1783272336,5203.333,5203.297,5203.37,1783272336.119
1783272337,5203.307,5203.271,5203.344,1783272337.104
1783272338,5203.302,5203.265,5203.338,1783272338.244
1783272339,5203.281,5203.245,5203.318,1783272339.107
1783272340,5203.268,5203.232,5203.304,1783272340.130
1783272341,5203.246,5203.209,5203.282,1783272341.109
1783272342,5203.243,5203.207,5203.28,1783272342.163
1783272343,5203.243,5203.206,5203.279,1783272343.108
1783272344,5203.229,5203.193,5203.266,1783272344.135
1783272345,5203.224,5203.188,5203.261,1783272345.104
1783272346,5203.214,5203.178,5203.251,1783272346.140
1783272347,5203.188,5203.151,5203.224,1783272347.113
1783272348,5203.183,5203.147,5203.22,1783272348.138
1783272349,5203.174,5203.138,5203.211,1783272349.108
1783272350,5203.166,5203.13,5203.203,1783272350.140
1783272351,5203.162,5203.126,5203.199,1783272351.118
1783272352,5203.147,5203.111,5203.184,1783272352.201
1783272353,5203.141,5203.105,5203.178,1783272353.119
1783272354,5203.137,5203.101,5203.174,1783272354.135
1783272355,5203.122,5203.086,5203.159,1783272355.112
1783272356,5203.105,5203.069,5203.142,1783272356.141
1783272357,5203.091,5203.054,5203.127,1783272357.127
1783272358,5203.08,5203.043,5203.116,1783272358.200
1783272359,5203.057,5203.02,5203.093,1783272359.110
1783272360,5203.036,5202.999,5203.072,1783272360.142
1783272361,5203.026,5202.99,5203.063,1783272361.119
1783272362,5203.01,5202.974,5203.047,1783272362.235
1783272363,5203.001,5202.965,5203.038,1783272363.118
1783272364,5202.988,5202.952,5203.025,1783272364.139
1783272365,5202.978,5202.941,5203.014,1783272365.117
1783272366,5202.975,5202.938,5203.011,1783272366.122
1783272367,5202.96,5202.924,5202.997,1783272367.111
1783272368,5202.959,5202.923,5202.995,1783272368.121
1783272369,5202.95,5202.914,5202.987,1783272369.110
1783272370,5202.946,5202.91,5202.983,1783272370.146
1783272371,5202.942,5202.905,5202.978,1783272371.103
1783272372,5202.921,5202.885,5202.957,1783272372.132
1783272373,5202.917,5202.88,5202.953,1783272373.110
1783272374,5202.897,5202.86,5202.933,1783272374.126
1783272375,5202.867,5202.831,5202.904,1783272375.107
1783272376,5202.865,5202.829,5202.902,1783272376.119
1783272377,5202.855,5202.819,5202.892,1783272377.108
1783272378,5202.851,5202.815,5202.888,1783272378.131
1783272379,5202.848,5202.812,5202.884,1783272379.112
1783272380,5202.843,5202.807,5202.879,1783272380.145
1783272381,5202.84,5202.803,5202.876,1783272381.115
1783272382,5210.715,5210.679,5210.752,1783272382.141
1783272383,5210.697,5210.66,5210.733,1783272383.109
1783272384,5210.695,5210.658,5210.731,1783272384.142
1783272385,5210.683,5210.646,5210.719,1783272385.112
1783272386,5210.681,5210.645,5210.718,1783272386.140
1783272387,5210.678,5210.642,5210.715,1783272387.116
1783272388,5210.671,5210.635,5210.708,1783272388.128
1783272389,5210.662,5210.625,5210.698,1783272389.116
1783272390,5210.647,5210.61,5210.683,1783272390.138
1783272391,5210.642,5210.605,5210.678,1783272391.109
1783272392,5210.628,5210.592,5210.665,1783272392.134
1783272393,5210.627,5210.59,5210.663,1783272393.116
1783272394,5210.62,5210.583,5210.656,1783272394.129
1783272395,5210.594,5210.558,5210.631,1783272395.113
1783272396,5210.591,5210.555,5210.628,1783272396.129
1783272397,5210.587,5210.551,5210.624,1783272397.103
1783272398,5210.57,5210.533,5210.606,1783272398.126
1783272399,5210.563,5210.527,5210.6,1783272399.112
1783272400,5210.544,5210.507,5210.58,1783272400.145
1783272401,5210.522,5210.485,5210.558,1783272401.115
1783272402,5210.52,5210.484,5210.557,1783272402.131
1783272403,5210.509,5210.472,5210.545,1783272403.108
1783272404,5210.5,5210.463,5210.536,1783272404.126
1783272405,5210.483,5210.447,5210.519,1783272405.154
1783272406,5210.479,5210.443,5210.516,1783272406.121
1783272407,5210.479,5210.442,5210.515,1783272407.101
1783272408,5210.477,5210.44,5210.513,1783272408.134
1783272409,5210.47,5210.433,5210.506,1783272409.111
1783272410,5210.441,5210.405,5210.478,1783272410.121
1783272411,5210.421,5210.384,5210.457,1783272411.124
1783272412,5210.414,5210.378,5210.451,1783272412.127
1783272413,5210.396,5210.36,5210.433,1783272413.105
1783272414,5210.393,5210.356,5210.429,1783272414.122
1783272415,5210.358,5210.322,5210.395,1783272415.116
1783272416,5210.352,5210.316,5210.389,1783272416.121
1783272417,5210.347,5210.311,5210.384,1783272417.113
1783272418,5210.34,5210.303,5210.376,1783272418.134
1783272419,5210.338,5210.302,5210.375,1783272419.106
1783272420,5210.334,5210.298,5210.371,1783272420.137
1783272421,5210.329,5210.292,5210.365,1783272421.105
1783272422,5210.327,5210.291,5210.364,1783272422.199
1783272423,5210.319,5210.282,5210.355,1783272423.106
1783272424,5210.315,5210.279,5210.352,1783272424.137
1783272425,5210.291,5210.254,5210.327,1783272425.126
1783272426,5210.281,5210.244,5210.317,1783272426.131
1783272427,5210.277,5210.24,5210.313,1783272427.109
1783272428,5210.257,5210.22,5210.293,1783272428.117
1783272429,5210.245,5210.208,5210.281,1783272429.114
1783272430,5210.244,5210.208,5210.281,1783272430.163
1783272431,5210.238,5210.201,5210.274,1783272431.108
1783272432,5210.225,5210.188,5210.261,1783272432.135
1783272433,5210.218,5210.182,5210.254,1783272433.109
1783272434,5210.197,5210.16,5210.233,1783272434.132
1783272435,5210.195,5210.158,5210.231,1783272435.105
1783272436,5210.168,5210.131,5210.204,1783272436.140
1783272437,5210.156,5210.12,5210.193,1783272437.106
1783272438,5210.151,5210.114,5210.187,1783272438.140
1783272439,5210.147,5210.111,5210.183,1783272439.110
1783272440,5210.144,5210.107,5210.18,1783272440.134
1783272441,5210.143,5210.106,5210.179,1783272441.107
1783272442,5210.122,5210.085,5210.158,1783272442.128
1783272443,5210.112,5210.075,5210.148,1783272443.108
1783272444,5210.107,5210.071,5210.144,1783272444.139
1783272445,5210.098,5210.062,5210.135,1783272445.106
1783272446,5210.084,5210.048,5210.121,1783272446.132
1783272447,5210.065,5210.028,5210.101,1783272447.111
1783272448,5210.048,5210.012,5210.085,1783272448.122
1783272449,5210.042,5210.006,5210.079,1783272449.108
1783272450,5210.042,5210.006,5210.079,1783272450.126
1783272451,5210.039,5210.002,5210.075,1783272451.101
1783272452,5210.032,5209.996,5210.069,1783272452.137
1783272453,5210.026,5209.989,5210.062,1783272453.109
1783272454,5210.005,5209.969,5210.042,1783272454.130
1783272455,5209.977,5209.94,5210.013,1783272455.104
1783272456,5209.962,5209.925,5209.998,1783272456.123
1783272457,5209.96,5209.923,5209.996,1783272457.119
1783272458,5209.948,5209.911,5209.984,1783272458.134
1783272459,5209.94,5209.903,5209.976,1783272459.107
1783272460,5209.939,5209.903,5209.976,1783272460.127
1783272461,5209.936,5209.9,5209.973,1783272461.115
1783272462,5209.926,5209.889,5209.962,1783272462.128
1783272463,5209.921,5209.884,5209.957,1783272463.102
1783272464,5209.9,5209.863,5209.936,1783272464.131
1783272465,5209.876,5209.839,5209.912,1783272465.118
1783272466,5209.869,5209.833,5209.906,1783272466.124
1783272467,5209.85,5209.813,5209.886,1783272467.109
1783272468,5209.847,5209.811,5209.884,1783272468.138
1783272469,5209.833,5209.796,5209.869,1783272469.115
1783272470,5209.823,5209.786,5209.859,1783272470.148
1783272471,5209.814,5209.777,5209.85,1783272471.116
1783272472,5209.811,5209.774,5209.847,1783272472.136
1783272473,5209.793,5209.756,5209.829,1783272473.116
1783272474,5209.79,5209.753,5209.826,1783272474.127
1783272475,5209.774,5209.737,5209.81,1783272475.106
1783272476,5209.759,5209.722,5209.795,1783272476.142
1783272477,5209.745,5209.709,5209.782,1783272477.112
1783272478,5209.745,5209.709,5209.782,1783272478.135
1783272479,5209.745,5209.708,5209.781,1783272479.109
1783272480,5209.727,5209.691,5209.764,1783272480.144
1783272481,5209.716,5209.679,5209.752,1783272481.124
1783272482,5209.709,5209.673,5209.745,1783272482.129
1783272483,5209.696,5209.66,5209.733,1783272483.123
1783272484,5209.687,5209.651,5209.724,1783272484.145
1783272485,5209.679,5209.643,5209.716,1783272485.109
1783272486,5209.672,5209.635,5209.708,1783272486.133
1783272487,5209.66,5209.624,5209.696,1783272487.110
1783272488,5209.652,5209.615,5209.688,1783272488.125
1783272489,5209.648,5209.612,5209.685,1783272489.121
1783272490,5209.645,5209.609,5209.682,1783272490.133
1783272491,5209.631,5209.595,5209.668,1783272491.115
1783272492,5209.629,5209.593,5209.666,1783272492.129
1783272493,5209.628,5209.592,5209.665,1783272493.118
1783272494,5209.606,5209.569,5209.642,1783272494.141
1783272495,5209.6,5209.563,5209.636,1783272495.116
1783272496,5209.597,5209.56,5209.633,1783272496.133
1783272497,5209.594,5209.557,5209.63,1783272497.117
1783272498,5209.585,5209.549,5209.622,1783272498.134
1783272499,5209.572,5209.535,5209.608,1783272499.114
1783272500,5209.554,5209.517,5209.59,1783272500.129
1783272501,5209.547,5209.51,5209.583,1783272501.111
1783272502,5209.522,5209.485,5209.558,1783272502.132
1783272503,5209.521,5209.484,5209.557,1783272503.113
1783272504,5209.507,5209.471,5209.544,1783272504.129
1783272505,5209.497,5209.46,5209.533,1783272505.114
1783272506,5209.495,5209.459,5209.532,1783272506.128
1783272507,5209.482,5209.446,5209.519,1783272507.117
1783272508,5209.469,5209.433,5209.506,1783272508.135
1783272509,5209.445,5209.408,5209.481,1783272509.106
1783272510,5209.427,5209.39,5209.463,1783272510.140
1783272511,5209.416,5209.38,5209.453,1783272511.117
1783272512,5209.406,5209.37,5209.442,1783272512.139
1783272513,5209.394,5209.357,5209.43,1783272513.113
1783272514,5209.387,5209.351,5209.424,1783272514.131
1783272515,5209.378,5209.341,5209.414,1783272515.115
1783272516,5209.361,5209.325,5209.398,1783272516.127
1783272517,5209.354,5209.318,5209.391,1783272517.120
1783272518,5209.354,5209.317,5209.39,1783272518.264
1783272519,5209.351,5209.314,5209.387,1783272519.105
1783272520,5209.347,5209.311,5209.384,1783272520.133
1783272521,5209.323,5209.287,5209.36,1783272521.107
1783272522,5209.309,5209.272,5209.345,1783272522.135
1783272523,5209.295,5209.259,5209.332,1783272523.108
1783272524,5209.294,5209.257,5209.33,1783272524.126
1783272525,5209.289,5209.253,5209.326,1783272525.114
