epoch,quote,bid,ask,recv_ts
1783266682,2805.928,2805.908,2805.948,1783266682.167
1783266683,2805.932,2805.912,2805.952,1783266683.124
1783266684,2805.939,2805.919,2805.959,1783266684.162
1783266685,2805.949,2805.929,2805.969,1783266685.128
1783266686,2805.957,2805.937,2805.976,1783266686.149
1783266687,2805.964,2805.944,2805.983,1783266687.114
1783266688,2805.965,2805.945,2805.985,1783266688.133
1783266689,2805.967,2805.947,2805.986,1783266689.116
1783266690,2805.975,2805.956,2805.995,1783266690.149
1783266691,2805.976,2805.956,2805.995,1783266691.116
1783266692,2805.979,2805.96,2805.999,1783266692.150
1783266693,2805.99,2805.971,2806.01,1783266693.138
1783266694,2805.992,2805.972,2806.012,1783266694.148
1783266695,2806.002,2805.982,2806.022,1783266695.114
1783266696,2806.01,2805.99,2806.03,1783266696.141
1783266697,2806.02,2806,2806.04,1783266697.120
1783266698,2806.021,2806.001,2806.04,1783266698.204
1783266699,2806.026,2806.006,2806.046,1783266699.117
1783266700,2806.027,2806.008,2806.047,1783266700.143
1783266701,2806.034,2806.015,2806.054,1783266701.111
1783266702,2806.04,2806.02,2806.059,1783266702.144
1783266703,2806.042,2806.022,2806.062,1783266703.119
1783266704,2806.05,2806.03,2806.07,1783266704.139
1783266705,2806.051,2806.031,2806.07,1783266705.113
1783266706,2806.056,2806.036,2806.076,1783266706.151
1783266707,2806.06,2806.041,2806.08,1783266707.114
1783266708,2806.067,2806.047,2806.087,1783266708.138
1783266709,2806.08,2806.06,2806.099,1783266709.130
1783266710,2806.089,2806.07,2806.109,1783266710.140
1783266711,2806.091,2806.071,2806.11,1783266711.134
1783266712,2806.093,2806.073,2806.112,1783266712.158
1783266713,2806.097,2806.078,2806.117,1783266713.114
1783266714,2806.103,2806.083,2806.122,1783266714.143
1783266715,2806.104,2806.084,2806.124,1783266715.127
1783266716,2806.108,2806.088,2806.128,1783266716.173
1783266717,2806.111,2806.092,2806.131,1783266717.112
1783266718,2806.113,2806.093,2806.132,1783266718.164
1783266719,2806.117,2806.097,2806.137,1783266719.129
1783266720,2806.117,2806.098,2806.137,1783266720.202
1783266721,2806.121,2806.101,2806.14,1783266721.132
1783266722,2806.125,2806.105,2806.144,1783266722.274
1783266723,2806.129,2806.109,2806.148,1783266723.123
1783266724,2806.129,2806.109,2806.149,1783266724.229
1783266725,2806.133,2806.113,2806.153,1783266725.128
1783266726,2806.135,2806.116,2806.155,1783266726.136
1783266727,2806.144,2806.125,2806.164,1783266727.119
1783266728,2806.148,2806.128,2806.168,1783266728.201
1783266729,2806.148,2806.129,2806.168,1783266729.120
1783266730,2806.159,2806.14,2806.179,1783266730.125
1783266731,2806.17,2806.15,2806.19,1783266731.123
1783266732,2806.177,2806.157,2806.197,1783266732.150
1783266733,2806.181,2806.161,2806.2,1783266733.109
1783266734,2806.188,2806.169,2806.208,1783266734.155
1783266735,2806.19,2806.171,2806.21,1783266735.124
1783266736,2806.194,2806.174,2806.213,1783266736.137
1783266737,2806.196,2806.176,2806.216,1783266737.120
1783266738,2806.205,2806.185,2806.224,1783266738.146
1783266739,2806.211,2806.191,2806.23,1783266739.130
1783266740,2806.22,2806.201,2806.24,1783266740.141
1783266741,2806.225,2806.205,2806.244,1783266741.131
1783266742,2806.231,2806.211,2806.25,1783266742.141
1783266743,2806.237,2806.217,2806.256,1783266743.125
1783266744,2806.239,2806.219,2806.258,1783266744.171
1783266745,2806.242,2806.223,2806.262,1783266745.129
1783266746,2806.245,2806.225,2806.264,1783266746.146
1783266747,2806.25,2806.231,2806.27,1783266747.122
1783266748,2806.254,2806.234,2806.273,1783266748.173
1783266749,2806.257,2806.237,2806.276,1783266749.129
1783266750,2806.264,2806.245,2806.284,1783266750.153
1783266751,2806.265,2806.245,2806.284,1783266751.120
1783266752,2806.267,2806.247,2806.287,1783266752.137
1783266753,2806.275,2806.256,2806.295,1783266753.124
1783266754,2806.277,2806.257,2806.296,1783266754.165
1783266755,2806.289,2806.269,2806.309,1783266755.129
1783266756,2806.291,2806.271,2806.31,1783266756.138
1783266757,2806.293,2806.274,2806.313,1783266757.121
1783266758,2806.298,2806.278,2806.317,1783266758.250
1783266759,2806.31,2806.29,2806.329,1783266759.123
1783266760,2806.317,2806.297,2806.336,1783266760.169
1783266761,2806.325,2806.305,2806.344,1783266761.115
1783266762,2806.335,2806.315,2806.355,1783266762.135
1783266763,2806.343,2806.323,2806.362,1783266763.122
1783266764,2806.346,2806.326,2806.366,1783266764.141
1783266765,2806.35,2806.33,2806.369,1783266765.112
1783266766,2806.357,2806.337,2806.376,1783266766.146
1783266767,2806.365,2806.346,2806.385,1783266767.216
1783266768,2806.371,2806.351,2806.39,1783266768.175
1783266769,2806.376,2806.356,2806.396,1783266769.130
1783266770,2806.38,2806.36,2806.4,1783266770.148
1783266771,2806.389,2806.369,2806.408,1783266771.114
1783266772,2806.393,2806.373,2806.413,1783266772.155
1783266773,2806.405,2806.385,2806.425,1783266773.127
1783266774,2806.408,2806.389,2806.428,1783266774.152
1783266775,2806.412,2806.392,2806.431,1783266775.118
1783266776,2806.417,2806.398,2806.437,1783266776.156
1783266777,2806.425,2806.405,2806.445,1783266777.129
1783266778,2806.427,2806.407,2806.447,1783266778.143
1783266779,2806.438,2806.418,2806.457,1783266779.118
1783266780,2806.444,2806.424,2806.463,1783266780.163
1783266781,2806.454,2806.434,2806.473,1783266781.120
1783266782,2806.454,2806.434,2806.473,1783266782.196
1783266783,2806.456,2806.436,2806.476,1783266783.114
1783266784,2806.468,2806.448,2806.487,1783266784.152
1783266785,2806.469,2806.449,2806.488,1783266785.131
1783266786,2806.479,2806.46,2806.499,1783266786.139
1783266787,2806.49,2806.47,2806.509,1783266787.124
1783266788,2806.498,2806.479,2806.518,1783266788.203
1783266789,2806.503,2806.484,2806.523,1783266789.120
1783266790,2806.512,2806.492,2806.532,1783266790.162
1783266791,2806.524,2806.504,2806.544,1783266791.121
1783266792,2806.529,2806.509,2806.549,1783266792.153
1783266793,2806.537,2806.517,2806.557,1783266793.128
1783266794,2806.537,2806.518,2806.557,1783266794.142
1783266795,2806.54,2806.52,2806.56,1783266795.118
1783266796,2806.547,2806.527,2806.567,1783266796.148
1783266797,2806.562,2806.542,2806.581,1783266797.115
1783266798,2806.562,2806.543,2806.582,1783266798.146
1783266799,2806.564,2806.545,2806.584,1783266799.125
1783266800,2806.57,2806.55,2806.589,1783266800.137
1783266801,2806.572,2806.552,2806.591,1783266801.120
1783266802,2806.585,2806.565,2806.604,1783266802.131
1783266803,2806.596,2806.577,2806.616,1783266803.125
1783266804,2806.599,2806.579,2806.619,1783266804.145
1783266805,2806.601,2806.581,2806.62,1783266805.116
1783266806,2806.612,2806.593,2806.632,1783266806.140
1783266807,2806.613,2806.594,2806.633,1783266807.118
1783266808,2806.615,2806.596,2806.635,1783266808.162
1783266809,2806.617,2806.597,2806.636,1783266809.128
1783266810,2806.62,2806.6,2806.64,1783266810.143
1783266811,2806.627,2806.608,2806.647,1783266811.115
1783266812,2806.631,2806.612,2806.651,1783266812.140
1783266813,2806.643,2806.623,2806.662,1783266813.145
1783266814,2806.652,2806.633,2806.672,1783266814.146
1783266815,2806.66,2806.64,2806.68,1783266815.114
1783266816,2806.67,2806.65,2806.689,1783266816.165
1783266817,2806.676,2806.656,2806.696,1783266817.132
1783266818,2806.683,2806.663,2806.703,1783266818.244
1783266819,2806.692,2806.672,2806.711,1783266819.117
1783266820,2806.698,2806.678,2806.717,1783266820.134
1783266821,2806.702,2806.683,2806.722,1783266821.132
1783266822,2806.707,2806.688,2806.727,1783266822.143
1783266823,2806.717,2806.697,2806.737,1783266823.123
1783266824,2806.718,2806.698,2806.738,1783266824.135
1783266825,2806.726,2806.707,2806.746,1783266825.120
1783266826,2806.728,2806.708,2806.747,1783266826.143
1783266827,2806.734,2806.714,2806.753,1783266827.116
1783266828,2806.74,2806.721,2806.76,1783266828.139
1783266829,2806.757,2806.737,2806.776,1783266829.124
1783266830,2806.772,2806.752,2806.791,1783266830.160
1783266831,2806.778,2806.758,2806.797,1783266831.122
1783266832,2806.791,2806.771,2806.81,1783266832.133
1783266833,2806.795,2806.775,2806.814,1783266833.118
1783266834,2806.798,2806.778,2806.817,1783266834.136
1783266835,2806.798,2806.778,2806.818,1783266835.124
1783266836,2806.799,2806.779,2806.819,1783266836.133
1783266837,2806.801,2806.781,2806.821,1783266837.115
1783266838,2806.805,2806.785,2806.825,1783266838.149
1783266839,2806.805,2806.786,2806.825,1783266839.116
1783266840,2803.314,2803.294,2803.333,1783266840.143
1783266841,2803.316,2803.297,2803.336,1783266841.127
1783266842,2803.323,2803.303,2803.342,1783266842.150
1783266843,2803.329,2803.309,2803.348,1783266843.164
1783266844,2803.331,2803.312,2803.351,1783266844.147
1783266845,2803.343,2803.323,2803.362,1783266845.126
1783266846,2803.348,2803.328,2803.368,1783266846.131
1783266847,2803.361,2803.341,2803.381,1783266847.119
1783266848,2803.366,2803.347,2803.386,1783266848.204
1783266849,2803.367,2803.348,2803.387,1783266849.111
1783266850,2803.37,2803.351,2803.39,1783266850.141
1783266851,2803.38,2803.36,2803.399,1783266851.114
1783266852,2803.386,2803.367,2803.406,1783266852.164
1783266853,2803.395,2803.375,2803.415,1783266853.135
1783266854,2803.404,2803.385,2803.424,1783266854.135
1783266855,2803.415,2803.395,2803.435,1783266855.115
1783266856,2803.421,2803.401,2803.441,1783266856.151
1783266857,2803.421,2803.402,2803.441,1783266857.120
1783266858,2803.427,2803.407,2803.446,1783266858.166
1783266859,2803.434,2803.414,2803.453,1783266859.113
1783266860,2803.444,2803.424,2803.463,1783266860.164
1783266861,2803.45,2803.43,2803.469,1783266861.127
1783266862,2803.451,2803.431,2803.47,1783266862.139
1783266863,2803.461,2803.442,2803.481,1783266863.144
1783266864,2803.466,2803.446,2803.485,1783266864.149
1783266865,2803.469,2803.449,2803.488,1783266865.129
1783266866,2803.473,2803.453,2803.492,1783266866.139
1783266867,2803.482,2803.462,2803.502,1783266867.114
1783266868,2803.486,2803.466,2803.505,1783266868.129
1783266869,2803.494,2803.475,2803.514,1783266869.114
1783266870,2803.496,2803.476,2803.516,1783266870.143
1783266871,2803.503,2803.483,2803.523,1783266871.120
1783266872,2803.509,2803.49,2803.529,1783266872.155
1783266873,2803.52,2803.5,2803.539,1783266873.118
1783266874,2803.524,2803.505,2803.544,1783266874.145
1783266875,2803.532,2803.513,2803.552,1783266875.121
1783266876,2803.546,2803.527,2803.566,1783266876.149
1783266877,2803.546,2803.527,2803.566,1783266877.126
1783266878,2803.549,2803.53,2803.569,1783266878.249
1783266879,2803.551,2803.532,2803.571,1783266879.120
1783266880,2803.555,2803.536,2803.575,1783266880.131
1783266881,2803.564,2803.545,2803.584,1783266881.127
1783266882,2803.565,2803.545,2803.584,1783266882.142
1783266883,2803.568,2803.548,2803.588,1783266883.122
1783266884,2803.582,2803.562,2803.601,1783266884.129
1783266885,2803.588,2803.569,2803.608,1783266885.114
1783266886,2803.603,2803.584,2803.623,1783266886.129
1783266887,2803.609,2803.589,2803.628,1783266887.113
1783266888,2803.625,2803.605,2803.644,1783266888.139
1783266889,2803.635,2803.615,2803.654,1783266889.117
1783266890,2803.635,2803.615,2803.654,1783266890.136
1783266891,2803.642,2803.622,2803.662,1783266891.110
1783266892,2803.642,2803.623,2803.662,1783266892.147
1783266893,2803.652,2803.632,2803.671,1783266893.113
1783266894,2803.665,2803.646,2803.685,1783266894.148
1783266895,2803.667,2803.647,2803.687,1783266895.116
1783266896,2803.668,2803.648,2803.687,1783266896.134
1783266897,2803.676,2803.657,2803.696,1783266897.120
1783266898,2803.679,2803.66,2803.699,1783266898.137
1783266899,2803.691,2803.672,2803.711,1783266899.112
1783266900,2803.712,2803.693,2803.732,1783266900.148
1783266901,2803.718,2803.698,2803.738,1783266901.118
1783266902,2803.722,2803.703,2803.742,1783266902.353
1783266903,2803.729,2803.71,2803.749,1783266903.166
1783266904,2803.736,2803.717,2803.756,1783266904.276
1783266905,2803.75,2803.73,2803.769,1783266905.127
1783266906,2803.754,2803.735,2803.774,1783266906.151
1783266907,2803.763,2803.744,2803.783,1783266907.124
1783266908,2803.772,2803.752,2803.791,1783266908.202
1783266909,2803.78,2803.76,2803.799,1783266909.114
1783266910,2803.793,2803.773,2803.812,1783266910.136
1783266911,2803.806,2803.786,2803.826,1783266911.123
1783266912,2803.808,2803.788,2803.827,1783266912.143
1783266913,2803.814,2803.794,2803.833,1783266913.126
1783266914,2803.819,2803.799,2803.838,1783266914.140
1783266915,2803.827,2803.807,2803.846,1783266915.132
1783266916,2803.833,2803.814,2803.853,1783266916.303
1783266917,2803.841,2803.822,2803.861,1783266917.116
1783266918,2803.856,2803.836,2803.875,1783266918.139
1783266919,2803.857,2803.837,2803.877,1783266919.119
1783266920,2803.858,2803.838,2803.877,1783266920.136
1783266921,2803.859,2803.839,2803.878,1783266921.121
1783266922,2803.868,2803.848,2803.887,1783266922.139
1783266923,2803.878,2803.858,2803.898,1783266923.114
1783266924,2803.885,2803.865,2803.905,1783266924.134
1783266925,2803.891,2803.872,2803.911,1783266925.144
1783266926,2803.893,2803.874,2803.913,1783266926.134
1783266927,2803.897,2803.877,2803.916,1783266927.120
1783266928,2803.906,2803.887,2803.926,1783266928.149
1783266929,2803.908,2803.889,2803.928,1783266929.125
1783266930,2803.91,2803.891,2803.93,1783266930.156
1783266931,2803.919,2803.9,2803.939,1783266931.112
1783266932,2803.928,2803.908,2803.948,1783266932.135
1783266933,2803.937,2803.917,2803.956,1783266933.123
1783266934,2803.937,2803.917,2803.957,1783266934.131
1783266935,2803.944,2803.925,2803.964,1783266935.123
1783266936,2803.956,2803.937,2803.976,1783266936.145
1783266937,2803.968,2803.948,2803.987,1783266937.112
1783266938,2803.972,2803.952,2803.991,1783266938.207
1783266939,2803.973,2803.954,2803.993,1783266939.118
1783266940,2803.976,2803.957,2803.996,1783266940.162
1783266941,2803.983,2803.963,2804.002,1783266941.121
1783266942,2803.993,2803.974,2804.013,1783266942.136
1783266943,2804.004,2803.984,2804.024,1783266943.123
1783266944,2804.01,2803.99,2804.029,1783266944.143
1783266945,2804.02,2804,2804.04,1783266945.121
1783266946,2804.027,2804.007,2804.046,1783266946.157
1783266947,2804.027,2804.008,2804.047,1783266947.112
1783266948,2804.034,2804.014,2804.053,1783266948.164
1783266949,2804.038,2804.018,2804.058,1783266949.152
1783266950,2804.04,2804.02,2804.06,1783266950.145
1783266951,2804.044,2804.025,2804.064,1783266951.113
1783266952,2804.046,2804.026,2804.065,1783266952.140
1783266953,2804.047,2804.027,2804.067,1783266953.109
1783266954,2804.053,2804.034,2804.073,1783266954.132
1783266955,2804.058,2804.039,2804.078,1783266955.113
1783266956,2804.064,2804.044,2804.083,1783266956.147
1783266957,2804.07,2804.05,2804.089,1783266957.122
1783266958,2804.077,2804.058,2804.097,1783266958.131
1783266959,2804.083,2804.063,2804.102,1783266959.109
1783266960,2804.086,2804.066,2804.106,1783266960.145
1783266961,2804.087,2804.067,2804.106,1783266961.119
1783266962,2804.092,2804.073,2804.112,1783266962.313
1783266963,2804.106,2804.086,2804.126,1783266963.144
1783266964,2804.112,2804.093,2804.132,1783266964.138
1783266965,2804.124,2804.104,2804.144,1783266965.120
1783266966,2804.124,2804.105,2804.144,1783266966.141
1783266967,2804.131,2804.111,2804.151,1783266967.113
1783266968,2804.146,2804.126,2804.166,1783266968.201
1783266969,2804.149,2804.129,2804.168,1783266969.122
1783266970,2804.155,2804.135,2804.174,1783266970.150
1783266971,2804.16,2804.14,2804.179,1783266971.111
1783266972,2804.165,2804.145,2804.184,1783266972.129
1783266973,2804.168,2804.148,2804.187,1783266973.121
1783266974,2804.171,2804.152,2804.191,1783266974.159
1783266975,2804.179,2804.16,2804.199,1783266975.124
1783266976,2804.191,2804.171,2804.211,1783266976.140
1783266977,2804.192,2804.172,2804.212,1783266977.125
1783266978,2804.195,2804.175,2804.215,1783266978.162
1783266979,2804.201,2804.181,2804.22,1783266979.112
1783266980,2804.205,2804.186,2804.225,1783266980.134
1783266981,2804.22,2804.2,2804.239,1783266981.115
1783266982,2804.226,2804.207,2804.246,1783266982.140
1783266983,2804.229,2804.209,2804.248,1783266983.150
1783266984,2804.238,2804.218,2804.257,1783266984.144
1783266985,2804.249,2804.229,2804.268,1783266985.111
1783266986,2804.25,2804.23,2804.27,1783266986.144
1783266987,2804.254,2804.235,2804.274,1783266987.118
1783266988,2804.264,2804.244,2804.284,1783266988.144
1783266989,2804.273,2804.253,2804.293,1783266989.111
1783266990,2804.275,2804.256,2804.295,1783266990.151
1783266991,2804.28,2804.26,2804.299,1783266991.113
1783266992,2804.281,2804.261,2804.3,1783266992.171
1783266993,2804.288,2804.268,2804.307,1783266993.119
1783266994,2804.288,2804.268,2804.307,1783266994.133
1783266995,2804.292,2804.272,2804.311,1783266995.111
1783266996,2804.296,2804.277,2804.316,1783266996.132
1783266997,2804.297,2804.278,2804.317,1783266997.116
1783266998,2804.307,2804.287,2804.327,1783266998.202
1783266999,2804.31,2804.29,2804.33,1783266999.117
1783267000,2804.311,2804.291,2804.33,1783267000.141
1783267001,2804.316,2804.296,2804.336,1783267001.112
1783267002,2804.322,2804.302,2804.341,1783267002.145
1783267003,2804.332,2804.313,2804.352,1783267003.122
1783267004,2804.333,2804.314,2804.353,1783267004.135
1783267005,2804.337,2804.317,2804.356,1783267005.162
1783267006,2804.338,2804.319,2804.358,1783267006.144
1783267007,2804.349,2804.329,2804.368,1783267007.109
1783267008,2804.354,2804.334,2804.373,1783267008.133
1783267009,2804.362,2804.342,2804.382,1783267009.116
1783267010,2804.365,2804.345,2804.385,1783267010.168
1783267011,2804.374,2804.354,2804.393,1783267011.114
1783267012,2804.382,2804.362,2804.401,1783267012.146
1783267013,2804.389,2804.369,2804.408,1783267013.115
1783267014,2804.395,2804.376,2804.415,1783267014.159
1783267015,2804.396,2804.376,2804.415,1783267015.127
1783267016,2804.4,2804.38,2804.42,1783267016.134
1783267017,2804.406,2804.386,2804.426,1783267017.150
1783267018,2804.408,2804.388,2804.428,1783267018.142
1783267019,2804.413,2804.393,2804.433,1783267019.121
1783267020,2804.419,2804.4,2804.439,1783267020.152
1783267021,2804.423,2804.403,2804.442,1783267021.119
1783267022,2804.424,2804.404,2804.443,1783267022.260
1783267023,2804.429,2804.41,2804.449,1783267023.131
1783267024,2804.431,2804.411,2804.45,1783267024.183
1783267025,2804.431,2804.411,2804.45,1783267025.115
1783267026,2804.438,2804.418,2804.458,1783267026.140
1783267027,2804.447,2804.427,2804.467,1783267027.121
1783267028,2804.45,2804.43,2804.47,1783267028.220
1783267029,2804.459,2804.44,2804.479,1783267029.112
1783267030,2804.463,2804.443,2804.482,1783267030.134
1783267031,2804.463,2804.443,2804.482,1783267031.114
1783267032,2804.474,2804.455,2804.494,1783267032.135
1783267033,2804.476,2804.456,2804.496,1783267033.120
1783267034,2804.482,2804.462,2804.501,1783267034.142
1783267035,2804.488,2804.468,2804.507,1783267035.137
1783267036,2804.502,2804.483,2804.522,1783267036.145
1783267037,2804.504,2804.484,2804.523,1783267037.124
1783267038,2804.509,2804.489,2804.529,1783267038.142
1783267039,2804.512,2804.492,2804.531,1783267039.113
1783267040,2804.518,2804.498,2804.537,1783267040.142
1783267041,2804.518,2804.499,2804.538,1783267041.132
1783267042,2804.524,2804.504,2804.543,1783267042.149
1783267043,2804.533,2804.513,2804.552,1783267043.119
1783267044,2804.536,2804.516,2804.556,1783267044.132
1783267045,2804.536,2804.516,2804.556,1783267045.117
1783267046,2804.537,2804.518,2804.557,1783267046.150
1783267047,2804.548,2804.528,2804.567,1783267047.120
1783267048,2804.551,2804.531,2804.571,1783267048.138
1783267049,2804.56,2804.54,2804.579,1783267049.117
1783267050,2804.571,2804.552,2804.591,1783267050.146
1783267051,2804.574,2804.555,2804.594,1783267051.120
1783267052,2804.575,2804.555,2804.594,1783267052.154
1783267053,2804.579,2804.56,2804.599,1783267053.125
1783267054,2804.589,2804.57,2804.609,1783267054.134
1783267055,2804.59,2804.57,2804.609,1783267055.115
1783267056,2804.604,2804.585,2804.624,1783267056.135
1783267057,2804.61,2804.59,2804.63,1783267057.109
1783267058,2804.61,2804.59,2804.63,1783267058.209
1783267059,2804.61,2804.591,2804.63,1783267059.120
1783267060,2804.617,2804.597,2804.636,1783267060.165
1783267061,2804.624,2804.605,2804.644,1783267061.130
1783267062,2804.627,2804.608,2804.647,1783267062.202
1783267063,2804.635,2804.616,2804.655,1783267063.105
1783267064,2804.641,2804.621,2804.661,1783267064.134
1783267065,2804.648,2804.628,2804.667,1783267065.124
1783267066,2804.656,2804.637,2804.676,1783267066.135
1783267067,2804.671,2804.651,2804.691,1783267067.163
1783267068,2804.678,2804.659,2804.698,1783267068.140
1783267069,2804.687,2804.668,2804.707,1783267069.109
1783267070,2804.688,2804.668,2804.707,1783267070.148
1783267071,2804.695,2804.675,2804.714,1783267071.112
1783267072,2804.696,2804.676,2804.715,1783267072.137
1783267073,2804.699,2804.679,2804.718,1783267073.113
1783267074,2804.707,2804.688,2804.727,1783267074.138
1783267075,2804.713,2804.694,2804.733,1783267075.116
1783267076,2804.728,2804.708,2804.748,1783267076.142
1783267077,2804.728,2804.709,2804.748,1783267077.119
1783267078,2804.73,2804.71,2804.749,1783267078.152
1783267079,2804.733,2804.713,2804.752,1783267079.114
1783267080,2804.737,2804.718,2804.757,1783267080.134
1783267081,2804.74,2804.72,2804.759,1783267081.124
1783267082,2804.744,2804.725,2804.764,1783267082.170
1783267083,2804.745,2804.726,2804.765,1783267083.299
1783267084,2804.746,2804.727,2804.766,1783267084.155
1783267085,2804.753,2804.733,2804.772,1783267085.144
1783267086,2804.762,2804.742,2804.782,1783267086.158
1783267087,2804.768,2804.748,2804.787,1783267087.124
1783267088,2804.772,2804.752,2804.791,1783267088.135
1783267089,2804.78,2804.76,2804.799,1783267089.108
1783267090,2804.783,2804.763,2804.802,1783267090.169
1783267091,2804.786,2804.767,2804.806,1783267091.117
1783267092,2804.791,2804.772,2804.811,1783267092.170
1783267093,2804.795,2804.775,2804.814,1783267093.128
1783267094,2804.799,2804.78,2804.819,1783267094.150
1783267095,2804.809,2804.789,2804.828,1783267095.123
1783267096,2804.809,2804.789,2804.828,1783267096.157
1783267097,2804.812,2804.793,2804.832,1783267097.118
1783267098,2804.814,2804.794,2804.834,1783267098.163
1783267099,2804.815,2804.795,2804.834,1783267099.119
1783267100,2804.815,2804.795,2804.835,1783267100.148
1783267101,2804.822,2804.802,2804.842,1783267101.121
1783267102,2804.826,2804.806,2804.846,1783267102.139
1783267103,2804.831,2804.811,2804.851,1783267103.111
1783267104,2804.836,2804.816,2804.856,1783267104.145
1783267105,2804.845,2804.826,2804.865,1783267105.110
1783267106,2804.849,2804.829,2804.869,1783267106.133
1783267107,2804.859,2804.84,2804.879,1783267107.116
1783267108,2804.869,2804.849,2804.888,1783267108.148
1783267109,2804.882,2804.862,2804.902,1783267109.123
1783267110,2804.888,2804.869,2804.908,1783267110.139
1783267111,2804.892,2804.872,2804.912,1783267111.112
1783267112,2804.894,2804.875,2804.914,1783267112.135
1783267113,2804.896,2804.876,2804.915,1783267113.124
1783267114,2804.904,2804.884,2804.924,1783267114.139
1783267115,2804.914,2804.894,2804.933,1783267115.121
1783267116,2804.919,2804.899,2804.938,1783267116.162
1783267117,2804.929,2804.91,2804.949,1783267117.138
1783267118,2804.935,2804.916,2804.955,1783267118.207
1783267119,2804.946,2804.927,2804.966,1783267119.118
1783267120,2804.949,2804.929,2804.968,1783267120.145
1783267121,2804.959,2804.939,2804.979,1783267121.111
1783267122,2804.971,2804.951,2804.99,1783267122.148
1783267123,2804.974,2804.955,2804.994,1783267123.122
1783267124,2804.979,2804.96,2804.999,1783267124.150
1783267125,2804.992,2804.972,2805.011,1783267125.115
1783267126,2804.996,2804.977,2805.016,1783267126.257
1783267127,2805.002,2804.982,2805.021,1783267127.117
1783267128,2805.01,2804.991,2805.03,1783267128.154
1783267129,2805.011,2804.991,2805.03,1783267129.116
1783267130,2805.014,2804.994,2805.034,1783267130.159
1783267131,2805.024,2805.005,2805.044,1783267131.126
1783267132,2805.031,2805.012,2805.051,1783267132.158
1783267133,2805.039,2805.02,2805.059,1783267133.113
1783267134,2805.041,2805.022,2805.061,1783267134.144
1783267135,2805.046,2805.027,2805.066,1783267135.122
1783267136,2805.051,2805.031,2805.07,1783267136.165
1783267137,2805.062,2805.042,2805.081,1783267137.126
1783267138,2805.083,2805.063,2805.102,1783267138.149
1783267139,2805.091,2805.071,2805.11,1783267139.164
1783267140,2805.094,2805.074,2805.113,1783267140.155
1783267141,2805.098,2805.078,2805.117,1783267141.126
1783267142,2805.102,2805.082,2805.121,1783267142.319
1783267143,2805.104,2805.084,2805.123,1783267143.127
1783267144,2805.107,2805.087,2805.126,1783267144.172
1783267145,2805.108,2805.089,2805.128,1783267145.121
1783267146,2805.112,2805.092,2805.131,1783267146.137
1783267147,2805.118,2805.098,2805.137,1783267147.113
1783267148,2805.127,2805.107,2805.146,1783267148.205
1783267149,2805.139,2805.119,2805.159,1783267149.114
1783267150,2805.145,2805.125,2805.165,1783267150.141
1783267151,2805.158,2805.138,2805.178,1783267151.119
1783267152,2805.171,2805.152,2805.191,1783267152.140
1783267153,2805.177,2805.158,2805.197,1783267153.128
1783267154,2805.182,2805.162,2805.202,1783267154.152
1783267155,2805.186,2805.166,2805.206,1783267155.132
1783267156,2805.188,2805.168,2805.207,1783267156.145
1783267157,2805.189,2805.169,2805.208,1783267157.133
1783267158,2805.195,2805.175,2805.215,1783267158.144
1783267159,2805.207,2805.187,2805.226,1783267159.126
1783267160,2805.21,2805.19,2805.229,1783267160.153
1783267161,2805.216,2805.196,2805.235,1783267161.129
1783267162,2805.219,2805.199,2805.238,1783267162.141
1783267163,2805.222,2805.202,2805.241,1783267163.132
1783267164,2805.227,2805.207,2805.246,1783267164.149
1783267165,2805.231,2805.211,2805.25,1783267165.163
1783267166,2805.233,2805.214,2805.253,1783267166.152
1783267167,2805.236,2805.217,2805.256,1783267167.120
1783267168,2805.244,2805.224,2805.264,1783267168.156
1783267169,2805.254,2805.234,2805.273,1783267169.126
1783267170,2805.265,2805.245,2805.285,1783267170.146
1783267171,2805.274,2805.254,2805.293,1783267171.113
1783267172,2805.278,2805.258,2805.297,1783267172.140
1783267173,2805.28,2805.261,2805.3,1783267173.123
1783267174,2805.287,2805.267,2805.306,1783267174.139
1783267175,2805.289,2805.27,2805.309,1783267175.123
1783267176,2805.301,2805.281,2805.32,1783267176.145
1783267177,2805.307,2805.287,2805.327,1783267177.124
1783267178,2805.307,2805.288,2805.327,1783267178.202
1783267179,2805.308,2805.289,2805.328,1783267179.118
1783267180,2805.314,2805.295,2805.334,1783267180.144
1783267181,2805.32,2805.3,2805.34,1783267181.115
1783267182,2805.323,2805.304,2805.343,1783267182.150
1783267183,2805.326,2805.306,2805.346,1783267183.110
1783267184,2805.327,2805.307,2805.346,1783267184.143
1783267185,2805.331,2805.311,2805.35,1783267185.126
1783267186,2805.337,2805.317,2805.356,1783267186.145
1783267187,2805.339,2805.319,2805.359,1783267187.131
1783267188,2805.343,2805.323,2805.363,1783267188.141
1783267189,2805.344,2805.324,2805.363,1783267189.124
1783267190,2805.347,2805.327,2805.367,1783267190.152
1783267191,2805.354,2805.334,2805.373,1783267191.115
1783267192,2805.355,2805.335,2805.375,1783267192.155
1783267193,2805.362,2805.342,2805.381,1783267193.116
1783267194,2805.365,2805.345,2805.384,1783267194.147
1783267195,2805.377,2805.358,2805.397,1783267195.122
1783267196,2805.38,2805.36,2805.399,1783267196.174
1783267197,2805.383,2805.364,2805.403,1783267197.121
1783267198,2805.393,2805.373,2805.412,1783267198.142
1783267199,2805.397,2805.377,2805.416,1783267199.119
1783267200,2805.404,2805.384,2805.424,1783267200.248
1783267201,2805.411,2805.392,2805.431,1783267201.111
1783267202,2805.419,2805.399,2805.439,1783267202.197
1783267203,2805.421,2805.401,2805.441,1783267203.130
1783267204,2805.436,2805.417,2805.456,1783267204.164
1783267205,2805.436,2805.417,2805.456,1783267205.120
1783267206,2805.437,2805.417,2805.456,1783267206.155
1783267207,2805.443,2805.424,2805.463,1783267207.128
1783267208,2805.446,2805.426,2805.465,1783267208.202
1783267209,2805.453,2805.433,2805.472,1783267209.128
1783267210,2805.456,2805.436,2805.476,1783267210.149
1783267211,2805.462,2805.442,2805.482,1783267211.123
1783267212,2805.474,2805.455,2805.494,1783267212.163
1783267213,2805.481,2805.461,2805.501,1783267213.148
1783267214,2805.489,2805.469,2805.508,1783267214.146
1783267215,2805.489,2805.47,2805.509,1783267215.118
1783267216,2805.491,2805.472,2805.511,1783267216.150
1783267217,2805.496,2805.476,2805.516,1783267217.130
1783267218,2805.504,2805.485,2805.524,1783267218.158
1783267219,2805.505,2805.485,2805.525,1783267219.126
1783267220,2805.509,2805.489,2805.529,1783267220.157
1783267221,2805.522,2805.502,2805.541,1783267221.114
1783267222,2805.528,2805.508,2805.548,1783267222.144
1783267223,2805.528,2805.509,2805.548,1783267223.130
1783267224,2805.534,2805.515,2805.554,1783267224.144
1783267225,2805.536,2805.517,2805.556,1783267225.117
1783267226,2805.546,2805.526,2805.565,1783267226.137
1783267227,2805.55,2805.53,2805.57,1783267227.166
1783267228,2805.554,2805.535,2805.574,1783267228.149
1783267229,2805.559,2805.54,2805.579,1783267229.129
1783267230,2805.563,2805.544,2805.583,1783267230.145
1783267231,2805.568,2805.548,2805.587,1783267231.123
1783267232,2805.573,2805.554,2805.593,1783267232.150
1783267233,2805.576,2805.556,2805.595,1783267233.116
1783267234,2805.583,2805.563,2805.602,1783267234.150
1783267235,2805.587,2805.567,2805.607,1783267235.114
1783267236,2805.589,2805.569,2805.608,1783267236.143
1783267237,2805.592,2805.573,2805.612,1783267237.121
1783267238,2805.597,2805.578,2805.617,1783267238.203
1783267239,2805.598,2805.579,2805.618,1783267239.125
1783267240,2805.602,2805.582,2805.622,1783267240.138
1783267241,2805.613,2805.594,2805.633,1783267241.123
1783267242,2805.617,2805.597,2805.637,1783267242.142
1783267243,2805.618,2805.598,2805.638,1783267243.124
1783267244,2805.619,2805.599,2805.638,1783267244.153
1783267245,2805.628,2805.609,2805.648,1783267245.116
1783267246,2805.64,2805.621,2805.66,1783267246.149
1783267247,2805.646,2805.626,2805.666,1783267247.127
1783267248,2805.652,2805.632,2805.671,1783267248.143
1783267249,2805.655,2805.635,2805.675,1783267249.119
1783267250,2805.658,2805.639,2805.678,1783267250.145
1783267251,2805.661,2805.641,2805.68,1783267251.122
1783267252,2805.661,2805.641,2805.681,1783267252.145
1783267253,2805.673,2805.653,2805.693,1783267253.123
1783267254,2805.678,2805.658,2805.698,1783267254.158
1783267255,2805.688,2805.668,2805.707,1783267255.113
1783267256,2805.693,2805.673,2805.713,1783267256.137
1783267257,2805.7,2805.68,2805.72,1783267257.118
1783267258,2805.708,2805.688,2805.728,1783267258.147
1783267259,2805.713,2805.693,2805.733,1783267259.125
1783267260,2805.713,2805.693,2805.733,1783267260.178
1783267261,2805.724,2805.704,2805.744,1783267261.119
1783267262,2805.728,2805.709,2805.748,1783267262.291
1783267263,2805.744,2805.724,2805.763,1783267263.169
1783267264,2805.747,2805.727,2805.767,1783267264.162
1783267265,2805.747,2805.728,2805.767,1783267265.125
1783267266,2805.751,2805.732,2805.771,1783267266.208
1783267267,2805.751,2805.732,2805.771,1783267267.126
1783267268,2805.759,2805.739,2805.778,1783267268.244
1783267269,2805.764,2805.744,2805.784,1783267269.111
1783267270,2805.765,2805.745,2805.784,1783267270.158
1783267271,2805.765,2805.745,2805.785,1783267271.118
1783267272,2805.767,2805.747,2805.787,1783267272.167
1783267273,2805.77,2805.75,2805.79,1783267273.125
1783267274,2805.775,2805.755,2805.795,1783267274.150
1783267275,2805.782,2805.762,2805.801,1783267275.123
1783267276,2805.791,2805.771,2805.811,1783267276.156
1783267277,2805.792,2805.772,2805.811,1783267277.131
1783267278,2805.799,2805.779,2805.819,1783267278.138
1783267279,2805.812,2805.793,2805.832,1783267279.114
1783267280,2805.813,2805.793,2805.832,1783267280.151
1783267281,2805.818,2805.799,2805.838,1783267281.128
1783267282,2805.818,2805.799,2805.838,1783267282.152
1783267283,2805.836,2805.816,2805.855,1783267283.125
1783267284,2805.846,2805.826,2805.865,1783267284.148
1783267285,2805.848,2805.829,2805.868,1783267285.118
1783267286,2804.55,2804.53,2804.57,1783267286.148
1783267287,2804.561,2804.542,2804.581,1783267287.140
1783267288,2804.566,2804.546,2804.585,1783267288.166
1783267289,2804.58,2804.56,2804.599,1783267289.116
1783267290,2804.587,2804.567,2804.607,1783267290.153
1783267291,2804.589,2804.569,2804.609,1783267291.125
1783267292,2804.596,2804.577,2804.616,1783267292.160
1783267293,2804.607,2804.588,2804.627,1783267293.141
1783267294,2804.613,2804.593,2804.633,1783267294.156
1783267295,2804.619,2804.599,2804.638,1783267295.115
1783267296,2804.626,2804.607,2804.646,1783267296.162
1783267297,2804.639,2804.619,2804.658,1783267297.137
1783267298,2804.644,2804.624,2804.663,1783267298.205
1783267299,2804.65,2804.63,2804.67,1783267299.133
1783267300,2804.657,2804.638,2804.677,1783267300.149
1783267301,2804.664,2804.644,2804.684,1783267301.143
1783267302,2804.67,2804.651,2804.69,1783267302.169
1783267303,2804.673,2804.653,2804.692,1783267303.126
1783267304,2804.677,2804.657,2804.696,1783267304.151
1783267305,2804.679,2804.66,2804.699,1783267305.125
1783267306,2804.684,2804.664,2804.704,1783267306.148
1783267307,2804.69,2804.671,2804.71,1783267307.121
1783267308,2804.691,2804.671,2804.71,1783267308.150
1783267309,2804.693,2804.673,2804.712,1783267309.122
1783267310,2804.696,2804.676,2804.715,1783267310.154
1783267311,2804.698,2804.678,2804.717,1783267311.123
1783267312,2804.709,2804.689,2804.729,1783267312.155
1783267313,2804.712,2804.692,2804.731,1783267313.126
1783267314,2804.712,2804.693,2804.732,1783267314.147
1783267315,2804.718,2804.699,2804.738,1783267315.124
1783267316,2804.726,2804.706,2804.746,1783267316.148
1783267317,2804.728,2804.708,2804.748,1783267317.124
1783267318,2804.731,2804.711,2804.75,1783267318.143
1783267319,2804.739,2804.719,2804.758,1783267319.118
1783267320,2804.742,2804.722,2804.762,1783267320.158
1783267321,2804.755,2804.735,2804.774,1783267321.144
1783267322,2804.757,2804.737,2804.776,1783267322.164
1783267323,2804.761,2804.741,2804.78,1783267323.125
1783267324,2804.766,2804.746,2804.785,1783267324.152
1783267325,2804.766,2804.746,2804.786,1783267325.135
1783267326,2804.769,2804.749,2804.788,1783267326.143
1783267327,2804.769,2804.75,2804.789,1783267327.115
1783267328,2804.779,2804.759,2804.798,1783267328.200
1783267329,2804.786,2804.766,2804.806,1783267329.130
1783267330,2804.796,2804.777,2804.816,1783267330.154
1783267331,2804.803,2804.784,2804.823,1783267331.136
1783267332,2804.818,2804.798,2804.837,1783267332.154
1783267333,2804.825,2804.805,2804.844,1783267333.119
1783267334,2804.828,2804.808,2804.847,1783267334.140
1783267335,2804.83,2804.81,2804.849,1783267335.118
1783267336,2804.839,2804.82,2804.859,1783267336.149
1783267337,2804.84,2804.821,2804.86,1783267337.136
1783267338,2804.855,2804.836,2804.875,1783267338.149
1783267339,2804.859,2804.839,2804.879,1783267339.129
1783267340,2804.863,2804.844,2804.883,1783267340.145
1783267341,2804.874,2804.854,2804.893,1783267341.162
1783267342,2804.88,2804.86,2804.9,1783267342.156
1783267343,2804.89,2804.87,2804.909,1783267343.117
1783267344,2804.896,2804.877,2804.916,1783267344.139
1783267345,2804.899,2804.88,2804.919,1783267345.130
1783267346,2804.903,2804.884,2804.923,1783267346.146
1783267347,2804.907,2804.887,2804.926,1783267347.135
1783267348,2804.914,2804.894,2804.933,1783267348.150
1783267349,2804.92,2804.901,2804.94,1783267349.118
1783267350,2804.921,2804.901,2804.941,1783267350.150
1783267351,2804.926,2804.907,2804.946,1783267351.136
1783267352,2804.941,2804.921,2804.961,1783267352.152
1783267353,2804.944,2804.924,2804.963,1783267353.121
1783267354,2804.944,2804.925,2804.964,1783267354.178
1783267355,2804.952,2804.932,2804.971,1783267355.117
1783267356,2804.958,2804.939,2804.978,1783267356.140
1783267357,2804.968,2804.948,2804.987,1783267357.123
1783267358,2804.972,2804.952,2804.991,1783267358.203
1783267359,2804.979,2804.96,2804.999,1783267359.127
1783267360,2804.981,2804.961,2805.001,1783267360.167
1783267361,2804.99,2804.971,2805.01,1783267361.128
1783267362,2804.994,2804.974,2805.013,1783267362.152
1783267363,2805.005,2804.985,2805.025,1783267363.130
1783267364,2805.01,2804.99,2805.029,1783267364.158
1783267365,2805.013,2804.993,2805.033,1783267365.127
1783267366,2805.013,2804.993,2805.033,1783267366.147
1783267367,2805.018,2804.998,2805.038,1783267367.122
1783267368,2805.03,2805.01,2805.049,1783267368.138
1783267369,2805.037,2805.017,2805.057,1783267369.118
1783267370,2805.044,2805.024,2805.064,1783267370.142
1783267371,2805.056,2805.036,2805.075,1783267371.127
1783267372,2805.058,2805.038,2805.077,1783267372.137
1783267373,2805.069,2805.05,2805.089,1783267373.119
1783267374,2805.078,2805.058,2805.097,1783267374.133
1783267375,2805.086,2805.066,2805.105,1783267375.111
1783267376,2805.09,2805.07,2805.109,1783267376.150
1783267377,2805.09,2805.07,2805.11,1783267377.118
1783267378,2805.094,2805.074,2805.113,1783267378.153
1783267379,2805.096,2805.077,2805.116,1783267379.130
1783267380,2805.107,2805.087,2805.127,1783267380.164
1783267381,2805.11,2805.09,2805.129,1783267381.144
1783267382,2805.112,2805.092,2805.131,1783267382.158
1783267383,2805.114,2805.094,2805.133,1783267383.168
1783267384,2805.121,2805.102,2805.141,1783267384.162
1783267385,2805.124,2805.104,2805.143,1783267385.114
1783267386,2805.125,2805.105,2805.145,1783267386.145
1783267387,2805.137,2805.117,2805.157,1783267387.114
1783267388,2805.139,2805.12,2805.159,1783267388.202
1783267389,2805.152,2805.132,2805.171,1783267389.131
1783267390,2805.157,2805.138,2805.177,1783267390.135
1783267391,2805.158,2805.139,2805.178,1783267391.123
1783267392,2805.167,2805.147,2805.187,1783267392.142
1783267393,2805.176,2805.156,2805.195,1783267393.130
1783267394,2805.178,2805.158,2805.197,1783267394.150
1783267395,2805.183,2805.163,2805.202,1783267395.123
1783267396,2805.186,2805.166,2805.206,1783267396.147
1783267397,2805.191,2805.171,2805.211,1783267397.126
1783267398,2805.192,2805.172,2805.211,1783267398.141
1783267399,2805.193,2805.174,2805.213,1783267399.117
1783267400,2805.196,2805.176,2805.215,1783267400.152
1783267401,2805.196,2805.176,2805.216,1783267401.123
1783267402,2805.205,2805.186,2805.225,1783267402.150
1783267403,2805.208,2805.189,2805.228,1783267403.125
1783267404,2805.21,2805.19,2805.229,1783267404.144
1783267405,2805.211,2805.191,2805.231,1783267405.123
1783267406,2805.214,2805.194,2805.233,1783267406.166
1783267407,2805.223,2805.203,2805.243,1783267407.129
1783267408,2805.231,2805.212,2805.251,1783267408.154
1783267409,2805.239,2805.219,2805.258,1783267409.126
1783267410,2805.244,2805.225,2805.264,1783267410.154
1783267411,2805.249,2805.23,2805.269,1783267411.117
1783267412,2805.249,2805.23,2805.269,1783267412.153
1783267413,2805.259,2805.24,2805.279,1783267413.124
1783267414,2805.265,2805.245,2805.285,1783267414.151
1783267415,2805.274,2805.255,2805.294,1783267415.115
1783267416,2805.282,2805.263,2805.302,1783267416.163
1783267417,2805.293,2805.273,2805.312,1783267417.124
1783267418,2805.295,2805.275,2805.314,1783267418.210
1783267419,2805.304,2805.285,2805.324,1783267419.116
1783267420,2805.308,2805.288,2805.328,1783267420.156
1783267421,2805.311,2805.292,2805.331,1783267421.120
1783267422,2805.318,2805.298,2805.338,1783267422.149
1783267423,2805.324,2805.304,2805.343,1783267423.120
1783267424,2805.332,2805.313,2805.352,1783267424.145
1783267425,2805.34,2805.32,2805.359,1783267425.118
1783267426,2805.344,2805.324,2805.363,1783267426.156
1783267427,2805.349,2805.329,2805.369,1783267427.112
1783267428,2805.356,2805.336,2805.375,1783267428.151
1783267429,2805.358,2805.338,2805.377,1783267429.129
1783267430,2805.362,2805.343,2805.382,1783267430.145
1783267431,2805.369,2805.349,2805.388,1783267431.131
1783267432,2805.371,2805.351,2805.391,1783267432.171
1783267433,2805.378,2805.358,2805.397,1783267433.121
1783267434,2805.38,2805.361,2805.4,1783267434.156
1783267435,2805.39,2805.37,2805.409,1783267435.121
1783267436,2805.395,2805.376,2805.415,1783267436.141
1783267437,2805.399,2805.379,2805.418,1783267437.119
1783267438,2805.4,2805.38,2805.42,1783267438.136
1783267439,2805.403,2805.383,2805.422,1783267439.121
1783267440,2805.412,2805.392,2805.432,1783267440.162
1783267441,2805.423,2805.403,2805.443,1783267441.142
1783267442,2805.429,2805.409,2805.448,1783267442.168
1783267443,2805.431,2805.411,2805.451,1783267443.139
1783267444,2805.436,2805.416,2805.455,1783267444.151
1783267445,2805.449,2805.429,2805.468,1783267445.123
1783267446,2805.452,2805.432,2805.471,1783267446.142
1783267447,2805.459,2805.44,2805.479,1783267447.126
1783267448,2805.466,2805.447,2805.486,1783267448.241
1783267449,2805.476,2805.456,2805.495,1783267449.132
1783267450,2805.477,2805.457,2805.496,1783267450.149
1783267451,2805.477,2805.457,2805.497,1783267451.126
1783267452,2805.486,2805.466,2805.505,1783267452.146
1783267453,2805.488,2805.469,2805.508,1783267453.126
1783267454,2805.497,2805.477,2805.517,1783267454.154
1783267455,2805.5,2805.48,2805.52,1783267455.126
1783267456,2805.502,2805.482,2805.521,1783267456.156
1783267457,2805.512,2805.493,2805.532,1783267457.121
1783267458,2805.52,2805.501,2805.54,1783267458.158
1783267459,2805.522,2805.502,2805.541,1783267459.123
1783267460,2805.526,2805.506,2805.545,1783267460.147
1783267461,2805.533,2805.513,2805.553,1783267461.121
1783267462,2805.539,2805.519,2805.559,1783267462.152
1783267463,2805.542,2805.523,2805.562,1783267463.125
1783267464,2805.549,2805.529,2805.568,1783267464.146
1783267465,2805.552,2805.533,2805.572,1783267465.118
1783267466,2805.56,2805.54,2805.579,1783267466.141
1783267467,2805.562,2805.542,2805.581,1783267467.133
1783267468,2805.567,2805.547,2805.586,1783267468.142
1783267469,2805.568,2805.548,2805.588,1783267469.134
1783267470,2805.576,2805.557,2805.596,1783267470.159
1783267471,2805.581,2805.561,2805.6,1783267471.113
1783267472,2805.587,2805.568,2805.607,1783267472.142
1783267473,2805.594,2805.575,2805.614,1783267473.119
1783267474,2805.596,2805.576,2805.616,1783267474.156
1783267475,2805.602,2805.582,2805.622,1783267475.118
1783267476,2805.606,2805.586,2805.626,1783267476.148
1783267477,2805.621,2805.601,2805.64,1783267477.127
1783267478,2805.626,2805.607,2805.646,1783267478.203
1783267479,2805.632,2805.612,2805.651,1783267479.128
1783267480,2805.637,2805.618,2805.657,1783267480.151
1783267481,2805.642,2805.622,2805.661,1783267481.118
1783267482,2805.651,2805.632,2805.671,1783267482.147
1783267483,2805.655,2805.636,2805.675,1783267483.122
1783267484,2805.663,2805.644,2805.683,1783267484.138
1783267485,2805.666,2805.646,2805.686,1783267485.125
1783267486,2805.668,2805.648,2805.687,1783267486.160
1783267487,2805.668,2805.649,2805.688,1783267487.123
1783267488,2805.677,2805.657,2805.696,1783267488.166
1783267489,2805.682,2805.662,2805.702,1783267489.121
1783267490,2805.69,2805.67,2805.709,1783267490.141
1783267491,2805.696,2805.676,2805.716,1783267491.162
1783267492,2805.697,2805.677,2805.716,1783267492.161
1783267493,2805.699,2805.68,2805.719,1783267493.116
1783267494,2805.703,2805.684,2805.723,1783267494.154
1783267495,2805.713,2805.693,2805.732,1783267495.121
1783267496,2805.725,2805.705,2805.744,1783267496.150
1783267497,2805.733,2805.713,2805.752,1783267497.137
1783267498,2805.736,2805.717,2805.756,1783267498.162
1783267499,2805.737,2805.718,2805.757,1783267499.138
1783267500,2805.738,2805.719,2805.758,1783267500.176
1783267501,2805.74,2805.72,2805.76,1783267501.160
1783267502,2805.741,2805.721,2805.761,1783267502.202
1783267503,2805.743,2805.723,2805.763,1783267503.143
1783267504,2805.745,2805.726,2805.765,1783267504.396
1783267505,2805.746,2805.727,2805.766,1783267505.153
1783267506,2805.752,2805.732,2805.772,1783267506.147
1783267507,2805.752,2805.733,2805.772,1783267507.126
1783267508,2805.761,2805.742,2805.781,1783267508.245
1783267509,2805.762,2805.743,2805.782,1783267509.119
1783267510,2805.762,2805.743,2805.782,1783267510.152
1783267511,2805.77,2805.75,2805.79,1783267511.124
1783267512,2805.778,2805.758,2805.798,1783267512.144
1783267513,2805.783,2805.763,2805.803,1783267513.118
1783267514,2805.786,2805.766,2805.806,1783267514.172
1783267515,2805.794,2805.775,2805.814,1783267515.118
1783267516,2805.801,2805.781,2805.82,1783267516.157
1783267517,2805.812,2805.792,2805.831,1783267517.122
1783267518,2805.817,2805.797,2805.836,1783267518.169
1783267519,2805.825,2805.805,2805.844,1783267519.122
1783267520,2805.826,2805.806,2805.845,1783267520.155
1783267521,2805.826,2805.806,2805.846,1783267521.127
1783267522,2805.829,2805.809,2805.849,1783267522.155
1783267523,2805.833,2805.814,2805.853,1783267523.125
1783267524,2805.836,2805.817,2805.856,1783267524.160
1783267525,2805.845,2805.825,2805.865,1783267525.134
1783267526,2805.85,2805.83,2805.869,1783267526.136
1783267527,2805.865,2805.845,2805.884,1783267527.121
1783267528,2805.867,2805.847,2805.886,1783267528.126
1783267529,2805.867,2805.847,2805.886,1783267529.128
1783267530,2805.873,2805.854,2805.893,1783267530.148
1783267531,2805.875,2805.855,2805.894,1783267531.158
1783267532,2805.878,2805.858,2805.897,1783267532.151
1783267533,2805.882,2805.863,2805.902,1783267533.121
1783267534,2805.888,2805.868,2805.908,1783267534.155
1783267535,2805.895,2805.876,2805.915,1783267535.122
1783267536,2805.899,2805.88,2805.919,1783267536.150
1783267537,2805.903,2805.884,2805.923,1783267537.121
1783267538,2805.916,2805.896,2805.936,1783267538.248
1783267539,2805.919,2805.899,2805.938,1783267539.122
1783267540,2805.92,2805.9,2805.939,1783267540.162
1783267541,2805.921,2805.901,2805.94,1783267541.122
1783267542,2805.93,2805.91,2805.949,1783267542.150
1783267543,2805.937,2805.917,2805.956,1783267543.121
1783267544,2805.945,2805.925,2805.964,1783267544.140
1783267545,2805.949,2805.929,2805.969,1783267545.116
1783267546,2805.95,2805.93,2805.97,1783267546.145
1783267547,2805.96,2805.94,2805.979,1783267547.118
1783267548,2805.968,2805.948,2805.987,1783267548.159
1783267549,2805.973,2805.954,2805.993,1783267549.129
1783267550,2805.984,2805.965,2806.004,1783267550.152
1783267551,2805.993,2805.973,2806.013,1783267551.116
1783267552,2806,2805.98,2806.019,1783267552.166
1783267553,2806.007,2805.987,2806.027,1783267553.118
1783267554,2806.016,2805.996,2806.036,1783267554.151
1783267555,2806.02,2806,2806.04,1783267555.133
1783267556,2806.025,2806.006,2806.045,1783267556.154
1783267557,2806.032,2806.013,2806.052,1783267557.121
1783267558,2806.036,2806.016,2806.055,1783267558.145
1783267559,2806.038,2806.018,2806.057,1783267559.121
1783267560,2806.049,2806.029,2806.068,1783267560.156
1783267561,2806.051,2806.032,2806.071,1783267561.115
1783267562,2806.059,2806.039,2806.079,1783267562.197
1783267563,2806.063,2806.044,2806.083,1783267563.218
1783267564,2806.064,2806.044,2806.084,1783267564.172
1783267565,2806.077,2806.058,2806.097,1783267565.128
1783267566,2806.087,2806.068,2806.107,1783267566.160
1783267567,2806.091,2806.071,2806.11,1783267567.115
1783267568,2806.095,2806.076,2806.115,1783267568.352
1783267569,2806.096,2806.077,2806.116,1783267569.115
1783267570,2806.105,2806.086,2806.125,1783267570.157
1783267571,2806.114,2806.095,2806.134,1783267571.125
1783267572,2806.127,2806.107,2806.146,1783267572.155
1783267573,2806.131,2806.111,2806.151,1783267573.132
1783267574,2806.135,2806.115,2806.154,1783267574.145
1783267575,2806.136,2806.117,2806.156,1783267575.113
1783267576,2806.142,2806.123,2806.162,1783267576.163
1783267577,2806.144,2806.124,2806.163,1783267577.163
1783267578,2806.148,2806.128,2806.168,1783267578.152
1783267579,2806.16,2806.14,2806.179,1783267579.125
1783267580,2806.164,2806.144,2806.183,1783267580.154
1783267581,2806.167,2806.148,2806.187,1783267581.123
1783267582,2806.172,2806.153,2806.192,1783267582.148
1783267583,2806.173,2806.153,2806.193,1783267583.124
1783267584,2806.176,2806.156,2806.195,1783267584.158
1783267585,2806.186,2806.167,2806.206,1783267585.118
1783267586,2806.197,2806.177,2806.217,1783267586.162
1783267587,2806.212,2806.192,2806.231,1783267587.122
1783267588,2806.214,2806.194,2806.233,1783267588.156
1783267589,2806.22,2806.2,2806.24,1783267589.116
1783267590,2806.226,2806.207,2806.246,1783267590.146
1783267591,2806.23,2806.21,2806.249,1783267591.115
1783267592,2806.233,2806.214,2806.253,1783267592.137
1783267593,2806.234,2806.214,2806.253,1783267593.120
1783267594,2806.244,2806.224,2806.264,1783267594.138
1783267595,2806.25,2806.23,2806.27,1783267595.114
1783267596,2806.252,2806.233,2806.272,1783267596.143
1783267597,2806.254,2806.235,2806.274,1783267597.120
1783267598,2806.261,2806.241,2806.28,1783267598.132
1783267599,2806.268,2806.249,2806.288,1783267599.120
1783267600,2806.276,2806.257,2806.296,1783267600.158
1783267601,2806.281,2806.261,2806.301,1783267601.117
1783267602,2806.289,2806.269,2806.308,1783267602.164
1783267603,2806.293,2806.274,2806.313,1783267603.125
1783267604,2806.296,2806.277,2806.316,1783267604.147
1783267605,2806.301,2806.282,2806.321,1783267605.117
1783267606,2806.304,2806.284,2806.324,1783267606.158
1783267607,2806.307,2806.287,2806.327,1783267607.116
1783267608,2806.308,2806.288,2806.327,1783267608.152
1783267609,2806.315,2806.295,2806.335,1783267609.113
1783267610,2806.315,2806.295,2806.335,1783267610.136
1783267611,2806.317,2806.298,2806.337,1783267611.122
1783267612,2806.327,2806.307,2806.346,1783267612.152
1783267613,2806.332,2806.312,2806.351,1783267613.120
1783267614,2806.338,2806.318,2806.358,1783267614.154
1783267615,2806.343,2806.323,2806.362,1783267615.116
1783267616,2806.346,2806.326,2806.366,1783267616.145
1783267617,2806.355,2806.336,2806.375,1783267617.125
1783267618,2806.371,2806.351,2806.39,1783267618.150
1783267619,2806.372,2806.352,2806.392,1783267619.125
1783267620,2806.384,2806.365,2806.404,1783267620.152
1783267621,2806.389,2806.369,2806.409,1783267621.118
1783267622,2806.398,2806.378,2806.417,1783267622.133
1783267623,2806.403,2806.383,2806.423,1783267623.137
1783267624,2806.409,2806.389,2806.428,1783267624.336
1783267625,2806.412,2806.393,2806.432,1783267625.138
1783267626,2806.418,2806.398,2806.438,1783267626.148
1783267627,2806.42,2806.4,2806.44,1783267627.126
1783267628,2806.428,2806.408,2806.447,1783267628.201
1783267629,2806.431,2806.411,2806.451,1783267629.111
1783267630,2806.434,2806.414,2806.453,1783267630.156
1783267631,2806.437,2806.417,2806.457,1783267631.124
1783267632,2806.44,2806.421,2806.46,1783267632.140
1783267633,2806.452,2806.432,2806.471,1783267633.133
1783267634,2806.452,2806.433,2806.472,1783267634.163
1783267635,2806.463,2806.443,2806.482,1783267635.126
1783267636,2806.468,2806.448,2806.487,1783267636.150
1783267637,2806.478,2806.459,2806.498,1783267637.116
1783267638,2806.482,2806.463,2806.502,1783267638.165
1783267639,2806.489,2806.469,2806.509,1783267639.114
1783267640,2806.49,2806.47,2806.51,1783267640.163
1783267641,2806.496,2806.476,2806.515,1783267641.117
1783267642,2806.498,2806.479,2806.518,1783267642.158
1783267643,2806.506,2806.486,2806.525,1783267643.126
1783267644,2806.514,2806.495,2806.534,1783267644.142
1783267645,2806.519,2806.5,2806.539,1783267645.117
1783267646,2806.524,2806.504,2806.543,1783267646.136
1783267647,2806.529,2806.51,2806.549,1783267647.126
1783267648,2806.53,2806.51,2806.549,1783267648.137
1783267649,2806.534,2806.514,2806.554,1783267649.122
1783267650,2806.536,2806.516,2806.556,1783267650.136
1783267651,2806.541,2806.522,2806.561,1783267651.130
1783267652,2806.545,2806.526,2806.565,1783267652.148
1783267653,2806.55,2806.531,2806.57,1783267653.124
1783267654,2806.551,2806.531,2806.571,1783267654.167
1783267655,2806.557,2806.537,2806.577,1783267655.116
1783267656,2806.562,2806.542,2806.581,1783267656.138
1783267657,2806.564,2806.544,2806.583,1783267657.113
1783267658,2806.566,2806.546,2806.586,1783267658.202
1783267659,2806.567,2806.547,2806.587,1783267659.129
1783267660,2806.571,2806.552,2806.591,1783267660.144
1783267661,2806.576,2806.556,2806.596,1783267661.120
1783267662,2806.585,2806.566,2806.605,1783267662.144
1783267663,2806.586,2806.567,2806.606,1783267663.120
1783267664,2806.591,2806.571,2806.611,1783267664.165
1783267665,2806.593,2806.574,2806.613,1783267665.122
1783267666,2806.596,2806.577,2806.616,1783267666.144
1783267667,2806.606,2806.586,2806.626,1783267667.118
1783267668,2806.607,2806.587,2806.627,1783267668.151
1783267669,2806.621,2806.601,2806.641,1783267669.121
1783267670,2806.625,2806.606,2806.645,1783267670.145
1783267671,2806.629,2806.61,2806.649,1783267671.118
1783267672,2806.631,2806.612,2806.651,1783267672.139
1783267673,2806.632,2806.613,2806.652,1783267673.126
1783267674,2806.635,2806.615,2806.655,1783267674.143
1783267675,2806.64,2806.62,2806.66,1783267675.117
1783267676,2806.642,2806.623,2806.662,1783267676.159
1783267677,2806.647,2806.628,2806.667,1783267677.120
1783267678,2806.651,2806.632,2806.671,1783267678.168
1783267679,2806.654,2806.635,2806.674,1783267679.115
1783267680,2806.655,2806.636,2806.675,1783267680.156
1783267681,2806.661,2806.641,2806.681,1783267681.229
1783267682,2806.661,2806.641,2806.681,1783267682.297
1783267683,2806.666,2806.646,2806.685,1783267683.160
1783267684,2806.667,2806.647,2806.686,1783267684.174
1783267685,2806.668,2806.649,2806.688,1783267685.120
1783267686,2806.677,2806.658,2806.697,1783267686.151
1783267687,2806.679,2806.66,2806.699,1783267687.124
1783267688,2806.68,2806.661,2806.7,1783267688.205
1783267689,2806.684,2806.665,2806.704,1783267689.117
1783267690,2806.689,2806.669,2806.709,1783267690.151
1783267691,2806.692,2806.672,2806.712,1783267691.118
1783267692,2806.699,2806.68,2806.719,1783267692.144
1783267693,2806.705,2806.685,2806.725,1783267693.115
1783267694,2806.717,2806.698,2806.737,1783267694.149
1783267695,2806.72,2806.701,2806.74,1783267695.127
1783267696,2806.726,2806.706,2806.745,1783267696.130
1783267697,2806.737,2806.718,2806.757,1783267697.114
1783267698,2806.738,2806.718,2806.758,1783267698.145
1783267699,2806.739,2806.72,2806.759,1783267699.115
1783267700,2806.742,2806.722,2806.761,1783267700.164
1783267701,2806.744,2806.725,2806.764,1783267701.123
1783267702,2806.748,2806.728,2806.767,1783267702.141
1783267703,2806.758,2806.739,2806.778,1783267703.123
1783267704,2806.766,2806.746,2806.785,1783267704.146
1783267705,2806.772,2806.752,2806.792,1783267705.121
1783267706,2806.777,2806.757,2806.796,1783267706.172
1783267707,2806.783,2806.764,2806.803,1783267707.132
1783267708,2806.79,2806.771,2806.81,1783267708.147
1783267709,2806.794,2806.775,2806.814,1783267709.249
1783267710,2806.8,2806.78,2806.819,1783267710.128
1783267711,2806.8,2806.781,2806.82,1783267711.122
1783267712,2806.806,2806.786,2806.825,1783267712.134
1783267713,2806.809,2806.79,2806.829,1783267713.124
1783267714,2806.81,2806.79,2806.83,1783267714.152
1783267715,2806.817,2806.798,2806.837,1783267715.119
1783267716,2806.819,2806.8,2806.839,1783267716.141
1783267717,2806.828,2806.808,2806.848,1783267717.132
1783267718,2806.84,2806.821,2806.86,1783267718.207
1783267719,2806.843,2806.823,2806.863,1783267719.125
1783267720,2806.844,2806.824,2806.864,1783267720.147
1783267721,2806.853,2806.834,2806.873,1783267721.124
1783267722,2806.864,2806.844,2806.884,1783267722.144
1783267723,2806.871,2806.852,2806.891,1783267723.130
1783267724,2806.883,2806.863,2806.903,1783267724.149
1783267725,2806.889,2806.87,2806.909,1783267725.124
1783267726,2806.899,2806.88,2806.919,1783267726.156
1783267727,2806.902,2806.883,2806.922,1783267727.120
1783267728,2806.907,2806.887,2806.926,1783267728.175
1783267729,2806.91,2806.891,2806.93,1783267729.123
1783267730,2806.913,2806.893,2806.932,1783267730.151
1783267731,2806.915,2806.895,2806.934,1783267731.119
1783267732,2806.917,2806.897,2806.937,1783267732.148
1783267733,2806.924,2806.905,2806.944,1783267733.130
1783267734,2806.93,2806.91,2806.95,1783267734.164
1783267735,2806.932,2806.913,2806.952,1783267735.125
1783267736,2806.948,2806.928,2806.967,1783267736.166
1783267737,2806.949,2806.93,2806.969,1783267737.133
1783267738,2806.95,2806.931,2806.97,1783267738.151
1783267739,2806.953,2806.933,2806.973,1783267739.120
1783267740,2806.958,2806.938,2806.977,1783267740.166
1783267741,2806.972,2806.953,2806.992,1783267741.135
1783267742,2806.979,2806.959,2806.999,1783267742.293
1783267743,2806.99,2806.97,2807.009,1783267743.147
1783267744,2806.991,2806.972,2807.011,1783267744.258
1783267745,2806.996,2806.976,2807.016,1783267745.117
1783267746,2807,2806.981,2807.02,1783267746.162
1783267747,2807.004,2806.984,2807.024,1783267747.125
1783267748,2807.007,2806.988,2807.027,1783267748.206
1783267749,2807.007,2806.988,2807.027,1783267749.120
1783267750,2807.012,2806.992,2807.032,1783267750.150
1783267751,2807.018,2806.998,2807.038,1783267751.121
1783267752,2807.02,2807.001,2807.04,1783267752.156
1783267753,2807.026,2807.006,2807.045,1783267753.119
1783267754,2807.03,2807.01,2807.05,1783267754.160
1783267755,2807.035,2807.015,2807.054,1783267755.123
1783267756,2807.035,2807.016,2807.055,1783267756.155
1783267757,2807.036,2807.017,2807.056,1783267757.124
1783267758,2807.04,2807.02,2807.059,1783267758.158
1783267759,2807.048,2807.028,2807.067,1783267759.124
1783267760,2807.048,2807.028,2807.068,1783267760.157
1783267761,2807.053,2807.033,2807.073,1783267761.120
1783267762,2807.057,2807.038,2807.077,1783267762.153
1783267763,2807.069,2807.049,2807.089,1783267763.124
1783267764,2807.08,2807.06,2807.099,1783267764.158
1783267765,2807.088,2807.068,2807.107,1783267765.122
1783267766,2807.093,2807.073,2807.112,1783267766.155
1783267767,2807.094,2807.075,2807.114,1783267767.124
1783267768,2807.106,2807.086,2807.125,1783267768.150
1783267769,2807.109,2807.089,2807.129,1783267769.118
1783267770,2807.117,2807.098,2807.137,1783267770.156
1783267771,2807.118,2807.098,2807.137,1783267771.123
1783267772,2807.119,2807.1,2807.139,1783267772.145
1783267773,2807.122,2807.103,2807.142,1783267773.126
1783267774,2807.128,2807.108,2807.147,1783267774.139
1783267775,2807.136,2807.117,2807.156,1783267775.127
1783267776,2807.146,2807.127,2807.166,1783267776.151
1783267777,2807.15,2807.131,2807.17,1783267777.121
1783267778,2807.158,2807.138,2807.178,1783267778.208
1783267779,2807.166,2807.146,2807.186,1783267779.122
1783267780,2807.178,2807.158,2807.197,1783267780.146
1783267781,2807.182,2807.163,2807.202,1783267781.118
1783267782,2807.183,2807.163,2807.203,1783267782.164
1783267783,2807.192,2807.172,2807.212,1783267783.118
1783267784,2807.202,2807.182,2807.221,1783267784.160
1783267785,2807.213,2807.193,2807.233,1783267785.131
1783267786,2807.225,2807.205,2807.244,1783267786.154
1783267787,2807.235,2807.215,2807.254,1783267787.126
1783267788,2807.25,2807.231,2807.27,1783267788.158
1783267789,2807.265,2807.245,2807.284,1783267789.127
1783267790,2807.267,2807.248,2807.287,1783267790.134
1783267791,2807.269,2807.249,2807.288,1783267791.157
1783267792,2807.269,2807.25,2807.289,1783267792.135
1783267793,2807.272,2807.253,2807.292,1783267793.114
1783267794,2807.276,2807.256,2807.295,1783267794.142
1783267795,2807.282,2807.263,2807.302,1783267795.121
1783267796,2807.286,2807.266,2807.306,1783267796.165
1783267797,2807.296,2807.276,2807.316,1783267797.118
1783267798,2807.298,2807.279,2807.318,1783267798.154
1783267799,2807.3,2807.281,2807.32,1783267799.126
1783267800,2807.302,2807.282,2807.321,1783267800.147
1783267801,2807.302,2807.282,2807.322,1783267801.135
1783267802,2807.308,2807.288,2807.327,1783267802.296
1783267803,2807.312,2807.292,2807.332,1783267803.205
1783267804,2807.324,2807.305,2807.344,1783267804.337
1783267805,2807.325,2807.306,2807.345,1783267805.132
1783267806,2807.337,2807.317,2807.356,1783267806.170
1783267807,2807.339,2807.32,2807.359,1783267807.114
1783267808,2807.34,2807.32,2807.359,1783267808.242
1783267809,2807.342,2807.323,2807.362,1783267809.124
1783267810,2807.347,2807.327,2807.367,1783267810.153
1783267811,2807.353,2807.334,2807.373,1783267811.137
1783267812,2807.353,2807.334,2807.373,1783267812.139
1783267813,2807.355,2807.335,2807.375,1783267813.117
1783267814,2807.366,2807.347,2807.386,1783267814.157
1783267815,2807.375,2807.356,2807.395,1783267815.126
1783267816,2807.376,2807.357,2807.396,1783267816.245
1783267817,2807.381,2807.361,2807.4,1783267817.114
1783267818,2807.383,2807.363,2807.402,1783267818.142
1783267819,2807.383,2807.363,2807.403,1783267819.114
1783267820,2807.391,2807.372,2807.411,1783267820.156
1783267821,2807.401,2807.381,2807.421,1783267821.124
1783267822,2807.405,2807.385,2807.424,1783267822.193
1783267823,2807.407,2807.387,2807.427,1783267823.125
1783267824,2807.416,2807.396,2807.435,1783267824.143
1783267825,2807.419,2807.399,2807.438,1783267825.149
1783267826,2807.431,2807.411,2807.451,1783267826.157
1783267827,2807.44,2807.42,2807.46,1783267827.113
1783267828,2807.443,2807.423,2807.463,1783267828.162
1783267829,2807.447,2807.427,2807.466,1783267829.124
1783267830,2807.456,2807.436,2807.476,1783267830.152
1783267831,2807.464,2807.444,2807.484,1783267831.124
1783267832,2807.469,2807.449,2807.489,1783267832.148
1783267833,2807.476,2807.456,2807.495,1783267833.122
1783267834,2807.477,2807.457,2807.496,1783267834.137
1783267835,2807.483,2807.464,2807.503,1783267835.127
1783267836,2807.485,2807.466,2807.505,1783267836.153
1783267837,2807.493,2807.473,2807.512,1783267837.119
1783267838,2807.499,2807.479,2807.518,1783267838.245
1783267839,2807.503,2807.484,2807.523,1783267839.126
1783267840,2807.52,2807.501,2807.54,1783267840.149
1783267841,2807.524,2807.505,2807.544,1783267841.119
1783267842,2807.527,2807.508,2807.547,1783267842.128
1783267843,2807.531,2807.512,2807.551,1783267843.118
1783267844,2807.537,2807.517,2807.556,1783267844.157
1783267845,2807.539,2807.52,2807.559,1783267845.136
1783267846,2807.542,2807.522,2807.562,1783267846.142
1783267847,2807.548,2807.528,2807.568,1783267847.120
1783267848,2807.552,2807.532,2807.572,1783267848.152
1783267849,2807.553,2807.533,2807.573,1783267849.115
1783267850,2807.562,2807.542,2807.582,1783267850.135
1783267851,2807.564,2807.545,2807.584,1783267851.121
1783267852,2807.567,2807.548,2807.587,1783267852.140
1783267853,2807.573,2807.553,2807.593,1783267853.121
1783267854,2807.579,2807.56,2807.599,1783267854.156
1783267855,2807.586,2807.567,2807.606,1783267855.110
1783267856,2807.588,2807.568,2807.608,1783267856.143
1783267857,2807.599,2807.579,2807.618,1783267857.115
1783267858,2807.601,2807.581,2807.621,1783267858.141
1783267859,2807.61,2807.59,2807.63,1783267859.121
1783267860,2807.61,2807.591,2807.63,1783267860.178
1783267861,2807.612,2807.592,2807.632,1783267861.133
1783267862,2807.619,2807.6,2807.639,1783267862.327
1783267863,2807.625,2807.605,2807.645,1783267863.136
1783267864,2807.625,2807.606,2807.645,1783267864.162
1783267865,2807.627,2807.608,2807.647,1783267865.113
1783267866,2807.638,2807.618,2807.657,1783267866.138
1783267867,2807.648,2807.629,2807.668,1783267867.115
1783267868,2807.655,2807.635,2807.674,1783267868.134
1783267869,2807.663,2807.644,2807.683,1783267869.115
1783267870,2807.664,2807.645,2807.684,1783267870.140
1783267871,2807.666,2807.646,2807.686,1783267871.132
1783267872,2807.668,2807.648,2807.688,1783267872.136
1783267873,2807.675,2807.655,2807.695,1783267873.120
1783267874,2807.682,2807.662,2807.702,1783267874.157
1783267875,2807.684,2807.664,2807.703,1783267875.112
1783267876,2807.687,2807.668,2807.707,1783267876.138
1783267877,2807.696,2807.676,2807.715,1783267877.109
1783267878,2807.702,2807.683,2807.722,1783267878.130
1783267879,2807.703,2807.683,2807.722,1783267879.118
1783267880,2807.712,2807.693,2807.732,1783267880.139
1783267881,2807.713,2807.693,2807.733,1783267881.140
1783267882,2807.715,2807.695,2807.735,1783267882.148
1783267883,2807.721,2807.702,2807.741,1783267883.115
1783267884,2807.724,2807.705,2807.744,1783267884.138
1783267885,2807.726,2807.707,2807.746,1783267885.114
1783267886,2807.737,2807.717,2807.756,1783267886.136
1783267887,2807.74,2807.721,2807.76,1783267887.125
1783267888,2807.75,2807.731,2807.77,1783267888.132
1783267889,2807.758,2807.738,2807.777,1783267889.122
1783267890,2807.759,2807.739,2807.779,1783267890.162
1783267891,2807.76,2807.741,2807.78,1783267891.116
1783267892,2807.771,2807.752,2807.791,1783267892.128
1783267893,2807.782,2807.762,2807.801,1783267893.144
1783267894,2807.786,2807.766,2807.805,1783267894.144
1783267895,2807.79,2807.77,2807.81,1783267895.120
1783267896,2807.794,2807.774,2807.814,1783267896.140
1783267897,2807.803,2807.783,2807.822,1783267897.114
1783267898,2807.808,2807.788,2807.828,1783267898.210
1783267899,2807.813,2807.793,2807.832,1783267899.112
1783267900,2807.814,2807.795,2807.834,1783267900.163
1783267901,2807.814,2807.795,2807.834,1783267901.120
1783267902,2807.821,2807.802,2807.841,1783267902.166
1783267903,2807.832,2807.813,2807.852,1783267903.123
1783267904,2807.838,2807.819,2807.858,1783267904.138
1783267905,2807.841,2807.821,2807.86,1783267905.123
1783267906,2807.851,2807.831,2807.87,1783267906.141
1783267907,2807.86,2807.841,2807.88,1783267907.113
1783267908,2807.87,2807.85,2807.889,1783267908.140
1783267909,2807.877,2807.857,2807.896,1783267909.138
1783267910,2807.878,2807.859,2807.898,1783267910.155
1783267911,2807.88,2807.861,2807.9,1783267911.112
1783267912,2803.327,2803.308,2803.347,1783267912.158
1783267913,2803.336,2803.316,2803.355,1783267913.161
1783267914,2803.347,2803.327,2803.367,1783267914.157
1783267915,2803.357,2803.337,2803.376,1783267915.114
1783267916,2803.359,2803.339,2803.379,1783267916.136
1783267917,2803.369,2803.349,2803.389,1783267917.115
1783267918,2803.373,2803.354,2803.393,1783267918.149
1783267919,2803.383,2803.363,2803.403,1783267919.119
1783267920,2803.386,2803.366,2803.405,1783267920.137
1783267921,2803.396,2803.376,2803.416,1783267921.119
1783267922,2803.406,2803.387,2803.426,1783267922.166
1783267923,2803.407,2803.387,2803.426,1783267923.160
1783267924,2803.409,2803.389,2803.428,1783267924.144
1783267925,2803.411,2803.392,2803.431,1783267925.122
1783267926,2803.422,2803.402,2803.442,1783267926.137
1783267927,2803.427,2803.407,2803.447,1783267927.122
1783267928,2803.433,2803.414,2803.453,1783267928.201
1783267929,2803.448,2803.429,2803.468,1783267929.113
1783267930,2803.459,2803.439,2803.479,1783267930.130
1783267931,2803.47,2803.45,2803.489,1783267931.122
1783267932,2803.476,2803.456,2803.495,1783267932.148
1783267933,2803.485,2803.465,2803.504,1783267933.105
1783267934,2803.487,2803.468,2803.507,1783267934.138
1783267935,2803.489,2803.47,2803.509,1783267935.119
1783267936,2803.501,2803.481,2803.52,1783267936.212
1783267937,2803.513,2803.493,2803.533,1783267937.121
1783267938,2803.517,2803.497,2803.536,1783267938.158
1783267939,2803.522,2803.503,2803.542,1783267939.126
1783267940,2803.523,2803.504,2803.543,1783267940.153
1783267941,2803.532,2803.512,2803.551,1783267941.120
1783267942,2803.534,2803.515,2803.554,1783267942.163
1783267943,2803.541,2803.521,2803.56,1783267943.124
1783267944,2803.541,2803.522,2803.561,1783267944.144
1783267945,2803.547,2803.528,2803.567,1783267945.118
1783267946,2803.557,2803.537,2803.576,1783267946.160
1783267947,2803.568,2803.548,2803.588,1783267947.124
1783267948,2803.572,2803.553,2803.592,1783267948.140
1783267949,2803.587,2803.567,2803.606,1783267949.132
1783267950,2803.589,2803.569,2803.608,1783267950.155
1783267951,2803.594,2803.574,2803.614,1783267951.133
1783267952,2803.603,2803.583,2803.623,1783267952.162
1783267953,2803.607,2803.588,2803.627,1783267953.115
1783267954,2803.608,2803.588,2803.628,1783267954.149
1783267955,2803.613,2803.594,2803.633,1783267955.124
1783267956,2803.614,2803.594,2803.634,1783267956.155
1783267957,2803.627,2803.607,2803.647,1783267957.130
1783267958,2803.635,2803.615,2803.654,1783267958.203
1783267959,2803.639,2803.62,2803.659,1783267959.124
1783267960,2803.642,2803.623,2803.662,1783267960.158
1783267961,2803.644,2803.624,2803.664,1783267961.121
1783267962,2803.653,2803.634,2803.673,1783267962.164
1783267963,2803.658,2803.638,2803.677,1783267963.123
1783267964,2803.661,2803.641,2803.68,1783267964.147
1783267965,2803.667,2803.647,2803.686,1783267965.119
1783267966,2803.674,2803.654,2803.693,1783267966.150
1783267967,2803.683,2803.663,2803.703,1783267967.118
1783267968,2803.687,2803.667,2803.706,1783267968.148
1783267969,2803.696,2803.676,2803.715,1783267969.112
1783267970,2803.698,2803.678,2803.718,1783267970.164
1783267971,2803.705,2803.685,2803.725,1783267971.129
1783267972,2803.713,2803.694,2803.733,1783267972.156
1783267973,2803.718,2803.699,2803.738,1783267973.125
1783267974,2803.72,2803.701,2803.74,1783267974.155
1783267975,2803.723,2803.704,2803.743,1783267975.131
1783267976,2803.725,2803.706,2803.745,1783267976.146
1783267977,2803.731,2803.711,2803.751,1783267977.115
1783267978,2803.741,2803.721,2803.761,1783267978.163
1783267979,2803.751,2803.732,2803.771,1783267979.123
1783267980,2803.759,2803.74,2803.779,1783267980.164
1783267981,2803.771,2803.752,2803.791,1783267981.115
1783267982,2803.773,2803.753,2803.792,1783267982.147
1783267983,2803.776,2803.756,2803.796,1783267983.125
1783267984,2803.782,2803.762,2803.802,1783267984.160
1783267985,2803.789,2803.769,2803.808,1783267985.124
1783267986,2803.794,2803.775,2803.814,1783267986.158
1783267987,2803.795,2803.775,2803.815,1783267987.119
1783267988,2803.797,2803.777,2803.817,1783267988.206
1783267989,2803.803,2803.783,2803.822,1783267989.130
1783267990,2803.818,2803.799,2803.838,1783267990.164
1783267991,2803.82,2803.801,2803.84,1783267991.133
1783267992,2803.827,2803.807,2803.847,1783267992.133
1783267993,2803.83,2803.81,2803.849,1783267993.135
1783267994,2803.835,2803.815,2803.855,1783267994.147
1783267995,2803.841,2803.822,2803.861,1783267995.119
1783267996,2803.845,2803.825,2803.865,1783267996.153
1783267997,2803.851,2803.831,2803.87,1783267997.122
1783267998,2803.86,2803.84,2803.88,1783267998.154
1783267999,2803.869,2803.849,2803.889,1783267999.121
1783268000,2803.872,2803.853,2803.892,1783268000.148
1783268001,2803.88,2803.86,2803.9,1783268001.116
1783268002,2803.883,2803.863,2803.902,1783268002.159
1783268003,2803.885,2803.865,2803.904,1783268003.127
1783268004,2803.886,2803.867,2803.906,1783268004.164
1783268005,2803.889,2803.869,2803.908,1783268005.124
1783268006,2803.898,2803.879,2803.918,1783268006.148
1783268007,2803.9,2803.88,2803.919,1783268007.118
1783268008,2803.907,2803.887,2803.926,1783268008.151
1783268009,2803.909,2803.889,2803.929,1783268009.122
1783268010,2803.912,2803.892,2803.932,1783268010.159
1783268011,2803.923,2803.903,2803.942,1783268011.115
1783268012,2803.931,2803.911,2803.95,1783268012.146
1783268013,2803.932,2803.913,2803.952,1783268013.119
1783268014,2803.934,2803.914,2803.954,1783268014.147
1783268015,2803.938,2803.918,2803.958,1783268015.119
1783268016,2803.938,2803.918,2803.958,1783268016.142
1783268017,2803.945,2803.926,2803.965,1783268017.121
1783268018,2803.95,2803.93,2803.97,1783268018.203
1783268019,2803.951,2803.932,2803.971,1783268019.122
1783268020,2803.966,2803.947,2803.986,1783268020.142
1783268021,2803.971,2803.951,2803.991,1783268021.119
1783268022,2803.972,2803.952,2803.992,1783268022.132
1783268023,2803.973,2803.953,2803.992,1783268023.115
1783268024,2803.978,2803.958,2803.997,1783268024.139
1783268025,2803.978,2803.958,2803.997,1783268025.127
1783268026,2803.979,2803.96,2803.999,1783268026.150
1783268027,2803.984,2803.964,2804.003,1783268027.120
1783268028,2803.991,2803.972,2804.011,1783268028.152
1783268029,2803.993,2803.974,2804.013,1783268029.118
1783268030,2804.001,2803.982,2804.021,1783268030.172
1783268031,2804.003,2803.984,2804.023,1783268031.119
1783268032,2804.006,2803.987,2804.026,1783268032.238
1783268033,2804.013,2803.993,2804.032,1783268033.115
1783268034,2804.029,2804.009,2804.049,1783268034.160
1783268035,2804.037,2804.018,2804.057,1783268035.119
1783268036,2804.039,2804.019,2804.059,1783268036.153
1783268037,2804.053,2804.034,2804.073,1783268037.125
1783268038,2804.059,2804.04,2804.079,1783268038.159
1783268039,2804.071,2804.051,2804.09,1783268039.119
1783268040,2804.079,2804.06,2804.099,1783268040.167
1783268041,2804.083,2804.063,2804.102,1783268041.119
1783268042,2804.086,2804.067,2804.106,1783268042.212
1783268043,2804.091,2804.071,2804.11,1783268043.153
1783268044,2804.095,2804.075,2804.114,1783268044.179
1783268045,2804.097,2804.078,2804.117,1783268045.132
1783268046,2804.106,2804.086,2804.125,1783268046.137
1783268047,2804.109,2804.089,2804.129,1783268047.144
1783268048,2804.116,2804.096,2804.135,1783268048.205
1783268049,2804.125,2804.105,2804.145,1783268049.115
1783268050,2804.132,2804.112,2804.152,1783268050.136
1783268051,2804.134,2804.114,2804.154,1783268051.121
1783268052,2804.146,2804.126,2804.166,1783268052.139
1783268053,2804.153,2804.133,2804.172,1783268053.117
1783268054,2804.16,2804.14,2804.179,1783268054.139
1783268055,2804.17,2804.151,2804.19,1783268055.131
1783268056,2804.18,2804.161,2804.2,1783268056.137
1783268057,2804.181,2804.162,2804.201,1783268057.129
1783268058,2804.182,2804.163,2804.202,1783268058.135
1783268059,2804.191,2804.171,2804.21,1783268059.114
1783268060,2804.196,2804.176,2804.215,1783268060.179
1783268061,2804.198,2804.179,2804.218,1783268061.119
1783268062,2804.202,2804.183,2804.222,1783268062.144
1783268063,2804.208,2804.188,2804.227,1783268063.124
1783268064,2804.219,2804.199,2804.238,1783268064.152
1783268065,2804.225,2804.206,2804.245,1783268065.113
1783268066,2804.237,2804.218,2804.257,1783268066.206
1783268067,2804.249,2804.229,2804.269,1783268067.118
1783268068,2804.253,2804.233,2804.272,1783268068.150
1783268069,2804.264,2804.244,2804.283,1783268069.116
1783268070,2804.267,2804.248,2804.287,1783268070.141
1783268071,2804.269,2804.249,2804.288,1783268071.112
1783268072,2804.274,2804.254,2804.293,1783268072.179
1783268073,2804.282,2804.262,2804.301,1783268073.131
1783268074,2804.289,2804.269,2804.308,1783268074.128
1783268075,2804.297,2804.278,2804.317,1783268075.118
1783268076,2804.304,2804.284,2804.324,1783268076.165
1783268077,2804.312,2804.293,2804.332,1783268077.118
1783268078,2804.319,2804.3,2804.339,1783268078.201
1783268079,2804.324,2804.305,2804.344,1783268079.118
1783268080,2804.332,2804.313,2804.352,1783268080.152
1783268081,2804.337,2804.317,2804.356,1783268081.120
1783268082,2804.338,2804.318,2804.357,1783268082.146
1783268083,2804.344,2804.324,2804.363,1783268083.118
1783268084,2804.347,2804.328,2804.367,1783268084.145
1783268085,2804.35,2804.331,2804.37,1783268085.124
1783268086,2804.355,2804.335,2804.375,1783268086.163
1783268087,2804.356,2804.336,2804.375,1783268087.126
1783268088,2804.366,2804.346,2804.385,1783268088.156
1783268089,2804.376,2804.356,2804.395,1783268089.131
1783268090,2804.382,2804.362,2804.401,1783268090.174
1783268091,2804.389,2804.37,2804.409,1783268091.122
1783268092,2804.396,2804.376,2804.415,1783268092.166
1783268093,2804.396,2804.377,2804.416,1783268093.124
1783268094,2804.397,2804.378,2804.417,1783268094.137
1783268095,2804.398,2804.379,2804.418,1783268095.131
1783268096,2804.402,2804.382,2804.422,1783268096.153
1783268097,2804.408,2804.388,2804.427,1783268097.129
1783268098,2804.417,2804.397,2804.437,1783268098.161
1783268099,2804.422,2804.402,2804.441,1783268099.118
1783268100,2804.427,2804.407,2804.447,1783268100.151
1783268101,2804.435,2804.416,2804.455,1783268101.143
1783268102,2804.438,2804.418,2804.457,1783268102.214
1783268103,2804.442,2804.422,2804.461,1783268103.255
1783268104,2804.449,2804.429,2804.469,1783268104.263
1783268105,2804.457,2804.437,2804.476,1783268105.164
1783268106,2804.459,2804.439,2804.479,1783268106.164
1783268107,2804.465,2804.445,2804.485,1783268107.122
1783268108,2804.465,2804.446,2804.485,1783268108.203
1783268109,2804.467,2804.447,2804.486,1783268109.176
1783268110,2804.468,2804.449,2804.488,1783268110.168
1783268111,2804.474,2804.454,2804.493,1783268111.129
1783268112,2804.48,2804.461,2804.5,1783268112.146
1783268113,2804.496,2804.477,2804.516,1783268113.119
1783268114,2804.5,2804.48,2804.52,1783268114.153
1783268115,2804.506,2804.486,2804.526,1783268115.125
1783268116,2804.515,2804.496,2804.535,1783268116.182
1783268117,2804.517,2804.497,2804.536,1783268117.116
1783268118,2804.524,2804.505,2804.544,1783268118.185
1783268119,2804.528,2804.508,2804.548,1783268119.133
1783268120,2804.53,2804.51,2804.549,1783268120.138
1783268121,2804.535,2804.515,2804.555,1783268121.121
1783268122,2804.536,2804.517,2804.556,1783268122.162
1783268123,2804.547,2804.528,2804.567,1783268123.129
1783268124,2804.551,2804.531,2804.57,1783268124.160
1783268125,2804.551,2804.532,2804.571,1783268125.132
1783268126,2804.554,2804.534,2804.574,1783268126.146
1783268127,2804.566,2804.546,2804.585,1783268127.126
1783268128,2804.57,2804.551,2804.59,1783268128.153
1783268129,2804.579,2804.559,2804.598,1783268129.120
1783268130,2804.584,2804.564,2804.603,1783268130.146
1783268131,2804.587,2804.567,2804.606,1783268131.114
1783268132,2804.591,2804.572,2804.611,1783268132.138
1783268133,2804.594,2804.574,2804.614,1783268133.118
1783268134,2804.6,2804.581,2804.62,1783268134.151
1783268135,2804.608,2804.588,2804.627,1783268135.119
1783268136,2804.615,2804.595,2804.635,1783268136.148
1783268137,2804.617,2804.597,2804.637,1783268137.116
1783268138,2804.617,2804.598,2804.637,1783268138.207
1783268139,2804.623,2804.603,2804.643,1783268139.203
1783268140,2804.629,2804.609,2804.648,1783268140.152
1783268141,2804.635,2804.615,2804.654,1783268141.122
1783268142,2804.638,2804.619,2804.658,1783268142.147
1783268143,2804.651,2804.631,2804.671,1783268143.117
1783268144,2804.658,2804.638,2804.678,1783268144.142
1783268145,2804.665,2804.646,2804.685,1783268145.123
1783268146,2804.67,2804.651,2804.69,1783268146.247
1783268147,2804.681,2804.661,2804.7,1783268147.113
1783268148,2804.682,2804.662,2804.702,1783268148.146
1783268149,2804.683,2804.663,2804.703,1783268149.116
1783268150,2804.684,2804.664,2804.703,1783268150.155
1783268151,2804.685,2804.665,2804.704,1783268151.115
1783268152,2804.692,2804.672,2804.711,1783268152.153
1783268153,2804.698,2804.678,2804.718,1783268153.115
1783268154,2804.704,2804.685,2804.724,1783268154.141
1783268155,2804.714,2804.694,2804.733,1783268155.125
1783268156,2804.722,2804.702,2804.741,1783268156.152
1783268157,2804.726,2804.706,2804.745,1783268157.112
1783268158,2804.728,2804.709,2804.748,1783268158.134
1783268159,2804.739,2804.719,2804.758,1783268159.118
1783268160,2804.742,2804.723,2804.762,1783268160.185
1783268161,2804.748,2804.728,2804.767,1783268161.119
1783268162,2804.751,2804.731,2804.77,1783268162.241
1783268163,2804.761,2804.742,2804.781,1783268163.165
1783268164,2804.762,2804.742,2804.781,1783268164.142
1783268165,2804.767,2804.747,2804.786,1783268165.130
1783268166,2804.77,2804.75,2804.79,1783268166.172
1783268167,2804.774,2804.755,2804.794,1783268167.125
1783268168,2804.787,2804.768,2804.807,1783268168.205
1783268169,2804.791,2804.771,2804.811,1783268169.117
1783268170,2804.802,2804.782,2804.822,1783268170.140
1783268171,2804.81,2804.79,2804.83,1783268171.117
1783268172,2804.814,2804.795,2804.834,1783268172.204
1783268173,2804.818,2804.799,2804.838,1783268173.126
1783268174,2804.825,2804.806,2804.845,1783268174.144
1783268175,2804.836,2804.816,2804.855,1783268175.122
1783268176,2804.844,2804.824,2804.864,1783268176.159
1783268177,2804.846,2804.827,2804.866,1783268177.119
1783268178,2804.847,2804.827,2804.866,1783268178.139
1783268179,2804.85,2804.83,2804.87,1783268179.124
1783268180,2804.854,2804.834,2804.873,1783268180.136
1783268181,2804.859,2804.84,2804.879,1783268181.142
1783268182,2804.86,2804.84,2804.88,1783268182.160
1783268183,2804.869,2804.849,2804.889,1783268183.117
1783268184,2804.875,2804.855,2804.894,1783268184.162
1783268185,2804.881,2804.861,2804.901,1783268185.119
1783268186,2804.888,2804.868,2804.907,1783268186.148
1783268187,2804.897,2804.877,2804.917,1783268187.124
1783268188,2804.903,2804.884,2804.923,1783268188.152
1783268189,2804.914,2804.895,2804.934,1783268189.122
1783268190,2804.915,2804.895,2804.935,1783268190.144
1783268191,2804.927,2804.907,2804.946,1783268191.156
1783268192,2804.93,2804.91,2804.949,1783268192.148
1783268193,2804.937,2804.918,2804.957,1783268193.120
1783268194,2804.952,2804.932,2804.971,1783268194.172
1783268195,2804.96,2804.94,2804.98,1783268195.123
1783268196,2804.963,2804.943,2804.983,1783268196.165
1783268197,2804.967,2804.947,2804.986,1783268197.119
1783268198,2804.967,2804.947,2804.986,1783268198.209
1783268199,2804.97,2804.95,2804.99,1783268199.121
1783268200,2804.973,2804.953,2804.993,1783268200.186
1783268201,2804.974,2804.954,2804.993,1783268201.120
1783268202,2804.98,2804.961,2805,1783268202.141
1783268203,2804.981,2804.961,2805,1783268203.125
1783268204,2804.988,2804.968,2805.007,1783268204.207
1783268205,2804.994,2804.974,2805.014,1783268205.135
1783268206,2804.998,2804.978,2805.018,1783268206.148
1783268207,2805.008,2804.988,2805.027,1783268207.122
1783268208,2805.009,2804.99,2805.029,1783268208.146
1783268209,2805.012,2804.992,2805.031,1783268209.118
1783268210,2805.015,2804.996,2805.035,1783268210.162
1783268211,2805.021,2805.002,2805.041,1783268211.115
1783268212,2805.023,2805.003,2805.042,1783268212.148
1783268213,2805.031,2805.011,2805.05,1783268213.116
1783268214,2805.036,2805.016,2805.056,1783268214.149
1783268215,2805.037,2805.017,2805.056,1783268215.125
1783268216,2805.042,2805.023,2805.062,1783268216.139
1783268217,2805.045,2805.025,2805.064,1783268217.138
1783268218,2805.053,2805.033,2805.073,1783268218.153
1783268219,2805.057,2805.037,2805.076,1783268219.139
1783268220,2805.057,2805.037,2805.077,1783268220.163
1783268221,2805.059,2805.039,2805.078,1783268221.120
1783268222,2805.059,2805.039,2805.079,1783268222.267
1783268223,2805.069,2805.049,2805.088,1783268223.159
1783268224,2805.078,2805.059,2805.098,1783268224.176
1783268225,2805.083,2805.064,2805.103,1783268225.118
1783268226,2805.095,2805.075,2805.114,1783268226.151
1783268227,2805.097,2805.078,2805.117,1783268227.129
1783268228,2805.111,2805.091,2805.13,1783268228.204
1783268229,2805.112,2805.092,2805.131,1783268229.113
1783268230,2805.118,2805.098,2805.137,1783268230.148
1783268231,2805.12,2805.101,2805.14,1783268231.125
1783268232,2805.135,2805.115,2805.154,1783268232.142
1783268233,2805.135,2805.116,2805.155,1783268233.124
1783268234,2805.14,2805.121,2805.16,1783268234.148
1783268235,2805.148,2805.128,2805.168,1783268235.131
1783268236,2805.15,2805.13,2805.169,1783268236.168
1783268237,2805.153,2805.133,2805.172,1783268237.120
1783268238,2805.154,2805.135,2805.174,1783268238.127
1783268239,2805.163,2805.143,2805.182,1783268239.115
1783268240,2805.167,2805.147,2805.186,1783268240.166
1783268241,2805.17,2805.15,2805.19,1783268241.116
1783268242,2805.172,2805.153,2805.192,1783268242.145
1783268243,2805.178,2805.158,2805.198,1783268243.121
1783268244,2805.186,2805.166,2805.206,1783268244.144
1783268245,2805.197,2805.178,2805.217,1783268245.125
1783268246,2805.197,2805.178,2805.217,1783268246.181
1783268247,2805.201,2805.181,2805.221,1783268247.125
1783268248,2805.206,2805.187,2805.226,1783268248.201
1783268249,2805.207,2805.187,2805.227,1783268249.124
1783268250,2805.211,2805.192,2805.231,1783268250.148
1783268251,2805.212,2805.192,2805.231,1783268251.119
1783268252,2805.217,2805.198,2805.237,1783268252.139
1783268253,2805.22,2805.2,2805.239,1783268253.136
1783268254,2805.225,2805.206,2805.245,1783268254.150
1783268255,2805.228,2805.208,2805.247,1783268255.118
1783268256,2805.235,2805.216,2805.255,1783268256.134
1783268257,2805.24,2805.22,2805.259,1783268257.119
1783268258,2805.25,2805.231,2805.27,1783268258.244
1783268259,2805.261,2805.242,2805.281,1783268259.116
1783268260,2805.262,2805.242,2805.282,1783268260.147
1783268261,2805.265,2805.245,2805.284,1783268261.120
1783268262,2805.273,2805.253,2805.293,1783268262.143
1783268263,2805.279,2805.259,2805.298,1783268263.124
1783268264,2805.288,2805.268,2805.308,1783268264.154
1783268265,2805.293,2805.273,2805.312,1783268265.128
1783268266,2805.293,2805.273,2805.313,1783268266.146
1783268267,2805.293,2805.274,2805.313,1783268267.113
1783268268,2805.294,2805.274,2805.313,1783268268.151
1783268269,2805.306,2805.286,2805.326,1783268269.118
1783268270,2805.315,2805.296,2805.335,1783268270.139
1783268271,2805.319,2805.299,2805.339,1783268271.139
1783268272,2805.325,2805.305,2805.344,1783268272.162
1783268273,2805.333,2805.313,2805.353,1783268273.121
1783268274,2805.336,2805.316,2805.356,1783268274.149
1783268275,2805.347,2805.327,2805.366,1783268275.128
1783268276,2805.354,2805.334,2805.373,1783268276.146
1783268277,2805.359,2805.339,2805.379,1783268277.124
1783268278,2805.367,2805.348,2805.387,1783268278.137
1783268279,2805.369,2805.349,2805.388,1783268279.120
1783268280,2805.38,2805.361,2805.4,1783268280.158
1783268281,2805.384,2805.364,2805.404,1783268281.119
1783268282,2805.388,2805.368,2805.407,1783268282.182
1783268283,2805.39,2805.371,2805.41,1783268283.171
1783268284,2805.396,2805.377,2805.416,1783268284.138
1783268285,2805.402,2805.382,2805.422,1783268285.225
1783268286,2805.404,2805.385,2805.424,1783268286.143
1783268287,2805.418,2805.398,2805.437,1783268287.120
1783268288,2805.425,2805.405,2805.444,1783268288.199
1783268289,2805.435,2805.415,2805.455,1783268289.125
1783268290,2805.447,2805.427,2805.466,1783268290.188
1783268291,2805.453,2805.433,2805.472,1783268291.123
1783268292,2805.46,2805.441,2805.48,1783268292.151
1783268293,2805.464,2805.445,2805.484,1783268293.120
1783268294,2805.469,2805.45,2805.489,1783268294.134
1783268295,2805.478,2805.458,2805.497,1783268295.117
1783268296,2805.487,2805.468,2805.507,1783268296.166
1783268297,2805.491,2805.472,2805.511,1783268297.121
1783268298,2805.492,2805.472,2805.512,1783268298.162
1783268299,2805.497,2805.478,2805.517,1783268299.119
1783268300,2805.5,2805.481,2805.52,1783268300.143
1783268301,2805.503,2805.483,2805.522,1783268301.140
1783268302,2805.503,2805.483,2805.523,1783268302.156
1783268303,2805.511,2805.492,2805.531,1783268303.118
1783268304,2805.53,2805.511,2805.55,1783268304.151
1783268305,2805.537,2805.517,2805.556,1783268305.123
1783268306,2805.542,2805.522,2805.562,1783268306.148
1783268307,2805.551,2805.531,2805.571,1783268307.126
1783268308,2805.556,2805.536,2805.575,1783268308.151
1783268309,2805.557,2805.537,2805.576,1783268309.124
1783268310,2805.559,2805.54,2805.579,1783268310.159
1783268311,2805.559,2805.54,2805.579,1783268311.125
1783268312,2805.566,2805.546,2805.586,1783268312.143
1783268313,2805.573,2805.553,2805.593,1783268313.124
1783268314,2805.579,2805.559,2805.598,1783268314.141
1783268315,2805.582,2805.562,2805.602,1783268315.131
1783268316,2805.587,2805.568,2805.607,1783268316.146
1783268317,2805.589,2805.57,2805.609,1783268317.113
1783268318,2805.594,2805.574,2805.614,1783268318.204
1783268319,2805.598,2805.579,2805.618,1783268319.118
1783268320,2805.61,2805.591,2805.63,1783268320.148
1783268321,2805.614,2805.594,2805.634,1783268321.122
1783268322,2805.62,2805.6,2805.64,1783268322.155
1783268323,2805.62,2805.6,2805.64,1783268323.122
1783268324,2805.621,2805.602,2805.641,1783268324.162
1783268325,2805.623,2805.603,2805.642,1783268325.123
1783268326,2805.627,2805.607,2805.647,1783268326.158
1783268327,2805.635,2805.616,2805.655,1783268327.125
1783268328,2805.644,2805.625,2805.664,1783268328.168
1783268329,2805.645,2805.625,2805.665,1783268329.127
1783268330,2805.652,2805.633,2805.672,1783268330.139
1783268331,2805.654,2805.635,2805.674,1783268331.126
1783268332,2805.655,2805.635,2805.675,1783268332.156
1783268333,2805.669,2805.649,2805.689,1783268333.116
1783268334,2805.669,2805.65,2805.689,1783268334.183
1783268335,2805.684,2805.664,2805.704,1783268335.133
1783268336,2805.692,2805.672,2805.711,1783268336.149
1783268337,2805.698,2805.678,2805.717,1783268337.116
1783268338,2805.707,2805.687,2805.726,1783268338.143
1783268339,2805.708,2805.689,2805.728,1783268339.125
1783268340,2805.714,2805.694,2805.734,1783268340.163
1783268341,2805.716,2805.697,2805.736,1783268341.118
1783268342,2805.722,2805.702,2805.741,1783268342.193
1783268343,2805.723,2805.704,2805.743,1783268343.133
1783268344,2805.73,2805.71,2805.75,1783268344.147
1783268345,2805.741,2805.721,2805.76,1783268345.116
1783268346,2805.742,2805.723,2805.762,1783268346.147
1783268347,2805.755,2805.735,2805.774,1783268347.121
1783268348,2805.765,2805.745,2805.785,1783268348.204
1783268349,2805.772,2805.752,2805.791,1783268349.110
1783268350,2805.78,2805.761,2805.8,1783268350.152
1783268351,2805.788,2805.768,2805.807,1783268351.128
1783268352,2805.795,2805.775,2805.814,1783268352.169
1783268353,2805.795,2805.776,2805.815,1783268353.125
1783268354,2805.798,2805.778,2805.817,1783268354.131
1783268355,2805.802,2805.783,2805.822,1783268355.132
1783268356,2805.811,2805.791,2805.831,1783268356.145
1783268357,2805.817,2805.797,2805.836,1783268357.123
1783268358,2805.824,2805.804,2805.843,1783268358.161
1783268359,2805.827,2805.807,2805.846,1783268359.116
1783268360,2805.829,2805.809,2805.848,1783268360.148
1783268361,2805.845,2805.825,2805.864,1783268361.123
1783268362,2805.856,2805.836,2805.876,1783268362.150
1783268363,2805.87,2805.851,2805.89,1783268363.136
1783268364,2805.878,2805.858,2805.897,1783268364.152
1783268365,2805.881,2805.861,2805.9,1783268365.118
1783268366,2805.886,2805.866,2805.906,1783268366.136
1783268367,2805.89,2805.87,2805.91,1783268367.124
1783268368,2805.898,2805.879,2805.918,1783268368.132
1783268369,2805.902,2805.882,2805.922,1783268369.124
1783268370,2805.912,2805.892,2805.931,1783268370.162
1783268371,2805.915,2805.895,2805.934,1783268371.135
1783268372,2805.922,2805.902,2805.942,1783268372.204
1783268373,2805.93,2805.91,2805.95,1783268373.122
1783268374,2805.934,2805.914,2805.953,1783268374.143
1783268375,2805.937,2805.917,2805.957,1783268375.147
1783268376,2805.939,2805.92,2805.959,1783268376.162
1783268377,2805.951,2805.932,2805.971,1783268377.117
1783268378,2805.96,2805.941,2805.98,1783268378.203
1783268379,2805.962,2805.942,2805.981,1783268379.118
1783268380,2805.964,2805.945,2805.984,1783268380.150
1783268381,2805.974,2805.954,2805.994,1783268381.114
1783268382,2805.976,2805.957,2805.996,1783268382.156
1783268383,2805.979,2805.959,2805.998,1783268383.126
1783268384,2805.993,2805.973,2806.013,1783268384.141
1783268385,2805.999,2805.98,2806.019,1783268385.118
1783268386,2806,2805.981,2806.02,1783268386.133
1783268387,2806.007,2805.988,2806.027,1783268387.122
1783268388,2806.016,2805.996,2806.036,1783268388.154
1783268389,2806.029,2806.009,2806.048,1783268389.120
1783268390,2806.032,2806.012,2806.052,1783268390.155
1783268391,2806.036,2806.016,2806.055,1783268391.117
1783268392,2806.043,2806.023,2806.063,1783268392.144
1783268393,2806.045,2806.025,2806.064,1783268393.125
1783268394,2806.049,2806.029,2806.068,1783268394.156
1783268395,2806.049,2806.03,2806.069,1783268395.123
1783268396,2806.052,2806.033,2806.072,1783268396.156
1783268397,2806.053,2806.033,2806.073,1783268397.119
1783268398,2806.055,2806.035,2806.074,1783268398.135
1783268399,2806.062,2806.042,2806.082,1783268399.122
1783268400,2806.063,2806.043,2806.083,1783268400.167
1783268401,2806.066,2806.046,2806.085,1783268401.151
1783268402,2806.077,2806.058,2806.097,1783268402.168
1783268403,2806.081,2806.061,2806.1,1783268403.347
1783268404,2806.087,2806.068,2806.107,1783268404.154
1783268405,2806.1,2806.08,2806.119,1783268405.183
1783268406,2806.1,2806.08,2806.119,1783268406.155
1783268407,2806.104,2806.085,2806.124,1783268407.116
1783268408,2806.104,2806.085,2806.124,1783268408.200
1783268409,2806.105,2806.086,2806.125,1783268409.124
1783268410,2806.12,2806.1,2806.139,1783268410.210
1783268411,2806.125,2806.105,2806.144,1783268411.119
1783268412,2806.134,2806.115,2806.154,1783268412.237
1783268413,2806.137,2806.117,2806.156,1783268413.118
1783268414,2806.146,2806.127,2806.166,1783268414.245
1783268415,2806.147,2806.127,2806.166,1783268415.113
1783268416,2806.15,2806.131,2806.17,1783268416.143
1783268417,2806.162,2806.143,2806.182,1783268417.113
1783268418,2806.164,2806.144,2806.184,1783268418.148
1783268419,2806.18,2806.16,2806.2,1783268419.110
1783268420,2806.182,2806.162,2806.201,1783268420.151
1783268421,2806.185,2806.165,2806.204,1783268421.123
1783268422,2806.2,2806.18,2806.219,1783268422.145
1783268423,2806.207,2806.188,2806.227,1783268423.134
1783268424,2806.212,2806.193,2806.232,1783268424.142
1783268425,2806.218,2806.198,2806.237,1783268425.114
1783268426,2806.224,2806.204,2806.243,1783268426.145
1783268427,2806.23,2806.21,2806.249,1783268427.113
1783268428,2806.231,2806.211,2806.25,1783268428.162
1783268429,2806.234,2806.214,2806.253,1783268429.122
1783268430,2806.241,2806.221,2806.26,1783268430.173
1783268431,2806.261,2806.242,2806.281,1783268431.128
1783268432,2806.262,2806.242,2806.282,1783268432.151
1783268433,2806.262,2806.243,2806.282,1783268433.136
1783268434,2806.27,2806.25,2806.29,1783268434.159
1783268435,2806.281,2806.262,2806.301,1783268435.133
1783268436,2806.287,2806.267,2806.306,1783268436.149
1783268437,2806.292,2806.273,2806.312,1783268437.132
1783268438,2806.296,2806.277,2806.316,1783268438.247
1783268439,2806.299,2806.279,2806.318,1783268439.132
1783268440,2806.304,2806.285,2806.324,1783268440.146
1783268441,2806.312,2806.292,2806.331,1783268441.135
1783268442,2806.319,2806.299,2806.339,1783268442.152
1783268443,2806.326,2806.307,2806.346,1783268443.116
1783268444,2806.336,2806.316,2806.356,1783268444.157
1783268445,2806.337,2806.317,2806.357,1783268445.129
1783268446,2806.344,2806.324,2806.363,1783268446.175
1783268447,2806.347,2806.328,2806.367,1783268447.124
1783268448,2806.357,2806.337,2806.376,1783268448.169
1783268449,2806.364,2806.344,2806.383,1783268449.118
1783268450,2806.368,2806.349,2806.388,1783268450.162
1783268451,2806.372,2806.352,2806.392,1783268451.124
1783268452,2806.378,2806.359,2806.398,1783268452.244
1783268453,2806.386,2806.366,2806.405,1783268453.115
1783268454,2806.39,2806.371,2806.41,1783268454.174
1783268455,2806.393,2806.373,2806.412,1783268455.118
1783268456,2806.394,2806.374,2806.414,1783268456.147
1783268457,2806.402,2806.382,2806.421,1783268457.118
1783268458,2806.409,2806.389,2806.429,1783268458.154
1783268459,2806.41,2806.39,2806.43,1783268459.110
1783268460,2806.417,2806.398,2806.437,1783268460.153
1783268461,2806.421,2806.402,2806.441,1783268461.122
1783268462,2806.422,2806.402,2806.441,1783268462.158
1783268463,2806.427,2806.408,2806.447,1783268463.136
1783268464,2806.432,2806.412,2806.452,1783268464.159
1783268465,2806.435,2806.416,2806.455,1783268465.123
1783268466,2806.443,2806.423,2806.463,1783268466.150
1783268467,2806.455,2806.435,2806.474,1783268467.162
1783268468,2806.456,2806.436,2806.475,1783268468.152
1783268469,2806.46,2806.44,2806.479,1783268469.130
1783268470,2806.466,2806.447,2806.486,1783268470.152
1783268471,2806.468,2806.448,2806.488,1783268471.121
1783268472,2806.483,2806.463,2806.503,1783268472.150
1783268473,2806.485,2806.465,2806.505,1783268473.121
1783268474,2806.493,2806.473,2806.512,1783268474.151
1783268475,2806.497,2806.477,2806.516,1783268475.143
1783268476,2806.504,2806.485,2806.524,1783268476.150
1783268477,2806.518,2806.499,2806.538,1783268477.128
1783268478,2806.519,2806.499,2806.539,1783268478.151
1783268479,2806.522,2806.503,2806.542,1783268479.121
1783268480,2806.529,2806.51,2806.549,1783268480.164
1783268481,2806.536,2806.516,2806.555,1783268481.122
1783268482,2806.537,2806.518,2806.557,1783268482.154
1783268483,2806.548,2806.528,2806.568,1783268483.116
1783268484,2806.553,2806.534,2806.573,1783268484.207
1783268485,2806.56,2806.54,2806.579,1783268485.129
1783268486,2806.561,2806.541,2806.581,1783268486.168
1783268487,2806.564,2806.545,2806.584,1783268487.117
1783268488,2806.57,2806.55,2806.589,1783268488.133
1783268489,2806.572,2806.552,2806.591,1783268489.119
1783268490,2806.579,2806.559,2806.598,1783268490.170
1783268491,2806.586,2806.566,2806.605,1783268491.126
1783268492,2806.591,2806.571,2806.61,1783268492.222
1783268493,2806.599,2806.579,2806.618,1783268493.120
1783268494,2806.603,2806.584,2806.623,1783268494.184
1783268495,2806.608,2806.589,2806.628,1783268495.121
1783268496,2806.609,2806.589,2806.629,1783268496.155
1783268497,2806.618,2806.599,2806.638,1783268497.126
1783268498,2806.62,2806.6,2806.639,1783268498.202
1783268499,2806.625,2806.605,2806.644,1783268499.118
1783268500,2806.632,2806.613,2806.652,1783268500.132
1783268501,2806.638,2806.618,2806.657,1783268501.117
1783268502,2806.66,2806.64,2806.679,1783268502.134
1783268503,2806.667,2806.647,2806.686,1783268503.116
1783268504,2806.671,2806.652,2806.691,1783268504.159
1783268505,2806.673,2806.653,2806.692,1783268505.124
1783268506,2806.684,2806.664,2806.704,1783268506.171
1783268507,2806.692,2806.673,2806.712,1783268507.122
1783268508,2806.696,2806.677,2806.716,1783268508.165
1783268509,2806.702,2806.682,2806.721,1783268509.110
1783268510,2806.707,2806.688,2806.727,1783268510.160
1783268511,2806.711,2806.692,2806.731,1783268511.117
1783268512,2806.712,2806.693,2806.732,1783268512.132
1783268513,2806.721,2806.701,2806.741,1783268513.127
1783268514,2806.721,2806.701,2806.741,1783268514.158
1783268515,2806.728,2806.709,2806.748,1783268515.130
1783268516,2806.734,2806.714,2806.754,1783268516.128
1783268517,2806.739,2806.72,2806.759,1783268517.115
1783268518,2806.741,2806.721,2806.76,1783268518.132
1783268519,2806.743,2806.723,2806.763,1783268519.110
1783268520,2806.745,2806.725,2806.765,1783268520.138
1783268521,2806.75,2806.73,2806.77,1783268521.134
1783268522,2806.755,2806.735,2806.775,1783268522.231
1783268523,2806.758,2806.739,2806.778,1783268523.138
1783268524,2806.765,2806.746,2806.785,1783268524.173
1783268525,2806.772,2806.752,2806.792,1783268525.112
1783268526,2806.781,2806.761,2806.8,1783268526.132
1783268527,2806.789,2806.77,2806.809,1783268527.130
1783268528,2806.789,2806.77,2806.809,1783268528.270
1783268529,2806.79,2806.77,2806.809,1783268529.116
1783268530,2806.793,2806.773,2806.813,1783268530.155
1783268531,2806.802,2806.782,2806.821,1783268531.114
1783268532,2806.808,2806.788,2806.828,1783268532.143
1783268533,2806.81,2806.79,2806.829,1783268533.122
1783268534,2806.815,2806.795,2806.834,1783268534.159
1783268535,2806.82,2806.801,2806.84,1783268535.114
1783268536,2806.831,2806.811,2806.851,1783268536.138
1783268537,2806.837,2806.818,2806.857,1783268537.130
1783268538,2806.844,2806.824,2806.863,1783268538.160
1783268539,2806.844,2806.825,2806.864,1783268539.116
1783268540,2806.849,2806.83,2806.869,1783268540.130
1783268541,2806.854,2806.834,2806.874,1783268541.124
1783268542,2806.859,2806.839,2806.878,1783268542.132
1783268543,2806.862,2806.842,2806.882,1783268543.117
1783268544,2806.866,2806.846,2806.885,1783268544.134
1783268545,2806.868,2806.848,2806.887,1783268545.122
1783268546,2806.87,2806.851,2806.89,1783268546.164
1783268547,2806.881,2806.861,2806.9,1783268547.123
1783268548,2806.881,2806.862,2806.901,1783268548.155
1783268549,2806.886,2806.867,2806.906,1783268549.109
1783268550,2806.894,2806.874,2806.914,1783268550.130
1783268551,2806.902,2806.882,2806.921,1783268551.122
1783268552,2806.914,2806.894,2806.934,1783268552.165
1783268553,2806.918,2806.898,2806.937,1783268553.124
1783268554,2806.928,2806.908,2806.948,1783268554.137
1783268555,2806.936,2806.916,2806.956,1783268555.123
1783268556,2806.942,2806.922,2806.962,1783268556.160
1783268557,2806.946,2806.926,2806.965,1783268557.113
1783268558,2806.949,2806.929,2806.969,1783268558.200
1783268559,2806.957,2806.937,2806.976,1783268559.123
1783268560,2806.961,2806.942,2806.981,1783268560.161
1783268561,2806.963,2806.944,2806.983,1783268561.121
1783268562,2806.972,2806.952,2806.991,1783268562.137
1783268563,2806.973,2806.954,2806.993,1783268563.118
1783268564,2806.975,2806.956,2806.995,1783268564.169
1783268565,2806.978,2806.958,2806.997,1783268565.115
1783268566,2806.989,2806.969,2807.008,1783268566.170
1783268567,2806.989,2806.969,2807.009,1783268567.121
1783268568,2806.996,2806.977,2807.016,1783268568.159
1783268569,2807.001,2806.981,2807.021,1783268569.115
1783268570,2807.001,2806.981,2807.021,1783268570.165
1783268571,2807.003,2806.984,2807.023,1783268571.121
1783268572,2807.015,2806.995,2807.035,1783268572.146
1783268573,2807.018,2806.998,2807.038,1783268573.112
1783268574,2807.02,2807,2807.039,1783268574.162
1783268575,2807.027,2807.008,2807.047,1783268575.113
1783268576,2807.033,2807.014,2807.053,1783268576.134
1783268577,2807.04,2807.021,2807.06,1783268577.119
1783268578,2807.046,2807.026,2807.065,1783268578.139
1783268579,2807.046,2807.027,2807.066,1783268579.117
1783268580,2807.048,2807.028,2807.067,1783268580.168
1783268581,2807.049,2807.029,2807.068,1783268581.126
1783268582,2807.055,2807.036,2807.075,1783268582.178
1783268583,2807.062,2807.042,2807.081,1783268583.131
1783268584,2807.072,2807.052,2807.091,1783268584.139
1783268585,2807.073,2807.053,2807.092,1783268585.122
1783268586,2807.077,2807.058,2807.097,1783268586.164
1783268587,2807.082,2807.062,2807.102,1783268587.117
1783268588,2807.086,2807.066,2807.105,1783268588.209
1783268589,2807.088,2807.068,2807.108,1783268589.117
1783268590,2807.09,2807.07,2807.11,1783268590.167
1783268591,2807.093,2807.073,2807.112,1783268591.114
1783268592,2807.1,2807.081,2807.12,1783268592.167
1783268593,2807.103,2807.084,2807.123,1783268593.111
1783268594,2807.103,2807.084,2807.123,1783268594.167
1783268595,2807.109,2807.089,2807.129,1783268595.109
1783268596,2807.115,2807.095,2807.134,1783268596.139
1783268597,2807.127,2807.108,2807.147,1783268597.110
1783268598,2807.138,2807.118,2807.157,1783268598.135
1783268599,2807.144,2807.125,2807.164,1783268599.122
1783268600,2807.153,2807.133,2807.172,1783268600.148
1783268601,2807.156,2807.137,2807.176,1783268601.125
1783268602,2807.161,2807.142,2807.181,1783268602.129
1783268603,2807.165,2807.146,2807.185,1783268603.122
1783268604,2807.173,2807.154,2807.193,1783268604.150
1783268605,2807.174,2807.154,2807.193,1783268605.110
1783268606,2807.185,2807.165,2807.204,1783268606.137
1783268607,2807.193,2807.174,2807.213,1783268607.113
1783268608,2807.201,2807.182,2807.221,1783268608.141
1783268609,2807.205,2807.185,2807.224,1783268609.111
1783268610,2807.209,2807.189,2807.229,1783268610.140
1783268611,2807.219,2807.199,2807.238,1783268611.122
1783268612,2807.224,2807.205,2807.244,1783268612.136
1783268613,2807.229,2807.209,2807.249,1783268613.112
1783268614,2807.23,2807.211,2807.25,1783268614.147
1783268615,2807.231,2807.212,2807.251,1783268615.116
1783268616,2807.232,2807.213,2807.252,1783268616.142
1783268617,2807.234,2807.214,2807.253,1783268617.115
1783268618,2807.237,2807.217,2807.257,1783268618.244
1783268619,2807.242,2807.222,2807.261,1783268619.112
1783268620,2807.242,2807.222,2807.261,1783268620.164
1783268621,2807.243,2807.223,2807.263,1783268621.125
1783268622,2807.249,2807.229,2807.268,1783268622.133
1783268623,2807.255,2807.235,2807.275,1783268623.113
1783268624,2807.263,2807.243,2807.282,1783268624.140
1783268625,2807.27,2807.251,2807.29,1783268625.126
1783268626,2807.275,2807.255,2807.295,1783268626.134
1783268627,2807.279,2807.259,2807.298,1783268627.114
1783268628,2807.283,2807.264,2807.303,1783268628.152
1783268629,2807.292,2807.272,2807.312,1783268629.107
1783268630,2807.296,2807.276,2807.315,1783268630.170
1783268631,2807.309,2807.29,2807.329,1783268631.112
1783268632,2807.311,2807.291,2807.331,1783268632.140
1783268633,2807.318,2807.298,2807.337,1783268633.120
1783268634,2807.323,2807.303,2807.343,1783268634.174
1783268635,2807.33,2807.31,2807.349,1783268635.122
1783268636,2807.336,2807.317,2807.356,1783268636.134
1783268637,2807.341,2807.321,2807.36,1783268637.109
1783268638,2807.35,2807.33,2807.37,1783268638.131
1783268639,2807.361,2807.341,2807.381,1783268639.108
1783268640,2807.366,2807.347,2807.386,1783268640.150
1783268641,2807.368,2807.348,2807.388,1783268641.182
1783268642,2807.37,2807.35,2807.389,1783268642.241
1783268643,2807.373,2807.353,2807.393,1783268643.266
1783268644,2807.375,2807.355,2807.395,1783268644.254
1783268645,2807.386,2807.367,2807.406,1783268645.129
1783268646,2807.392,2807.372,2807.411,1783268646.163
1783268647,2807.392,2807.372,2807.412,1783268647.118
1783268648,2807.395,2807.375,2807.414,1783268648.202
1783268649,2807.4,2807.38,2807.42,1783268649.119
1783268650,2807.401,2807.381,2807.42,1783268650.128
1783268651,2807.401,2807.382,2807.421,1783268651.111
1783268652,2807.402,2807.382,2807.422,1783268652.146
1783268653,2807.406,2807.386,2807.425,1783268653.123
1783268654,2807.408,2807.388,2807.428,1783268654.146
1783268655,2807.413,2807.393,2807.432,1783268655.112
1783268656,2807.419,2807.4,2807.439,1783268656.129
1783268657,2807.424,2807.405,2807.444,1783268657.112
1783268658,2807.43,2807.411,2807.45,1783268658.153
1783268659,2807.444,2807.424,2807.463,1783268659.110
1783268660,2807.449,2807.429,2807.469,1783268660.150
1783268661,2807.453,2807.433,2807.473,1783268661.116
1783268662,2807.455,2807.435,2807.475,1783268662.139
1783268663,2807.459,2807.439,2807.479,1783268663.111
1783268664,2807.466,2807.446,2807.486,1783268664.128
1783268665,2807.471,2807.452,2807.491,1783268665.123
1783268666,2807.474,2807.454,2807.493,1783268666.149
1783268667,2807.484,2807.464,2807.504,1783268667.122
1783268668,2807.487,2807.468,2807.507,1783268668.135
1783268669,2807.489,2807.469,2807.509,1783268669.116
1783268670,2807.492,2807.472,2807.512,1783268670.155
1783268671,2807.494,2807.474,2807.513,1783268671.124
1783268672,2807.499,2807.479,2807.518,1783268672.133
1783268673,2807.507,2807.487,2807.527,1783268673.122
1783268674,2807.508,2807.489,2807.528,1783268674.160
1783268675,2807.51,2807.491,2807.53,1783268675.140
1783268676,2807.52,2807.501,2807.54,1783268676.141
1783268677,2804.27,2804.251,2804.29,1783268677.113
1783268678,2804.28,2804.26,2804.3,1783268678.206
1783268679,2804.285,2804.265,2804.304,1783268679.128
1783268680,2804.289,2804.269,2804.308,1783268680.142
1783268681,2804.3,2804.28,2804.32,1783268681.115
1783268682,2804.303,2804.283,2804.322,1783268682.204
1783268683,2804.306,2804.286,2804.326,1783268683.125
1783268684,2804.308,2804.288,2804.327,1783268684.150
1783268685,2804.313,2804.293,2804.333,1783268685.121
1783268686,2804.32,2804.301,2804.34,1783268686.143
1783268687,2804.323,2804.304,2804.343,1783268687.115
1783268688,2804.325,2804.305,2804.345,1783268688.164
1783268689,2804.33,2804.31,2804.35,1783268689.119
1783268690,2804.338,2804.318,2804.358,1783268690.147
1783268691,2804.348,2804.329,2804.368,1783268691.128
1783268692,2804.35,2804.33,2804.37,1783268692.146
1783268693,2804.354,2804.334,2804.373,1783268693.116
1783268694,2804.354,2804.334,2804.373,1783268694.150
1783268695,2804.354,2804.335,2804.374,1783268695.117
1783268696,2804.358,2804.339,2804.378,1783268696.151
1783268697,2804.374,2804.354,2804.393,1783268697.113
1783268698,2804.384,2804.364,2804.404,1783268698.154
1783268699,2804.393,2804.373,2804.412,1783268699.123
1783268700,2804.401,2804.382,2804.421,1783268700.149
1783268701,2804.403,2804.383,2804.423,1783268701.116
1783268702,2804.405,2804.386,2804.425,1783268702.201
1783268703,2804.411,2804.391,2804.43,1783268703.297
1783268704,2804.412,2804.393,2804.432,1783268704.272
1783268705,2804.414,2804.395,2804.434,1783268705.126
1783268706,2804.423,2804.404,2804.443,1783268706.134
1783268707,2804.428,2804.408,2804.448,1783268707.117
1783268708,2804.432,2804.412,2804.452,1783268708.209
1783268709,2804.438,2804.418,2804.457,1783268709.126
1783268710,2804.447,2804.428,2804.467,1783268710.164
1783268711,2804.457,2804.438,2804.477,1783268711.113
1783268712,2804.466,2804.447,2804.486,1783268712.151
1783268713,2804.472,2804.452,2804.491,1783268713.116
1783268714,2804.474,2804.455,2804.494,1783268714.143
1783268715,2804.475,2804.455,2804.494,1783268715.136
1783268716,2804.479,2804.459,2804.499,1783268716.129
1783268717,2804.483,2804.463,2804.503,1783268717.117
1783268718,2804.485,2804.465,2804.505,1783268718.146
1783268719,2804.489,2804.47,2804.509,1783268719.127
1783268720,2804.494,2804.474,2804.513,1783268720.159
1783268721,2804.507,2804.487,2804.526,1783268721.122
1783268722,2804.51,2804.49,2804.529,1783268722.138
1783268723,2804.516,2804.497,2804.536,1783268723.111
1783268724,2804.522,2804.503,2804.542,1783268724.140
1783268725,2804.528,2804.508,2804.548,1783268725.157
1783268726,2804.529,2804.509,2804.548,1783268726.141
1783268727,2804.542,2804.522,2804.562,1783268727.114
1783268728,2804.556,2804.536,2804.575,1783268728.148
1783268729,2804.566,2804.547,2804.586,1783268729.115
1783268730,2804.572,2804.552,2804.591,1783268730.137
1783268731,2804.573,2804.553,2804.592,1783268731.109
1783268732,2804.58,2804.561,2804.6,1783268732.139
1783268733,2804.585,2804.565,2804.605,1783268733.124
1783268734,2804.586,2804.567,2804.606,1783268734.167
1783268735,2804.589,2804.569,2804.609,1783268735.122
1783268736,2804.596,2804.577,2804.616,1783268736.136
1783268737,2804.6,2804.58,2804.62,1783268737.116
1783268738,2804.614,2804.594,2804.633,1783268738.202
1783268739,2804.616,2804.596,2804.635,1783268739.123
1783268740,2804.625,2804.605,2804.645,1783268740.151
1783268741,2804.627,2804.607,2804.646,1783268741.130
1783268742,2804.634,2804.614,2804.653,1783268742.149
1783268743,2804.64,2804.621,2804.66,1783268743.129
1783268744,2804.652,2804.632,2804.672,1783268744.148
1783268745,2804.655,2804.635,2804.675,1783268745.128
1783268746,2804.663,2804.644,2804.683,1783268746.153
1783268747,2804.676,2804.656,2804.696,1783268747.114
1783268748,2804.679,2804.66,2804.699,1783268748.305
1783268749,2804.685,2804.665,2804.704,1783268749.116
1783268750,2804.688,2804.668,2804.707,1783268750.145
1783268751,2804.704,2804.684,2804.724,1783268751.124
1783268752,2804.711,2804.692,2804.731,1783268752.135
1783268753,2804.711,2804.692,2804.731,1783268753.110
1783268754,2804.721,2804.702,2804.741,1783268754.145
1783268755,2804.731,2804.712,2804.751,1783268755.113
1783268756,2804.739,2804.72,2804.759,1783268756.152
1783268757,2804.742,2804.722,2804.761,1783268757.114
1783268758,2804.745,2804.726,2804.765,1783268758.166
1783268759,2804.754,2804.735,2804.774,1783268759.116
1783268760,2804.761,2804.742,2804.781,1783268760.165
1783268761,2804.765,2804.746,2804.785,1783268761.122
1783268762,2804.769,2804.749,2804.788,1783268762.194
1783268763,2804.772,2804.752,2804.791,1783268763.157
1783268764,2804.779,2804.759,2804.798,1783268764.139
1783268765,2804.786,2804.766,2804.806,1783268765.122
1783268766,2804.788,2804.768,2804.807,1783268766.151
1783268767,2804.788,2804.768,2804.808,1783268767.151
1783268768,2804.794,2804.774,2804.813,1783268768.207
1783268769,2804.804,2804.785,2804.824,1783268769.122
1783268770,2804.813,2804.793,2804.832,1783268770.163
1783268771,2804.822,2804.803,2804.842,1783268771.139
1783268772,2804.832,2804.813,2804.852,1783268772.147
1783268773,2804.834,2804.814,2804.853,1783268773.133
1783268774,2804.836,2804.817,2804.856,1783268774.159
1783268775,2804.838,2804.818,2804.857,1783268775.118
1783268776,2804.845,2804.825,2804.864,1783268776.148
1783268777,2804.852,2804.832,2804.872,1783268777.119
1783268778,2804.863,2804.843,2804.882,1783268778.148
1783268779,2804.867,2804.848,2804.887,1783268779.125
1783268780,2804.869,2804.85,2804.889,1783268780.141
1783268781,2804.872,2804.853,2804.892,1783268781.123
1783268782,2804.874,2804.855,2804.894,1783268782.139
1783268783,2804.887,2804.867,2804.906,1783268783.114
1783268784,2804.89,2804.871,2804.91,1783268784.145
1783268785,2804.901,2804.881,2804.921,1783268785.118
1783268786,2804.904,2804.884,2804.923,1783268786.137
1783268787,2804.906,2804.886,2804.925,1783268787.115
1783268788,2804.914,2804.894,2804.933,1783268788.134
1783268789,2804.924,2804.904,2804.943,1783268789.116
1783268790,2804.928,2804.909,2804.948,1783268790.136
1783268791,2804.93,2804.91,2804.949,1783268791.129
1783268792,2804.931,2804.912,2804.951,1783268792.150
1783268793,2804.939,2804.919,2804.958,1783268793.123
1783268794,2804.947,2804.928,2804.967,1783268794.139
1783268795,2804.955,2804.935,2804.975,1783268795.116
1783268796,2804.955,2804.936,2804.975,1783268796.167
1783268797,2804.959,2804.939,2804.979,1783268797.113
1783268798,2804.967,2804.948,2804.987,1783268798.204
1783268799,2804.971,2804.951,2804.99,1783268799.119
1783268800,2804.975,2804.956,2804.995,1783268800.135
1783268801,2804.977,2804.957,2804.996,1783268801.116
1783268802,2804.981,2804.961,2805.001,1783268802.135
1783268803,2804.985,2804.965,2805.004,1783268803.113
1783268804,2804.993,2804.974,2805.013,1783268804.134
1783268805,2804.994,2804.974,2805.013,1783268805.115
1783268806,2804.995,2804.975,2805.015,1783268806.132
1783268807,2805.006,2804.986,2805.025,1783268807.114
1783268808,2805.013,2804.993,2805.032,1783268808.142
1783268809,2805.014,2804.995,2805.034,1783268809.124
1783268810,2805.026,2805.006,2805.045,1783268810.173
1783268811,2805.027,2805.008,2805.047,1783268811.112
1783268812,2805.037,2805.017,2805.056,1783268812.150
1783268813,2805.044,2805.024,2805.064,1783268813.125
1783268814,2805.051,2805.031,2805.071,1783268814.140
1783268815,2805.057,2805.037,2805.077,1783268815.119
1783268816,2805.058,2805.039,2805.078,1783268816.140
1783268817,2805.065,2805.045,2805.085,1783268817.113
1783268818,2805.067,2805.047,2805.086,1783268818.140
1783268819,2805.071,2805.051,2805.09,1783268819.122
1783268820,2805.075,2805.055,2805.094,1783268820.159
1783268821,2805.079,2805.06,2805.099,1783268821.115
1783268822,2805.083,2805.063,2805.102,1783268822.308
1783268823,2805.095,2805.075,2805.115,1783268823.121
1783268824,2805.098,2805.078,2805.117,1783268824.195
1783268825,2805.102,2805.083,2805.122,1783268825.119
1783268826,2805.104,2805.084,2805.123,1783268826.140
1783268827,2805.107,2805.088,2805.127,1783268827.116
1783268828,2805.112,2805.093,2805.132,1783268828.138
1783268829,2805.118,2805.098,2805.137,1783268829.118
1783268830,2805.124,2805.104,2805.143,1783268830.144
1783268831,2805.129,2805.11,2805.149,1783268831.122
1783268832,2805.137,2805.118,2805.157,1783268832.149
1783268833,2805.148,2805.128,2805.168,1783268833.112
1783268834,2805.15,2805.131,2805.17,1783268834.152
1783268835,2805.157,2805.137,2805.176,1783268835.116
1783268836,2805.161,2805.142,2805.181,1783268836.135
1783268837,2805.162,2805.142,2805.181,1783268837.129
1783268838,2805.171,2805.152,2805.191,1783268838.158
1783268839,2805.175,2805.155,2805.194,1783268839.112
1783268840,2805.18,2805.16,2805.199,1783268840.152
1783268841,2805.187,2805.167,2805.206,1783268841.121
1783268842,2805.192,2805.173,2805.212,1783268842.147
1783268843,2805.193,2805.173,2805.212,1783268843.113
1783268844,2805.205,2805.185,2805.225,1783268844.131
1783268845,2805.208,2805.188,2805.227,1783268845.130
1783268846,2805.212,2805.193,2805.232,1783268846.142
1783268847,2805.225,2805.205,2805.245,1783268847.125
1783268848,2805.227,2805.208,2805.247,1783268848.144
1783268849,2805.229,2805.21,2805.249,1783268849.118
1783268850,2805.23,2805.21,2805.249,1783268850.142
1783268851,2805.244,2805.224,2805.263,1783268851.111
1783268852,2805.249,2805.229,2805.268,1783268852.147
1783268853,2805.258,2805.238,2805.278,1783268853.119
1783268854,2805.26,2805.24,2805.279,1783268854.145
1783268855,2805.26,2805.241,2805.28,1783268855.116
1783268856,2805.266,2805.246,2805.286,1783268856.156
1783268857,2805.275,2805.256,2805.295,1783268857.114
1783268858,2805.28,2805.26,2805.3,1783268858.147
1783268859,2805.287,2805.267,2805.306,1783268859.113
1783268860,2805.294,2805.274,2805.313,1783268860.146
1783268861,2805.296,2805.276,2805.315,1783268861.117
1783268862,2805.302,2805.282,2805.321,1783268862.147
1783268863,2805.305,2805.286,2805.325,1783268863.116
1783268864,2805.319,2805.3,2805.339,1783268864.154
1783268865,2805.325,2805.305,2805.344,1783268865.119
1783268866,2805.326,2805.306,2805.345,1783268866.131
1783268867,2805.33,2805.31,2805.349,1783268867.116
1783268868,2805.339,2805.319,2805.358,1783268868.143
1783268869,2805.346,2805.327,2805.366,1783268869.124
1783268870,2805.358,2805.338,2805.377,1783268870.140
1783268871,2805.366,2805.347,2805.386,1783268871.122
1783268872,2805.374,2805.354,2805.393,1783268872.141
1783268873,2805.379,2805.359,2805.399,1783268873.122
1783268874,2805.384,2805.364,2805.403,1783268874.139
1783268875,2805.384,2805.364,2805.403,1783268875.151
1783268876,2805.387,2805.367,2805.407,1783268876.151
1783268877,2805.392,2805.372,2805.411,1783268877.124
1783268878,2805.399,2805.379,2805.418,1783268878.146
1783268879,2802.959,2802.939,2802.978,1783268879.113
1783268880,2802.962,2802.942,2802.982,1783268880.164
1783268881,2802.965,2802.945,2802.984,1783268881.145
1783268882,2802.973,2802.953,2802.992,1783268882.219
1783268883,2802.986,2802.966,2803.005,1783268883.136
1783268884,2802.989,2802.97,2803.009,1783268884.152
1783268885,2802.999,2802.98,2803.019,1783268885.113
1783268886,2803.005,2802.986,2803.025,1783268886.153
1783268887,2803.011,2802.991,2803.03,1783268887.132
1783268888,2803.016,2802.997,2803.036,1783268888.126
1783268889,2803.016,2802.997,2803.036,1783268889.116
1783268890,2803.025,2803.005,2803.045,1783268890.147
1783268891,2803.026,2803.006,2803.046,1783268891.115
1783268892,2803.029,2803.009,2803.048,1783268892.201
1783268893,2803.03,2803.01,2803.05,1783268893.117
1783268894,2803.031,2803.012,2803.051,1783268894.155
1783268895,2803.034,2803.015,2803.054,1783268895.129
1783268896,2803.041,2803.022,2803.061,1783268896.151
1783268897,2803.045,2803.026,2803.065,1783268897.115
1783268898,2803.049,2803.029,2803.069,1783268898.138
1783268899,2803.053,2803.033,2803.072,1783268899.121
1783268900,2803.059,2803.039,2803.079,1783268900.144
1783268901,2803.061,2803.042,2803.081,1783268901.125
1783268902,2803.064,2803.044,2803.083,1783268902.142
1783268903,2803.068,2803.048,2803.087,1783268903.126
1783268904,2803.072,2803.053,2803.092,1783268904.142
1783268905,2803.077,2803.058,2803.097,1783268905.114
1783268906,2803.078,2803.059,2803.098,1783268906.146
1783268907,2803.083,2803.063,2803.103,1783268907.134
1783268908,2803.088,2803.069,2803.108,1783268908.144
1783268909,2803.099,2803.079,2803.118,1783268909.120
1783268910,2803.106,2803.087,2803.126,1783268910.137
1783268911,2803.112,2803.092,2803.131,1783268911.112
1783268912,2803.122,2803.102,2803.142,1783268912.142
1783268913,2803.13,2803.11,2803.15,1783268913.114
1783268914,2803.131,2803.111,2803.15,1783268914.144
1783268915,2803.132,2803.112,2803.152,1783268915.117
1783268916,2803.136,2803.117,2803.156,1783268916.137
1783268917,2803.138,2803.118,2803.158,1783268917.115
1783268918,2803.139,2803.119,2803.158,1783268918.216
1783268919,2803.142,2803.122,2803.161,1783268919.133
1783268920,2803.143,2803.123,2803.163,1783268920.138
1783268921,2803.158,2803.139,2803.178,1783268921.117
1783268922,2803.162,2803.142,2803.181,1783268922.148
1783268923,2803.171,2803.152,2803.191,1783268923.118
1783268924,2803.173,2803.154,2803.193,1783268924.149
1783268925,2803.174,2803.155,2803.194,1783268925.120
1783268926,2803.175,2803.155,2803.194,1783268926.133
1783268927,2803.185,2803.165,2803.204,1783268927.126
1783268928,2803.195,2803.175,2803.214,1783268928.134
1783268929,2803.204,2803.184,2803.224,1783268929.119
1783268930,2803.208,2803.189,2803.228,1783268930.146
1783268931,2803.209,2803.189,2803.228,1783268931.129
1783268932,2803.218,2803.198,2803.237,1783268932.140
1783268933,2803.227,2803.208,2803.247,1783268933.123
1783268934,2803.234,2803.215,2803.254,1783268934.135
1783268935,2803.237,2803.217,2803.257,1783268935.123
1783268936,2803.24,2803.221,2803.26,1783268936.146
1783268937,2803.242,2803.223,2803.262,1783268937.124
1783268938,2803.251,2803.231,2803.271,1783268938.144
1783268939,2803.253,2803.234,2803.273,1783268939.115
1783268940,2803.254,2803.234,2803.273,1783268940.165
1783268941,2803.259,2803.239,2803.279,1783268941.122
1783268942,2803.266,2803.246,2803.286,1783268942.131
1783268943,2803.275,2803.255,2803.294,1783268943.146
1783268944,2803.279,2803.26,2803.299,1783268944.149
1783268945,2803.285,2803.265,2803.304,1783268945.122
1783268946,2803.286,2803.267,2803.306,1783268946.127
1783268947,2803.287,2803.268,2803.307,1783268947.108
1783268948,2803.294,2803.274,2803.313,1783268948.199
1783268949,2803.297,2803.278,2803.317,1783268949.129
1783268950,2803.309,2803.289,2803.328,1783268950.152
1783268951,2803.321,2803.302,2803.341,1783268951.122
1783268952,2803.33,2803.31,2803.349,1783268952.136
1783268953,2803.336,2803.316,2803.356,1783268953.120
1783268954,2803.342,2803.323,2803.362,1783268954.137
1783268955,2803.348,2803.329,2803.368,1783268955.124
1783268956,2803.353,2803.334,2803.373,1783268956.171
1783268957,2803.364,2803.345,2803.384,1783268957.136
1783268958,2803.367,2803.348,2803.387,1783268958.127
1783268959,2803.373,2803.353,2803.392,1783268959.165
1783268960,2803.374,2803.355,2803.394,1783268960.212
1783268961,2803.375,2803.355,2803.394,1783268961.119
1783268962,2803.377,2803.357,2803.396,1783268962.153
1783268963,2803.381,2803.362,2803.401,1783268963.128
1783268964,2803.387,2803.367,2803.407,1783268964.133
1783268965,2803.392,2803.372,2803.411,1783268965.123
1783268966,2803.402,2803.382,2803.421,1783268966.140
1783268967,2803.403,2803.384,2803.423,1783268967.118
1783268968,2803.414,2803.394,2803.434,1783268968.140
1783268969,2803.419,2803.399,2803.438,1783268969.117
1783268970,2803.433,2803.413,2803.452,1783268970.161
1783268971,2803.434,2803.415,2803.454,1783268971.117
1783268972,2803.435,2803.416,2803.455,1783268972.135
1783268973,2803.441,2803.421,2803.46,1783268973.126
1783268974,2803.441,2803.421,2803.461,1783268974.203
1783268975,2803.445,2803.426,2803.465,1783268975.126
1783268976,2803.451,2803.431,2803.47,1783268976.133
1783268977,2803.453,2803.434,2803.473,1783268977.123
1783268978,2803.459,2803.439,2803.478,1783268978.205
1783268979,2803.46,2803.44,2803.479,1783268979.116
1783268980,2803.461,2803.442,2803.481,1783268980.179
1783268981,2803.466,2803.447,2803.486,1783268981.126
1783268982,2803.473,2803.454,2803.493,1783268982.136
1783268983,2803.481,2803.461,2803.5,1783268983.128
1783268984,2803.481,2803.462,2803.501,1783268984.147
1783268985,2803.484,2803.465,2803.504,1783268985.123
1783268986,2803.488,2803.469,2803.508,1783268986.138
1783268987,2803.493,2803.474,2803.513,1783268987.129
1783268988,2803.497,2803.477,2803.517,1783268988.135
1783268989,2803.501,2803.481,2803.521,1783268989.119
1783268990,2803.516,2803.497,2803.536,1783268990.151
1783268991,2803.521,2803.502,2803.541,1783268991.120
1783268992,2803.525,2803.505,2803.544,1783268992.142
1783268993,2803.526,2803.506,2803.545,1783268993.121
1783268994,2803.527,2803.507,2803.547,1783268994.138
1783268995,2803.528,2803.509,2803.548,1783268995.117
1783268996,2803.53,2803.51,2803.549,1783268996.130
1783268997,2803.531,2803.512,2803.551,1783268997.117
1783268998,2803.541,2803.521,2803.56,1783268998.164
1783268999,2803.549,2803.53,2803.569,1783268999.123
1783269000,2803.55,2803.531,2803.57,1783269000.151
1783269001,2803.552,2803.532,2803.572,1783269001.303
1783269002,2803.561,2803.542,2803.581,1783269002.169
1783269003,2803.568,2803.548,2803.588,1783269003.140
1783269004,2803.578,2803.559,2803.598,1783269004.175
1783269005,2803.581,2803.561,2803.6,1783269005.159
1783269006,2803.584,2803.564,2803.603,1783269006.174
1783269007,2803.592,2803.572,2803.611,1783269007.128
1783269008,2803.593,2803.573,2803.612,1783269008.205
1783269009,2803.607,2803.587,2803.626,1783269009.130
1783269010,2803.616,2803.596,2803.636,1783269010.163
1783269011,2803.623,2803.603,2803.642,1783269011.122
1783269012,2803.629,2803.609,2803.649,1783269012.141
1783269013,2803.633,2803.614,2803.653,1783269013.125
1783269014,2803.637,2803.618,2803.657,1783269014.130
1783269015,2803.645,2803.625,2803.664,1783269015.120
1783269016,2803.65,2803.631,2803.67,1783269016.129
1783269017,2803.655,2803.635,2803.674,1783269017.115
1783269018,2803.657,2803.637,2803.676,1783269018.164
1783269019,2803.661,2803.642,2803.681,1783269019.121
1783269020,2803.662,2803.643,2803.682,1783269020.136
1783269021,2803.669,2803.649,2803.689,1783269021.116
1783269022,2803.675,2803.656,2803.695,1783269022.151
1783269023,2803.683,2803.664,2803.703,1783269023.121
1783269024,2803.69,2803.67,2803.709,1783269024.158
1783269025,2803.69,2803.67,2803.71,1783269025.126
1783269026,2803.694,2803.674,2803.714,1783269026.153
1783269027,2803.71,2803.69,2803.729,1783269027.119
1783269028,2803.72,2803.7,2803.739,1783269028.141
1783269029,2803.728,2803.708,2803.748,1783269029.124
1783269030,2803.735,2803.716,2803.755,1783269030.303
1783269031,2803.737,2803.717,2803.756,1783269031.119
1783269032,2803.743,2803.723,2803.763,1783269032.160
1783269033,2803.745,2803.725,2803.764,1783269033.124
1783269034,2803.748,2803.728,2803.768,1783269034.136
1783269035,2803.75,2803.73,2803.769,1783269035.113
1783269036,2803.755,2803.735,2803.775,1783269036.135
1783269037,2803.773,2803.754,2803.793,1783269037.118
1783269038,2803.781,2803.761,2803.8,1783269038.247
1783269039,2803.788,2803.768,2803.807,1783269039.114
1783269040,2803.806,2803.786,2803.825,1783269040.143
1783269041,2803.814,2803.794,2803.834,1783269041.111
1783269042,2803.825,2803.806,2803.845,1783269042.134
1783269043,2803.839,2803.819,2803.858,1783269043.110
1783269044,2803.843,2803.823,2803.862,1783269044.146
1783269045,2803.843,2803.823,2803.862,1783269045.109
1783269046,2803.857,2803.838,2803.877,1783269046.147
1783269047,2803.858,2803.839,2803.878,1783269047.126
1783269048,2803.86,2803.84,2803.88,1783269048.143
1783269049,2803.875,2803.855,2803.894,1783269049.116
1783269050,2803.88,2803.86,2803.899,1783269050.142
1783269051,2803.884,2803.864,2803.904,1783269051.126
1783269052,2803.884,2803.865,2803.904,1783269052.135
1783269053,2803.886,2803.866,2803.906,1783269053.127
1783269054,2803.891,2803.871,2803.911,1783269054.138
1783269055,2803.894,2803.875,2803.914,1783269055.114
1783269056,2803.897,2803.877,2803.916,1783269056.146
1783269057,2803.905,2803.885,2803.925,1783269057.129
1783269058,2803.91,2803.89,2803.929,1783269058.139
1783269059,2803.918,2803.898,2803.938,1783269059.121
1783269060,2803.921,2803.901,2803.941,1783269060.163
1783269061,2803.932,2803.912,2803.951,1783269061.117
1783269062,2803.934,2803.914,2803.953,1783269062.310
1783269063,2803.948,2803.929,2803.968,1783269063.124
1783269064,2803.95,2803.93,2803.969,1783269064.181
1783269065,2803.961,2803.941,2803.981,1783269065.117
1783269066,2803.961,2803.942,2803.981,1783269066.135
1783269067,2803.965,2803.945,2803.984,1783269067.133
1783269068,2803.975,2803.955,2803.994,1783269068.210
1783269069,2803.977,2803.957,2803.996,1783269069.120
1783269070,2803.983,2803.964,2804.003,1783269070.160
1783269071,2804.003,2803.983,2804.022,1783269071.120
1783269072,2804.02,2804,2804.039,1783269072.145
1783269073,2804.023,2804.004,2804.043,1783269073.113
1783269074,2804.032,2804.012,2804.051,1783269074.168
1783269075,2804.036,2804.016,2804.056,1783269075.125
1783269076,2804.042,2804.022,2804.061,1783269076.139
1783269077,2804.053,2804.034,2804.073,1783269077.114
1783269078,2804.069,2804.049,2804.088,1783269078.131
1783269079,2804.076,2804.056,2804.096,1783269079.113
1783269080,2804.079,2804.06,2804.099,1783269080.139
1783269081,2804.082,2804.062,2804.102,1783269081.112
1783269082,2804.09,2804.071,2804.11,1783269082.143
1783269083,2804.095,2804.076,2804.115,1783269083.123
1783269084,2804.099,2804.079,2804.119,1783269084.125
1783269085,2804.112,2804.092,2804.132,1783269085.112
1783269086,2804.12,2804.1,2804.139,1783269086.129
1783269087,2804.123,2804.103,2804.142,1783269087.126
1783269088,2804.13,2804.11,2804.149,1783269088.131
1783269089,2804.132,2804.112,2804.151,1783269089.125
1783269090,2804.133,2804.113,2804.153,1783269090.133
1783269091,2804.139,2804.119,2804.158,1783269091.121
1783269092,2804.143,2804.124,2804.163,1783269092.134
1783269093,2804.145,2804.126,2804.165,1783269093.113
1783269094,2804.149,2804.13,2804.169,1783269094.138
1783269095,2804.155,2804.136,2804.175,1783269095.119
1783269096,2804.16,2804.14,2804.179,1783269096.143
1783269097,2804.166,2804.146,2804.186,1783269097.116
1783269098,2804.167,2804.147,2804.187,1783269098.204
1783269099,2804.174,2804.154,2804.193,1783269099.163
1783269100,2804.177,2804.157,2804.197,1783269100.136
1783269101,2804.181,2804.162,2804.201,1783269101.111
1783269102,2804.19,2804.17,2804.209,1783269102.137
1783269103,2804.198,2804.179,2804.218,1783269103.135
1783269104,2804.203,2804.183,2804.223,1783269104.134
1783269105,2804.21,2804.191,2804.23,1783269105.116
1783269106,2804.211,2804.191,2804.23,1783269106.143
1783269107,2804.211,2804.192,2804.231,1783269107.121
1783269108,2804.223,2804.203,2804.243,1783269108.150
1783269109,2804.225,2804.205,2804.244,1783269109.117
1783269110,2804.23,2804.21,2804.249,1783269110.140
1783269111,2804.23,2804.211,2804.25,1783269111.116
1783269112,2804.231,2804.212,2804.251,1783269112.169
1783269113,2804.231,2804.212,2804.251,1783269113.120
1783269114,2804.235,2804.215,2804.255,1783269114.135
1783269115,2804.238,2804.219,2804.258,1783269115.114
1783269116,2804.241,2804.221,2804.26,1783269116.146
1783269117,2804.245,2804.226,2804.265,1783269117.122
1783269118,2804.247,2804.227,2804.267,1783269118.137
1783269119,2804.249,2804.229,2804.268,1783269119.107
1783269120,2804.25,2804.231,2804.27,1783269120.149
1783269121,2804.254,2804.234,2804.274,1783269121.136
1783269122,2804.265,2804.245,2804.285,1783269122.138
1783269123,2804.265,2804.246,2804.285,1783269123.171
1783269124,2804.27,2804.25,2804.29,1783269124.174
1783269125,2804.275,2804.256,2804.295,1783269125.112
1783269126,2804.278,2804.258,2804.298,1783269126.135
1783269127,2804.281,2804.261,2804.3,1783269127.124
1783269128,2804.285,2804.266,2804.305,1783269128.208
1783269129,2804.294,2804.274,2804.314,1783269129.118
1783269130,2804.301,2804.281,2804.32,1783269130.145
1783269131,2804.308,2804.289,2804.328,1783269131.113
1783269132,2804.32,2804.301,2804.34,1783269132.131
1783269133,2804.322,2804.303,2804.342,1783269133.107
1783269134,2804.324,2804.304,2804.344,1783269134.139
1783269135,2804.327,2804.308,2804.347,1783269135.122
1783269136,2804.331,2804.311,2804.351,1783269136.162
1783269137,2804.334,2804.314,2804.353,1783269137.113
1783269138,2804.345,2804.326,2804.365,1783269138.163
1783269139,2804.351,2804.331,2804.37,1783269139.113
1783269140,2804.352,2804.332,2804.371,1783269140.141
1783269141,2804.352,2804.333,2804.372,1783269141.135
1783269142,2804.357,2804.337,2804.376,1783269142.142
1783269143,2804.361,2804.341,2804.38,1783269143.117
1783269144,2804.362,2804.343,2804.382,1783269144.145
1783269145,2804.372,2804.353,2804.392,1783269145.115
1783269146,2804.379,2804.36,2804.399,1783269146.141
1783269147,2804.38,2804.36,2804.399,1783269147.110
1783269148,2804.39,2804.37,2804.41,1783269148.164
1783269149,2804.398,2804.378,2804.417,1783269149.124
1783269150,2804.407,2804.388,2804.427,1783269150.148
1783269151,2804.414,2804.394,2804.434,1783269151.120
1783269152,2804.416,2804.397,2804.436,1783269152.155
1783269153,2804.42,2804.4,2804.439,1783269153.123
1783269154,2804.434,2804.414,2804.453,1783269154.152
1783269155,2804.443,2804.423,2804.463,1783269155.127
1783269156,2804.449,2804.43,2804.469,1783269156.146
1783269157,2804.453,2804.433,2804.473,1783269157.114
1783269158,2804.458,2804.439,2804.478,1783269158.209
1783269159,2804.466,2804.446,2804.485,1783269159.124
1783269160,2804.466,2804.447,2804.486,1783269160.150
1783269161,2804.481,2804.461,2804.5,1783269161.127
1783269162,2804.492,2804.473,2804.512,1783269162.136
1783269163,2804.496,2804.476,2804.515,1783269163.116
1783269164,2804.504,2804.484,2804.524,1783269164.163
1783269165,2804.507,2804.487,2804.526,1783269165.137
1783269166,2804.512,2804.492,2804.531,1783269166.145
1783269167,2804.516,2804.496,2804.536,1783269167.124
1783269168,2804.519,2804.499,2804.539,1783269168.151
1783269169,2804.526,2804.506,2804.546,1783269169.122
1783269170,2804.532,2804.513,2804.552,1783269170.155
1783269171,2804.537,2804.518,2804.557,1783269171.219
1783269172,2804.543,2804.524,2804.563,1783269172.134
1783269173,2804.544,2804.524,2804.563,1783269173.118
1783269174,2804.55,2804.53,2804.569,1783269174.162
1783269175,2804.554,2804.535,2804.574,1783269175.120
1783269176,2804.558,2804.539,2804.578,1783269176.135
1783269177,2804.567,2804.547,2804.586,1783269177.124
1783269178,2804.577,2804.557,2804.596,1783269178.151
1783269179,2804.581,2804.561,2804.6,1783269179.118
1783269180,2804.581,2804.561,2804.6,1783269180.142
1783269181,2804.591,2804.571,2804.611,1783269181.121
1783269182,2804.593,2804.573,2804.612,1783269182.160
1783269183,2804.593,2804.573,2804.613,1783269183.260
1783269184,2804.593,2804.574,2804.613,1783269184.186
1783269185,2804.599,2804.579,2804.618,1783269185.117
1783269186,2804.604,2804.585,2804.624,1783269186.146
1783269187,2804.611,2804.591,2804.631,1783269187.121
1783269188,2804.619,2804.6,2804.639,1783269188.257
1783269189,2804.63,2804.611,2804.65,1783269189.121
1783269190,2804.631,2804.611,2804.65,1783269190.140
1783269191,2804.639,2804.619,2804.658,1783269191.132
1783269192,2804.647,2804.628,2804.667,1783269192.156
1783269193,2804.649,2804.629,2804.669,1783269193.115
1783269194,2804.662,2804.642,2804.681,1783269194.138
1783269195,2804.666,2804.646,2804.685,1783269195.122
1783269196,2804.667,2804.648,2804.687,1783269196.149
1783269197,2804.673,2804.653,2804.692,1783269197.119
1783269198,2804.676,2804.657,2804.696,1783269198.141
1783269199,2804.685,2804.665,2804.704,1783269199.117
1783269200,2804.688,2804.668,2804.707,1783269200.179
1783269201,2804.69,2804.671,2804.71,1783269201.121
1783269202,2804.699,2804.679,2804.718,1783269202.153
1783269203,2804.701,2804.681,2804.721,1783269203.119
1783269204,2804.708,2804.688,2804.728,1783269204.157
1783269205,2804.711,2804.692,2804.731,1783269205.120
1783269206,2804.719,2804.699,2804.738,1783269206.160
1783269207,2804.72,2804.7,2804.739,1783269207.119
1783269208,2804.731,2804.711,2804.751,1783269208.158
1783269209,2804.733,2804.713,2804.752,1783269209.116
1783269210,2804.741,2804.722,2804.761,1783269210.156
1783269211,2804.755,2804.735,2804.774,1783269211.119
1783269212,2804.762,2804.743,2804.782,1783269212.143
1783269213,2804.763,2804.744,2804.783,1783269213.113
1783269214,2804.771,2804.751,2804.79,1783269214.160
1783269215,2804.781,2804.762,2804.801,1783269215.133
1783269216,2804.783,2804.763,2804.803,1783269216.147
1783269217,2804.789,2804.77,2804.809,1783269217.117
1783269218,2804.79,2804.771,2804.81,1783269218.200
1783269219,2804.795,2804.776,2804.815,1783269219.117
1783269220,2804.8,2804.781,2804.82,1783269220.157
1783269221,2804.807,2804.787,2804.826,1783269221.121
1783269222,2804.812,2804.793,2804.832,1783269222.142
1783269223,2804.817,2804.797,2804.837,1783269223.120
1783269224,2804.818,2804.798,2804.838,1783269224.154
1783269225,2804.828,2804.808,2804.848,1783269225.116
1783269226,2804.838,2804.819,2804.858,1783269226.162
1783269227,2804.844,2804.825,2804.864,1783269227.113
1783269228,2804.847,2804.827,2804.866,1783269228.142
1783269229,2804.851,2804.831,2804.87,1783269229.118
1783269230,2804.857,2804.837,2804.877,1783269230.145
1783269231,2804.86,2804.84,2804.88,1783269231.121
1783269232,2804.863,2804.843,2804.883,1783269232.146
1783269233,2804.864,2804.845,2804.884,1783269233.120
1783269234,2804.865,2804.845,2804.885,1783269234.154
1783269235,2804.871,2804.851,2804.89,1783269235.115
1783269236,2804.879,2804.86,2804.899,1783269236.153
1783269237,2804.89,2804.87,2804.909,1783269237.115
1783269238,2804.894,2804.874,2804.913,1783269238.153
1783269239,2804.899,2804.88,2804.919,1783269239.112
1783269240,2804.903,2804.883,2804.923,1783269240.168
1783269241,2804.907,2804.888,2804.927,1783269241.128
1783269242,2804.918,2804.898,2804.937,1783269242.244
1783269243,2804.919,2804.899,2804.939,1783269243.130
1783269244,2804.922,2804.903,2804.942,1783269244.208
1783269245,2804.924,2804.905,2804.944,1783269245.121
1783269246,2804.929,2804.91,2804.949,1783269246.162
1783269247,2804.935,2804.915,2804.955,1783269247.113
1783269248,2804.936,2804.916,2804.956,1783269248.206
1783269249,2804.937,2804.918,2804.957,1783269249.119
1783269250,2804.941,2804.921,2804.96,1783269250.149
1783269251,2804.943,2804.924,2804.963,1783269251.122
1783269252,2804.945,2804.925,2804.965,1783269252.162
1783269253,2804.948,2804.928,2804.967,1783269253.124
1783269254,2804.956,2804.937,2804.976,1783269254.159
1783269255,2804.96,2804.94,2804.979,1783269255.117
1783269256,2804.968,2804.949,2804.988,1783269256.140
1783269257,2804.971,2804.952,2804.991,1783269257.122
1783269258,2804.978,2804.959,2804.998,1783269258.143
1783269259,2804.98,2804.96,2804.999,1783269259.121
1783269260,2804.984,2804.964,2805.003,1783269260.152
1783269261,2804.985,2804.965,2805.004,1783269261.116
1783269262,2804.988,2804.968,2805.008,1783269262.154
1783269263,2804.993,2804.973,2805.012,1783269263.124
1783269264,2805.001,2804.981,2805.02,1783269264.152
1783269265,2805.008,2804.989,2805.028,1783269265.128
1783269266,2805.01,2804.991,2805.03,1783269266.145
1783269267,2805.011,2804.991,2805.03,1783269267.115
1783269268,2805.011,2804.992,2805.031,1783269268.154
1783269269,2805.019,2805,2805.039,1783269269.117
1783269270,2805.027,2805.007,2805.047,1783269270.153
1783269271,2805.044,2805.025,2805.064,1783269271.117
1783269272,2805.053,2805.033,2805.073,1783269272.147
1783269273,2805.065,2805.045,2805.084,1783269273.123
1783269274,2805.07,2805.05,2805.089,1783269274.150
1783269275,2805.08,2805.061,2805.1,1783269275.121
1783269276,2805.086,2805.066,2805.106,1783269276.151
1783269277,2805.095,2805.076,2805.115,1783269277.122
1783269278,2805.1,2805.081,2805.12,1783269278.205
1783269279,2805.1,2805.081,2805.12,1783269279.117
1783269280,2805.104,2805.085,2805.124,1783269280.155
1783269281,2805.11,2805.091,2805.13,1783269281.123
1783269282,2805.115,2805.095,2805.134,1783269282.145
1783269283,2805.121,2805.102,2805.141,1783269283.132
1783269284,2805.134,2805.114,2805.153,1783269284.167
1783269285,2805.14,2805.12,2805.159,1783269285.124
1783269286,2805.152,2805.132,2805.171,1783269286.166
1783269287,2805.153,2805.133,2805.173,1783269287.118
1783269288,2805.162,2805.142,2805.182,1783269288.142
1783269289,2805.166,2805.146,2805.185,1783269289.118
1783269290,2805.17,2805.151,2805.19,1783269290.164
1783269291,2805.173,2805.153,2805.193,1783269291.131
1783269292,2805.179,2805.159,2805.199,1783269292.153
1783269293,2805.185,2805.165,2805.204,1783269293.124
1783269294,2805.197,2805.177,2805.216,1783269294.137
1783269295,2805.206,2805.186,2805.226,1783269295.125
1783269296,2805.207,2805.188,2805.227,1783269296.146
1783269297,2805.213,2805.193,2805.233,1783269297.125
1783269298,2805.214,2805.194,2805.233,1783269298.155
1783269299,2805.215,2805.195,2805.234,1783269299.116
1783269300,2805.223,2805.204,2805.243,1783269300.162
1783269301,2805.226,2805.207,2805.246,1783269301.144
1783269302,2805.227,2805.208,2805.247,1783269302.442
1783269303,2805.237,2805.217,2805.256,1783269303.192
1783269304,2805.25,2805.231,2805.27,1783269304.493
1783269305,2805.253,2805.233,2805.273,1783269305.125
1783269306,2805.265,2805.245,2805.285,1783269306.149
1783269307,2805.271,2805.251,2805.291,1783269307.128
1783269308,2805.272,2805.253,2805.292,1783269308.209
1783269309,2805.277,2805.258,2805.297,1783269309.122
1783269310,2805.279,2805.26,2805.299,1783269310.151
1783269311,2805.282,2805.263,2805.302,1783269311.134
1783269312,2805.288,2805.268,2805.308,1783269312.141
1783269313,2805.294,2805.274,2805.314,1783269313.109
1783269314,2805.296,2805.276,2805.316,1783269314.205
1783269315,2805.301,2805.281,2805.321,1783269315.130
1783269316,2805.308,2805.288,2805.328,1783269316.141
1783269317,2805.31,2805.29,2805.329,1783269317.124
1783269318,2805.312,2805.292,2805.331,1783269318.144
1783269319,2805.314,2805.295,2805.334,1783269319.113
1783269320,2805.324,2805.305,2805.344,1783269320.141
1783269321,2805.331,2805.311,2805.35,1783269321.123
1783269322,2805.336,2805.316,2805.356,1783269322.136
1783269323,2805.337,2805.318,2805.357,1783269323.124
1783269324,2805.346,2805.326,2805.365,1783269324.146
1783269325,2805.349,2805.33,2805.369,1783269325.115
1783269326,2805.356,2805.336,2805.376,1783269326.138
1783269327,2805.359,2805.339,2805.378,1783269327.114
1783269328,2805.367,2805.348,2805.387,1783269328.142
1783269329,2805.373,2805.353,2805.392,1783269329.107
1783269330,2805.379,2805.359,2805.398,1783269330.152
1783269331,2805.38,2805.361,2805.4,1783269331.118
1783269332,2805.389,2805.37,2805.409,1783269332.156
1783269333,2805.395,2805.376,2805.415,1783269333.111
1783269334,2805.412,2805.393,2805.432,1783269334.163
1783269335,2805.417,2805.397,2805.436,1783269335.115
1783269336,2805.422,2805.402,2805.442,1783269336.149
1783269337,2805.426,2805.407,2805.446,1783269337.117
1783269338,2805.431,2805.411,2805.451,1783269338.248
1783269339,2805.44,2805.42,2805.46,1783269339.119
1783269340,2805.447,2805.427,2805.467,1783269340.136
1783269341,2805.458,2805.438,2805.477,1783269341.113
1783269342,2805.463,2805.444,2805.483,1783269342.147
1783269343,2805.476,2805.457,2805.496,1783269343.114
1783269344,2805.48,2805.461,2805.5,1783269344.147
1783269345,2805.489,2805.469,2805.509,1783269345.113
1783269346,2805.491,2805.471,2805.511,1783269346.148
1783269347,2805.494,2805.474,2805.513,1783269347.120
1783269348,2805.501,2805.481,2805.521,1783269348.203
1783269349,2805.508,2805.489,2805.528,1783269349.122
1783269350,2805.51,2805.491,2805.53,1783269350.155
1783269351,2805.524,2805.504,2805.543,1783269351.119
1783269352,2805.533,2805.513,2805.553,1783269352.151
1783269353,2805.537,2805.518,2805.557,1783269353.168
1783269354,2805.539,2805.52,2805.559,1783269354.137
1783269355,2805.54,2805.521,2805.56,1783269355.130
1783269356,2805.55,2805.531,2805.57,1783269356.168
1783269357,2805.558,2805.538,2805.578,1783269357.124
1783269358,2805.563,2805.543,2805.582,1783269358.147
1783269359,2805.57,2805.551,2805.59,1783269359.128
1783269360,2805.575,2805.555,2805.595,1783269360.174
1783269361,2805.583,2805.564,2805.603,1783269361.132
1783269362,2805.591,2805.571,2805.611,1783269362.154
1783269363,2805.594,2805.575,2805.614,1783269363.300
1783269364,2805.608,2805.588,2805.628,1783269364.363
1783269365,2805.619,2805.599,2805.639,1783269365.129
1783269366,2805.633,2805.613,2805.652,1783269366.169
1783269367,2805.635,2805.616,2805.655,1783269367.126
1783269368,2805.637,2805.617,2805.656,1783269368.213
1783269369,2805.638,2805.618,2805.658,1783269369.144
1783269370,2805.641,2805.622,2805.661,1783269370.164
1783269371,2805.649,2805.63,2805.669,1783269371.121
1783269372,2805.65,2805.631,2805.67,1783269372.145
1783269373,2805.655,2805.635,2805.675,1783269373.124
1783269374,2805.658,2805.638,2805.677,1783269374.135
1783269375,2805.672,2805.653,2805.692,1783269375.114
1783269376,2805.68,2805.66,2805.7,1783269376.154
1783269377,2805.682,2805.662,2805.701,1783269377.130
1783269378,2805.685,2805.666,2805.705,1783269378.153
1783269379,2805.697,2805.677,2805.717,1783269379.117
1783269380,2805.697,2805.677,2805.717,1783269380.160
1783269381,2805.698,2805.678,2805.717,1783269381.127
1783269382,2805.704,2805.684,2805.724,1783269382.144
1783269383,2805.712,2805.692,2805.731,1783269383.123
1783269384,2805.725,2805.705,2805.744,1783269384.162
1783269385,2805.733,2805.713,2805.753,1783269385.113
1783269386,2805.744,2805.724,2805.764,1783269386.157
1783269387,2805.746,2805.726,2805.766,1783269387.119
1783269388,2805.747,2805.727,2805.767,1783269388.147
1783269389,2805.749,2805.73,2805.769,1783269389.117
1783269390,2805.754,2805.735,2805.774,1783269390.156
1783269391,2805.755,2805.735,2805.774,1783269391.132
1783269392,2805.761,2805.742,2805.781,1783269392.163
1783269393,2805.765,2805.745,2805.785,1783269393.130
1783269394,2805.773,2805.753,2805.792,1783269394.134
1783269395,2805.776,2805.757,2805.796,1783269395.124
1783269396,2805.789,2805.769,2805.809,1783269396.152
1783269397,2805.79,2805.77,2805.81,1783269397.121
1783269398,2805.793,2805.773,2805.813,1783269398.244
1783269399,2805.793,2805.774,2805.813,1783269399.117
1783269400,2805.804,2805.784,2805.824,1783269400.162
1783269401,2805.816,2805.796,2805.835,1783269401.127
1783269402,2805.82,2805.8,2805.839,1783269402.140
1783269403,2805.827,2805.807,2805.847,1783269403.121
1783269404,2805.831,2805.811,2805.851,1783269404.153
1783269405,2805.833,2805.813,2805.852,1783269405.126
1783269406,2805.847,2805.827,2805.866,1783269406.155
1783269407,2805.854,2805.835,2805.874,1783269407.116
1783269408,2805.859,2805.84,2805.879,1783269408.151
1783269409,2805.863,2805.843,2805.883,1783269409.121
1783269410,2805.864,2805.844,2805.883,1783269410.135
1783269411,2805.87,2805.85,2805.889,1783269411.127
1783269412,2805.871,2805.851,2805.89,1783269412.153
1783269413,2805.881,2805.861,2805.901,1783269413.123
1783269414,2805.884,2805.864,2805.903,1783269414.160
1783269415,2805.896,2805.877,2805.916,1783269415.113
1783269416,2805.897,2805.878,2805.917,1783269416.160
1783269417,2805.903,2805.883,2805.922,1783269417.119
1783269418,2805.904,2805.884,2805.923,1783269418.164
1783269419,2805.904,2805.885,2805.924,1783269419.148
1783269420,2805.907,2805.888,2805.927,1783269420.170
1783269421,2805.919,2805.899,2805.938,1783269421.123
1783269422,2805.925,2805.906,2805.945,1783269422.439
1783269423,2805.936,2805.917,2805.956,1783269423.161
1783269424,2805.943,2805.923,2805.962,1783269424.158
1783269425,2805.948,2805.929,2805.968,1783269425.128
1783269426,2805.96,2805.941,2805.98,1783269426.137
1783269427,2805.966,2805.947,2805.986,1783269427.115
1783269428,2805.972,2805.952,2805.991,1783269428.200
1783269429,2805.988,2805.968,2806.008,1783269429.158
1783269430,2805.999,2805.979,2806.018,1783269430.148
1783269431,2806.004,2805.984,2806.024,1783269431.162
1783269432,2806.013,2805.994,2806.033,1783269432.154
1783269433,2806.021,2806.002,2806.041,1783269433.120
1783269434,2806.027,2806.007,2806.047,1783269434.158
1783269435,2806.029,2806.009,2806.049,1783269435.129
1783269436,2806.03,2806.01,2806.049,1783269436.157
1783269437,2806.033,2806.013,2806.052,1783269437.123
1783269438,2806.038,2806.019,2806.058,1783269438.161
1783269439,2806.041,2806.022,2806.061,1783269439.126
1783269440,2806.05,2806.03,2806.07,1783269440.146
1783269441,2806.054,2806.034,2806.074,1783269441.118
1783269442,2806.059,2806.039,2806.079,1783269442.145
1783269443,2806.061,2806.042,2806.081,1783269443.120
1783269444,2806.067,2806.048,2806.087,1783269444.156
1783269445,2806.071,2806.051,2806.09,1783269445.127
1783269446,2806.085,2806.066,2806.105,1783269446.150
1783269447,2806.096,2806.077,2806.116,1783269447.123
1783269448,2806.105,2806.085,2806.124,1783269448.147
1783269449,2806.11,2806.091,2806.13,1783269449.121
1783269450,2806.111,2806.092,2806.131,1783269450.166
1783269451,2806.12,2806.1,2806.14,1783269451.122
1783269452,2806.128,2806.108,2806.148,1783269452.144
1783269453,2806.13,2806.11,2806.149,1783269453.130
1783269454,2806.135,2806.116,2806.155,1783269454.147
1783269455,2806.139,2806.119,2806.158,1783269455.113
1783269456,2806.153,2806.134,2806.173,1783269456.139
1783269457,2806.157,2806.138,2806.177,1783269457.125
1783269458,2806.159,2806.139,2806.179,1783269458.136
1783269459,2806.159,2806.14,2806.179,1783269459.122
1783269460,2806.161,2806.141,2806.18,1783269460.131
1783269461,2806.163,2806.143,2806.183,1783269461.119
1783269462,2806.169,2806.149,2806.188,1783269462.137
1783269463,2806.176,2806.156,2806.195,1783269463.112
1783269464,2806.185,2806.165,2806.204,1783269464.138
1783269465,2806.185,2806.166,2806.205,1783269465.123
1783269466,2806.192,2806.173,2806.212,1783269466.141
1783269467,2806.2,2806.18,2806.219,1783269467.121
1783269468,2806.208,2806.188,2806.227,1783269468.140
1783269469,2806.208,2806.189,2806.228,1783269469.120
1783269470,2806.212,2806.192,2806.232,1783269470.152
1783269471,2806.217,2806.198,2806.237,1783269471.117
1783269472,2806.226,2806.206,2806.245,1783269472.135
1783269473,2806.233,2806.214,2806.253,1783269473.116
1783269474,2806.236,2806.216,2806.256,1783269474.136
1783269475,2806.241,2806.222,2806.261,1783269475.120
1783269476,2806.244,2806.224,2806.264,1783269476.157
1783269477,2806.248,2806.228,2806.267,1783269477.114
1783269478,2806.255,2806.235,2806.275,1783269478.136
1783269479,2806.257,2806.237,2806.276,1783269479.110
1783269480,2806.26,2806.241,2806.28,1783269480.162
1783269481,2806.266,2806.247,2806.286,1783269481.121
1783269482,2806.277,2806.257,2806.296,1783269482.206
1783269483,2806.279,2806.26,2806.299,1783269483.267
1783269484,2806.286,2806.266,2806.305,1783269484.177
1783269485,2806.295,2806.276,2806.315,1783269485.112
1783269486,2806.304,2806.284,2806.324,1783269486.141
1783269487,2806.31,2806.29,2806.329,1783269487.116
1783269488,2806.316,2806.296,2806.336,1783269488.200
1783269489,2806.319,2806.299,2806.338,1783269489.117
1783269490,2806.329,2806.31,2806.349,1783269490.145
1783269491,2806.33,2806.311,2806.35,1783269491.122
1783269492,2806.332,2806.313,2806.352,1783269492.145
1783269493,2806.338,2806.318,2806.357,1783269493.121
1783269494,2806.342,2806.322,2806.362,1783269494.137
1783269495,2806.345,2806.325,2806.364,1783269495.109
1783269496,2806.347,2806.327,2806.366,1783269496.133
1783269497,2806.352,2806.332,2806.372,1783269497.113
1783269498,2806.355,2806.335,2806.374,1783269498.143
1783269499,2806.361,2806.341,2806.38,1783269499.116
1783269500,2806.371,2806.352,2806.391,1783269500.137
1783269501,2806.377,2806.357,2806.396,1783269501.111
1783269502,2806.381,2806.362,2806.401,1783269502.141
1783269503,2806.389,2806.369,2806.408,1783269503.113
1783269504,2806.394,2806.374,2806.414,1783269504.155
1783269505,2806.403,2806.383,2806.422,1783269505.118
1783269506,2806.411,2806.391,2806.431,1783269506.164
1783269507,2806.413,2806.394,2806.433,1783269507.120
1783269508,2806.414,2806.395,2806.434,1783269508.143
1783269509,2806.415,2806.395,2806.434,1783269509.117
1783269510,2806.422,2806.403,2806.442,1783269510.152
1783269511,2806.423,2806.403,2806.443,1783269511.119
1783269512,2806.434,2806.414,2806.453,1783269512.134
1783269513,2806.434,2806.414,2806.454,1783269513.114
1783269514,2806.436,2806.416,2806.455,1783269514.137
1783269515,2806.44,2806.42,2806.459,1783269515.116
1783269516,2806.449,2806.43,2806.469,1783269516.159
1783269517,2806.453,2806.434,2806.473,1783269517.112
1783269518,2806.455,2806.436,2806.475,1783269518.202
1783269519,2806.462,2806.443,2806.482,1783269519.124
1783269520,2806.466,2806.447,2806.486,1783269520.142
1783269521,2806.472,2806.453,2806.492,1783269521.120
1783269522,2806.476,2806.457,2806.496,1783269522.132
1783269523,2806.477,2806.457,2806.497,1783269523.122
1783269524,2806.483,2806.463,2806.502,1783269524.151
1783269525,2806.491,2806.471,2806.51,1783269525.119
1783269526,2806.493,2806.474,2806.513,1783269526.145
1783269527,2806.497,2806.478,2806.517,1783269527.118
1783269528,2806.5,2806.48,2806.519,1783269528.142
1783269529,2806.503,2806.484,2806.523,1783269529.120
1783269530,2806.504,2806.484,2806.523,1783269530.154
1783269531,2806.507,2806.488,2806.527,1783269531.120
1783269532,2806.507,2806.488,2806.527,1783269532.163
1783269533,2806.521,2806.501,2806.541,1783269533.127
1783269534,2806.526,2806.506,2806.546,1783269534.147
1783269535,2806.532,2806.513,2806.552,1783269535.130
1783269536,2806.534,2806.514,2806.553,1783269536.142
1783269537,2806.535,2806.515,2806.555,1783269537.117
1783269538,2806.546,2806.527,2806.566,1783269538.148
1783269539,2806.549,2806.529,2806.569,1783269539.119
1783269540,2806.554,2806.534,2806.574,1783269540.153
1783269541,2806.564,2806.544,2806.583,1783269541.111
1783269542,2806.564,2806.544,2806.584,1783269542.272
1783269543,2806.571,2806.551,2806.59,1783269543.123
1783269544,2806.572,2806.553,2806.592,1783269544.145
1783269545,2806.582,2806.562,2806.602,1783269545.125
1783269546,2806.585,2806.565,2806.605,1783269546.147
1783269547,2806.596,2806.577,2806.616,1783269547.114
1783269548,2806.603,2806.583,2806.623,1783269548.210
1783269549,2806.605,2806.585,2806.625,1783269549.117
1783269550,2806.617,2806.597,2806.636,1783269550.143
1783269551,2806.619,2806.599,2806.638,1783269551.110
1783269552,2806.621,2806.601,2806.64,1783269552.150
1783269553,2806.628,2806.608,2806.648,1783269553.126
1783269554,2806.635,2806.616,2806.655,1783269554.149
1783269555,2806.637,2806.618,2806.657,1783269555.116
1783269556,2806.642,2806.623,2806.662,1783269556.145
1783269557,2806.649,2806.629,2806.669,1783269557.129
1783269558,2806.649,2806.629,2806.669,1783269558.165
1783269559,2806.658,2806.639,2806.678,1783269559.129
1783269560,2806.663,2806.643,2806.682,1783269560.151
1783269561,2806.666,2806.647,2806.686,1783269561.110
1783269562,2806.667,2806.647,2806.687,1783269562.148
1783269563,2806.673,2806.653,2806.692,1783269563.127
1783269564,2806.677,2806.657,2806.697,1783269564.153
1783269565,2806.678,2806.658,2806.698,1783269565.133
1783269566,2806.679,2806.66,2806.699,1783269566.143
1783269567,2806.681,2806.661,2806.701,1783269567.121
1783269568,2806.685,2806.665,2806.704,1783269568.150
1783269569,2806.686,2806.667,2806.706,1783269569.122
1783269570,2806.69,2806.671,2806.71,1783269570.148
1783269571,2806.696,2806.676,2806.715,1783269571.122
1783269572,2806.707,2806.687,2806.727,1783269572.155
1783269573,2806.71,2806.691,2806.73,1783269573.125
1783269574,2806.715,2806.695,2806.735,1783269574.153
1783269575,2806.721,2806.701,2806.741,1783269575.129
1783269576,2806.725,2806.705,2806.744,1783269576.242
1783269577,2806.729,2806.71,2806.749,1783269577.120
1783269578,2806.73,2806.711,2806.75,1783269578.245
1783269579,2806.731,2806.711,2806.75,1783269579.123
1783269580,2806.734,2806.714,2806.754,1783269580.154
1783269581,2806.75,2806.73,2806.77,1783269581.120
1783269582,2806.761,2806.742,2806.781,1783269582.168
1783269583,2806.761,2806.742,2806.781,1783269583.116
1783269584,2806.773,2806.753,2806.793,1783269584.163
1783269585,2806.777,2806.757,2806.797,1783269585.120
1783269586,2806.79,2806.77,2806.81,1783269586.146
1783269587,2806.796,2806.777,2806.816,1783269587.118
1783269588,2806.801,2806.782,2806.821,1783269588.151
1783269589,2806.807,2806.787,2806.827,1783269589.118
1783269590,2806.813,2806.793,2806.832,1783269590.156
1783269591,2806.821,2806.801,2806.84,1783269591.125
1783269592,2806.825,2806.805,2806.845,1783269592.140
1783269593,2806.835,2806.815,2806.855,1783269593.119
1783269594,2806.836,2806.816,2806.855,1783269594.151
1783269595,2806.844,2806.824,2806.863,1783269595.112
1783269596,2806.845,2806.825,2806.864,1783269596.130
1783269597,2806.85,2806.83,2806.869,1783269597.122
1783269598,2806.853,2806.834,2806.873,1783269598.142
1783269599,2806.857,2806.837,2806.876,1783269599.127
1783269600,2806.863,2806.843,2806.882,1783269600.142
1783269601,2806.863,2806.843,2806.882,1783269601.132
1783269602,2806.871,2806.851,2806.89,1783269602.241
1783269603,2806.881,2806.861,2806.901,1783269603.129
1783269604,2806.886,2806.867,2806.906,1783269604.161
1783269605,2806.895,2806.875,2806.914,1783269605.129
1783269606,2806.901,2806.882,2806.921,1783269606.153
1783269607,2806.909,2806.889,2806.928,1783269607.126
1783269608,2806.915,2806.896,2806.935,1783269608.250
1783269609,2806.925,2806.905,2806.945,1783269609.125
1783269610,2806.935,2806.916,2806.955,1783269610.169
1783269611,2806.938,2806.918,2806.957,1783269611.122
1783269612,2806.95,2806.93,2806.969,1783269612.139
1783269613,2806.951,2806.931,2806.971,1783269613.125
1783269614,2806.961,2806.941,2806.981,1783269614.138
1783269615,2806.975,2806.956,2806.995,1783269615.119
1783269616,2806.988,2806.969,2807.008,1783269616.143
1783269617,2806.994,2806.975,2807.014,1783269617.129
1783269618,2806.998,2806.978,2807.017,1783269618.130
1783269619,2807.003,2806.984,2807.023,1783269619.122
1783269620,2807.004,2806.984,2807.024,1783269620.154
1783269621,2807.011,2806.991,2807.031,1783269621.131
1783269622,2807.017,2806.997,2807.036,1783269622.155
1783269623,2807.025,2807.006,2807.045,1783269623.122
1783269624,2807.031,2807.012,2807.051,1783269624.157
1783269625,2807.042,2807.022,2807.062,1783269625.156
1783269626,2807.05,2807.03,2807.07,1783269626.162
1783269627,2807.056,2807.036,2807.075,1783269627.122
1783269628,2807.064,2807.044,2807.084,1783269628.135
1783269629,2807.074,2807.055,2807.094,1783269629.126
1783269630,2807.075,2807.055,2807.094,1783269630.153
1783269631,2807.078,2807.059,2807.098,1783269631.115
1783269632,2807.081,2807.061,2807.1,1783269632.156
1783269633,2807.081,2807.061,2807.1,1783269633.128
1783269634,2807.093,2807.074,2807.113,1783269634.156
1783269635,2807.103,2807.083,2807.123,1783269635.123
1783269636,2807.11,2807.091,2807.13,1783269636.145
1783269637,2807.114,2807.094,2807.134,1783269637.117
1783269638,2807.119,2807.1,2807.139,1783269638.246
1783269639,2807.123,2807.103,2807.143,1783269639.130
1783269640,2807.127,2807.107,2807.146,1783269640.158
1783269641,2807.144,2807.124,2807.164,1783269641.122
1783269642,2807.146,2807.126,2807.166,1783269642.144
1783269643,2807.146,2807.126,2807.166,1783269643.129
1783269644,2807.15,2807.13,2807.17,1783269644.164
1783269645,2807.151,2807.131,2807.17,1783269645.123
1783269646,2807.157,2807.138,2807.177,1783269646.159
1783269647,2807.162,2807.142,2807.182,1783269647.137
1783269648,2807.165,2807.145,2807.184,1783269648.163
1783269649,2807.17,2807.15,2807.19,1783269649.163
1783269650,2807.185,2807.165,2807.205,1783269650.141
1783269651,2807.186,2807.166,2807.206,1783269651.134
1783269652,2807.2,2807.18,2807.219,1783269652.147
1783269653,2807.205,2807.186,2807.225,1783269653.131
1783269654,2807.212,2807.192,2807.231,1783269654.147
1783269655,2807.22,2807.2,2807.239,1783269655.124
1783269656,2807.227,2807.207,2807.247,1783269656.157
1783269657,2807.24,2807.22,2807.26,1783269657.120
1783269658,2807.243,2807.224,2807.263,1783269658.154
1783269659,2807.248,2807.228,2807.268,1783269659.123
1783269660,2807.254,2807.234,2807.273,1783269660.147
1783269661,2807.258,2807.239,2807.278,1783269661.119
1783269662,2807.265,2807.246,2807.285,1783269662.204
1783269663,2807.266,2807.246,2807.285,1783269663.148
1783269664,2807.271,2807.251,2807.291,1783269664.173
1783269665,2807.286,2807.267,2807.306,1783269665.118
1783269666,2807.292,2807.272,2807.311,1783269666.147
1783269667,2807.305,2807.286,2807.325,1783269667.117
1783269668,2807.307,2807.287,2807.326,1783269668.201
1783269669,2807.314,2807.294,2807.333,1783269669.125
1783269670,2807.314,2807.295,2807.334,1783269670.146
1783269671,2807.318,2807.299,2807.338,1783269671.124
1783269672,2807.321,2807.301,2807.34,1783269672.152
1783269673,2807.323,2807.303,2807.343,1783269673.129
1783269674,2807.325,2807.306,2807.345,1783269674.139
1783269675,2807.33,2807.311,2807.35,1783269675.122
1783269676,2807.334,2807.315,2807.354,1783269676.163
1783269677,2807.341,2807.322,2807.361,1783269677.132
1783269678,2807.351,2807.332,2807.371,1783269678.157
1783269679,2807.362,2807.343,2807.382,1783269679.128
1783269680,2807.365,2807.345,2807.384,1783269680.142
1783269681,2807.376,2807.357,2807.396,1783269681.129
1783269682,2807.383,2807.364,2807.403,1783269682.164
1783269683,2807.392,2807.373,2807.412,1783269683.130
1783269684,2807.4,2807.381,2807.42,1783269684.158
1783269685,2807.405,2807.385,2807.425,1783269685.129
1783269686,2807.415,2807.395,2807.434,1783269686.159
1783269687,2807.422,2807.403,2807.442,1783269687.118
1783269688,2807.424,2807.404,2807.443,1783269688.166
1783269689,2807.433,2807.413,2807.453,1783269689.120
1783269690,2807.445,2807.426,2807.465,1783269690.145
1783269691,2807.446,2807.426,2807.465,1783269691.122
1783269692,2807.457,2807.437,2807.476,1783269692.139
1783269693,2807.46,2807.44,2807.48,1783269693.119
1783269694,2807.473,2807.453,2807.492,1783269694.152
1783269695,2807.478,2807.458,2807.497,1783269695.123
1783269696,2807.48,2807.46,2807.5,1783269696.150
1783269697,2807.486,2807.466,2807.505,1783269697.129
1783269698,2807.487,2807.467,2807.506,1783269698.200
1783269699,2807.493,2807.474,2807.513,1783269699.122
1783269700,2807.496,2807.477,2807.516,1783269700.149
1783269701,2807.497,2807.478,2807.517,1783269701.121
1783269702,2807.504,2807.484,2807.524,1783269702.154
1783269703,2807.51,2807.49,2807.529,1783269703.123
1783269704,2807.52,2807.5,2807.54,1783269704.149
1783269705,2807.525,2807.505,2807.544,1783269705.132
1783269706,2807.537,2807.517,2807.557,1783269706.144
1783269707,2807.54,2807.52,2807.559,1783269707.131
1783269708,2807.548,2807.528,2807.568,1783269708.161
1783269709,2807.556,2807.537,2807.576,1783269709.125
1783269710,2807.567,2807.547,2807.587,1783269710.156
1783269711,2807.568,2807.549,2807.588,1783269711.162
1783269712,2807.575,2807.555,2807.594,1783269712.153
1783269713,2807.583,2807.564,2807.603,1783269713.133
1783269714,2807.59,2807.57,2807.609,1783269714.143
1783269715,2807.599,2807.579,2807.618,1783269715.131
1783269716,2807.608,2807.589,2807.628,1783269716.157
1783269717,2807.616,2807.596,2807.636,1783269717.119
1783269718,2807.618,2807.598,2807.638,1783269718.182
1783269719,2807.624,2807.605,2807.644,1783269719.122
1783269720,2807.624,2807.605,2807.644,1783269720.161
1783269721,2807.628,2807.609,2807.648,1783269721.133
1783269722,2807.638,2807.618,2807.658,1783269722.163
1783269723,2807.64,2807.621,2807.66,1783269723.137
1783269724,2807.649,2807.63,2807.669,1783269724.162
1783269725,2807.657,2807.637,2807.677,1783269725.132
1783269726,2807.659,2807.639,2807.679,1783269726.154
1783269727,2807.662,2807.643,2807.682,1783269727.121
1783269728,2807.672,2807.652,2807.692,1783269728.209
1783269729,2807.678,2807.658,2807.697,1783269729.132
1783269730,2807.683,2807.664,2807.703,1783269730.170
1783269731,2807.691,2807.671,2807.711,1783269731.132
1783269732,2807.693,2807.673,2807.713,1783269732.169
1783269733,2807.697,2807.677,2807.716,1783269733.138
1783269734,2807.705,2807.686,2807.725,1783269734.170
1783269735,2807.708,2807.688,2807.728,1783269735.120
1783269736,2807.711,2807.692,2807.731,1783269736.154
1783269737,2807.718,2807.699,2807.738,1783269737.123
1783269738,2807.719,2807.699,2807.739,1783269738.162
1783269739,2807.72,2807.7,2807.74,1783269739.130
1783269740,2807.728,2807.708,2807.747,1783269740.158
1783269741,2807.739,2807.719,2807.758,1783269741.120
1783269742,2807.742,2807.723,2807.762,1783269742.151
1783269743,2807.744,2807.724,2807.763,1783269743.122
1783269744,2807.744,2807.724,2807.763,1783269744.162
1783269745,2807.763,2807.743,2807.783,1783269745.126
1783269746,2807.771,2807.751,2807.79,1783269746.152
1783269747,2807.783,2807.764,2807.803,1783269747.128
1783269748,2807.789,2807.769,2807.809,1783269748.162
1783269749,2807.791,2807.772,2807.811,1783269749.122
1783269750,2807.796,2807.777,2807.816,1783269750.171
1783269751,2807.807,2807.787,2807.826,1783269751.128
1783269752,2807.813,2807.793,2807.833,1783269752.160
1783269753,2807.816,2807.796,2807.835,1783269753.133
1783269754,2807.816,2807.797,2807.836,1783269754.157
1783269755,2807.825,2807.805,2807.844,1783269755.123
1783269756,2807.827,2807.808,2807.847,1783269756.149
1783269757,2807.83,2807.811,2807.85,1783269757.124
1783269758,2807.84,2807.82,2807.859,1783269758.205
1783269759,2807.846,2807.827,2807.866,1783269759.121
1783269760,2807.857,2807.838,2807.877,1783269760.160
1783269761,2807.867,2807.847,2807.887,1783269761.120
1783269762,2807.874,2807.855,2807.894,1783269762.153
1783269763,2807.881,2807.861,2807.9,1783269763.124
1783269764,2807.888,2807.868,2807.907,1783269764.155
1783269765,2807.889,2807.869,2807.909,1783269765.124
1783269766,2807.901,2807.881,2807.921,1783269766.157
1783269767,2807.904,2807.884,2807.923,1783269767.117
1783269768,2807.904,2807.884,2807.923,1783269768.155
1783269769,2807.904,2807.884,2807.923,1783269769.127
1783269770,2807.917,2807.897,2807.937,1783269770.156
1783269771,2807.929,2807.909,2807.949,1783269771.123
1783269772,2807.937,2807.918,2807.957,1783269772.147
1783269773,2807.951,2807.931,2807.97,1783269773.123
1783269774,2807.952,2807.932,2807.972,1783269774.157
1783269775,2807.954,2807.934,2807.973,1783269775.121
1783269776,2807.956,2807.936,2807.976,1783269776.154
1783269777,2807.958,2807.938,2807.977,1783269777.123
1783269778,2807.962,2807.942,2807.982,1783269778.188
1783269779,2807.963,2807.944,2807.983,1783269779.133
1783269780,2807.967,2807.948,2807.987,1783269780.168
1783269781,2807.969,2807.949,2807.989,1783269781.122
1783269782,2807.979,2807.959,2807.999,1783269782.380
1783269783,2807.982,2807.963,2808.002,1783269783.155
1783269784,2807.982,2807.963,2808.002,1783269784.153
1783269785,2807.988,2807.968,2808.008,1783269785.120
1783269786,2807.994,2807.975,2808.014,1783269786.151
1783269787,2808.005,2807.985,2808.025,1783269787.134
1783269788,2808.013,2807.994,2808.033,1783269788.202
1783269789,2808.028,2808.008,2808.048,1783269789.128
1783269790,2808.033,2808.013,2808.052,1783269790.167
1783269791,2808.039,2808.019,2808.059,1783269791.127
1783269792,2808.041,2808.021,2808.06,1783269792.144
1783269793,2808.049,2808.03,2808.069,1783269793.128
1783269794,2808.056,2808.037,2808.076,1783269794.144
1783269795,2808.071,2808.051,2808.091,1783269795.115
1783269796,2808.072,2808.053,2808.092,1783269796.161
1783269797,2808.072,2808.053,2808.092,1783269797.140
1783269798,2808.075,2808.055,2808.094,1783269798.167
1783269799,2808.079,2808.059,2808.099,1783269799.121
1783269800,2808.086,2808.066,2808.106,1783269800.156
1783269801,2808.096,2808.077,2808.116,1783269801.116
1783269802,2808.109,2808.09,2808.129,1783269802.165
1783269803,2808.117,2808.098,2808.137,1783269803.124
1783269804,2808.12,2808.1,2808.14,1783269804.141
1783269805,2808.128,2808.108,2808.147,1783269805.120
1783269806,2808.128,2808.109,2808.148,1783269806.153
1783269807,2808.13,2808.11,2808.15,1783269807.126
1783269808,2808.138,2808.118,2808.158,1783269808.167
1783269809,2808.139,2808.119,2808.159,1783269809.122
1783269810,2808.145,2808.125,2808.164,1783269810.147
1783269811,2808.146,2808.126,2808.166,1783269811.132
1783269812,2808.155,2808.135,2808.175,1783269812.165
1783269813,2808.157,2808.137,2808.176,1783269813.145
1783269814,2808.17,2808.15,2808.189,1783269814.149
1783269815,2808.179,2808.16,2808.199,1783269815.120
1783269816,2808.18,2808.16,2808.199,1783269816.155
1783269817,2808.183,2808.164,2808.203,1783269817.123
1783269818,2808.195,2808.175,2808.215,1783269818.200
1783269819,2808.199,2808.179,2808.219,1783269819.128
1783269820,2808.202,2808.183,2808.222,1783269820.150
1783269821,2808.207,2808.187,2808.226,1783269821.131
1783269822,2808.213,2808.194,2808.233,1783269822.163
1783269823,2808.217,2808.198,2808.237,1783269823.117
1783269824,2808.221,2808.202,2808.241,1783269824.158
1783269825,2808.229,2808.21,2808.249,1783269825.125
1783269826,2808.241,2808.221,2808.26,1783269826.155
1783269827,2808.246,2808.226,2808.266,1783269827.121
1783269828,2808.249,2808.23,2808.269,1783269828.163
1783269829,2808.255,2808.235,2808.274,1783269829.131
1783269830,2808.266,2808.247,2808.286,1783269830.165
1783269831,2808.27,2808.25,2808.29,1783269831.116
1783269832,2808.276,2808.256,2808.295,1783269832.153
1783269833,2808.277,2808.257,2808.296,1783269833.124
1783269834,2808.285,2808.265,2808.304,1783269834.153
1783269835,2808.288,2808.268,2808.308,1783269835.127
1783269836,2808.294,2808.274,2808.313,1783269836.160
1783269837,2808.294,2808.274,2808.313,1783269837.121
1783269838,2808.297,2808.277,2808.317,1783269838.163
1783269839,2808.303,2808.283,2808.322,1783269839.134
1783269840,2808.303,2808.283,2808.323,1783269840.156
1783269841,2808.309,2808.29,2808.329,1783269841.126
1783269842,2808.311,2808.291,2808.331,1783269842.176
1783269843,2808.312,2808.292,2808.331,1783269843.151
1783269844,2808.314,2808.295,2808.334,1783269844.171
1783269845,2808.33,2808.31,2808.349,1783269845.128
1783269846,2808.333,2808.314,2808.353,1783269846.164
1783269847,2808.335,2808.315,2808.355,1783269847.125
1783269848,2808.341,2808.321,2808.361,1783269848.205
1783269849,2808.346,2808.326,2808.366,1783269849.132
1783269850,2808.354,2808.334,2808.373,1783269850.160
1783269851,2808.361,2808.341,2808.381,1783269851.138
1783269852,2808.37,2808.35,2808.389,1783269852.176
1783269853,2808.376,2808.357,2808.396,1783269853.119
1783269854,2808.382,2808.362,2808.401,1783269854.305
1783269855,2808.383,2808.364,2808.403,1783269855.123
1783269856,2808.384,2808.365,2808.404,1783269856.158
1783269857,2808.387,2808.367,2808.407,1783269857.120
1783269858,2808.394,2808.374,2808.413,1783269858.163
1783269859,2808.397,2808.378,2808.417,1783269859.121
1783269860,2808.404,2808.384,2808.424,1783269860.151
1783269861,2808.405,2808.385,2808.424,1783269861.122
1783269862,2808.407,2808.388,2808.427,1783269862.162
1783269863,2808.407,2808.388,2808.427,1783269863.119
1783269864,2808.416,2808.397,2808.436,1783269864.155
1783269865,2808.418,2808.398,2808.437,1783269865.117
1783269866,2808.42,2808.4,2808.439,1783269866.157
1783269867,2808.427,2808.407,2808.447,1783269867.129
1783269868,2808.436,2808.416,2808.455,1783269868.148
1783269869,2808.446,2808.427,2808.466,1783269869.124
1783269870,2808.453,2808.433,2808.472,1783269870.136
1783269871,2808.458,2808.438,2808.477,1783269871.115
1783269872,2808.462,2808.442,2808.482,1783269872.159
1783269873,2808.466,2808.446,2808.486,1783269873.140
1783269874,2808.47,2808.45,2808.489,1783269874.246
1783269875,2808.477,2808.457,2808.496,1783269875.128
1783269876,2808.482,2808.463,2808.502,1783269876.144
1783269877,2808.487,2808.467,2808.507,1783269877.121
1783269878,2808.492,2808.473,2808.512,1783269878.203
1783269879,2808.503,2808.484,2808.523,1783269879.135
1783269880,2808.512,2808.492,2808.531,1783269880.147
1783269881,2808.527,2808.507,2808.547,1783269881.139
1783269882,2808.53,2808.511,2808.55,1783269882.161
1783269883,2808.534,2808.514,2808.554,1783269883.125
1783269884,2808.536,2808.517,2808.556,1783269884.155
1783269885,2808.539,2808.52,2808.559,1783269885.118
1783269886,2808.543,2808.523,2808.562,1783269886.152
1783269887,2808.544,2808.524,2808.564,1783269887.121
1783269888,2808.55,2808.53,2808.569,1783269888.166
1783269889,2808.556,2808.536,2808.576,1783269889.121
1783269890,2808.556,2808.536,2808.576,1783269890.148
1783269891,2808.557,2808.537,2808.577,1783269891.127
1783269892,2808.563,2808.544,2808.583,1783269892.156
1783269893,2808.57,2808.551,2808.59,1783269893.117
1783269894,2808.575,2808.555,2808.594,1783269894.144
1783269895,2808.586,2808.566,2808.605,1783269895.122
1783269896,2808.586,2808.566,2808.606,1783269896.154
1783269897,2808.598,2808.578,2808.617,1783269897.124
1783269898,2808.606,2808.586,2808.626,1783269898.153
1783269899,2808.612,2808.592,2808.631,1783269899.115
1783269900,2808.617,2808.597,2808.637,1783269900.162
1783269901,2808.634,2808.615,2808.654,1783269901.137
1783269902,2808.646,2808.626,2808.665,1783269902.223
1783269903,2808.659,2808.639,2808.678,1783269903.332
1783269904,2808.666,2808.646,2808.686,1783269904.200
1783269905,2808.671,2808.652,2808.691,1783269905.128
1783269906,2808.672,2808.652,2808.691,1783269906.154
1783269907,2808.672,2808.652,2808.692,1783269907.150
1783269908,2808.679,2808.66,2808.699,1783269908.246
1783269909,2808.682,2808.662,2808.701,1783269909.139
1783269910,2808.689,2808.669,2808.708,1783269910.156
1783269911,2808.689,2808.669,2808.709,1783269911.126
1783269912,2808.694,2808.674,2808.713,1783269912.155
1783269913,2808.704,2808.684,2808.723,1783269913.119
1783269914,2808.706,2808.686,2808.725,1783269914.163
1783269915,2808.71,2808.691,2808.73,1783269915.121
1783269916,2808.716,2808.696,2808.736,1783269916.160
1783269917,2808.723,2808.703,2808.743,1783269917.126
1783269918,2808.724,2808.705,2808.744,1783269918.157
1783269919,2808.73,2808.711,2808.75,1783269919.125
1783269920,2808.738,2808.719,2808.758,1783269920.156
1783269921,2808.744,2808.725,2808.764,1783269921.130
1783269922,2808.75,2808.731,2808.77,1783269922.161
1783269923,2808.755,2808.735,2808.774,1783269923.114
1783269924,2808.766,2808.746,2808.786,1783269924.150
1783269925,2808.771,2808.752,2808.791,1783269925.115
1783269926,2808.774,2808.755,2808.794,1783269926.147
1783269927,2808.781,2808.761,2808.801,1783269927.119
1783269928,2808.791,2808.772,2808.811,1783269928.142
1783269929,2808.793,2808.773,2808.812,1783269929.110
1783269930,2808.804,2808.784,2808.823,1783269930.161
1783269931,2808.812,2808.793,2808.832,1783269931.128
1783269932,2808.82,2808.8,2808.839,1783269932.171
1783269933,2808.828,2808.808,2808.848,1783269933.129
1783269934,2808.831,2808.811,2808.851,1783269934.155
1783269935,2808.843,2808.824,2808.863,1783269935.128
1783269936,2808.852,2808.832,2808.872,1783269936.159
1783269937,2808.861,2808.841,2808.88,1783269937.128
1783269938,2808.874,2808.855,2808.894,1783269938.249
1783269939,2808.878,2808.858,2808.897,1783269939.125
1783269940,2808.886,2808.866,2808.906,1783269940.156
1783269941,2808.892,2808.872,2808.912,1783269941.137
1783269942,2808.897,2808.877,2808.917,1783269942.152
1783269943,2808.905,2808.886,2808.925,1783269943.121
1783269944,2808.908,2808.888,2808.927,1783269944.153
1783269945,2808.917,2808.898,2808.937,1783269945.126
1783269946,2808.923,2808.903,2808.942,1783269946.156
1783269947,2808.927,2808.907,2808.946,1783269947.118
1783269948,2808.93,2808.91,2808.949,1783269948.157
1783269949,2808.937,2808.918,2808.957,1783269949.120
1783269950,2808.943,2808.924,2808.963,1783269950.157
1783269951,2808.946,2808.927,2808.966,1783269951.115
1783269952,2808.947,2808.927,2808.967,1783269952.151
1783269953,2808.954,2808.934,2808.973,1783269953.116
1783269954,2808.967,2808.948,2808.987,1783269954.144
1783269955,2808.978,2808.958,2808.997,1783269955.125
1783269956,2808.979,2808.959,2808.999,1783269956.156
1783269957,2808.984,2808.964,2809.003,1783269957.108
1783269958,2808.988,2808.968,2809.008,1783269958.156
1783269959,2808.999,2808.979,2809.019,1783269959.114
1783269960,2809.012,2808.992,2809.031,1783269960.150
1783269961,2809.017,2808.998,2809.037,1783269961.121
1783269962,2809.025,2809.005,2809.045,1783269962.295
1783269963,2809.028,2809.008,2809.047,1783269963.166
1783269964,2809.032,2809.012,2809.051,1783269964.160
1783269965,2809.035,2809.016,2809.055,1783269965.126
1783269966,2809.037,2809.017,2809.057,1783269966.151
1783269967,2809.048,2809.028,2809.068,1783269967.127
1783269968,2809.053,2809.033,2809.072,1783269968.201
1783269969,2809.055,2809.035,2809.074,1783269969.116
1783269970,2809.058,2809.039,2809.078,1783269970.170
1783269971,2809.066,2809.046,2809.086,1783269971.124
1783269972,2809.071,2809.051,2809.091,1783269972.168
1783269973,2809.081,2809.061,2809.1,1783269973.133
1783269974,2809.081,2809.061,2809.101,1783269974.152
1783269975,2809.082,2809.063,2809.102,1783269975.124
1783269976,2809.088,2809.068,2809.107,1783269976.163
1783269977,2809.096,2809.076,2809.115,1783269977.124
1783269978,2809.108,2809.088,2809.127,1783269978.162
1783269979,2809.108,2809.089,2809.128,1783269979.131
1783269980,2809.113,2809.093,2809.132,1783269980.148
1783269981,2809.119,2809.099,2809.138,1783269981.120
1783269982,2809.125,2809.106,2809.145,1783269982.145
1783269983,2809.129,2809.109,2809.148,1783269983.128
1783269984,2809.131,2809.112,2809.151,1783269984.145
1783269985,2809.133,2809.114,2809.153,1783269985.126
1783269986,2809.138,2809.118,2809.157,1783269986.137
1783269987,2809.14,2809.12,2809.159,1783269987.124
1783269988,2809.145,2809.125,2809.165,1783269988.141
1783269989,2809.157,2809.137,2809.176,1783269989.123
1783269990,2809.165,2809.145,2809.185,1783269990.153
1783269991,2809.168,2809.148,2809.187,1783269991.121
1783269992,2809.169,2809.15,2809.189,1783269992.134
1783269993,2809.174,2809.154,2809.194,1783269993.113
1783269994,2809.176,2809.157,2809.196,1783269994.144
1783269995,2809.179,2809.159,2809.199,1783269995.116
1783269996,2809.191,2809.171,2809.211,1783269996.132
1783269997,2809.202,2809.183,2809.222,1783269997.112
1783269998,2809.207,2809.188,2809.227,1783269998.210
1783269999,2809.21,2809.19,2809.23,1783269999.114
1783270000,2809.216,2809.196,2809.235,1783270000.153
1783270001,2809.219,2809.2,2809.239,1783270001.118
1783270002,2809.224,2809.204,2809.243,1783270002.147
1783270003,2809.232,2809.212,2809.252,1783270003.117
1783270004,2809.235,2809.215,2809.254,1783270004.149
1783270005,2809.236,2809.216,2809.255,1783270005.122
1783270006,2809.248,2809.228,2809.267,1783270006.145
1783270007,2809.261,2809.242,2809.281,1783270007.115
1783270008,2809.269,2809.249,2809.289,1783270008.144
1783270009,2809.273,2809.253,2809.293,1783270009.118
1783270010,2809.276,2809.256,2809.296,1783270010.158
1783270011,2809.282,2809.262,2809.301,1783270011.121
1783270012,2809.286,2809.266,2809.305,1783270012.134
1783270013,2809.294,2809.275,2809.314,1783270013.119
1783270014,2809.302,2809.283,2809.322,1783270014.134
1783270015,2809.302,2809.283,2809.322,1783270015.119
1783270016,2809.307,2809.288,2809.327,1783270016.151
1783270017,2809.309,2809.289,2809.329,1783270017.129
1783270018,2809.309,2809.289,2809.329,1783270018.136
1783270019,2809.318,2809.299,2809.338,1783270019.123
1783270020,2809.326,2809.307,2809.346,1783270020.156
1783270021,2809.333,2809.314,2809.353,1783270021.123
1783270022,2809.336,2809.316,2809.356,1783270022.169
1783270023,2809.341,2809.322,2809.361,1783270023.206
1783270024,2809.356,2809.336,2809.375,1783270024.153
1783270025,2809.357,2809.337,2809.376,1783270025.112
1783270026,2809.361,2809.341,2809.381,1783270026.156
1783270027,2809.37,2809.35,2809.39,1783270027.120
1783270028,2809.382,2809.363,2809.402,1783270028.206
1783270029,2809.388,2809.368,2809.407,1783270029.116
1783270030,2809.392,2809.373,2809.412,1783270030.145
1783270031,2809.405,2809.385,2809.424,1783270031.117
1783270032,2809.42,2809.4,2809.44,1783270032.138
1783270033,2809.439,2809.419,2809.459,1783270033.119
1783270034,2809.449,2809.429,2809.468,1783270034.139
1783270035,2809.449,2809.429,2809.468,1783270035.124
1783270036,2809.451,2809.432,2809.471,1783270036.165
1783270037,2809.456,2809.436,2809.475,1783270037.117
1783270038,2809.46,2809.44,2809.479,1783270038.146
1783270039,2809.465,2809.446,2809.485,1783270039.113
1783270040,2809.472,2809.453,2809.492,1783270040.139
1783270041,2809.476,2809.456,2809.496,1783270041.122
1783270042,2809.489,2809.469,2809.509,1783270042.144
1783270043,2809.499,2809.479,2809.518,1783270043.122
1783270044,2809.506,2809.486,2809.525,1783270044.155
1783270045,2809.515,2809.495,2809.535,1783270045.139
1783270046,2809.526,2809.506,2809.545,1783270046.138
1783270047,2809.539,2809.52,2809.559,1783270047.205
1783270048,2809.547,2809.528,2809.567,1783270048.165
1783270049,2809.55,2809.53,2809.57,1783270049.115
1783270050,2809.557,2809.538,2809.577,1783270050.163
1783270051,2809.559,2809.539,2809.579,1783270051.126
1783270052,2809.561,2809.542,2809.581,1783270052.153
1783270053,2809.562,2809.543,2809.582,1783270053.116
1783270054,2809.564,2809.544,2809.583,1783270054.136
1783270055,2809.571,2809.551,2809.59,1783270055.123
1783270056,2809.571,2809.551,2809.59,1783270056.162
1783270057,2809.579,2809.559,2809.598,1783270057.128
1783270058,2809.579,2809.56,2809.599,1783270058.204
1783270059,2809.587,2809.567,2809.607,1783270059.126
1783270060,2809.59,2809.57,2809.609,1783270060.139
1783270061,2809.597,2809.578,2809.617,1783270061.117
1783270062,2809.598,2809.579,2809.618,1783270062.145
1783270063,2809.599,2809.579,2809.618,1783270063.119
1783270064,2809.606,2809.586,2809.626,1783270064.138
1783270065,2809.609,2809.59,2809.629,1783270065.126
1783270066,2809.612,2809.592,2809.632,1783270066.157
1783270067,2809.614,2809.595,2809.634,1783270067.119
1783270068,2809.618,2809.599,2809.638,1783270068.140
1783270069,2809.625,2809.605,2809.645,1783270069.124
1783270070,2809.627,2809.607,2809.647,1783270070.151
1783270071,2809.634,2809.614,2809.653,1783270071.113
1783270072,2809.64,2809.62,2809.659,1783270072.143
1783270073,2809.642,2809.623,2809.662,1783270073.114
1783270074,2809.646,2809.627,2809.666,1783270074.152
1783270075,2809.65,2809.631,2809.67,1783270075.116
1783270076,2809.655,2809.636,2809.675,1783270076.128
1783270077,2809.658,2809.638,2809.678,1783270077.109
1783270078,2809.663,2809.644,2809.683,1783270078.136
1783270079,2809.666,2809.646,2809.685,1783270079.129
1783270080,2809.67,2809.65,2809.69,1783270080.141
1783270081,2809.671,2809.652,2809.691,1783270081.134
1783270082,2809.673,2809.653,2809.693,1783270082.253
1783270083,2809.673,2809.653,2809.693,1783270083.120
1783270084,2809.676,2809.656,2809.696,1783270084.156
1783270085,2809.685,2809.665,2809.704,1783270085.114
1783270086,2809.695,2809.676,2809.715,1783270086.164
1783270087,2809.702,2809.682,2809.722,1783270087.120
1783270088,2809.705,2809.685,2809.724,1783270088.204
1783270089,2809.709,2809.689,2809.729,1783270089.113
1783270090,2809.71,2809.69,2809.73,1783270090.141
1783270091,2809.715,2809.696,2809.735,1783270091.124
1783270092,2809.717,2809.698,2809.737,1783270092.151
1783270093,2809.724,2809.705,2809.744,1783270093.126
1783270094,2809.731,2809.712,2809.751,1783270094.156
1783270095,2809.735,2809.716,2809.755,1783270095.118
1783270096,2809.745,2809.725,2809.765,1783270096.135
1783270097,2809.749,2809.73,2809.769,1783270097.121
1783270098,2809.75,2809.73,2809.769,1783270098.146
1783270099,2809.755,2809.735,2809.774,1783270099.110
1783270100,2809.765,2809.745,2809.785,1783270100.148
1783270101,2809.773,2809.753,2809.793,1783270101.114
1783270102,2807.566,2807.547,2807.586,1783270102.139
1783270103,2807.572,2807.552,2807.592,1783270103.114
1783270104,2807.574,2807.554,2807.594,1783270104.135
1783270105,2807.574,2807.555,2807.594,1783270105.111
1783270106,2807.585,2807.565,2807.604,1783270106.132
1783270107,2807.588,2807.568,2807.608,1783270107.124
1783270108,2807.594,2807.574,2807.614,1783270108.153
1783270109,2807.605,2807.586,2807.625,1783270109.117
1783270110,2807.615,2807.595,2807.634,1783270110.137
1783270111,2807.626,2807.606,2807.645,1783270111.113
1783270112,2807.632,2807.612,2807.652,1783270112.147
1783270113,2807.641,2807.621,2807.66,1783270113.131
1783270114,2807.646,2807.626,2807.666,1783270114.130
1783270115,2807.657,2807.637,2807.676,1783270115.117
1783270116,2807.66,2807.64,2807.679,1783270116.145
1783270117,2807.66,2807.641,2807.68,1783270117.112
1783270118,2807.663,2807.643,2807.682,1783270118.205
1783270119,2807.672,2807.653,2807.692,1783270119.137
1783270120,2807.679,2807.66,2807.699,1783270120.142
1783270121,2807.683,2807.663,2807.702,1783270121.109
1783270122,2807.688,2807.668,2807.707,1783270122.136
1783270123,2807.7,2807.68,2807.72,1783270123.119
1783270124,2807.708,2807.688,2807.728,1783270124.133
1783270125,2807.71,2807.691,2807.73,1783270125.123
1783270126,2807.715,2807.695,2807.734,1783270126.153
1783270127,2807.724,2807.704,2807.744,1783270127.112
1783270128,2807.734,2807.714,2807.753,1783270128.165
1783270129,2807.74,2807.721,2807.76,1783270129.112
1783270130,2807.742,2807.723,2807.762,1783270130.149
1783270131,2807.746,2807.726,2807.765,1783270131.115
1783270132,2807.746,2807.726,2807.766,1783270132.149
1783270133,2807.751,2807.732,2807.771,1783270133.115
1783270134,2807.756,2807.736,2807.775,1783270134.145
1783270135,2807.759,2807.739,2807.778,1783270135.114
1783270136,2807.767,2807.748,2807.787,1783270136.141
1783270137,2807.776,2807.757,2807.796,1783270137.113
1783270138,2807.787,2807.767,2807.806,1783270138.163
1783270139,2807.788,2807.768,2807.807,1783270139.112
1783270140,2807.793,2807.774,2807.813,1783270140.151
1783270141,2807.798,2807.778,2807.817,1783270141.119
1783270142,2807.805,2807.785,2807.825,1783270142.142
1783270143,2807.807,2807.788,2807.827,1783270143.123
1783270144,2807.815,2807.796,2807.835,1783270144.152
1783270145,2807.819,2807.799,2807.838,1783270145.134
1783270146,2807.822,2807.802,2807.841,1783270146.150
1783270147,2807.826,2807.807,2807.846,1783270147.124
1783270148,2807.832,2807.812,2807.852,1783270148.214
1783270149,2807.835,2807.815,2807.855,1783270149.115
1783270150,2807.838,2807.818,2807.857,1783270150.129
1783270151,2807.842,2807.822,2807.861,1783270151.123
1783270152,2807.851,2807.832,2807.871,1783270152.134
1783270153,2807.864,2807.844,2807.884,1783270153.132
1783270154,2807.866,2807.846,2807.885,1783270154.127
1783270155,2807.87,2807.851,2807.89,1783270155.132
1783270156,2807.876,2807.857,2807.896,1783270156.143
1783270157,2807.877,2807.857,2807.896,1783270157.118
1783270158,2807.877,2807.858,2807.897,1783270158.141
1783270159,2807.882,2807.862,2807.901,1783270159.134
1783270160,2807.889,2807.869,2807.909,1783270160.153
1783270161,2807.896,2807.877,2807.916,1783270161.114
1783270162,2807.904,2807.884,2807.923,1783270162.129
1783270163,2807.908,2807.888,2807.927,1783270163.113
1783270164,2807.909,2807.889,2807.928,1783270164.122
1783270165,2807.914,2807.894,2807.934,1783270165.120
1783270166,2807.921,2807.901,2807.94,1783270166.131
1783270167,2807.932,2807.912,2807.952,1783270167.106
1783270168,2807.945,2807.926,2807.965,1783270168.144
1783270169,2807.948,2807.928,2807.967,1783270169.114
1783270170,2807.951,2807.931,2807.971,1783270170.143
1783270171,2807.959,2807.939,2807.979,1783270171.120
1783270172,2807.965,2807.945,2807.984,1783270172.137
1783270173,2807.97,2807.951,2807.99,1783270173.119
1783270174,2807.972,2807.953,2807.992,1783270174.248
1783270175,2807.975,2807.955,2807.995,1783270175.117
1783270176,2807.98,2807.96,2807.999,1783270176.152
1783270177,2807.99,2807.971,2808.01,1783270177.111
1783270178,2808.001,2807.981,2808.02,1783270178.123
1783270179,2808.01,2807.99,2808.03,1783270179.129
1783270180,2808.011,2807.991,2808.031,1783270180.140
1783270181,2808.018,2807.999,2808.038,1783270181.110
1783270182,2808.022,2808.002,2808.042,1783270182.143
1783270183,2808.032,2808.013,2808.052,1783270183.118
1783270184,2808.035,2808.015,2808.055,1783270184.150
1783270185,2808.041,2808.022,2808.061,1783270185.122
1783270186,2808.051,2808.032,2808.071,1783270186.135
1783270187,2808.062,2808.042,2808.081,1783270187.111
1783270188,2808.063,2808.043,2808.082,1783270188.139
1783270189,2808.072,2808.052,2808.091,1783270189.126
1783270190,2808.072,2808.053,2808.092,1783270190.165
1783270191,2808.089,2808.07,2808.109,1783270191.103
1783270192,2808.09,2808.07,2808.109,1783270192.136
1783270193,2808.105,2808.085,2808.125,1783270193.109
1783270194,2808.106,2808.086,2808.125,1783270194.138
1783270195,2808.111,2808.092,2808.131,1783270195.110
1783270196,2808.114,2808.094,2808.133,1783270196.141
1783270197,2808.115,2808.095,2808.134,1783270197.118
1783270198,2808.121,2808.102,2808.141,1783270198.121
1783270199,2808.125,2808.105,2808.145,1783270199.129
1783270200,2808.134,2808.115,2808.154,1783270200.165
1783270201,2808.141,2808.121,2808.161,1783270201.149
1783270202,2808.147,2808.127,2808.167,1783270202.237
1783270203,2808.149,2808.129,2808.168,1783270203.197
1783270204,2808.155,2808.135,2808.174,1783270204.313
1783270205,2808.164,2808.145,2808.184,1783270205.158
1783270206,2808.173,2808.154,2808.193,1783270206.132
1783270207,2808.177,2808.158,2808.197,1783270207.120
1783270208,2808.184,2808.164,2808.204,1783270208.124
1783270209,2808.191,2808.171,2808.211,1783270209.123
1783270210,2808.193,2808.173,2808.212,1783270210.146
1783270211,2808.194,2808.174,2808.214,1783270211.113
1783270212,2808.195,2808.175,2808.214,1783270212.150
1783270213,2808.198,2808.179,2808.218,1783270213.120
1783270214,2808.208,2808.189,2808.228,1783270214.124
1783270215,2808.215,2808.195,2808.235,1783270215.120
1783270216,2808.217,2808.198,2808.237,1783270216.162
1783270217,2808.235,2808.215,2808.254,1783270217.115
1783270218,2808.239,2808.219,2808.259,1783270218.131
1783270219,2808.245,2808.225,2808.264,1783270219.115
1783270220,2808.257,2808.237,2808.276,1783270220.139
1783270221,2808.26,2808.24,2808.28,1783270221.117
1783270222,2808.261,2808.241,2808.281,1783270222.156
1783270223,2808.266,2808.247,2808.286,1783270223.122
1783270224,2808.275,2808.255,2808.294,1783270224.143
1783270225,2808.285,2808.265,2808.304,1783270225.128
1783270226,2808.286,2808.266,2808.306,1783270226.150
1783270227,2808.29,2808.271,2808.31,1783270227.119
1783270228,2808.292,2808.272,2808.312,1783270228.146
1783270229,2808.294,2808.275,2808.314,1783270229.118
1783270230,2808.3,2808.28,2808.319,1783270230.147
1783270231,2808.306,2808.286,2808.326,1783270231.119
1783270232,2808.312,2808.292,2808.331,1783270232.155
1783270233,2808.319,2808.3,2808.339,1783270233.118
1783270234,2808.321,2808.302,2808.341,1783270234.146
1783270235,2808.322,2808.303,2808.342,1783270235.118
1783270236,2808.329,2808.309,2808.349,1783270236.130
1783270237,2808.343,2808.324,2808.363,1783270237.112
1783270238,2808.346,2808.326,2808.366,1783270238.244
1783270239,2808.352,2808.332,2808.371,1783270239.113
1783270240,2808.356,2808.337,2808.376,1783270240.149
1783270241,2808.358,2808.338,2808.378,1783270241.114
1783270242,2808.365,2808.346,2808.385,1783270242.164
1783270243,2808.384,2808.365,2808.404,1783270243.127
1783270244,2808.391,2808.371,2808.411,1783270244.147
1783270245,2808.399,2808.379,2808.419,1783270245.111
1783270246,2808.405,2808.386,2808.425,1783270246.157
1783270247,2808.407,2808.388,2808.427,1783270247.109
1783270248,2808.42,2808.4,2808.439,1783270248.148
1783270249,2808.423,2808.403,2808.443,1783270249.139
1783270250,2808.425,2808.405,2808.444,1783270250.161
1783270251,2808.427,2808.408,2808.447,1783270251.129
1783270252,2808.441,2808.421,2808.461,1783270252.143
1783270253,2808.442,2808.422,2808.461,1783270253.124
1783270254,2808.453,2808.434,2808.473,1783270254.137
1783270255,2808.454,2808.434,2808.474,1783270255.103
1783270256,2808.456,2808.437,2808.476,1783270256.139
1783270257,2808.462,2808.443,2808.482,1783270257.112
1783270258,2808.473,2808.454,2808.493,1783270258.151
1783270259,2808.476,2808.457,2808.496,1783270259.117
1783270260,2803.505,2803.485,2803.524,1783270260.184
1783270261,2803.509,2803.49,2803.529,1783270261.127
1783270262,2803.514,2803.495,2803.534,1783270262.211
1783270263,2803.523,2803.503,2803.543,1783270263.142
1783270264,2803.529,2803.509,2803.548,1783270264.126
1783270265,2803.539,2803.519,2803.558,1783270265.113
1783270266,2803.541,2803.521,2803.561,1783270266.125
1783270267,2803.542,2803.523,2803.562,1783270267.107
1783270268,2803.545,2803.525,2803.564,1783270268.161
1783270269,2803.548,2803.528,2803.567,1783270269.123
1783270270,2803.557,2803.538,2803.577,1783270270.139
1783270271,2803.562,2803.543,2803.582,1783270271.132
1783270272,2803.568,2803.548,2803.588,1783270272.130
1783270273,2803.573,2803.554,2803.593,1783270273.156
1783270274,2803.58,2803.56,2803.599,1783270274.139
1783270275,2803.586,2803.567,2803.606,1783270275.119
1783270276,2803.596,2803.576,2803.616,1783270276.134
1783270277,2803.604,2803.585,2803.624,1783270277.105
1783270278,2803.605,2803.585,2803.624,1783270278.162
1783270279,2803.607,2803.588,2803.627,1783270279.110
1783270280,2803.611,2803.592,2803.631,1783270280.140
1783270281,2803.616,2803.596,2803.635,1783270281.113
1783270282,2803.624,2803.604,2803.643,1783270282.150
1783270283,2803.63,2803.61,2803.649,1783270283.115
1783270284,2803.638,2803.618,2803.658,1783270284.168
1783270285,2803.64,2803.62,2803.659,1783270285.117
1783270286,2803.643,2803.623,2803.663,1783270286.128
1783270287,2803.648,2803.628,2803.667,1783270287.114
1783270288,2803.655,2803.636,2803.675,1783270288.126
1783270289,2803.657,2803.637,2803.676,1783270289.162
1783270290,2803.66,2803.64,2803.68,1783270290.139
1783270291,2803.661,2803.642,2803.681,1783270291.116
1783270292,2803.665,2803.645,2803.685,1783270292.143
1783270293,2803.676,2803.656,2803.695,1783270293.119
1783270294,2803.68,2803.66,2803.699,1783270294.124
1783270295,2803.685,2803.665,2803.704,1783270295.128
1783270296,2803.686,2803.666,2803.705,1783270296.137
1783270297,2803.689,2803.67,2803.709,1783270297.113
1783270298,2803.695,2803.676,2803.715,1783270298.204
1783270299,2803.699,2803.679,2803.718,1783270299.108
1783270300,2803.709,2803.689,2803.728,1783270300.144
1783270301,2803.71,2803.69,2803.73,1783270301.109
1783270302,2803.716,2803.696,2803.735,1783270302.153
1783270303,2803.722,2803.702,2803.742,1783270303.107
1783270304,2803.73,2803.71,2803.749,1783270304.125
1783270305,2803.733,2803.713,2803.753,1783270305.118
1783270306,2803.735,2803.716,2803.755,1783270306.139
1783270307,2803.736,2803.716,2803.756,1783270307.105
1783270308,2803.737,2803.717,2803.756,1783270308.144
1783270309,2803.738,2803.718,2803.757,1783270309.119
1783270310,2803.742,2803.723,2803.762,1783270310.164
1783270311,2803.745,2803.726,2803.765,1783270311.120
1783270312,2803.751,2803.731,2803.771,1783270312.128
1783270313,2803.752,2803.733,2803.772,1783270313.114
1783270314,2803.765,2803.745,2803.784,1783270314.128
1783270315,2803.766,2803.746,2803.785,1783270315.117
1783270316,2803.768,2803.748,2803.788,1783270316.147
1783270317,2803.776,2803.756,2803.795,1783270317.119
1783270318,2803.781,2803.761,2803.801,1783270318.126
1783270319,2803.789,2803.77,2803.809,1783270319.115
1783270320,2803.791,2803.772,2803.811,1783270320.151
1783270321,2803.8,2803.781,2803.82,1783270321.112
1783270322,2803.806,2803.787,2803.826,1783270322.607
1783270323,2803.811,2803.792,2803.831,1783270323.468
1783270324,2803.815,2803.795,2803.835,1783270325.021
1783270325,2803.819,2803.799,2803.838,1783270325.882
1783270326,2803.82,2803.8,2803.84,1783270326.148
1783270327,2803.823,2803.804,2803.843,1783270327.109
1783270328,2803.827,2803.807,2803.846,1783270328.127
1783270329,2803.829,2803.81,2803.849,1783270329.108
1783270330,2803.836,2803.816,2803.855,1783270330.142
1783270331,2803.841,2803.822,2803.861,1783270331.137
1783270332,2803.846,2803.826,2803.865,1783270332.156
1783270333,2803.858,2803.839,2803.878,1783270333.124
1783270334,2803.865,2803.845,2803.885,1783270334.144
1783270335,2803.867,2803.847,2803.887,1783270335.107
1783270336,2803.867,2803.848,2803.887,1783270336.165
1783270337,2803.867,2803.848,2803.887,1783270337.106
1783270338,2803.869,2803.85,2803.889,1783270338.125
1783270339,2803.878,2803.858,2803.897,1783270339.108
1783270340,2803.891,2803.871,2803.91,1783270340.148
1783270341,2803.895,2803.876,2803.915,1783270341.115
1783270342,2803.896,2803.876,2803.916,1783270342.120
1783270343,2803.903,2803.883,2803.922,1783270343.119
1783270344,2803.91,2803.89,2803.929,1783270344.124
1783270345,2803.915,2803.896,2803.935,1783270345.108
1783270346,2803.927,2803.908,2803.947,1783270346.142
1783270347,2803.933,2803.913,2803.953,1783270347.110
1783270348,2803.937,2803.918,2803.957,1783270348.131
1783270349,2803.944,2803.924,2803.963,1783270349.116
1783270350,2803.958,2803.939,2803.978,1783270350.131
1783270351,2803.964,2803.944,2803.984,1783270351.108
1783270352,2803.965,2803.945,2803.984,1783270352.182
1783270353,2803.979,2803.959,2803.998,1783270353.128
1783270354,2803.982,2803.962,2804.001,1783270354.139
1783270355,2803.983,2803.963,2804.002,1783270355.114
1783270356,2803.988,2803.968,2804.007,1783270356.130
1783270357,2803.993,2803.973,2804.012,1783270357.146
1783270358,2803.999,2803.979,2804.018,1783270358.201
1783270359,2804,2803.98,2804.019,1783270359.116
1783270360,2804.002,2803.982,2804.022,1783270360.125
1783270361,2804.004,2803.985,2804.024,1783270361.118
1783270362,2804.012,2803.992,2804.031,1783270362.134
1783270363,2804.024,2804.004,2804.044,1783270363.118
1783270364,2804.034,2804.015,2804.054,1783270364.146
1783270365,2804.042,2804.022,2804.062,1783270365.116
1783270366,2804.049,2804.03,2804.069,1783270366.133
1783270367,2804.055,2804.036,2804.075,1783270367.116
1783270368,2804.065,2804.045,2804.084,1783270368.125
1783270369,2804.073,2804.053,2804.093,1783270369.120
1783270370,2804.076,2804.056,2804.096,1783270370.147
1783270371,2804.086,2804.067,2804.106,1783270371.122
1783270372,2804.095,2804.075,2804.115,1783270372.120
1783270373,2804.106,2804.086,2804.125,1783270373.111
1783270374,2804.109,2804.089,2804.128,1783270374.122
1783270375,2804.115,2804.096,2804.135,1783270375.114
1783270376,2804.117,2804.098,2804.137,1783270376.130
1783270377,2804.119,2804.099,2804.138,1783270377.106
1783270378,2804.126,2804.107,2804.146,1783270378.164
1783270379,2804.137,2804.117,2804.156,1783270379.111
1783270380,2804.141,2804.121,2804.16,1783270380.152
1783270381,2804.145,2804.125,2804.165,1783270381.147
1783270382,2804.155,2804.135,2804.174,1783270382.234
1783270383,2804.158,2804.138,2804.177,1783270383.272
1783270384,2804.159,2804.139,2804.179,1783270384.167
1783270385,2804.166,2804.146,2804.186,1783270385.120
1783270386,2804.167,2804.147,2804.187,1783270386.135
1783270387,2804.172,2804.152,2804.192,1783270387.112
1783270388,2804.181,2804.162,2804.201,1783270388.124
1783270389,2804.186,2804.166,2804.205,1783270389.112
1783270390,2804.195,2804.176,2804.215,1783270390.141
1783270391,2804.201,2804.181,2804.221,1783270391.113
1783270392,2804.206,2804.186,2804.225,1783270392.140
1783270393,2804.215,2804.196,2804.235,1783270393.106
1783270394,2804.217,2804.198,2804.237,1783270394.130
1783270395,2804.222,2804.203,2804.242,1783270395.127
1783270396,2804.227,2804.207,2804.246,1783270396.120
1783270397,2804.237,2804.217,2804.256,1783270397.113
1783270398,2804.238,2804.219,2804.258,1783270398.133
1783270399,2804.252,2804.232,2804.271,1783270399.103
1783270400,2804.256,2804.236,2804.275,1783270400.121
1783270401,2804.264,2804.245,2804.284,1783270401.108
1783270402,2804.27,2804.251,2804.29,1783270402.119
1783270403,2804.277,2804.258,2804.297,1783270403.107
1783270404,2804.282,2804.262,2804.302,1783270404.120
1783270405,2804.289,2804.269,2804.308,1783270405.111
1783270406,2804.29,2804.271,2804.31,1783270406.141
1783270407,2804.294,2804.275,2804.314,1783270407.105
1783270408,2804.303,2804.284,2804.323,1783270408.118
1783270409,2804.311,2804.291,2804.331,1783270409.110
1783270410,2804.316,2804.296,2804.336,1783270410.136
1783270411,2804.324,2804.304,2804.343,1783270411.107
1783270412,2804.332,2804.312,2804.351,1783270412.126
1783270413,2804.337,2804.317,2804.356,1783270413.117
1783270414,2804.342,2804.323,2804.362,1783270414.138
1783270415,2804.35,2804.331,2804.37,1783270415.105
1783270416,2804.355,2804.335,2804.374,1783270416.141
1783270417,2804.356,2804.336,2804.375,1783270417.122
1783270418,2804.363,2804.343,2804.382,1783270418.131
1783270419,2804.368,2804.349,2804.388,1783270419.111
1783270420,2804.372,2804.353,2804.392,1783270420.143
1783270421,2804.377,2804.357,2804.396,1783270421.117
1783270422,2804.393,2804.374,2804.413,1783270422.180
1783270423,2804.399,2804.38,2804.419,1783270423.118
1783270424,2804.41,2804.39,2804.429,1783270424.151
1783270425,2804.416,2804.396,2804.435,1783270425.121
1783270426,2804.417,2804.397,2804.436,1783270426.129
1783270427,2804.428,2804.408,2804.447,1783270427.119
1783270428,2804.434,2804.415,2804.454,1783270428.138
1783270429,2804.436,2804.417,2804.456,1783270429.114
1783270430,2804.439,2804.419,2804.458,1783270430.134
1783270431,2804.444,2804.424,2804.464,1783270431.113
1783270432,2804.445,2804.425,2804.464,1783270432.125
1783270433,2804.448,2804.428,2804.468,1783270433.117
1783270434,2804.458,2804.438,2804.477,1783270434.132
1783270435,2804.461,2804.441,2804.48,1783270435.118
1783270436,2804.47,2804.45,2804.489,1783270436.130
1783270437,2804.47,2804.45,2804.489,1783270437.119
1783270438,2804.478,2804.459,2804.498,1783270438.131
1783270439,2804.479,2804.459,2804.498,1783270439.114
1783270440,2804.479,2804.459,2804.498,1783270440.152
1783270441,2804.488,2804.468,2804.508,1783270441.123
1783270442,2804.489,2804.47,2804.509,1783270442.153
1783270443,2804.491,2804.471,2804.51,1783270443.196
1783270444,2804.497,2804.478,2804.517,1783270444.214
1783270445,2804.499,2804.479,2804.518,1783270445.116
1783270446,2804.499,2804.48,2804.519,1783270446.123
1783270447,2804.505,2804.485,2804.525,1783270447.108
1783270448,2804.509,2804.489,2804.528,1783270448.122
1783270449,2804.517,2804.497,2804.536,1783270449.129
1783270450,2804.518,2804.499,2804.538,1783270450.128
1783270451,2804.523,2804.503,2804.542,1783270451.112
1783270452,2804.527,2804.508,2804.547,1783270452.141
1783270453,2804.53,2804.511,2804.55,1783270453.122
1783270454,2804.534,2804.514,2804.553,1783270454.126
1783270455,2804.534,2804.514,2804.554,1783270455.108
1783270456,2804.538,2804.518,2804.558,1783270456.122
1783270457,2804.548,2804.528,2804.568,1783270457.104
1783270458,2804.554,2804.535,2804.574,1783270458.131
1783270459,2804.564,2804.545,2804.584,1783270459.128
1783270460,2804.567,2804.547,2804.587,1783270460.126
1783270461,2804.567,2804.548,2804.587,1783270461.106
1783270462,2801.261,2801.242,2801.281,1783270462.162
1783270463,2801.272,2801.253,2801.292,1783270463.115
1783270464,2801.279,2801.259,2801.299,1783270464.123
1783270465,2801.288,2801.268,2801.307,1783270465.125
1783270466,2801.293,2801.274,2801.313,1783270466.138
1783270467,2801.301,2801.281,2801.32,1783270467.125
1783270468,2801.306,2801.287,2801.326,1783270468.153
1783270469,2801.313,2801.294,2801.333,1783270469.112
1783270470,2801.315,2801.295,2801.334,1783270470.132
1783270471,2801.32,2801.3,2801.339,1783270471.106
1783270472,2801.324,2801.305,2801.344,1783270472.133
1783270473,2801.33,2801.311,2801.35,1783270473.110
1783270474,2801.342,2801.322,2801.362,1783270474.138
1783270475,2801.35,2801.33,2801.369,1783270475.122
1783270476,2801.36,2801.34,2801.38,1783270476.125
1783270477,2801.37,2801.35,2801.39,1783270477.110
1783270478,2801.384,2801.365,2801.404,1783270478.124
1783270479,2801.388,2801.368,2801.407,1783270479.107
1783270480,2801.395,2801.375,2801.414,1783270480.146
1783270481,2801.402,2801.382,2801.421,1783270481.108
1783270482,2801.407,2801.387,2801.426,1783270482.119
1783270483,2801.408,2801.388,2801.427,1783270483.120
1783270484,2801.411,2801.391,2801.431,1783270484.138
1783270485,2801.414,2801.395,2801.434,1783270485.107
1783270486,2801.419,2801.399,2801.439,1783270486.131
1783270487,2801.423,2801.404,2801.443,1783270487.111
1783270488,2801.43,2801.411,2801.45,1783270488.132
1783270489,2801.438,2801.419,2801.458,1783270489.105
1783270490,2801.444,2801.424,2801.463,1783270490.119
1783270491,2801.445,2801.426,2801.465,1783270491.120
1783270492,2801.447,2801.427,2801.466,1783270492.122
1783270493,2801.457,2801.438,2801.477,1783270493.110
1783270494,2801.46,2801.44,2801.479,1783270494.124
1783270495,2801.46,2801.441,2801.48,1783270495.128
1783270496,2801.474,2801.454,2801.493,1783270496.130
1783270497,2801.478,2801.458,2801.498,1783270497.109
1783270498,2801.478,2801.459,2801.498,1783270498.128
1783270499,2801.49,2801.47,2801.509,1783270499.128
1783270500,2801.493,2801.473,2801.513,1783270500.134
1783270501,2801.503,2801.483,2801.522,1783270501.105
1783270502,2801.509,2801.489,2801.529,1783270502.152
1783270503,2801.512,2801.493,2801.532,1783270503.120
1783270504,2801.527,2801.507,2801.547,1783270504.180
1783270505,2801.537,2801.517,2801.557,1783270505.138
1783270506,2801.547,2801.527,2801.566,1783270506.124
1783270507,2801.549,2801.529,2801.568,1783270507.114
1783270508,2801.561,2801.542,2801.581,1783270508.125
1783270509,2801.564,2801.545,2801.584,1783270509.113
1783270510,2801.575,2801.556,2801.595,1783270510.124
1783270511,2801.584,2801.564,2801.604,1783270511.105
1783270512,2801.586,2801.566,2801.606,1783270512.130
1783270513,2801.588,2801.569,2801.608,1783270513.111
1783270514,2801.596,2801.576,2801.616,1783270514.142
1783270515,2801.603,2801.583,2801.622,1783270515.115
1783270516,2801.608,2801.588,2801.627,1783270516.128
1783270517,2801.608,2801.588,2801.628,1783270517.115
1783270518,2801.615,2801.596,2801.635,1783270518.124
1783270519,2801.62,2801.6,2801.64,1783270519.127
1783270520,2801.623,2801.603,2801.642,1783270520.118
1783270521,2801.624,2801.604,2801.644,1783270521.114
1783270522,2801.625,2801.605,2801.645,1783270522.127
1783270523,2801.625,2801.606,2801.645,1783270523.124
1783270524,2801.629,2801.61,2801.649,1783270524.133
1783270525,2801.642,2801.622,2801.661,1783270525.143
1783270526,2801.646,2801.627,2801.666,1783270526.147
1783270527,2801.652,2801.633,2801.672,1783270527.104
1783270528,2801.667,2801.647,2801.686,1783270528.131
1783270529,2801.669,2801.65,2801.689,1783270529.108
1783270530,2801.675,2801.655,2801.694,1783270530.142
1783270531,2801.686,2801.666,2801.705,1783270531.111
1783270532,2801.687,2801.668,2801.707,1783270532.124
1783270533,2801.699,2801.679,2801.718,1783270533.113
1783270534,2801.706,2801.686,2801.726,1783270534.133
1783270535,2801.712,2801.692,2801.732,1783270535.108
1783270536,2801.714,2801.695,2801.734,1783270536.120
1783270537,2801.717,2801.697,2801.736,1783270537.115
1783270538,2801.721,2801.701,2801.74,1783270538.246
1783270539,2801.725,2801.706,2801.745,1783270539.114
1783270540,2801.726,2801.706,2801.745,1783270540.141
1783270541,2801.732,2801.713,2801.752,1783270541.128
1783270542,2801.741,2801.722,2801.761,1783270542.123
1783270543,2801.746,2801.726,2801.765,1783270543.107
1783270544,2801.746,2801.726,2801.765,1783270544.128
1783270545,2801.747,2801.727,2801.766,1783270545.114
1783270546,2801.748,2801.728,2801.767,1783270546.128
1783270547,2801.749,2801.729,2801.769,1783270547.103
1783270548,2801.754,2801.734,2801.773,1783270548.123
1783270549,2801.754,2801.734,2801.773,1783270549.102
1783270550,2801.761,2801.742,2801.781,1783270550.128
1783270551,2801.766,2801.747,2801.786,1783270551.116
1783270552,2801.769,2801.749,2801.788,1783270552.121
1783270553,2801.778,2801.759,2801.798,1783270553.104
1783270554,2801.789,2801.769,2801.809,1783270554.137
1783270555,2801.79,2801.77,2801.81,1783270555.109
1783270556,2801.798,2801.778,2801.818,1783270556.123
1783270557,2801.806,2801.786,2801.825,1783270557.118
1783270558,2801.811,2801.791,2801.831,1783270558.128
1783270559,2801.819,2801.799,2801.839,1783270559.119
1783270560,2801.83,2801.81,2801.85,1783270560.163
1783270561,2801.835,2801.816,2801.855,1783270561.117
1783270562,2801.837,2801.818,2801.857,1783270562.279
1783270563,2801.838,2801.818,2801.857,1783270563.304
1783270564,2801.839,2801.819,2801.859,1783270564.144
1783270565,2801.841,2801.821,2801.86,1783270565.113
1783270566,2801.844,2801.824,2801.863,1783270566.117
1783270567,2801.854,2801.834,2801.873,1783270567.106
1783270568,2801.856,2801.836,2801.876,1783270568.118
1783270569,2801.857,2801.837,2801.877,1783270569.107
1783270570,2801.861,2801.841,2801.88,1783270570.120
1783270571,2801.87,2801.85,2801.89,1783270571.105
1783270572,2801.872,2801.853,2801.892,1783270572.120
1783270573,2801.884,2801.864,2801.903,1783270573.120
1783270574,2801.903,2801.884,2801.923,1783270574.123
1783270575,2801.917,2801.897,2801.936,1783270575.108
1783270576,2801.917,2801.898,2801.937,1783270576.167
1783270577,2801.922,2801.903,2801.942,1783270577.112
1783270578,2801.929,2801.909,2801.948,1783270578.140
1783270579,2801.931,2801.911,2801.95,1783270579.107
1783270580,2801.933,2801.913,2801.952,1783270580.121
1783270581,2801.941,2801.921,2801.96,1783270581.107
1783270582,2801.951,2801.931,2801.971,1783270582.126
1783270583,2801.965,2801.945,2801.984,1783270583.119
1783270584,2801.971,2801.951,2801.99,1783270584.123
1783270585,2801.979,2801.959,2801.999,1783270585.110
1783270586,2801.984,2801.964,2802.004,1783270586.127
1783270587,2801.994,2801.975,2802.014,1783270587.112
1783270588,2802.004,2801.985,2802.024,1783270588.182
1783270589,2802.012,2801.992,2802.032,1783270589.116
1783270590,2802.016,2801.996,2802.035,1783270590.124
1783270591,2802.017,2801.997,2802.037,1783270591.109
1783270592,2802.024,2802.004,2802.043,1783270592.126
1783270593,2802.025,2802.005,2802.044,1783270593.117
1783270594,2802.027,2802.007,2802.046,1783270594.129
1783270595,2802.03,2802.01,2802.05,1783270595.111
1783270596,2802.036,2802.016,2802.055,1783270596.133
1783270597,2802.043,2802.023,2802.062,1783270597.127
1783270598,2802.053,2802.033,2802.073,1783270598.201
1783270599,2802.059,2802.04,2802.079,1783270599.117
1783270600,2802.06,2802.04,2802.079,1783270600.126
1783270601,2802.063,2802.044,2802.083,1783270601.107
1783270602,2802.065,2802.046,2802.085,1783270602.131
1783270603,2802.067,2802.048,2802.087,1783270603.121
1783270604,2802.07,2802.051,2802.09,1783270604.130
1783270605,2802.071,2802.051,2802.09,1783270605.110
1783270606,2802.076,2802.057,2802.096,1783270606.122
1783270607,2802.082,2802.063,2802.102,1783270607.106
1783270608,2802.083,2802.063,2802.103,1783270608.140
1783270609,2802.089,2802.07,2802.109,1783270609.120
1783270610,2802.092,2802.073,2802.112,1783270610.147
1783270611,2802.095,2802.076,2802.115,1783270611.111
1783270612,2802.099,2802.08,2802.119,1783270612.124
1783270613,2802.108,2802.089,2802.128,1783270613.108
1783270614,2802.111,2802.091,2802.13,1783270614.127
1783270615,2802.121,2802.101,2802.14,1783270615.127
1783270616,2802.127,2802.107,2802.147,1783270616.132
1783270617,2802.133,2802.113,2802.152,1783270617.114
1783270618,2802.142,2802.122,2802.161,1783270618.136
1783270619,2802.147,2802.127,2802.167,1783270619.127
1783270620,2802.149,2802.129,2802.168,1783270620.131
1783270621,2802.152,2802.132,2802.172,1783270621.112
1783270622,2802.162,2802.142,2802.182,1783270622.231
1783270623,2802.172,2802.153,2802.192,1783270623.128
1783270624,2802.173,2802.154,2802.193,1783270624.141
1783270625,2802.18,2802.161,2802.2,1783270625.128
1783270626,2802.184,2802.164,2802.204,1783270626.127
1783270627,2802.196,2802.176,2802.216,1783270627.164
1783270628,2802.196,2802.176,2802.216,1783270628.244
1783270629,2802.197,2802.178,2802.217,1783270629.119
1783270630,2802.198,2802.178,2802.217,1783270630.147
1783270631,2802.202,2802.183,2802.222,1783270631.116
1783270632,2802.209,2802.19,2802.229,1783270632.125
1783270633,2802.213,2802.194,2802.233,1783270633.113
1783270634,2802.218,2802.199,2802.238,1783270634.132
1783270635,2802.22,2802.2,2802.24,1783270635.121
1783270636,2802.229,2802.209,2802.249,1783270636.136
1783270637,2802.232,2802.212,2802.251,1783270637.112
1783270638,2802.238,2802.218,2802.257,1783270638.130
1783270639,2802.245,2802.226,2802.265,1783270639.127
1783270640,2802.249,2802.23,2802.269,1783270640.137
1783270641,2802.252,2802.233,2802.272,1783270641.114
1783270642,2802.258,2802.239,2802.278,1783270642.138
1783270643,2802.266,2802.246,2802.286,1783270643.117
1783270644,2802.271,2802.251,2802.29,1783270644.167
1783270645,2802.277,2802.257,2802.296,1783270645.122
1783270646,2802.283,2802.263,2802.303,1783270646.129
1783270647,2802.293,2802.273,2802.312,1783270647.124
1783270648,2802.296,2802.276,2802.315,1783270648.145
1783270649,2802.296,2802.276,2802.315,1783270649.132
1783270650,2802.301,2802.281,2802.32,1783270650.155
1783270651,2802.303,2802.283,2802.322,1783270651.115
1783270652,2802.303,2802.284,2802.323,1783270652.132
1783270653,2802.311,2802.291,2802.33,1783270653.112
1783270654,2802.317,2802.298,2802.337,1783270654.127
1783270655,2802.322,2802.302,2802.341,1783270655.119
1783270656,2802.33,2802.31,2802.35,1783270656.132
1783270657,2802.33,2802.31,2802.35,1783270657.164
1783270658,2802.341,2802.322,2802.361,1783270658.203
1783270659,2802.342,2802.323,2802.362,1783270659.125
1783270660,2802.348,2802.328,2802.367,1783270660.479
1783270661,2802.355,2802.335,2802.374,1783270661.543
1783270662,2802.364,2802.345,2802.384,1783270662.130
1783270663,2802.376,2802.356,2802.395,1783270663.113
1783270664,2802.381,2802.362,2802.401,1783270664.136
1783270665,2802.387,2802.367,2802.406,1783270665.112
1783270666,2802.387,2802.367,2802.406,1783270666.122
1783270667,2802.392,2802.373,2802.412,1783270667.121
1783270668,2802.393,2802.373,2802.413,1783270668.139
1783270669,2802.397,2802.377,2802.416,1783270669.117
1783270670,2802.405,2802.385,2802.425,1783270670.167
1783270671,2802.408,2802.389,2802.428,1783270671.119
1783270672,2802.409,2802.389,2802.429,1783270672.148
1783270673,2802.414,2802.394,2802.433,1783270673.117
1783270674,2802.419,2802.399,2802.438,1783270674.143
1783270675,2802.419,2802.399,2802.439,1783270675.121
1783270676,2802.423,2802.403,2802.443,1783270676.132
1783270677,2802.425,2802.406,2802.445,1783270677.115
1783270678,2802.426,2802.407,2802.446,1783270678.152
1783270679,2802.429,2802.41,2802.449,1783270679.122
1783270680,2802.436,2802.416,2802.456,1783270680.151
1783270681,2802.437,2802.417,2802.456,1783270681.116
1783270682,2802.44,2802.421,2802.46,1783270682.142
1783270683,2802.448,2802.428,2802.467,1783270683.173
1783270684,2802.455,2802.436,2802.475,1783270684.175
1783270685,2802.461,2802.442,2802.481,1783270685.110
1783270686,2802.467,2802.447,2802.487,1783270686.133
1783270687,2802.473,2802.454,2802.493,1783270687.113
1783270688,2802.481,2802.461,2802.5,1783270688.201
1783270689,2802.491,2802.471,2802.511,1783270689.122
1783270690,2802.5,2802.481,2802.52,1783270690.150
1783270691,2802.501,2802.482,2802.521,1783270691.114
1783270692,2802.506,2802.486,2802.525,1783270692.143
1783270693,2802.507,2802.488,2802.527,1783270693.119
1783270694,2802.509,2802.489,2802.529,1783270694.146
1783270695,2802.512,2802.493,2802.532,1783270695.116
1783270696,2802.521,2802.501,2802.541,1783270696.163
1783270697,2802.527,2802.507,2802.547,1783270697.112
1783270698,2802.529,2802.51,2802.549,1783270698.203
1783270699,2802.541,2802.521,2802.561,1783270699.118
1783270700,2802.549,2802.529,2802.569,1783270700.127
1783270701,2802.552,2802.532,2802.571,1783270701.124
1783270702,2802.552,2802.532,2802.572,1783270702.149
1783270703,2802.554,2802.534,2802.573,1783270703.114
1783270704,2802.564,2802.544,2802.583,1783270704.161
1783270705,2802.571,2802.551,2802.591,1783270705.112
1783270706,2802.573,2802.554,2802.593,1783270706.137
1783270707,2802.581,2802.561,2802.6,1783270707.122
1783270708,2802.584,2802.565,2802.604,1783270708.140
1783270709,2802.59,2802.57,2802.609,1783270709.114
1783270710,2802.591,2802.572,2802.611,1783270710.146
1783270711,2802.594,2802.575,2802.614,1783270711.115
1783270712,2802.6,2802.58,2802.619,1783270712.136
1783270713,2802.608,2802.589,2802.628,1783270713.116
1783270714,2802.611,2802.591,2802.631,1783270714.150
1783270715,2802.612,2802.592,2802.631,1783270715.122
1783270716,2802.621,2802.601,2802.641,1783270716.127
1783270717,2802.623,2802.604,2802.643,1783270717.121
1783270718,2802.624,2802.604,2802.643,1783270718.202
1783270719,2802.633,2802.614,2802.653,1783270719.121
1783270720,2802.644,2802.625,2802.664,1783270720.124
1783270721,2802.647,2802.627,2802.666,1783270721.125
1783270722,2802.647,2802.627,2802.667,1783270722.136
1783270723,2802.647,2802.628,2802.667,1783270723.130
1783270724,2802.649,2802.63,2802.669,1783270724.135
1783270725,2802.652,2802.632,2802.671,1783270725.121
1783270726,2802.652,2802.633,2802.672,1783270726.133
1783270727,2802.66,2802.64,2802.68,1783270727.120
1783270728,2802.67,2802.65,2802.689,1783270728.134
1783270729,2802.68,2802.661,2802.7,1783270729.117
1783270730,2802.681,2802.661,2802.7,1783270730.144
1783270731,2802.682,2802.662,2802.701,1783270731.127
1783270732,2802.689,2802.669,2802.709,1783270732.151
1783270733,2802.697,2802.678,2802.717,1783270733.118
1783270734,2802.699,2802.679,2802.719,1783270734.152
1783270735,2802.701,2802.681,2802.721,1783270735.129
1783270736,2802.706,2802.686,2802.726,1783270736.164
1783270737,2802.708,2802.688,2802.727,1783270737.127
1783270738,2802.714,2802.694,2802.734,1783270738.164
1783270739,2802.717,2802.697,2802.736,1783270739.129
1783270740,2802.722,2802.703,2802.742,1783270740.151
1783270741,2802.728,2802.708,2802.748,1783270741.113
1783270742,2802.731,2802.711,2802.75,1783270742.363
1783270743,2802.736,2802.716,2802.755,1783270743.162
1783270744,2802.74,2802.72,2802.759,1783270744.145
1783270745,2802.748,2802.729,2802.768,1783270745.119
1783270746,2802.751,2802.731,2802.771,1783270746.134
1783270747,2802.753,2802.733,2802.772,1783270747.124
1783270748,2802.753,2802.733,2802.772,1783270748.153
1783270749,2802.756,2802.736,2802.776,1783270749.123
1783270750,2802.758,2802.738,2802.777,1783270750.131
1783270751,2802.764,2802.745,2802.784,1783270751.113
1783270752,2802.767,2802.747,2802.786,1783270752.158
1783270753,2802.767,2802.747,2802.787,1783270753.121
1783270754,2802.772,2802.752,2802.791,1783270754.142
1783270755,2802.778,2802.758,2802.798,1783270755.119
1783270756,2802.786,2802.766,2802.805,1783270756.143
1783270757,2802.789,2802.769,2802.808,1783270757.129
1783270758,2802.792,2802.772,2802.812,1783270758.137
1783270759,2802.794,2802.774,2802.813,1783270759.128
1783270760,2802.812,2802.792,2802.832,1783270760.138
1783270761,2802.823,2802.803,2802.842,1783270761.123
1783270762,2802.829,2802.809,2802.849,1783270762.162
1783270763,2802.835,2802.816,2802.855,1783270763.127
1783270764,2802.838,2802.819,2802.858,1783270764.163
1783270765,2802.843,2802.823,2802.862,1783270765.133
1783270766,2802.848,2802.829,2802.868,1783270766.142
1783270767,2802.854,2802.834,2802.874,1783270767.126
1783270768,2802.857,2802.837,2802.876,1783270768.149
1783270769,2802.86,2802.84,2802.879,1783270769.119
1783270770,2802.862,2802.842,2802.881,1783270770.139
1783270771,2802.864,2802.844,2802.883,1783270771.118
1783270772,2802.868,2802.848,2802.887,1783270772.148
1783270773,2802.869,2802.85,2802.889,1783270773.114
1783270774,2802.879,2802.859,2802.898,1783270774.247
1783270775,2802.884,2802.864,2802.904,1783270775.134
1783270776,2802.885,2802.865,2802.904,1783270776.137
1783270777,2802.894,2802.875,2802.914,1783270777.123
1783270778,2802.896,2802.876,2802.916,1783270778.201
1783270779,2802.9,2802.88,2802.92,1783270779.125
1783270780,2802.908,2802.889,2802.928,1783270780.173
1783270781,2802.918,2802.899,2802.938,1783270781.114
1783270782,2802.92,2802.901,2802.94,1783270782.147
1783270783,2802.933,2802.914,2802.953,1783270783.114
1783270784,2802.934,2802.915,2802.954,1783270784.147
1783270785,2802.942,2802.922,2802.962,1783270785.126
1783270786,2802.945,2802.926,2802.965,1783270786.140
1783270787,2802.954,2802.934,2802.974,1783270787.115
1783270788,2802.961,2802.942,2802.981,1783270788.134
1783270789,2802.974,2802.954,2802.993,1783270789.121
1783270790,2802.986,2802.967,2803.006,1783270790.148
1783270791,2802.992,2802.972,2803.012,1783270791.105
1783270792,2803.002,2802.982,2803.021,1783270792.137
1783270793,2803.008,2802.989,2803.028,1783270793.115
1783270794,2803.015,2802.995,2803.034,1783270794.142
1783270795,2803.023,2803.004,2803.043,1783270795.119
1783270796,2803.031,2803.011,2803.05,1783270796.156
1783270797,2803.033,2803.013,2803.052,1783270797.115
1783270798,2803.041,2803.022,2803.061,1783270798.148
1783270799,2803.043,2803.024,2803.063,1783270799.111
1783270800,2803.049,2803.029,2803.068,1783270800.174
1783270801,2803.049,2803.03,2803.069,1783270801.123
1783270802,2803.056,2803.037,2803.076,1783270802.191
1783270803,2803.064,2803.044,2803.083,1783270803.319
1783270804,2803.07,2803.05,2803.089,1783270804.237
1783270805,2803.079,2803.059,2803.098,1783270805.149
1783270806,2803.079,2803.059,2803.098,1783270806.192
1783270807,2803.08,2803.06,2803.099,1783270807.128
1783270808,2803.084,2803.064,2803.104,1783270808.200
1783270809,2803.085,2803.065,2803.105,1783270809.129
1783270810,2803.092,2803.073,2803.112,1783270810.143
1783270811,2803.094,2803.074,2803.113,1783270811.123
1783270812,2803.098,2803.078,2803.118,1783270812.152
1783270813,2803.101,2803.082,2803.121,1783270813.123
1783270814,2803.103,2803.084,2803.123,1783270814.136
1783270815,2803.105,2803.085,2803.125,1783270815.124
1783270816,2803.114,2803.095,2803.134,1783270816.128
1783270817,2803.115,2803.095,2803.134,1783270817.113
1783270818,2803.123,2803.103,2803.142,1783270818.145
1783270819,2803.125,2803.106,2803.145,1783270819.113
1783270820,2803.127,2803.108,2803.147,1783270820.143
1783270821,2803.13,2803.11,2803.149,1783270821.120
1783270822,2803.139,2803.119,2803.158,1783270822.142
1783270823,2803.142,2803.122,2803.161,1783270823.119
1783270824,2803.145,2803.125,2803.165,1783270824.169
1783270825,2803.152,2803.132,2803.172,1783270825.131
1783270826,2803.157,2803.137,2803.176,1783270826.161
1783270827,2803.161,2803.142,2803.181,1783270827.127
1783270828,2803.165,2803.146,2803.185,1783270828.137
1783270829,2803.171,2803.151,2803.191,1783270829.117
1783270830,2803.174,2803.154,2803.194,1783270830.145
1783270831,2803.175,2803.155,2803.194,1783270831.116
1783270832,2803.185,2803.165,2803.205,1783270832.145
1783270833,2803.193,2803.173,2803.213,1783270833.113
1783270834,2803.194,2803.174,2803.213,1783270834.157
1783270835,2803.198,2803.178,2803.218,1783270835.138
1783270836,2803.201,2803.182,2803.221,1783270836.151
1783270837,2803.202,2803.182,2803.221,1783270837.123
1783270838,2803.209,2803.19,2803.229,1783270838.248
1783270839,2803.209,2803.19,2803.229,1783270839.124
1783270840,2803.217,2803.197,2803.236,1783270840.136
1783270841,2803.22,2803.2,2803.239,1783270841.124
1783270842,2803.226,2803.206,2803.245,1783270842.145
1783270843,2803.23,2803.211,2803.25,1783270843.113
1783270844,2803.233,2803.214,2803.253,1783270844.162
1783270845,2803.239,2803.219,2803.258,1783270845.129
1783270846,2803.247,2803.227,2803.266,1783270846.153
1783270847,2803.249,2803.229,2803.269,1783270847.124
1783270848,2803.258,2803.239,2803.278,1783270848.171
1783270849,2803.26,2803.241,2803.28,1783270849.125
1783270850,2803.264,2803.244,2803.283,1783270850.139
1783270851,2803.269,2803.249,2803.288,1783270851.125
1783270852,2803.275,2803.255,2803.295,1783270852.132
1783270853,2803.286,2803.266,2803.305,1783270853.112
1783270854,2803.292,2803.272,2803.311,1783270854.183
1783270855,2803.295,2803.276,2803.315,1783270855.132
1783270856,2803.302,2803.282,2803.321,1783270856.144
1783270857,2803.302,2803.283,2803.322,1783270857.116
1783270858,2803.306,2803.287,2803.326,1783270858.128
1783270859,2803.307,2803.287,2803.327,1783270859.121
1783270860,2803.317,2803.298,2803.337,1783270860.159
1783270861,2803.322,2803.302,2803.341,1783270861.162
1783270862,2803.324,2803.304,2803.343,1783270862.271
1783270863,2803.331,2803.311,2803.35,1783270863.183
1783270864,2803.338,2803.318,2803.357,1783270864.156
1783270865,2803.34,2803.321,2803.36,1783270865.132
1783270866,2803.348,2803.328,2803.368,1783270866.173
1783270867,2803.354,2803.334,2803.374,1783270867.137
1783270868,2803.355,2803.336,2803.375,1783270868.202
1783270869,2803.369,2803.349,2803.388,1783270869.129
1783270870,2803.377,2803.358,2803.397,1783270870.153
1783270871,2803.387,2803.367,2803.406,1783270871.127
1783270872,2803.392,2803.373,2803.412,1783270872.161
1783270873,2803.402,2803.382,2803.422,1783270873.114
1783270874,2803.402,2803.382,2803.422,1783270874.164
1783270875,2803.409,2803.389,2803.428,1783270875.123
1783270876,2803.422,2803.402,2803.441,1783270876.134
1783270877,2803.431,2803.412,2803.451,1783270877.122
1783270878,2803.433,2803.414,2803.453,1783270878.169
1783270879,2803.451,2803.431,2803.47,1783270879.123
1783270880,2803.465,2803.446,2803.485,1783270880.138
1783270881,2803.469,2803.45,2803.489,1783270881.146
1783270882,2803.471,2803.452,2803.491,1783270882.152
1783270883,2803.473,2803.453,2803.493,1783270883.125
1783270884,2803.476,2803.456,2803.495,1783270884.144
1783270885,2803.483,2803.463,2803.502,1783270885.119
1783270886,2803.488,2803.468,2803.507,1783270886.157
1783270887,2803.491,2803.471,2803.511,1783270887.128
1783270888,2803.493,2803.473,2803.512,1783270888.133
1783270889,2803.502,2803.483,2803.522,1783270889.116
1783270890,2803.507,2803.487,2803.527,1783270890.134
1783270891,2803.508,2803.488,2803.528,1783270891.119
1783270892,2803.512,2803.492,2803.531,1783270892.157
1783270893,2803.516,2803.497,2803.536,1783270893.133
1783270894,2803.519,2803.499,2803.539,1783270894.156
1783270895,2803.524,2803.505,2803.544,1783270895.120
1783270896,2803.528,2803.508,2803.547,1783270896.147
1783270897,2803.53,2803.511,2803.55,1783270897.122
1783270898,2803.532,2803.512,2803.551,1783270898.201
1783270899,2803.537,2803.518,2803.557,1783270899.120
1783270900,2803.543,2803.524,2803.563,1783270900.164
1783270901,2803.544,2803.524,2803.564,1783270901.126
1783270902,2803.545,2803.525,2803.564,1783270902.146
1783270903,2803.549,2803.529,2803.568,1783270903.117
1783270904,2803.555,2803.535,2803.574,1783270904.141
1783270905,2803.563,2803.543,2803.583,1783270905.119
1783270906,2803.563,2803.543,2803.583,1783270906.150
1783270907,2803.567,2803.547,2803.587,1783270907.126
1783270908,2803.572,2803.553,2803.592,1783270908.146
1783270909,2803.572,2803.553,2803.592,1783270909.115
1783270910,2803.58,2803.561,2803.6,1783270910.152
1783270911,2803.581,2803.561,2803.6,1783270911.120
1783270912,2803.582,2803.562,2803.601,1783270912.169
1783270913,2803.587,2803.568,2803.607,1783270913.113
1783270914,2803.594,2803.574,2803.613,1783270914.149
1783270915,2803.602,2803.582,2803.621,1783270915.118
1783270916,2803.607,2803.588,2803.627,1783270916.150
1783270917,2803.608,2803.588,2803.627,1783270917.114
1783270918,2803.613,2803.594,2803.633,1783270918.135
1783270919,2803.62,2803.6,2803.639,1783270919.119
1783270920,2803.622,2803.602,2803.641,1783270920.154
1783270921,2803.628,2803.608,2803.647,1783270921.131
1783270922,2803.633,2803.614,2803.653,1783270922.384
1783270923,2803.636,2803.617,2803.656,1783270923.123
1783270924,2803.641,2803.621,2803.66,1783270924.140
1783270925,2803.643,2803.623,2803.662,1783270925.123
1783270926,2803.644,2803.624,2803.663,1783270926.143
1783270927,2803.654,2803.634,2803.673,1783270927.118
1783270928,2803.655,2803.635,2803.675,1783270928.212
1783270929,2803.657,2803.637,2803.676,1783270929.117
1783270930,2803.661,2803.642,2803.681,1783270930.160
1783270931,2803.666,2803.646,2803.685,1783270931.117
1783270932,2803.671,2803.652,2803.691,1783270932.156
1783270933,2803.684,2803.664,2803.703,1783270933.135
1783270934,2803.685,2803.666,2803.705,1783270934.128
1783270935,2803.695,2803.675,2803.714,1783270935.126
1783270936,2803.707,2803.687,2803.726,1783270936.146
1783270937,2803.713,2803.693,2803.732,1783270937.128
1783270938,2803.714,2803.695,2803.734,1783270938.129
1783270939,2803.722,2803.702,2803.742,1783270939.116
1783270940,2803.732,2803.712,2803.752,1783270940.146
1783270941,2803.733,2803.714,2803.753,1783270941.116
1783270942,2803.74,2803.721,2803.76,1783270942.162
1783270943,2803.744,2803.725,2803.764,1783270943.114
1783270944,2803.764,2803.745,2803.784,1783270944.126
1783270945,2803.77,2803.751,2803.79,1783270945.122
1783270946,2803.776,2803.756,2803.795,1783270946.157
1783270947,2803.779,2803.759,2803.798,1783270947.117
1783270948,2803.784,2803.764,2803.804,1783270948.164
1783270949,2803.795,2803.775,2803.815,1783270949.109
1783270950,2803.801,2803.781,2803.82,1783270950.139
1783270951,2803.804,2803.784,2803.824,1783270951.134
1783270952,2803.81,2803.791,2803.83,1783270952.148
1783270953,2803.824,2803.804,2803.843,1783270953.128
1783270954,2803.833,2803.813,2803.853,1783270954.133
1783270955,2803.837,2803.817,2803.857,1783270955.164
1783270956,2803.839,2803.82,2803.859,1783270956.169
1783270957,2803.844,2803.825,2803.864,1783270957.118
1783270958,2803.853,2803.833,2803.872,1783270958.248
1783270959,2803.865,2803.845,2803.884,1783270959.114
1783270960,2803.867,2803.847,2803.887,1783270960.142
1783270961,2803.871,2803.851,2803.89,1783270961.135
1783270962,2803.872,2803.852,2803.891,1783270962.159
1783270963,2803.881,2803.861,2803.9,1783270963.126
1783270964,2803.886,2803.866,2803.905,1783270964.156
1783270965,2803.888,2803.868,2803.908,1783270965.144
1783270966,2803.891,2803.871,2803.91,1783270966.154
1783270967,2803.893,2803.873,2803.912,1783270967.125
1783270968,2803.901,2803.882,2803.921,1783270968.163
1783270969,2803.906,2803.887,2803.926,1783270969.122
1783270970,2803.91,2803.891,2803.93,1783270970.160
1783270971,2803.923,2803.903,2803.942,1783270971.127
1783270972,2803.927,2803.908,2803.947,1783270972.135
1783270973,2803.945,2803.925,2803.964,1783270973.116
1783270974,2803.946,2803.927,2803.966,1783270974.145
1783270975,2803.952,2803.932,2803.972,1783270975.120
1783270976,2803.955,2803.936,2803.975,1783270976.144
1783270977,2803.959,2803.94,2803.979,1783270977.121
1783270978,2803.96,2803.94,2803.979,1783270978.152
1783270979,2803.961,2803.942,2803.981,1783270979.118
1783270980,2803.966,2803.947,2803.986,1783270980.166
1783270981,2803.979,2803.959,2803.999,1783270981.162
1783270982,2803.983,2803.964,2804.003,1783270982.198
1783270983,2803.985,2803.966,2804.005,1783270983.202
1783270984,2803.989,2803.969,2804.009,1783270984.192
1783270985,2803.996,2803.977,2804.016,1783270985.119
1783270986,2804,2803.98,2804.019,1783270986.148
1783270987,2804.005,2803.986,2804.025,1783270987.126
1783270988,2804.011,2803.991,2804.03,1783270988.247
1783270989,2804.013,2803.993,2804.032,1783270989.121
1783270990,2804.017,2803.998,2804.037,1783270990.156
1783270991,2804.018,2803.998,2804.038,1783270991.110
1783270992,2804.024,2804.004,2804.044,1783270992.143
1783270993,2804.035,2804.015,2804.055,1783270993.113
1783270994,2804.036,2804.016,2804.055,1783270994.162
1783270995,2804.043,2804.023,2804.063,1783270995.148
1783270996,2804.05,2804.03,2804.069,1783270996.150
1783270997,2804.05,2804.031,2804.07,1783270997.119
1783270998,2804.052,2804.032,2804.072,1783270998.147
1783270999,2804.065,2804.045,2804.084,1783270999.119
1783271000,2804.065,2804.046,2804.085,1783271000.151
1783271001,2804.068,2804.048,2804.088,1783271001.115
1783271002,2804.077,2804.057,2804.096,1783271002.151
1783271003,2804.084,2804.064,2804.103,1783271003.119
1783271004,2804.087,2804.067,2804.106,1783271004.174
1783271005,2804.095,2804.075,2804.115,1783271005.115
1783271006,2804.096,2804.077,2804.116,1783271006.150
1783271007,2804.103,2804.083,2804.122,1783271007.205
1783271008,2804.107,2804.088,2804.127,1783271008.136
1783271009,2804.11,2804.091,2804.13,1783271009.119
1783271010,2804.119,2804.099,2804.138,1783271010.165
1783271011,2804.119,2804.099,2804.139,1783271011.117
1783271012,2804.123,2804.103,2804.143,1783271012.148
1783271013,2804.129,2804.11,2804.149,1783271013.116
1783271014,2804.141,2804.122,2804.161,1783271014.162
1783271015,2804.148,2804.129,2804.168,1783271015.136
1783271016,2804.152,2804.132,2804.172,1783271016.149
1783271017,2804.168,2804.148,2804.188,1783271017.127
1783271018,2804.169,2804.149,2804.188,1783271018.212
1783271019,2804.175,2804.155,2804.195,1783271019.124
1783271020,2804.176,2804.156,2804.195,1783271020.152
1783271021,2804.177,2804.158,2804.197,1783271021.136
1783271022,2804.181,2804.162,2804.201,1783271022.164
1783271023,2804.181,2804.162,2804.201,1783271023.120
1783271024,2804.19,2804.17,2804.209,1783271024.144
1783271025,2804.195,2804.175,2804.214,1783271025.122
1783271026,2804.205,2804.186,2804.225,1783271026.149
1783271027,2804.209,2804.189,2804.229,1783271027.120
1783271028,2804.215,2804.195,2804.234,1783271028.156
1783271029,2804.223,2804.203,2804.242,1783271029.125
1783271030,2804.232,2804.213,2804.252,1783271030.137
1783271031,2804.239,2804.219,2804.258,1783271031.124
1783271032,2804.244,2804.224,2804.263,1783271032.138
1783271033,2804.248,2804.228,2804.268,1783271033.122
1783271034,2804.251,2804.231,2804.27,1783271034.160
1783271035,2804.253,2804.233,2804.272,1783271035.118
1783271036,2804.258,2804.238,2804.277,1783271036.165
1783271037,2804.264,2804.245,2804.284,1783271037.138
1783271038,2804.271,2804.251,2804.29,1783271038.155
1783271039,2804.273,2804.254,2804.293,1783271039.131
1783271040,2804.277,2804.257,2804.296,1783271040.158
1783271041,2804.284,2804.265,2804.304,1783271041.137
1783271042,2804.291,2804.272,2804.311,1783271042.158
1783271043,2804.299,2804.28,2804.319,1783271043.125
1783271044,2804.3,2804.28,2804.32,1783271044.178
1783271045,2804.301,2804.281,2804.32,1783271045.113
1783271046,2804.301,2804.281,2804.321,1783271046.151
1783271047,2804.309,2804.289,2804.328,1783271047.121
1783271048,2804.31,2804.29,2804.329,1783271048.204
1783271049,2804.312,2804.293,2804.332,1783271049.165
1783271050,2804.327,2804.307,2804.346,1783271050.134
1783271051,2804.329,2804.309,2804.348,1783271051.124
1783271052,2804.337,2804.317,2804.356,1783271052.131
1783271053,2804.348,2804.329,2804.368,1783271053.127
1783271054,2804.354,2804.334,2804.374,1783271054.136
1783271055,2804.358,2804.338,2804.378,1783271055.119
1783271056,2804.364,2804.344,2804.384,1783271056.130
1783271057,2804.366,2804.346,2804.386,1783271057.119
1783271058,2804.372,2804.353,2804.392,1783271058.124
1783271059,2804.383,2804.363,2804.402,1783271059.121
1783271060,2804.385,2804.366,2804.405,1783271060.151
1783271061,2804.395,2804.376,2804.415,1783271061.113
1783271062,2804.398,2804.379,2804.418,1783271062.165
1783271063,2804.408,2804.389,2804.428,1783271063.117
1783271064,2804.417,2804.398,2804.437,1783271064.147
1783271065,2804.42,2804.4,2804.439,1783271065.147
1783271066,2804.422,2804.402,2804.442,1783271066.153
1783271067,2804.428,2804.409,2804.448,1783271067.120
1783271068,2804.431,2804.411,2804.451,1783271068.141
1783271069,2804.436,2804.416,2804.455,1783271069.126
1783271070,2804.445,2804.425,2804.465,1783271070.142
1783271071,2804.447,2804.428,2804.467,1783271071.127
1783271072,2804.459,2804.439,2804.478,1783271072.246
1783271073,2804.465,2804.445,2804.485,1783271073.131
1783271074,2804.469,2804.45,2804.489,1783271074.131
1783271075,2804.474,2804.454,2804.493,1783271075.115
1783271076,2804.481,2804.462,2804.501,1783271076.151
1783271077,2804.493,2804.473,2804.512,1783271077.117
1783271078,2804.494,2804.475,2804.514,1783271078.209
1783271079,2804.498,2804.478,2804.518,1783271079.138
1783271080,2804.504,2804.484,2804.523,1783271080.123
1783271081,2804.517,2804.497,2804.537,1783271081.144
1783271082,2804.519,2804.499,2804.538,1783271082.149
1783271083,2804.522,2804.503,2804.542,1783271083.132
1783271084,2804.524,2804.504,2804.543,1783271084.136
1783271085,2804.535,2804.515,2804.555,1783271085.137
1783271086,2804.537,2804.517,2804.556,1783271086.146
1783271087,2804.538,2804.519,2804.558,1783271087.110
1783271088,2804.543,2804.523,2804.562,1783271088.126
1783271089,2804.555,2804.535,2804.575,1783271089.112
1783271090,2804.565,2804.545,2804.585,1783271090.149
1783271091,2804.569,2804.549,2804.588,1783271091.123
1783271092,2804.576,2804.556,2804.595,1783271092.155
1783271093,2804.577,2804.557,2804.596,1783271093.123
1783271094,2804.586,2804.566,2804.606,1783271094.162
1783271095,2804.596,2804.576,2804.615,1783271095.136
1783271096,2804.604,2804.584,2804.623,1783271096.142
1783271097,2804.608,2804.589,2804.628,1783271097.127
1783271098,2804.619,2804.599,2804.638,1783271098.152
1783271099,2804.627,2804.607,2804.647,1783271099.129
1783271100,2804.631,2804.611,2804.65,1783271100.156
1783271101,2804.633,2804.614,2804.653,1783271101.135
1783271102,2804.635,2804.615,2804.655,1783271102.223
1783271103,2804.639,2804.619,2804.658,1783271103.219
1783271104,2804.641,2804.622,2804.661,1783271104.233
1783271105,2804.646,2804.626,2804.666,1783271105.135
1783271106,2804.648,2804.629,2804.668,1783271106.145
1783271107,2804.654,2804.634,2804.673,1783271107.123
1783271108,2804.656,2804.637,2804.676,1783271108.133
1783271109,2804.664,2804.645,2804.684,1783271109.158
1783271110,2804.674,2804.655,2804.694,1783271110.145
1783271111,2804.677,2804.658,2804.697,1783271111.118
1783271112,2804.68,2804.66,2804.7,1783271112.133
1783271113,2804.692,2804.673,2804.712,1783271113.112
1783271114,2804.693,2804.673,2804.712,1783271114.125
1783271115,2804.696,2804.676,2804.716,1783271115.123
1783271116,2804.703,2804.684,2804.723,1783271116.129
1783271117,2804.707,2804.688,2804.727,1783271117.112
1783271118,2804.708,2804.688,2804.727,1783271118.140
1783271119,2804.718,2804.698,2804.738,1783271119.118
1783271120,2804.723,2804.704,2804.743,1783271120.144
1783271121,2804.736,2804.716,2804.755,1783271121.122
1783271122,2804.744,2804.725,2804.764,1783271122.197
1783271123,2804.75,2804.73,2804.769,1783271123.122
1783271124,2804.76,2804.741,2804.78,1783271124.147
1783271125,2804.765,2804.746,2804.785,1783271125.111
1783271126,2804.772,2804.753,2804.792,1783271126.154
1783271127,2804.779,2804.759,2804.798,1783271127.108
1783271128,2804.78,2804.76,2804.799,1783271128.149
1783271129,2804.782,2804.763,2804.802,1783271129.122
1783271130,2804.788,2804.768,2804.807,1783271130.168
1783271131,2804.797,2804.777,2804.816,1783271131.134
1783271132,2804.798,2804.778,2804.818,1783271132.150
1783271133,2804.801,2804.782,2804.821,1783271133.127
1783271134,2804.807,2804.787,2804.827,1783271134.142
1783271135,2804.824,2804.805,2804.844,1783271135.110
1783271136,2804.826,2804.806,2804.845,1783271136.120
1783271137,2804.829,2804.81,2804.849,1783271137.115
1783271138,2804.842,2804.823,2804.862,1783271138.203
1783271139,2804.848,2804.828,2804.868,1783271139.125
1783271140,2804.849,2804.829,2804.868,1783271140.123
1783271141,2804.857,2804.837,2804.876,1783271141.118
1783271142,2804.863,2804.843,2804.883,1783271142.149
1783271143,2804.864,2804.844,2804.883,1783271143.116
1783271144,2804.864,2804.845,2804.884,1783271144.133
1783271145,2804.873,2804.853,2804.893,1783271145.125
1783271146,2804.883,2804.863,2804.902,1783271146.124
1783271147,2804.885,2804.866,2804.905,1783271147.109
1783271148,2804.894,2804.874,2804.914,1783271148.128
1783271149,2804.895,2804.876,2804.915,1783271149.122
1783271150,2804.906,2804.886,2804.926,1783271150.146
1783271151,2804.915,2804.895,2804.935,1783271151.127
1783271152,2804.921,2804.901,2804.941,1783271152.129
1783271153,2804.925,2804.906,2804.945,1783271153.127
1783271154,2804.93,2804.911,2804.95,1783271154.131
1783271155,2804.933,2804.914,2804.953,1783271155.118
1783271156,2804.936,2804.917,2804.956,1783271156.133
1783271157,2804.94,2804.92,2804.96,1783271157.119
1783271158,2804.94,2804.92,2804.96,1783271158.152
1783271159,2804.94,2804.921,2804.96,1783271159.123
1783271160,2804.945,2804.926,2804.965,1783271160.147
1783271161,2804.949,2804.93,2804.969,1783271161.162
1783271162,2804.958,2804.938,2804.978,1783271162.170
1783271163,2804.967,2804.947,2804.986,1783271163.128
1783271164,2804.978,2804.958,2804.997,1783271164.163
1783271165,2804.979,2804.959,2804.999,1783271165.140
1783271166,2804.979,2804.96,2804.999,1783271166.138
1783271167,2804.987,2804.968,2805.007,1783271167.119
1783271168,2804.992,2804.972,2805.011,1783271168.213
1783271169,2804.998,2804.979,2805.018,1783271169.162
1783271170,2805.001,2804.981,2805.021,1783271170.157
1783271171,2805.008,2804.988,2805.027,1783271171.123
1783271172,2805.013,2804.993,2805.033,1783271172.151
1783271173,2805.016,2804.996,2805.036,1783271173.125
1783271174,2805.018,2804.998,2805.037,1783271174.149
1783271175,2805.026,2805.006,2805.045,1783271175.134
1783271176,2805.029,2805.01,2805.049,1783271176.147
1783271177,2805.04,2805.021,2805.06,1783271177.128
1783271178,2805.045,2805.025,2805.064,1783271178.160
1783271179,2805.048,2805.028,2805.067,1783271179.129
1783271180,2805.053,2805.033,2805.072,1783271180.132
1783271181,2805.054,2805.035,2805.074,1783271181.126
1783271182,2805.059,2805.039,2805.078,1783271182.144
1783271183,2805.063,2805.044,2805.083,1783271183.151
1783271184,2805.065,2805.046,2805.085,1783271184.138
1783271185,2805.069,2805.05,2805.089,1783271185.140
1783271186,2805.071,2805.052,2805.091,1783271186.146
1783271187,2805.075,2805.055,2805.094,1783271187.118
1783271188,2805.084,2805.064,2805.103,1783271188.128
1783271189,2805.092,2805.073,2805.112,1783271189.127
1783271190,2805.094,2805.075,2805.114,1783271190.155
1783271191,2805.1,2805.08,2805.119,1783271191.120
1783271192,2805.108,2805.088,2805.128,1783271192.143
1783271193,2805.114,2805.095,2805.134,1783271193.138
1783271194,2805.125,2805.105,2805.144,1783271194.146
1783271195,2805.138,2805.118,2805.157,1783271195.114
1783271196,2805.144,2805.124,2805.163,1783271196.151
1783271197,2805.153,2805.133,2805.172,1783271197.120
1783271198,2805.155,2805.135,2805.175,1783271198.145
1783271199,2805.167,2805.147,2805.186,1783271199.128
1783271200,2805.171,2805.151,2805.19,1783271200.136
1783271201,2805.178,2805.158,2805.197,1783271201.123
1783271202,2805.181,2805.161,2805.201,1783271202.135
1783271203,2805.186,2805.166,2805.205,1783271203.125
1783271204,2805.203,2805.184,2805.223,1783271204.155
1783271205,2805.209,2805.19,2805.229,1783271205.114
1783271206,2805.216,2805.197,2805.236,1783271206.143
1783271207,2805.217,2805.198,2805.237,1783271207.119
1783271208,2805.221,2805.201,2805.24,1783271208.163
1783271209,2805.23,2805.211,2805.25,1783271209.121
1783271210,2805.231,2805.211,2805.251,1783271210.134
1783271211,2805.235,2805.215,2805.255,1783271211.125
1783271212,2805.235,2805.215,2805.255,1783271212.158
1783271213,2805.241,2805.221,2805.26,1783271213.119
1783271214,2805.242,2805.223,2805.262,1783271214.144
1783271215,2805.249,2805.229,2805.269,1783271215.117
1783271216,2805.25,2805.231,2805.27,1783271216.171
1783271217,2805.257,2805.237,2805.276,1783271217.115
1783271218,2805.269,2805.249,2805.288,1783271218.142
1783271219,2805.276,2805.256,2805.295,1783271219.115
1783271220,2805.28,2805.261,2805.3,1783271220.135
1783271221,2805.282,2805.263,2805.302,1783271221.118
1783271222,2805.288,2805.269,2805.308,1783271222.271
1783271223,2805.294,2805.274,2805.314,1783271223.267
1783271224,2805.296,2805.276,2805.315,1783271224.138
1783271225,2805.302,2805.282,2805.321,1783271225.127
1783271226,2805.302,2805.282,2805.322,1783271226.151
1783271227,2805.308,2805.288,2805.327,1783271227.122
1783271228,2805.311,2805.291,2805.331,1783271228.246
1783271229,2805.318,2805.298,2805.338,1783271229.134
1783271230,2805.327,2805.307,2805.347,1783271230.154
1783271231,2805.33,2805.31,2805.349,1783271231.125
1783271232,2805.333,2805.313,2805.352,1783271232.126
1783271233,2805.345,2805.325,2805.364,1783271233.120
1783271234,2805.349,2805.33,2805.369,1783271234.164
1783271235,2805.358,2805.338,2805.377,1783271235.126
1783271236,2805.363,2805.343,2805.383,1783271236.145
1783271237,2805.365,2805.345,2805.384,1783271237.121
1783271238,2805.367,2805.347,2805.387,1783271238.141
1783271239,2805.374,2805.354,2805.393,1783271239.125
1783271240,2805.376,2805.356,2805.396,1783271240.148
1783271241,2805.385,2805.365,2805.404,1783271241.123
1783271242,2805.395,2805.376,2805.415,1783271242.138
1783271243,2805.404,2805.384,2805.423,1783271243.116
1783271244,2805.408,2805.389,2805.428,1783271244.204
1783271245,2805.415,2805.396,2805.435,1783271245.134
1783271246,2805.421,2805.402,2805.441,1783271246.130
1783271247,2805.422,2805.402,2805.441,1783271247.118
1783271248,2805.423,2805.404,2805.443,1783271248.147
1783271249,2805.424,2805.405,2805.444,1783271249.113
1783271250,2805.431,2805.411,2805.45,1783271250.133
1783271251,2805.437,2805.418,2805.457,1783271251.127
1783271252,2805.441,2805.422,2805.461,1783271252.149
1783271253,2805.443,2805.423,2805.462,1783271253.120
1783271254,2805.45,2805.43,2805.469,1783271254.144
1783271255,2805.451,2805.432,2805.471,1783271255.119
1783271256,2805.462,2805.443,2805.482,1783271256.146
1783271257,2805.463,2805.443,2805.483,1783271257.121
1783271258,2805.464,2805.445,2805.484,1783271258.205
1783271259,2805.475,2805.455,2805.495,1783271259.143
1783271260,2805.488,2805.468,2805.507,1783271260.163
1783271261,2805.49,2805.47,2805.51,1783271261.137
1783271262,2805.501,2805.482,2805.521,1783271262.160
1783271263,2805.508,2805.488,2805.527,1783271263.117
1783271264,2805.513,2805.493,2805.532,1783271264.151
1783271265,2805.515,2805.495,2805.535,1783271265.115
1783271266,2805.519,2805.5,2805.539,1783271266.156
1783271267,2805.519,2805.5,2805.539,1783271267.121
1783271268,2805.526,2805.506,2805.545,1783271268.259
1783271269,2805.529,2805.509,2805.548,1783271269.134
1783271270,2805.533,2805.513,2805.552,1783271270.150
1783271271,2805.535,2805.515,2805.555,1783271271.116
1783271272,2805.539,2805.52,2805.559,1783271272.144
1783271273,2805.54,2805.52,2805.56,1783271273.125
1783271274,2805.544,2805.524,2805.563,1783271274.143
1783271275,2805.549,2805.529,2805.569,1783271275.116
1783271276,2805.552,2805.532,2805.571,1783271276.133
1783271277,2805.559,2805.539,2805.578,1783271277.132
1783271278,2801.189,2801.169,2801.209,1783271278.153
1783271279,2801.191,2801.172,2801.211,1783271279.109
1783271280,2801.197,2801.178,2801.217,1783271280.157
1783271281,2801.206,2801.186,2801.225,1783271281.167
1783271282,2801.212,2801.192,2801.232,1783271282.147
1783271283,2801.222,2801.202,2801.242,1783271283.163
1783271284,2801.239,2801.219,2801.258,1783271284.218
1783271285,2801.239,2801.219,2801.258,1783271285.123
1783271286,2801.243,2801.224,2801.263,1783271286.165
1783271287,2801.249,2801.229,2801.268,1783271287.126
1783271288,2801.264,2801.244,2801.283,1783271288.206
1783271289,2801.265,2801.245,2801.284,1783271289.125
1783271290,2801.272,2801.253,2801.292,1783271290.154
1783271291,2801.28,2801.26,2801.299,1783271291.121
1783271292,2801.285,2801.265,2801.304,1783271292.145
1783271293,2801.289,2801.269,2801.309,1783271293.126
1783271294,2801.293,2801.273,2801.312,1783271294.155
1783271295,2801.293,2801.274,2801.313,1783271295.112
1783271296,2801.304,2801.284,2801.323,1783271296.140
1783271297,2801.312,2801.292,2801.331,1783271297.120
1783271298,2801.312,2801.292,2801.332,1783271298.147
1783271299,2801.316,2801.296,2801.335,1783271299.162
1783271300,2801.319,2801.299,2801.338,1783271300.142
1783271301,2801.326,2801.307,2801.346,1783271301.119
1783271302,2801.334,2801.314,2801.353,1783271302.135
1783271303,2801.334,2801.314,2801.354,1783271303.115
1783271304,2801.345,2801.325,2801.364,1783271304.138
1783271305,2801.358,2801.338,2801.378,1783271305.121
1783271306,2801.366,2801.346,2801.385,1783271306.133
1783271307,2801.367,2801.348,2801.387,1783271307.114
1783271308,2801.376,2801.357,2801.396,1783271308.155
1783271309,2801.383,2801.364,2801.403,1783271309.113
1783271310,2801.395,2801.375,2801.414,1783271310.129
1783271311,2801.398,2801.378,2801.417,1783271311.120
1783271312,2801.407,2801.387,2801.426,1783271312.162
1783271313,2801.412,2801.392,2801.432,1783271313.117
1783271314,2801.423,2801.404,2801.443,1783271314.134
1783271315,2801.427,2801.407,2801.447,1783271315.130
1783271316,2801.429,2801.409,2801.448,1783271316.161
1783271317,2801.434,2801.415,2801.454,1783271317.127
1783271318,2801.442,2801.423,2801.462,1783271318.239
1783271319,2801.448,2801.428,2801.467,1783271319.137
1783271320,2801.457,2801.437,2801.476,1783271320.145
1783271321,2801.466,2801.446,2801.485,1783271321.140
1783271322,2801.469,2801.449,2801.489,1783271322.139
1783271323,2801.472,2801.453,2801.492,1783271323.125
1783271324,2801.482,2801.462,2801.501,1783271324.149
1783271325,2801.488,2801.469,2801.508,1783271325.112
1783271326,2801.497,2801.477,2801.516,1783271326.175
1783271327,2801.504,2801.484,2801.524,1783271327.125
1783271328,2801.507,2801.488,2801.527,1783271328.131
1783271329,2801.51,2801.49,2801.53,1783271329.122
1783271330,2801.517,2801.497,2801.536,1783271330.120
1783271331,2801.523,2801.504,2801.543,1783271331.127
1783271332,2801.53,2801.51,2801.55,1783271332.146
1783271333,2801.537,2801.517,2801.556,1783271333.130
1783271334,2801.538,2801.519,2801.558,1783271334.138
1783271335,2801.546,2801.526,2801.565,1783271335.110
1783271336,2801.552,2801.533,2801.572,1783271336.132
1783271337,2801.564,2801.545,2801.584,1783271337.120
1783271338,2801.576,2801.556,2801.595,1783271338.156
1783271339,2801.581,2801.561,2801.6,1783271339.124
1783271340,2801.586,2801.566,2801.605,1783271340.157
1783271341,2801.587,2801.568,2801.607,1783271341.162
1783271342,2801.595,2801.575,2801.614,1783271342.193
1783271343,2801.595,2801.575,2801.615,1783271343.125
1783271344,2801.6,2801.58,2801.62,1783271344.168
1783271345,2801.615,2801.596,2801.635,1783271345.131
1783271346,2801.62,2801.6,2801.639,1783271346.150
1783271347,2801.625,2801.605,2801.644,1783271347.127
1783271348,2801.628,2801.609,2801.648,1783271348.203
1783271349,2801.632,2801.612,2801.651,1783271349.139
1783271350,2801.637,2801.617,2801.656,1783271350.155
1783271351,2801.648,2801.628,2801.667,1783271351.124
1783271352,2801.648,2801.629,2801.668,1783271352.145
1783271353,2801.655,2801.635,2801.675,1783271353.111
1783271354,2801.658,2801.638,2801.677,1783271354.163
1783271355,2801.662,2801.642,2801.681,1783271355.138
1783271356,2801.673,2801.653,2801.692,1783271356.153
1783271357,2801.689,2801.67,2801.709,1783271357.130
1783271358,2801.693,2801.674,2801.713,1783271358.155
1783271359,2801.7,2801.68,2801.719,1783271359.125
1783271360,2798.74,2798.721,2798.76,1783271360.143
1783271361,2798.743,2798.723,2798.762,1783271361.134
1783271362,2798.747,2798.727,2798.766,1783271362.138
1783271363,2798.753,2798.733,2798.772,1783271363.117
1783271364,2798.756,2798.736,2798.775,1783271364.153
1783271365,2798.761,2798.742,2798.781,1783271365.126
1783271366,2798.767,2798.747,2798.786,1783271366.156
1783271367,2798.771,2798.751,2798.79,1783271367.132
1783271368,2798.778,2798.758,2798.797,1783271368.126
1783271369,2798.789,2798.77,2798.809,1783271369.130
1783271370,2798.793,2798.773,2798.812,1783271370.139
1783271371,2798.798,2798.779,2798.818,1783271371.117
1783271372,2798.81,2798.79,2798.829,1783271372.137
1783271373,2798.812,2798.792,2798.831,1783271373.111
1783271374,2798.819,2798.8,2798.839,1783271374.134
1783271375,2798.826,2798.807,2798.846,1783271375.115
1783271376,2798.827,2798.807,2798.846,1783271376.157
1783271377,2798.839,2798.82,2798.859,1783271377.115
1783271378,2798.841,2798.821,2798.86,1783271378.205
1783271379,2798.843,2798.823,2798.862,1783271379.113
1783271380,2798.849,2798.829,2798.869,1783271380.162
1783271381,2798.849,2798.829,2798.869,1783271381.128
1783271382,2798.851,2798.831,2798.87,1783271382.150
1783271383,2798.857,2798.837,2798.876,1783271383.122
1783271384,2798.86,2798.84,2798.88,1783271384.128
1783271385,2798.861,2798.841,2798.88,1783271385.115
1783271386,2798.872,2798.852,2798.891,1783271386.144
1783271387,2798.88,2798.861,2798.9,1783271387.116
1783271388,2798.89,2798.87,2798.909,1783271388.160
1783271389,2798.89,2798.87,2798.909,1783271389.117
1783271390,2798.894,2798.874,2798.913,1783271390.152
1783271391,2798.899,2798.88,2798.919,1783271391.121
1783271392,2798.91,2798.89,2798.929,1783271392.131
1783271393,2798.91,2798.89,2798.93,1783271393.122
1783271394,2798.913,2798.894,2798.933,1783271394.137
1783271395,2798.918,2798.899,2798.938,1783271395.122
1783271396,2798.927,2798.907,2798.946,1783271396.138
1783271397,2798.933,2798.913,2798.952,1783271397.125
1783271398,2798.947,2798.927,2798.967,1783271398.131
1783271399,2798.953,2798.933,2798.972,1783271399.133
1783271400,2798.956,2798.937,2798.976,1783271400.159
1783271401,2798.958,2798.938,2798.978,1783271401.273
1783271402,2798.96,2798.94,2798.979,1783271402.207
1783271403,2798.963,2798.943,2798.982,1783271403.333
1783271404,2798.972,2798.953,2798.992,1783271404.139
1783271405,2798.978,2798.958,2798.997,1783271405.130
1783271406,2798.982,2798.962,2799.001,1783271406.134
1783271407,2798.994,2798.974,2799.013,1783271407.144
1783271408,2799.002,2798.982,2799.021,1783271408.206
1783271409,2799.004,2798.985,2799.024,1783271409.123
1783271410,2799.012,2798.992,2799.031,1783271410.147
1783271411,2799.016,2798.996,2799.035,1783271411.120
1783271412,2799.019,2799,2799.039,1783271412.133
1783271413,2799.024,2799.005,2799.044,1783271413.124
1783271414,2799.036,2799.016,2799.055,1783271414.169
1783271415,2799.042,2799.022,2799.061,1783271415.132
1783271416,2799.052,2799.033,2799.072,1783271416.142
1783271417,2799.06,2799.04,2799.079,1783271417.126
1783271418,2799.071,2799.052,2799.091,1783271418.134
1783271419,2799.073,2799.054,2799.093,1783271419.125
1783271420,2799.075,2799.055,2799.094,1783271420.155
1783271421,2799.081,2799.061,2799.1,1783271421.118
1783271422,2799.081,2799.062,2799.101,1783271422.166
1783271423,2799.094,2799.075,2799.114,1783271423.113
1783271424,2799.103,2799.084,2799.123,1783271424.157
1783271425,2799.109,2799.09,2799.129,1783271425.144
1783271426,2799.115,2799.096,2799.135,1783271426.143
1783271427,2799.116,2799.096,2799.136,1783271427.114
1783271428,2799.117,2799.098,2799.137,1783271428.153
1783271429,2799.124,2799.105,2799.144,1783271429.113
1783271430,2799.126,2799.107,2799.146,1783271430.137
1783271431,2799.132,2799.113,2799.152,1783271431.116
1783271432,2799.139,2799.119,2799.158,1783271432.162
1783271433,2799.144,2799.125,2799.164,1783271433.121
1783271434,2799.151,2799.131,2799.17,1783271434.178
1783271435,2799.158,2799.138,2799.178,1783271435.129
1783271436,2799.159,2799.139,2799.178,1783271436.149
1783271437,2799.165,2799.146,2799.185,1783271437.124
1783271438,2799.178,2799.158,2799.197,1783271438.247
1783271439,2799.184,2799.164,2799.203,1783271439.117
1783271440,2799.188,2799.168,2799.207,1783271440.135
1783271441,2799.188,2799.168,2799.208,1783271441.117
1783271442,2799.189,2799.17,2799.209,1783271442.128
1783271443,2799.194,2799.175,2799.214,1783271443.121
1783271444,2799.205,2799.185,2799.224,1783271444.143
1783271445,2799.22,2799.201,2799.24,1783271445.162
1783271446,2799.223,2799.204,2799.243,1783271446.144
1783271447,2799.224,2799.205,2799.244,1783271447.109
1783271448,2799.226,2799.207,2799.246,1783271448.155
1783271449,2799.232,2799.212,2799.251,1783271449.132
1783271450,2799.234,2799.214,2799.254,1783271450.154
1783271451,2799.239,2799.22,2799.259,1783271451.128
1783271452,2799.243,2799.223,2799.262,1783271452.151
1783271453,2799.249,2799.23,2799.269,1783271453.123
1783271454,2799.249,2799.23,2799.269,1783271454.149
1783271455,2799.258,2799.239,2799.278,1783271455.126
1783271456,2799.259,2799.24,2799.279,1783271456.165
1783271457,2799.263,2799.243,2799.282,1783271457.124
1783271458,2799.266,2799.246,2799.286,1783271458.141
1783271459,2799.267,2799.248,2799.287,1783271459.120
1783271460,2799.281,2799.261,2799.3,1783271460.156
1783271461,2799.285,2799.265,2799.304,1783271461.118
1783271462,2799.294,2799.274,2799.313,1783271462.252
1783271463,2799.298,2799.279,2799.318,1783271463.146
1783271464,2799.3,2799.28,2799.319,1783271464.152
1783271465,2799.312,2799.292,2799.331,1783271465.120
1783271466,2799.316,2799.296,2799.335,1783271466.158
1783271467,2799.316,2799.297,2799.336,1783271467.127
1783271468,2799.323,2799.303,2799.342,1783271468.246
1783271469,2799.328,2799.309,2799.348,1783271469.125
1783271470,2799.329,2799.309,2799.349,1783271470.156
1783271471,2799.334,2799.314,2799.353,1783271471.162
1783271472,2799.34,2799.32,2799.359,1783271472.148
1783271473,2799.354,2799.335,2799.374,1783271473.123
1783271474,2799.357,2799.338,2799.377,1783271474.153
1783271475,2799.365,2799.346,2799.385,1783271475.116
1783271476,2799.37,2799.351,2799.39,1783271476.151
1783271477,2799.385,2799.365,2799.404,1783271477.118
1783271478,2799.385,2799.366,2799.405,1783271478.145
1783271479,2799.392,2799.372,2799.412,1783271479.111
1783271480,2799.397,2799.377,2799.417,1783271480.138
1783271481,2799.41,2799.39,2799.429,1783271481.115
1783271482,2799.411,2799.391,2799.431,1783271482.136
1783271483,2799.419,2799.4,2799.439,1783271483.126
1783271484,2799.422,2799.402,2799.441,1783271484.164
1783271485,2799.431,2799.412,2799.451,1783271485.124
1783271486,2799.432,2799.413,2799.452,1783271486.148
1783271487,2799.445,2799.426,2799.465,1783271487.123
1783271488,2799.447,2799.427,2799.466,1783271488.139
1783271489,2799.458,2799.438,2799.478,1783271489.110
1783271490,2799.46,2799.44,2799.479,1783271490.150
1783271491,2799.469,2799.45,2799.489,1783271491.121
1783271492,2799.477,2799.457,2799.496,1783271492.152
1783271493,2799.477,2799.457,2799.497,1783271493.144
1783271494,2799.486,2799.467,2799.506,1783271494.162
1783271495,2799.504,2799.484,2799.523,1783271495.127
1783271496,2799.508,2799.488,2799.527,1783271496.156
1783271497,2799.519,2799.499,2799.538,1783271497.129
1783271498,2799.52,2799.501,2799.54,1783271498.203
1783271499,2799.524,2799.505,2799.544,1783271499.124
1783271500,2799.528,2799.508,2799.548,1783271500.174
1783271501,2799.535,2799.516,2799.555,1783271501.142
1783271502,2799.545,2799.526,2799.565,1783271502.143
1783271503,2799.554,2799.534,2799.574,1783271503.124
1783271504,2799.559,2799.539,2799.578,1783271504.160
1783271505,2799.561,2799.541,2799.58,1783271505.134
1783271506,2799.564,2799.544,2799.583,1783271506.150
1783271507,2799.571,2799.551,2799.59,1783271507.122
1783271508,2799.581,2799.561,2799.6,1783271508.161
1783271509,2799.588,2799.568,2799.607,1783271509.131
1783271510,2799.589,2799.57,2799.609,1783271510.146
1783271511,2799.592,2799.572,2799.611,1783271511.127
1783271512,2799.595,2799.576,2799.615,1783271512.135
1783271513,2799.599,2799.579,2799.619,1783271513.117
1783271514,2799.604,2799.585,2799.624,1783271514.153
1783271515,2799.606,2799.587,2799.626,1783271515.121
1783271516,2799.607,2799.588,2799.627,1783271516.135
1783271517,2799.614,2799.594,2799.633,1783271517.123
1783271518,2799.621,2799.601,2799.64,1783271518.141
1783271519,2799.622,2799.603,2799.642,1783271519.143
1783271520,2799.632,2799.613,2799.652,1783271520.181
1783271521,2799.635,2799.616,2799.655,1783271521.126
1783271522,2799.649,2799.629,2799.668,1783271522.210
1783271523,2799.653,2799.633,2799.672,1783271523.180
1783271524,2799.658,2799.638,2799.678,1783271524.244
1783271525,2799.662,2799.642,2799.681,1783271525.126
1783271526,2799.662,2799.643,2799.682,1783271526.130
1783271527,2799.671,2799.652,2799.691,1783271527.147
1783271528,2799.671,2799.652,2799.691,1783271528.205
1783271529,2799.672,2799.653,2799.692,1783271529.116
1783271530,2799.682,2799.662,2799.702,1783271530.150
1783271531,2799.69,2799.67,2799.71,1783271531.110
1783271532,2799.699,2799.679,2799.719,1783271532.134
1783271533,2799.703,2799.683,2799.722,1783271533.134
1783271534,2799.709,2799.689,2799.728,1783271534.135
1783271535,2799.72,2799.701,2799.74,1783271535.116
1783271536,2799.724,2799.705,2799.744,1783271536.133
1783271537,2799.73,2799.71,2799.749,1783271537.121
1783271538,2799.733,2799.713,2799.752,1783271538.145
1783271539,2799.734,2799.715,2799.754,1783271539.117
1783271540,2799.747,2799.728,2799.767,1783271540.151
1783271541,2799.749,2799.729,2799.769,1783271541.118
1783271542,2799.759,2799.74,2799.779,1783271542.133
1783271543,2799.762,2799.742,2799.782,1783271543.150
1783271544,2799.767,2799.748,2799.787,1783271544.134
1783271545,2799.769,2799.749,2799.789,1783271545.108
1783271546,2799.78,2799.761,2799.8,1783271546.163
1783271547,2799.782,2799.763,2799.802,1783271547.118
1783271548,2799.789,2799.769,2799.809,1783271548.144
1783271549,2799.8,2799.78,2799.819,1783271549.113
1783271550,2799.804,2799.784,2799.824,1783271550.141
1783271551,2799.808,2799.789,2799.828,1783271551.109
1783271552,2799.816,2799.797,2799.836,1783271552.125
1783271553,2799.826,2799.807,2799.846,1783271553.137
1783271554,2799.831,2799.811,2799.851,1783271554.148
1783271555,2799.837,2799.817,2799.856,1783271555.111
1783271556,2799.838,2799.818,2799.857,1783271556.137
1783271557,2799.844,2799.824,2799.863,1783271557.114
1783271558,2799.845,2799.825,2799.864,1783271558.203
1783271559,2799.852,2799.832,2799.871,1783271559.112
1783271560,2799.855,2799.836,2799.875,1783271560.140
1783271561,2799.861,2799.841,2799.881,1783271561.125
1783271562,2799.864,2799.844,2799.883,1783271562.130
1783271563,2799.869,2799.849,2799.889,1783271563.127
1783271564,2799.878,2799.859,2799.898,1783271564.143
1783271565,2799.879,2799.859,2799.898,1783271565.115
1783271566,2799.883,2799.863,2799.902,1783271566.131
1783271567,2799.892,2799.872,2799.911,1783271567.125
1783271568,2799.896,2799.877,2799.916,1783271568.124
1783271569,2799.905,2799.886,2799.925,1783271569.111
1783271570,2799.908,2799.888,2799.927,1783271570.148
1783271571,2799.92,2799.901,2799.94,1783271571.108
1783271572,2799.924,2799.904,2799.944,1783271572.158
1783271573,2799.927,2799.907,2799.946,1783271573.118
1783271574,2799.929,2799.909,2799.948,1783271574.143
1783271575,2799.931,2799.912,2799.951,1783271575.162
1783271576,2799.938,2799.919,2799.958,1783271576.155
1783271577,2799.944,2799.924,2799.964,1783271577.114
1783271578,2799.945,2799.926,2799.965,1783271578.165
1783271579,2799.958,2799.939,2799.978,1783271579.111
1783271580,2799.96,2799.94,2799.98,1783271580.145
1783271581,2799.961,2799.942,2799.981,1783271581.135
1783271582,2799.963,2799.943,2799.982,1783271582.166
1783271583,2799.97,2799.95,2799.989,1783271583.127
1783271584,2799.976,2799.956,2799.996,1783271584.171
1783271585,2799.977,2799.958,2799.997,1783271585.111
1783271586,2799.986,2799.967,2800.006,1783271586.135
1783271587,2799.986,2799.967,2800.006,1783271587.131
1783271588,2799.991,2799.972,2800.011,1783271588.162
1783271589,2799.992,2799.973,2800.012,1783271589.119
1783271590,2800.002,2799.983,2800.022,1783271590.127
1783271591,2800.003,2799.983,2800.022,1783271591.112
1783271592,2800.005,2799.985,2800.025,1783271592.143
1783271593,2800.009,2799.99,2800.029,1783271593.128
1783271594,2800.011,2799.992,2800.031,1783271594.128
1783271595,2800.015,2799.995,2800.034,1783271595.116
1783271596,2800.017,2799.997,2800.037,1783271596.131
1783271597,2800.022,2800.002,2800.041,1783271597.121
1783271598,2800.032,2800.013,2800.052,1783271598.134
1783271599,2800.043,2800.024,2800.063,1783271599.111
1783271600,2800.047,2800.027,2800.067,1783271600.155
1783271601,2800.052,2800.033,2800.072,1783271601.116
1783271602,2800.064,2800.044,2800.083,1783271602.125
1783271603,2800.067,2800.047,2800.086,1783271603.121
1783271604,2800.075,2800.055,2800.095,1783271604.126
1783271605,2800.082,2800.062,2800.101,1783271605.126
1783271606,2800.091,2800.072,2800.111,1783271606.140
1783271607,2800.094,2800.074,2800.113,1783271607.114
1783271608,2800.104,2800.085,2800.124,1783271608.130
1783271609,2800.113,2800.093,2800.133,1783271609.119
1783271610,2800.128,2800.108,2800.147,1783271610.147
1783271611,2800.129,2800.109,2800.149,1783271611.107
1783271612,2800.14,2800.12,2800.16,1783271612.129
1783271613,2800.144,2800.124,2800.163,1783271613.136
1783271614,2800.152,2800.132,2800.171,1783271614.164
1783271615,2800.155,2800.136,2800.175,1783271615.113
1783271616,2800.155,2800.136,2800.175,1783271616.132
1783271617,2800.158,2800.138,2800.178,1783271617.109
1783271618,2800.159,2800.14,2800.179,1783271618.206
1783271619,2800.161,2800.142,2800.181,1783271619.122
1783271620,2800.165,2800.145,2800.184,1783271620.158
1783271621,2800.166,2800.147,2800.186,1783271621.143
1783271622,2800.172,2800.152,2800.192,1783271622.149
1783271623,2800.174,2800.155,2800.194,1783271623.131
1783271624,2800.177,2800.157,2800.197,1783271624.145
1783271625,2800.19,2800.171,2800.21,1783271625.125
1783271626,2800.193,2800.174,2800.213,1783271626.135
1783271627,2800.194,2800.174,2800.213,1783271627.162
1783271628,2800.196,2800.176,2800.215,1783271628.125
1783271629,2800.206,2800.187,2800.226,1783271629.127
1783271630,2800.211,2800.192,2800.231,1783271630.171
1783271631,2798.686,2798.667,2798.706,1783271631.130
1783271632,2798.692,2798.672,2798.711,1783271632.125
1783271633,2798.704,2798.685,2798.724,1783271633.111
1783271634,2798.709,2798.689,2798.728,1783271634.133
1783271635,2798.716,2798.696,2798.735,1783271635.120
1783271636,2798.717,2798.698,2798.737,1783271636.148
1783271637,2798.726,2798.707,2798.746,1783271637.111
1783271638,2798.735,2798.716,2798.755,1783271638.128
1783271639,2798.74,2798.72,2798.76,1783271639.116
1783271640,2798.741,2798.721,2798.76,1783271640.140
1783271641,2798.744,2798.724,2798.764,1783271641.115
1783271642,2798.754,2798.735,2798.774,1783271642.185
1783271643,2798.764,2798.744,2798.783,1783271643.194
1783271644,2798.766,2798.746,2798.786,1783271644.224
1783271645,2798.773,2798.754,2798.793,1783271645.151
1783271646,2798.779,2798.76,2798.799,1783271646.137
1783271647,2798.784,2798.764,2798.803,1783271647.129
1783271648,2798.787,2798.767,2798.806,1783271648.250
1783271649,2798.795,2798.775,2798.814,1783271649.120
1783271650,2798.798,2798.778,2798.817,1783271650.163
1783271651,2798.802,2798.782,2798.821,1783271651.130
1783271652,2798.81,2798.791,2798.83,1783271652.131
1783271653,2798.814,2798.795,2798.834,1783271653.123
1783271654,2798.823,2798.803,2798.842,1783271654.143
1783271655,2798.828,2798.808,2798.848,1783271655.123
1783271656,2798.831,2798.812,2798.851,1783271656.138
1783271657,2798.84,2798.82,2798.859,1783271657.116
1783271658,2798.846,2798.826,2798.865,1783271658.129
1783271659,2798.849,2798.829,2798.869,1783271659.131
1783271660,2798.857,2798.837,2798.876,1783271660.140
1783271661,2798.864,2798.845,2798.884,1783271661.128
1783271662,2798.871,2798.851,2798.89,1783271662.161
1783271663,2798.877,2798.858,2798.897,1783271663.115
1783271664,2798.878,2798.859,2798.898,1783271664.140
1783271665,2798.882,2798.862,2798.901,1783271665.116
1783271666,2798.884,2798.865,2798.904,1783271666.152
1783271667,2798.89,2798.871,2798.91,1783271667.115
1783271668,2798.896,2798.876,2798.915,1783271668.133
1783271669,2798.9,2798.881,2798.92,1783271669.115
1783271670,2798.906,2798.887,2798.926,1783271670.158
1783271671,2798.913,2798.894,2798.933,1783271671.111
1783271672,2798.914,2798.895,2798.934,1783271672.129
1783271673,2798.922,2798.902,2798.941,1783271673.130
1783271674,2798.933,2798.913,2798.952,1783271674.204
1783271675,2798.939,2798.919,2798.959,1783271675.127
1783271676,2798.946,2798.927,2798.966,1783271676.134
1783271677,2798.958,2798.939,2798.978,1783271677.127
1783271678,2798.966,2798.946,2798.986,1783271678.202
1783271679,2798.971,2798.951,2798.991,1783271679.124
1783271680,2798.975,2798.955,2798.994,1783271680.135
1783271681,2798.989,2798.97,2799.009,1783271681.110
1783271682,2799,2798.981,2799.02,1783271682.138
1783271683,2799.005,2798.986,2799.025,1783271683.111
1783271684,2799.01,2798.99,2799.029,1783271684.147
1783271685,2799.011,2798.991,2799.031,1783271685.129
1783271686,2799.011,2798.991,2799.031,1783271686.126
1783271687,2799.014,2798.994,2799.034,1783271687.112
1783271688,2799.018,2798.999,2799.038,1783271688.167
1783271689,2799.019,2798.999,2799.038,1783271689.114
1783271690,2799.027,2799.007,2799.047,1783271690.149
1783271691,2799.031,2799.011,2799.051,1783271691.115
1783271692,2799.036,2799.016,2799.055,1783271692.142
1783271693,2799.048,2799.028,2799.068,1783271693.123
1783271694,2799.05,2799.03,2799.07,1783271694.134
1783271695,2799.053,2799.034,2799.073,1783271695.106
1783271696,2799.054,2799.034,2799.073,1783271696.154
1783271697,2799.06,2799.04,2799.08,1783271697.114
1783271698,2799.063,2799.043,2799.083,1783271698.134
1783271699,2799.072,2799.052,2799.092,1783271699.119
1783271700,2799.074,2799.054,2799.093,1783271700.143
1783271701,2799.089,2799.07,2799.109,1783271701.121
1783271702,2799.091,2799.071,2799.111,1783271702.203
1783271703,2799.101,2799.081,2799.12,1783271703.170
1783271704,2799.11,2799.09,2799.129,1783271704.142
1783271705,2799.114,2799.095,2799.134,1783271705.121
1783271706,2799.123,2799.104,2799.143,1783271706.136
1783271707,2799.126,2799.107,2799.146,1783271707.116
1783271708,2799.134,2799.114,2799.153,1783271708.202
1783271709,2799.136,2799.116,2799.156,1783271709.115
1783271710,2799.139,2799.12,2799.159,1783271710.125
1783271711,2799.151,2799.131,2799.17,1783271711.122
1783271712,2799.152,2799.132,2799.171,1783271712.145
1783271713,2799.16,2799.141,2799.18,1783271713.129
1783271714,2799.161,2799.141,2799.18,1783271714.157
1783271715,2799.161,2799.142,2799.181,1783271715.115
1783271716,2799.168,2799.148,2799.187,1783271716.156
1783271717,2799.176,2799.157,2799.196,1783271717.112
1783271718,2799.177,2799.157,2799.196,1783271718.165
1783271719,2799.18,2799.16,2799.199,1783271719.112
1783271720,2799.184,2799.164,2799.203,1783271720.141
1783271721,2799.184,2799.164,2799.203,1783271721.121
1783271722,2799.186,2799.167,2799.206,1783271722.141
1783271723,2799.193,2799.173,2799.212,1783271723.112
1783271724,2799.201,2799.182,2799.221,1783271724.134
1783271725,2799.202,2799.183,2799.222,1783271725.122
1783271726,2799.213,2799.193,2799.232,1783271726.135
1783271727,2799.213,2799.193,2799.233,1783271727.120
1783271728,2799.219,2799.2,2799.239,1783271728.132
1783271729,2799.225,2799.205,2799.245,1783271729.124
1783271730,2799.227,2799.207,2799.246,1783271730.153
1783271731,2799.23,2799.211,2799.25,1783271731.123
1783271732,2799.241,2799.221,2799.261,1783271732.147
1783271733,2799.245,2799.226,2799.265,1783271733.129
1783271734,2799.25,2799.231,2799.27,1783271734.140
1783271735,2799.259,2799.24,2799.279,1783271735.117
1783271736,2799.264,2799.245,2799.284,1783271736.135
1783271737,2799.272,2799.253,2799.292,1783271737.128
1783271738,2799.278,2799.259,2799.298,1783271738.246
1783271739,2799.279,2799.26,2799.299,1783271739.109
1783271740,2799.28,2799.26,2799.3,1783271740.142
1783271741,2799.289,2799.27,2799.309,1783271741.120
1783271742,2799.293,2799.274,2799.313,1783271742.150
1783271743,2799.299,2799.279,2799.319,1783271743.142
1783271744,2799.303,2799.283,2799.323,1783271744.135
1783271745,2799.306,2799.286,2799.325,1783271745.124
1783271746,2799.312,2799.293,2799.332,1783271746.147
1783271747,2799.315,2799.296,2799.335,1783271747.115
1783271748,2799.318,2799.298,2799.337,1783271748.152
1783271749,2799.32,2799.301,2799.34,1783271749.114
1783271750,2799.321,2799.301,2799.34,1783271750.139
1783271751,2799.322,2799.303,2799.342,1783271751.112
1783271752,2799.323,2799.303,2799.342,1783271752.142
1783271753,2799.324,2799.305,2799.344,1783271753.116
1783271754,2799.328,2799.308,2799.348,1783271754.146
1783271755,2799.333,2799.313,2799.352,1783271755.113
1783271756,2799.34,2799.32,2799.359,1783271756.132
1783271757,2799.342,2799.322,2799.361,1783271757.128
1783271758,2799.347,2799.327,2799.366,1783271758.145
1783271759,2799.356,2799.337,2799.376,1783271759.121
1783271760,2799.358,2799.338,2799.377,1783271760.133
1783271761,2799.371,2799.352,2799.391,1783271761.128
1783271762,2799.376,2799.356,2799.395,1783271762.180
1783271763,2799.39,2799.37,2799.41,1783271763.118
1783271764,2799.398,2799.378,2799.417,1783271764.192
1783271765,2799.398,2799.379,2799.418,1783271765.119
1783271766,2799.4,2799.38,2799.419,1783271766.139
1783271767,2799.403,2799.383,2799.422,1783271767.120
1783271768,2799.407,2799.388,2799.427,1783271768.202
1783271769,2799.409,2799.389,2799.428,1783271769.124
1783271770,2799.416,2799.396,2799.435,1783271770.150
1783271771,2799.424,2799.404,2799.443,1783271771.112
1783271772,2799.432,2799.412,2799.451,1783271772.135
1783271773,2799.432,2799.412,2799.452,1783271773.126
1783271774,2799.439,2799.419,2799.458,1783271774.144
1783271775,2799.45,2799.43,2799.469,1783271775.121
1783271776,2799.451,2799.432,2799.471,1783271776.159
1783271777,2799.466,2799.447,2799.486,1783271777.116
1783271778,2799.469,2799.449,2799.488,1783271778.131
1783271779,2799.474,2799.454,2799.493,1783271779.119
1783271780,2799.479,2799.46,2799.499,1783271780.136
1783271781,2799.485,2799.466,2799.505,1783271781.145
1783271782,2799.492,2799.473,2799.512,1783271782.133
1783271783,2799.495,2799.475,2799.514,1783271783.111
1783271784,2799.496,2799.477,2799.516,1783271784.134
1783271785,2799.503,2799.483,2799.523,1783271785.112
1783271786,2799.507,2799.487,2799.527,1783271786.165
1783271787,2799.51,2799.491,2799.53,1783271787.110
1783271788,2799.515,2799.495,2799.534,1783271788.130
1783271789,2799.521,2799.502,2799.541,1783271789.148
1783271790,2799.527,2799.508,2799.547,1783271790.137
1783271791,2799.531,2799.511,2799.551,1783271791.112
1783271792,2799.54,2799.521,2799.56,1783271792.131
1783271793,2799.547,2799.528,2799.567,1783271793.123
1783271794,2799.547,2799.528,2799.567,1783271794.133
1783271795,2799.549,2799.529,2799.568,1783271795.109
1783271796,2799.552,2799.532,2799.572,1783271796.151
1783271797,2799.564,2799.544,2799.583,1783271797.121
1783271798,2799.573,2799.553,2799.592,1783271798.134
1783271799,2799.577,2799.558,2799.597,1783271799.162
1783271800,2799.579,2799.56,2799.599,1783271800.145
1783271801,2799.584,2799.564,2799.604,1783271801.119
1783271802,2799.592,2799.573,2799.612,1783271802.133
1783271803,2799.599,2799.579,2799.619,1783271803.114
1783271804,2799.603,2799.584,2799.623,1783271804.145
1783271805,2799.607,2799.587,2799.627,1783271805.108
1783271806,2799.612,2799.592,2799.631,1783271806.133
1783271807,2799.617,2799.597,2799.637,1783271807.122
1783271808,2799.626,2799.606,2799.645,1783271808.141
1783271809,2799.63,2799.61,2799.649,1783271809.121
1783271810,2799.632,2799.612,2799.651,1783271810.135
1783271811,2799.641,2799.622,2799.661,1783271811.116
1783271812,2799.642,2799.622,2799.662,1783271812.146
1783271813,2799.652,2799.633,2799.672,1783271813.113
1783271814,2799.654,2799.634,2799.673,1783271814.150
1783271815,2799.661,2799.641,2799.681,1783271815.114
1783271816,2799.661,2799.642,2799.681,1783271816.153
1783271817,2799.667,2799.648,2799.687,1783271817.121
1783271818,2799.671,2799.652,2799.691,1783271818.138
1783271819,2799.672,2799.652,2799.691,1783271819.119
1783271820,2799.68,2799.66,2799.699,1783271820.187
1783271821,2799.688,2799.668,2799.707,1783271821.120
1783271822,2799.692,2799.672,2799.711,1783271822.193
1783271823,2799.696,2799.676,2799.715,1783271823.233
1783271824,2799.697,2799.678,2799.717,1783271824.153
1783271825,2799.71,2799.691,2799.73,1783271825.166
1783271826,2799.724,2799.704,2799.743,1783271826.154
1783271827,2799.725,2799.706,2799.745,1783271827.121
1783271828,2799.74,2799.72,2799.76,1783271828.136
1783271829,2799.744,2799.725,2799.764,1783271829.118
1783271830,2799.757,2799.737,2799.777,1783271830.130
1783271831,2799.763,2799.743,2799.783,1783271831.112
1783271832,2799.764,2799.744,2799.783,1783271832.153
1783271833,2799.764,2799.744,2799.784,1783271833.117
1783271834,2799.769,2799.75,2799.789,1783271834.126
1783271835,2799.773,2799.754,2799.793,1783271835.117
1783271836,2799.783,2799.763,2799.802,1783271836.142
1783271837,2799.784,2799.764,2799.804,1783271837.127
1783271838,2799.796,2799.777,2799.816,1783271838.137
1783271839,2799.797,2799.777,2799.817,1783271839.125
1783271840,2799.799,2799.78,2799.819,1783271840.132
1783271841,2799.802,2799.783,2799.822,1783271841.118
1783271842,2799.805,2799.786,2799.825,1783271842.151
1783271843,2799.809,2799.79,2799.829,1783271843.118
1783271844,2799.811,2799.791,2799.83,1783271844.140
1783271845,2799.818,2799.799,2799.838,1783271845.121
1783271846,2799.819,2799.799,2799.838,1783271846.146
1783271847,2799.827,2799.807,2799.847,1783271847.150
1783271848,2799.828,2799.809,2799.848,1783271848.138
1783271849,2799.83,2799.81,2799.849,1783271849.110
1783271850,2799.835,2799.816,2799.855,1783271850.134
1783271851,2799.841,2799.821,2799.861,1783271851.163
1783271852,2799.842,2799.822,2799.862,1783271852.166
1783271853,2799.844,2799.824,2799.863,1783271853.114
1783271854,2799.854,2799.834,2799.874,1783271854.157
1783271855,2799.858,2799.838,2799.877,1783271855.118
1783271856,2799.861,2799.842,2799.881,1783271856.140
1783271857,2799.866,2799.846,2799.886,1783271857.122
1783271858,2799.871,2799.851,2799.89,1783271858.203
1783271859,2799.875,2799.855,2799.894,1783271859.120
1783271860,2799.882,2799.862,2799.901,1783271860.152
1783271861,2799.886,2799.866,2799.905,1783271861.122
1783271862,2799.888,2799.868,2799.907,1783271862.147
1783271863,2799.89,2799.87,2799.91,1783271863.114
1783271864,2799.895,2799.875,2799.915,1783271864.143
1783271865,2799.901,2799.882,2799.921,1783271865.115
1783271866,2799.915,2799.895,2799.935,1783271866.135
1783271867,2799.925,2799.906,2799.945,1783271867.112
1783271868,2799.935,2799.915,2799.955,1783271868.137
1783271869,2799.945,2799.926,2799.965,1783271869.123
1783271870,2799.951,2799.932,2799.971,1783271870.141
1783271871,2799.96,2799.94,2799.979,1783271871.138
1783271872,2799.964,2799.944,2799.983,1783271872.137
1783271873,2799.964,2799.945,2799.984,1783271873.109
1783271874,2799.969,2799.95,2799.989,1783271874.146
1783271875,2799.983,2799.964,2800.003,1783271875.128
1783271876,2799.986,2799.967,2800.006,1783271876.149
1783271877,2799.988,2799.968,2800.008,1783271877.114
1783271878,2799.995,2799.976,2800.015,1783271878.147
1783271879,2799.997,2799.977,2800.016,1783271879.144
1783271880,2800.001,2799.981,2800.02,1783271880.172
1783271881,2800.004,2799.985,2800.024,1783271881.134
1783271882,2800.016,2799.997,2800.036,1783271882.259
1783271883,2800.021,2800.002,2800.041,1783271883.138
1783271884,2800.021,2800.002,2800.041,1783271884.322
1783271885,2800.024,2800.005,2800.044,1783271885.128
1783271886,2800.026,2800.006,2800.046,1783271886.156
1783271887,2800.032,2800.013,2800.052,1783271887.116
1783271888,2800.035,2800.016,2800.055,1783271888.126
1783271889,2800.038,2800.018,2800.057,1783271889.118
1783271890,2800.04,2800.02,2800.06,1783271890.145
1783271891,2800.045,2800.025,2800.065,1783271891.114
1783271892,2800.046,2800.027,2800.066,1783271892.129
1783271893,2800.048,2800.028,2800.068,1783271893.125
1783271894,2800.051,2800.032,2800.071,1783271894.145
1783271895,2800.053,2800.033,2800.073,1783271895.130
1783271896,2800.06,2800.04,2800.08,1783271896.143
1783271897,2800.061,2800.041,2800.08,1783271897.117
1783271898,2800.062,2800.043,2800.082,1783271898.137
1783271899,2800.069,2800.05,2800.089,1783271899.112
1783271900,2800.075,2800.056,2800.095,1783271900.125
1783271901,2800.077,2800.057,2800.097,1783271901.112
1783271902,2800.087,2800.067,2800.106,1783271902.145
1783271903,2800.096,2800.076,2800.116,1783271903.121
1783271904,2800.098,2800.079,2800.118,1783271904.159
1783271905,2800.107,2800.087,2800.127,1783271905.113
1783271906,2800.115,2800.095,2800.134,1783271906.162
1783271907,2800.122,2800.103,2800.142,1783271907.131
1783271908,2800.123,2800.104,2800.143,1783271908.132
1783271909,2800.124,2800.105,2800.144,1783271909.114
1783271910,2800.127,2800.108,2800.147,1783271910.143
1783271911,2800.128,2800.108,2800.147,1783271911.114
1783271912,2800.133,2800.113,2800.153,1783271912.139
1783271913,2800.135,2800.115,2800.154,1783271913.116
1783271914,2800.138,2800.118,2800.157,1783271914.143
1783271915,2800.14,2800.121,2800.16,1783271915.129
1783271916,2800.143,2800.123,2800.162,1783271916.144
1783271917,2800.144,2800.124,2800.163,1783271917.113
1783271918,2800.155,2800.136,2800.175,1783271918.243
1783271919,2800.16,2800.14,2800.18,1783271919.116
1783271920,2800.166,2800.146,2800.185,1783271920.163
1783271921,2800.168,2800.148,2800.188,1783271921.117
1783271922,2800.175,2800.155,2800.194,1783271922.146
1783271923,2800.18,2800.161,2800.2,1783271923.111
1783271924,2800.183,2800.163,2800.202,1783271924.128
1783271925,2800.186,2800.166,2800.206,1783271925.122
1783271926,2800.187,2800.167,2800.206,1783271926.136
1783271927,2800.2,2800.181,2800.22,1783271927.112
1783271928,2800.2,2800.181,2800.22,1783271928.144
1783271929,2800.202,2800.182,2800.221,1783271929.110
1783271930,2800.203,2800.183,2800.222,1783271930.150
1783271931,2800.206,2800.186,2800.225,1783271931.110
1783271932,2800.21,2800.191,2800.23,1783271932.164
1783271933,2800.211,2800.191,2800.23,1783271933.123
1783271934,2800.211,2800.191,2800.231,1783271934.157
1783271935,2800.211,2800.192,2800.231,1783271935.113
1783271936,2800.213,2800.194,2800.233,1783271936.152
1783271937,2800.218,2800.199,2800.238,1783271937.124
1783271938,2800.219,2800.2,2800.239,1783271938.130
1783271939,2800.224,2800.205,2800.244,1783271939.125
1783271940,2800.227,2800.207,2800.246,1783271940.165
1783271941,2800.235,2800.216,2800.255,1783271941.122
1783271942,2800.238,2800.218,2800.257,1783271942.264
1783271943,2800.239,2800.219,2800.258,1783271943.128
1783271944,2800.24,2800.221,2800.26,1783271944.160
1783271945,2800.247,2800.227,2800.266,1783271945.113
1783271946,2800.258,2800.238,2800.277,1783271946.141
1783271947,2800.26,2800.24,2800.28,1783271947.123
1783271948,2800.263,2800.243,2800.282,1783271948.201
1783271949,2800.266,2800.247,2800.286,1783271949.126
1783271950,2800.268,2800.249,2800.288,1783271950.135
1783271951,2800.274,2800.254,2800.293,1783271951.116
1783271952,2800.283,2800.263,2800.303,1783271952.149
1783271953,2800.285,2800.266,2800.305,1783271953.126
1783271954,2800.293,2800.273,2800.312,1783271954.141
1783271955,2800.296,2800.276,2800.315,1783271955.117
1783271956,2800.301,2800.282,2800.321,1783271956.159
1783271957,2800.302,2800.283,2800.322,1783271957.110
1783271958,2800.304,2800.284,2800.324,1783271958.164
1783271959,2800.308,2800.288,2800.327,1783271959.117
1783271960,2800.308,2800.289,2800.328,1783271960.133
1783271961,2800.311,2800.291,2800.33,1783271961.110
1783271962,2800.311,2800.292,2800.331,1783271962.125
1783271963,2800.314,2800.295,2800.334,1783271963.116
1783271964,2800.323,2800.304,2800.343,1783271964.128
1783271965,2800.331,2800.311,2800.351,1783271965.111
1783271966,2800.336,2800.316,2800.355,1783271966.206
1783271967,2800.341,2800.321,2800.36,1783271967.118
1783271968,2800.351,2800.332,2800.371,1783271968.164
1783271969,2800.354,2800.334,2800.374,1783271969.140
1783271970,2800.366,2800.347,2800.386,1783271970.152
1783271971,2800.373,2800.353,2800.392,1783271971.112
1783271972,2800.378,2800.358,2800.397,1783271972.133
1783271973,2800.379,2800.359,2800.398,1783271973.128
1783271974,2800.388,2800.368,2800.407,1783271974.153
1783271975,2800.393,2800.374,2800.413,1783271975.117
1783271976,2800.398,2800.379,2800.418,1783271976.132
1783271977,2800.401,2800.382,2800.421,1783271977.131
1783271978,2800.403,2800.383,2800.422,1783271978.255
1783271979,2800.406,2800.386,2800.425,1783271979.113
1783271980,2800.408,2800.389,2800.428,1783271980.127
1783271981,2800.419,2800.399,2800.439,1783271981.116
1783271982,2800.423,2800.403,2800.442,1783271982.143
1783271983,2800.424,2800.405,2800.444,1783271983.128
1783271984,2800.429,2800.41,2800.449,1783271984.128
1783271985,2800.432,2800.412,2800.452,1783271985.116
1783271986,2800.436,2800.416,2800.455,1783271986.152
1783271987,2800.447,2800.428,2800.467,1783271987.119
1783271988,2800.456,2800.436,2800.475,1783271988.149
1783271989,2800.464,2800.445,2800.484,1783271989.112
1783271990,2800.468,2800.449,2800.488,1783271990.144
1783271991,2800.475,2800.455,2800.494,1783271991.127
1783271992,2800.477,2800.458,2800.497,1783271992.162
1783271993,2800.483,2800.463,2800.502,1783271993.120
1783271994,2800.49,2800.47,2800.51,1783271994.128
1783271995,2800.499,2800.479,2800.519,1783271995.114
1783271996,2800.507,2800.488,2800.527,1783271996.137
1783271997,2800.512,2800.493,2800.532,1783271997.114
1783271998,2800.518,2800.499,2800.538,1783271998.151
1783271999,2800.52,2800.501,2800.54,1783271999.115
1783272000,2800.526,2800.506,2800.545,1783272000.147
1783272001,2800.526,2800.506,2800.546,1783272001.122
1783272002,2800.529,2800.51,2800.549,1783272002.218
1783272003,2800.534,2800.514,2800.553,1783272003.155
1783272004,2800.534,2800.514,2800.554,1783272004.200
1783272005,2800.534,2800.515,2800.554,1783272005.127
1783272006,2800.545,2800.526,2800.565,1783272006.129
1783272007,2800.546,2800.527,2800.566,1783272007.111
1783272008,2800.56,2800.54,2800.579,1783272008.210
1783272009,2800.56,2800.541,2800.58,1783272009.131
1783272010,2800.571,2800.552,2800.591,1783272010.164
1783272011,2800.575,2800.555,2800.594,1783272011.114
1783272012,2800.575,2800.556,2800.595,1783272012.134
1783272013,2800.58,2800.561,2800.6,1783272013.126
1783272014,2800.584,2800.564,2800.603,1783272014.142
1783272015,2800.59,2800.57,2800.61,1783272015.115
1783272016,2800.596,2800.577,2800.616,1783272016.160
1783272017,2800.6,2800.581,2800.62,1783272017.110
1783272018,2800.612,2800.592,2800.631,1783272018.129
1783272019,2800.615,2800.595,2800.635,1783272019.112
1783272020,2800.623,2800.604,2800.643,1783272020.131
1783272021,2800.625,2800.605,2800.645,1783272021.113
1783272022,2800.625,2800.606,2800.645,1783272022.129
1783272023,2800.63,2800.611,2800.65,1783272023.113
1783272024,2800.632,2800.613,2800.652,1783272024.143
1783272025,2800.638,2800.618,2800.657,1783272025.113
1783272026,2800.641,2800.621,2800.661,1783272026.132
1783272027,2800.642,2800.622,2800.661,1783272027.111
1783272028,2800.646,2800.626,2800.665,1783272028.130
1783272029,2800.66,2800.64,2800.679,1783272029.119
1783272030,2800.67,2800.651,2800.69,1783272030.146
1783272031,2800.671,2800.652,2800.691,1783272031.112
1783272032,2800.68,2800.661,2800.7,1783272032.137
1783272033,2800.682,2800.662,2800.702,1783272033.116
1783272034,2800.689,2800.669,2800.708,1783272034.155
1783272035,2800.693,2800.674,2800.713,1783272035.109
1783272036,2800.702,2800.683,2800.722,1783272036.134
1783272037,2800.707,2800.688,2800.727,1783272037.108
1783272038,2800.709,2800.689,2800.728,1783272038.244
1783272039,2800.709,2800.69,2800.729,1783272039.113
1783272040,2800.714,2800.694,2800.733,1783272040.134
1783272041,2800.717,2800.697,2800.736,1783272041.120
1783272042,2800.717,2800.698,2800.737,1783272042.134
1783272043,2800.717,2800.698,2800.737,1783272043.124
1783272044,2800.732,2800.712,2800.752,1783272044.128
1783272045,2800.741,2800.721,2800.76,1783272045.110
1783272046,2800.751,2800.731,2800.77,1783272046.155
1783272047,2800.757,2800.737,2800.777,1783272047.118
1783272048,2800.765,2800.745,2800.785,1783272048.134
1783272049,2800.768,2800.749,2800.788,1783272049.164
1783272050,2800.769,2800.749,2800.788,1783272050.142
1783272051,2800.776,2800.757,2800.796,1783272051.111
1783272052,2800.785,2800.765,2800.804,1783272052.148
1783272053,2800.787,2800.768,2800.807,1783272053.131
1783272054,2800.793,2800.773,2800.812,1783272054.132
1783272055,2800.801,2800.782,2800.821,1783272055.115
1783272056,2800.806,2800.786,2800.825,1783272056.121
1783272057,2800.819,2800.799,2800.838,1783272057.103
1783272058,2800.819,2800.799,2800.838,1783272058.117
1783272059,2800.828,2800.809,2800.848,1783272059.107
1783272060,2800.835,2800.816,2800.855,1783272060.123
1783272061,2800.841,2800.821,2800.86,1783272061.116
1783272062,2800.845,2800.825,2800.864,1783272062.188
1783272063,2800.85,2800.83,2800.87,1783272063.116
1783272064,2800.851,2800.831,2800.87,1783272064.134
1783272065,2800.856,2800.837,2800.876,1783272065.108
1783272066,2800.866,2800.846,2800.885,1783272066.135
1783272067,2800.867,2800.847,2800.887,1783272067.110
1783272068,2800.875,2800.855,2800.894,1783272068.200
1783272069,2800.881,2800.862,2800.901,1783272069.110
1783272070,2800.886,2800.866,2800.905,1783272070.116
1783272071,2800.897,2800.877,2800.917,1783272071.100
1783272072,2800.9,2800.88,2800.919,1783272072.116
1783272073,2800.909,2800.89,2800.929,1783272073.108
1783272074,2800.913,2800.894,2800.933,1783272074.164
1783272075,2800.917,2800.898,2800.937,1783272075.112
1783272076,2800.919,2800.9,2800.939,1783272076.127
1783272077,2800.922,2800.903,2800.942,1783272077.110
1783272078,2800.927,2800.908,2800.947,1783272078.120
1783272079,2800.931,2800.911,2800.95,1783272079.122
1783272080,2800.936,2800.917,2800.956,1783272080.125
1783272081,2800.942,2800.922,2800.961,1783272081.109
1783272082,2800.946,2800.926,2800.965,1783272082.113
1783272083,2800.949,2800.93,2800.969,1783272083.107
1783272084,2800.953,2800.934,2800.973,1783272084.143
1783272085,2800.96,2800.941,2800.98,1783272085.106
1783272086,2800.965,2800.945,2800.984,1783272086.123
1783272087,2800.968,2800.949,2800.988,1783272087.106
1783272088,2800.976,2800.956,2800.995,1783272088.154
1783272089,2800.977,2800.957,2800.996,1783272089.104
1783272090,2800.98,2800.96,2800.999,1783272090.139
1783272091,2800.985,2800.965,2801.005,1783272091.164
1783272092,2800.989,2800.97,2801.009,1783272092.128
1783272093,2800.991,2800.971,2801.01,1783272093.107
1783272094,2801.002,2800.982,2801.021,1783272094.128
1783272095,2801.011,2800.991,2801.03,1783272095.105
1783272096,2801.017,2800.998,2801.037,1783272096.129
1783272097,2801.027,2801.007,2801.046,1783272097.112
1783272098,2801.029,2801.009,2801.049,1783272098.120
1783272099,2801.032,2801.013,2801.052,1783272099.108
1783272100,2801.035,2801.015,2801.054,1783272100.127
1783272101,2801.037,2801.017,2801.056,1783272101.117
1783272102,2801.042,2801.022,2801.061,1783272102.131
1783272103,2801.048,2801.029,2801.068,1783272103.112
1783272104,2801.055,2801.036,2801.075,1783272104.125
1783272105,2801.06,2801.04,2801.079,1783272105.109
1783272106,2801.064,2801.044,2801.083,1783272106.120
1783272107,2801.073,2801.054,2801.093,1783272107.109
1783272108,2801.074,2801.054,2801.093,1783272108.129
1783272109,2801.078,2801.059,2801.098,1783272109.114
1783272110,2801.085,2801.066,2801.105,1783272110.124
1783272111,2801.099,2801.08,2801.119,1783272111.112
1783272112,2801.104,2801.085,2801.124,1783272112.249
1783272113,2801.108,2801.088,2801.128,1783272113.111
1783272114,2801.108,2801.089,2801.128,1783272114.132
1783272115,2801.114,2801.095,2801.134,1783272115.112
1783272116,2801.115,2801.096,2801.135,1783272116.127
1783272117,2801.119,2801.1,2801.139,1783272117.109
1783272118,2801.135,2801.116,2801.155,1783272118.133
1783272119,2801.144,2801.124,2801.163,1783272119.108
1783272120,2801.15,2801.13,2801.169,1783272120.140
1783272121,2801.161,2801.141,2801.18,1783272121.111
1783272122,2801.163,2801.144,2801.183,1783272122.149
1783272123,2801.171,2801.151,2801.19,1783272123.200
1783272124,2801.181,2801.161,2801.2,1783272124.145
1783272125,2801.182,2801.163,2801.202,1783272125.111
1783272126,2801.191,2801.172,2801.211,1783272126.133
1783272127,2801.192,2801.172,2801.211,1783272127.118
1783272128,2801.194,2801.174,2801.213,1783272128.123
1783272129,2801.199,2801.18,2801.219,1783272129.123
1783272130,2801.21,2801.191,2801.23,1783272130.165
1783272131,2801.215,2801.195,2801.235,1783272131.110
1783272132,2801.221,2801.201,2801.24,1783272132.125
1783272133,2801.222,2801.203,2801.242,1783272133.108
1783272134,2801.223,2801.204,2801.243,1783272134.141
1783272135,2801.229,2801.209,2801.248,1783272135.114
1783272136,2801.232,2801.213,2801.252,1783272136.123
1783272137,2801.241,2801.222,2801.261,1783272137.126
1783272138,2801.252,2801.232,2801.271,1783272138.130
1783272139,2801.253,2801.234,2801.273,1783272139.107
1783272140,2801.255,2801.235,2801.274,1783272140.162
1783272141,2801.262,2801.242,2801.281,1783272141.113
1783272142,2801.264,2801.245,2801.284,1783272142.126
1783272143,2801.279,2801.26,2801.299,1783272143.113
1783272144,2801.293,2801.274,2801.313,1783272144.128
1783272145,2801.301,2801.282,2801.321,1783272145.109
1783272146,2801.309,2801.289,2801.328,1783272146.125
1783272147,2801.315,2801.296,2801.335,1783272147.115
1783272148,2801.319,2801.299,2801.338,1783272148.244
1783272149,2801.323,2801.303,2801.342,1783272149.106
1783272150,2801.325,2801.306,2801.345,1783272150.131
1783272151,2801.331,2801.312,2801.351,1783272151.118
1783272152,2801.337,2801.318,2801.357,1783272152.128
1783272153,2801.337,2801.318,2801.357,1783272153.106
1783272154,2801.343,2801.323,2801.362,1783272154.128
1783272155,2801.35,2801.33,2801.369,1783272155.106
1783272156,2801.353,2801.334,2801.373,1783272156.129
1783272157,2801.364,2801.345,2801.384,1783272157.108
1783272158,2801.374,2801.354,2801.393,1783272158.204
1783272159,2801.381,2801.361,2801.4,1783272159.109
1783272160,2801.391,2801.371,2801.411,1783272160.140
1783272161,2801.4,2801.38,2801.419,1783272161.113
1783272162,2801.404,2801.384,2801.424,1783272162.121
1783272163,2801.404,2801.384,2801.424,1783272163.107
1783272164,2801.414,2801.394,2801.433,1783272164.130
1783272165,2801.417,2801.398,2801.437,1783272165.111
1783272166,2801.426,2801.407,2801.446,1783272166.163
1783272167,2801.432,2801.413,2801.452,1783272167.111
1783272168,2801.442,2801.422,2801.462,1783272168.127
1783272169,2801.452,2801.432,2801.471,1783272169.110
1783272170,2801.459,2801.439,2801.479,1783272170.132
1783272171,2801.462,2801.442,2801.481,1783272171.112
1783272172,2801.467,2801.447,2801.487,1783272172.129
1783272173,2801.478,2801.458,2801.498,1783272173.107
1783272174,2801.49,2801.47,2801.51,1783272174.128
1783272175,2801.495,2801.476,2801.515,1783272175.108
1783272176,2801.504,2801.485,2801.524,1783272176.142
1783272177,2801.508,2801.488,2801.527,1783272177.114
1783272178,2801.51,2801.49,2801.53,1783272178.129
1783272179,2801.517,2801.498,2801.537,1783272179.108
1783272180,2801.521,2801.502,2801.541,1783272180.138
1783272181,2801.533,2801.513,2801.552,1783272181.109
1783272182,2801.533,2801.513,2801.552,1783272182.166
1783272183,2801.536,2801.516,2801.556,1783272183.168
1783272184,2801.543,2801.523,2801.562,1783272184.139
1783272185,2801.554,2801.535,2801.574,1783272185.116
1783272186,2801.554,2801.535,2801.574,1783272186.120
1783272187,2801.559,2801.54,2801.579,1783272187.111
1783272188,2801.565,2801.545,2801.585,1783272188.156
1783272189,2801.569,2801.549,2801.588,1783272189.103
1783272190,2801.57,2801.551,2801.59,1783272190.130
1783272191,2798.474,2798.454,2798.493,1783272191.115
1783272192,2798.475,2798.456,2798.495,1783272192.124
1783272193,2798.49,2798.471,2798.51,1783272193.125
1783272194,2798.497,2798.478,2798.517,1783272194.121
1783272195,2798.498,2798.478,2798.517,1783272195.110
1783272196,2798.501,2798.482,2798.521,1783272196.136
1783272197,2798.507,2798.487,2798.526,1783272197.107
1783272198,2798.507,2798.487,2798.527,1783272198.132
1783272199,2798.514,2798.494,2798.534,1783272199.104
1783272200,2798.517,2798.498,2798.537,1783272200.120
1783272201,2798.521,2798.501,2798.54,1783272201.117
1783272202,2798.528,2798.508,2798.548,1783272202.137
1783272203,2798.535,2798.515,2798.554,1783272203.105
1783272204,2798.542,2798.523,2798.562,1783272204.120
1783272205,2798.551,2798.532,2798.571,1783272205.114
1783272206,2798.552,2798.533,2798.572,1783272206.147
1783272207,2798.561,2798.541,2798.581,1783272207.111
1783272208,2798.567,2798.548,2798.587,1783272208.137
1783272209,2798.574,2798.554,2798.593,1783272209.113
1783272210,2798.585,2798.565,2798.604,1783272210.132
1783272211,2798.596,2798.576,2798.615,1783272211.107
1783272212,2798.602,2798.582,2798.621,1783272212.135
1783272213,2798.613,2798.593,2798.633,1783272213.111
1783272214,2798.619,2798.6,2798.639,1783272214.134
1783272215,2798.625,2798.606,2798.645,1783272215.112
1783272216,2798.634,2798.615,2798.654,1783272216.154
1783272217,2798.637,2798.617,2798.656,1783272217.104
1783272218,2798.639,2798.62,2798.659,1783272218.205
1783272219,2798.643,2798.624,2798.663,1783272219.116
1783272220,2798.647,2798.627,2798.666,1783272220.141
1783272221,2798.655,2798.636,2798.675,1783272221.122
1783272222,2798.664,2798.644,2798.683,1783272222.129
1783272223,2798.668,2798.648,2798.687,1783272223.105
1783272224,2798.669,2798.649,2798.688,1783272224.136
1783272225,2798.669,2798.65,2798.689,1783272225.134
1783272226,2798.67,2798.65,2798.689,1783272226.138
1783272227,2798.672,2798.652,2798.692,1783272227.112
1783272228,2798.681,2798.661,2798.701,1783272228.166
1783272229,2798.682,2798.662,2798.702,1783272229.114
1783272230,2798.686,2798.666,2798.705,1783272230.127
1783272231,2798.687,2798.667,2798.707,1783272231.115
1783272232,2798.694,2798.674,2798.714,1783272232.136
1783272233,2798.701,2798.681,2798.72,1783272233.105
1783272234,2798.701,2798.681,2798.72,1783272234.204
1783272235,2798.704,2798.685,2798.724,1783272235.113
1783272236,2798.711,2798.692,2798.731,1783272236.128
1783272237,2798.72,2798.7,2798.74,1783272237.112
1783272238,2798.73,2798.71,2798.749,1783272238.137
1783272239,2798.738,2798.718,2798.758,1783272239.106
1783272240,2798.739,2798.719,2798.758,1783272240.150
1783272241,2798.748,2798.728,2798.767,1783272241.110
1783272242,2798.762,2798.742,2798.781,1783272242.166
1783272243,2798.767,2798.747,2798.786,1783272243.197
1783272244,2798.767,2798.748,2798.787,1783272244.133
1783272245,2798.776,2798.757,2798.796,1783272245.122
1783272246,2798.786,2798.766,2798.806,1783272246.131
1783272247,2798.794,2798.775,2798.814,1783272247.115
1783272248,2798.805,2798.785,2798.824,1783272248.203
1783272249,2798.82,2798.8,2798.839,1783272249.114
1783272250,2798.828,2798.808,2798.847,1783272250.145
1783272251,2798.839,2798.819,2798.859,1783272251.116
1783272252,2798.844,2798.824,2798.863,1783272252.129
1783272253,2798.848,2798.828,2798.867,1783272253.112
1783272254,2798.852,2798.832,2798.872,1783272254.131
1783272255,2798.865,2798.846,2798.885,1783272255.106
1783272256,2798.868,2798.848,2798.887,1783272256.125
1783272257,2798.876,2798.857,2798.896,1783272257.115
1783272258,2798.88,2798.86,2798.899,1783272258.141
1783272259,2798.882,2798.862,2798.901,1783272259.112
1783272260,2798.885,2798.866,2798.905,1783272260.130
1783272261,2798.889,2798.869,2798.908,1783272261.112
1783272262,2798.899,2798.879,2798.918,1783272262.129
1783272263,2798.901,2798.881,2798.92,1783272263.114
1783272264,2798.908,2798.889,2798.928,1783272264.131
1783272265,2798.915,2798.896,2798.935,1783272265.115
1783272266,2798.926,2798.906,2798.945,1783272266.135
1783272267,2798.926,2798.907,2798.946,1783272267.112
1783272268,2798.937,2798.917,2798.956,1783272268.133
1783272269,2798.94,2798.92,2798.959,1783272269.111
1783272270,2798.942,2798.922,2798.961,1783272270.138
1783272271,2798.947,2798.927,2798.966,1783272271.110
1783272272,2798.951,2798.931,2798.97,1783272272.133
1783272273,2798.955,2798.935,2798.975,1783272273.129
1783272274,2798.963,2798.944,2798.983,1783272274.144
1783272275,2798.964,2798.945,2798.984,1783272275.115
1783272276,2798.971,2798.952,2798.991,1783272276.135
1783272277,2798.973,2798.954,2798.993,1783272277.118
1783272278,2798.978,2798.959,2798.998,1783272278.135
1783272279,2798.986,2798.966,2799.006,1783272279.103
1783272280,2798.987,2798.967,2799.007,1783272280.135
1783272281,2798.99,2798.97,2799.01,1783272281.114
1783272282,2798.996,2798.976,2799.016,1783272282.144
1783272283,2799.004,2798.985,2799.024,1783272283.112
1783272284,2799.015,2798.995,2799.034,1783272284.136
1783272285,2799.028,2799.008,2799.047,1783272285.132
1783272286,2799.034,2799.014,2799.053,1783272286.133
1783272287,2799.036,2799.017,2799.056,1783272287.116
1783272288,2799.051,2799.031,2799.07,1783272288.127
1783272289,2799.051,2799.031,2799.07,1783272289.112
1783272290,2799.054,2799.034,2799.074,1783272290.164
1783272291,2799.054,2799.035,2799.074,1783272291.118
1783272292,2799.055,2799.035,2799.074,1783272292.206
1783272293,2799.067,2799.047,2799.086,1783272293.109
1783272294,2799.071,2799.051,2799.09,1783272294.131
1783272295,2799.08,2799.06,2799.1,1783272295.108
1783272296,2799.082,2799.062,2799.101,1783272296.141
1783272297,2799.09,2799.07,2799.109,1783272297.110
1783272298,2799.095,2799.075,2799.114,1783272298.134
1783272299,2799.102,2799.083,2799.122,1783272299.115
1783272300,2799.106,2799.086,2799.126,1783272300.132
1783272301,2799.114,2799.095,2799.134,1783272301.110
1783272302,2799.122,2799.103,2799.142,1783272302.140
1783272303,2799.125,2799.105,2799.145,1783272303.173
1783272304,2799.127,2799.107,2799.146,1783272304.133
1783272305,2799.128,2799.108,2799.147,1783272305.203
1783272306,2799.134,2799.114,2799.153,1783272306.124
1783272307,2799.134,2799.114,2799.153,1783272307.140
1783272308,2799.136,2799.116,2799.155,1783272308.201
1783272309,2799.138,2799.119,2799.158,1783272309.108
1783272310,2799.148,2799.129,2799.168,1783272310.132
1783272311,2799.151,2799.132,2799.171,1783272311.113
1783272312,2799.157,2799.137,2799.176,1783272312.136
1783272313,2799.167,2799.147,2799.186,1783272313.112
1783272314,2799.174,2799.154,2799.194,1783272314.145
1783272315,2799.181,2799.162,2799.201,1783272315.109
1783272316,2799.184,2799.165,2799.204,1783272316.130
1783272317,2799.188,2799.168,2799.208,1783272317.123
1783272318,2799.193,2799.174,2799.213,1783272318.127
1783272319,2799.201,2799.181,2799.22,1783272319.111
1783272320,2799.202,2799.182,2799.222,1783272320.146
1783272321,2799.211,2799.191,2799.231,1783272321.141
1783272322,2799.213,2799.194,2799.233,1783272322.136
1783272323,2799.225,2799.205,2799.245,1783272323.131
1783272324,2799.227,2799.208,2799.247,1783272324.141
1783272325,2799.232,2799.212,2799.252,1783272325.151
1783272326,2799.241,2799.221,2799.261,1783272326.120
1783272327,2799.246,2799.226,2799.265,1783272327.110
1783272328,2799.246,2799.227,2799.266,1783272328.135
1783272329,2799.25,2799.231,2799.27,1783272329.125
1783272330,2799.254,2799.234,2799.273,1783272330.135
1783272331,2799.258,2799.239,2799.278,1783272331.117
1783272332,2799.268,2799.248,2799.288,1783272332.125
1783272333,2799.269,2799.249,2799.288,1783272333.111
1783272334,2799.275,2799.256,2799.295,1783272334.135
1783272335,2799.28,2799.26,2799.3,1783272335.118
1783272336,2799.285,2799.266,2799.305,1783272336.120
1783272337,2799.292,2799.272,2799.312,1783272337.105
1783272338,2799.293,2799.273,2799.312,1783272338.244
1783272339,2799.302,2799.282,2799.321,1783272339.107
1783272340,2799.304,2799.284,2799.323,1783272340.132
1783272341,2799.305,2799.286,2799.325,1783272341.109
1783272342,2799.306,2799.286,2799.326,1783272342.163
1783272343,2799.312,2799.292,2799.331,1783272343.108
1783272344,2799.314,2799.295,2799.334,1783272344.136
1783272345,2799.316,2799.296,2799.336,1783272345.104
1783272346,2799.326,2799.306,2799.346,1783272346.141
1783272347,2799.329,2799.309,2799.349,1783272347.113
1783272348,2799.333,2799.313,2799.352,1783272348.139
1783272349,2799.335,2799.315,2799.354,1783272349.109
1783272350,2799.338,2799.318,2799.357,1783272350.140
1783272351,2799.345,2799.325,2799.365,1783272351.117
1783272352,2799.347,2799.327,2799.366,1783272352.202
1783272353,2799.353,2799.334,2799.373,1783272353.120
1783272354,2799.355,2799.335,2799.375,1783272354.137
1783272355,2799.367,2799.348,2799.387,1783272355.111
1783272356,2799.372,2799.352,2799.391,1783272356.142
1783272357,2799.38,2799.36,2799.4,1783272357.127
1783272358,2799.385,2799.365,2799.404,1783272358.201
1783272359,2799.389,2799.369,2799.408,1783272359.111
1783272360,2799.401,2799.382,2799.421,1783272360.144
1783272361,2799.408,2799.388,2799.427,1783272361.120
1783272362,2799.414,2799.395,2799.434,1783272362.234
1783272363,2799.422,2799.402,2799.442,1783272363.118
1783272364,2799.428,2799.409,2799.448,1783272364.140
1783272365,2799.433,2799.413,2799.452,1783272365.118
1783272366,2799.435,2799.416,2799.455,1783272366.121
1783272367,2799.45,2799.43,2799.469,1783272367.111
1783272368,2799.455,2799.436,2799.475,1783272368.120
1783272369,2799.46,2799.44,2799.479,1783272369.110
1783272370,2799.475,2799.456,2799.495,1783272370.144
1783272371,2799.488,2799.468,2799.508,1783272371.104
1783272372,2799.489,2799.47,2799.509,1783272372.131
1783272373,2799.495,2799.476,2799.515,1783272373.110
1783272374,2799.504,2799.485,2799.524,1783272374.127
1783272375,2799.507,2799.488,2799.527,1783272375.108
1783272376,2799.508,2799.488,2799.527,1783272376.117
1783272377,2799.515,2799.496,2799.535,1783272377.108
1783272378,2799.522,2799.502,2799.541,1783272378.129
1783272379,2799.538,2799.518,2799.557,1783272379.113
1783272380,2799.54,2799.52,2799.56,1783272380.147
1783272381,2799.541,2799.522,2799.561,1783272381.114
1783272382,2799.546,2799.527,2799.566,1783272382.141
1783272383,2799.561,2799.541,2799.58,1783272383.110
1783272384,2799.062,2799.043,2799.082,1783272384.141
1783272385,2799.07,2799.05,2799.089,1783272385.112
1783272386,2799.072,2799.052,2799.091,1783272386.141
1783272387,2799.072,2799.053,2799.092,1783272387.116
1783272388,2799.077,2799.058,2799.097,1783272388.127
1783272389,2799.087,2799.068,2799.107,1783272389.116
1783272390,2799.095,2799.075,2799.114,1783272390.137
1783272391,2799.096,2799.076,2799.115,1783272391.110
1783272392,2799.1,2799.081,2799.12,1783272392.137
1783272393,2799.105,2799.085,2799.124,1783272393.117
1783272394,2799.108,2799.089,2799.128,1783272394.128
1783272395,2799.119,2799.099,2799.138,1783272395.114
1783272396,2799.121,2799.101,2799.14,1783272396.130
1783272397,2799.126,2799.106,2799.145,1783272397.102
1783272398,2799.14,2799.12,2799.159,1783272398.125
1783272399,2799.145,2799.126,2799.165,1783272399.114
1783272400,2799.15,2799.13,2799.169,1783272400.143
1783272401,2799.155,2799.135,2799.175,1783272401.115
1783272402,2799.16,2799.141,2799.18,1783272402.130
1783272403,2799.161,2799.142,2799.181,1783272403.108
1783272404,2799.162,2799.143,2799.182,1783272404.127
1783272405,2799.162,2799.143,2799.182,1783272405.152
1783272406,2799.167,2799.147,2799.186,1783272406.120
1783272407,2799.174,2799.154,2799.193,1783272407.102
1783272408,2799.175,2799.155,2799.194,1783272408.133
1783272409,2799.178,2799.158,2799.198,1783272409.112
1783272410,2799.188,2799.168,2799.207,1783272410.121
1783272411,2799.189,2799.169,2799.209,1783272411.123
1783272412,2799.201,2799.182,2799.221,1783272412.128
1783272413,2799.207,2799.187,2799.227,1783272413.106
1783272414,2799.213,2799.194,2799.233,1783272414.120
1783272415,2799.218,2799.199,2799.238,1783272415.116
1783272416,2799.225,2799.205,2799.245,1783272416.119
1783272417,2799.234,2799.214,2799.253,1783272417.113
1783272418,2799.243,2799.223,2799.263,1783272418.132
1783272419,2799.255,2799.235,2799.275,1783272419.108
1783272420,2799.261,2799.241,2799.28,1783272420.137
1783272421,2799.272,2799.252,2799.292,1783272421.106
1783272422,2799.28,2799.26,2799.299,1783272422.201
1783272423,2799.287,2799.267,2799.306,1783272423.105
1783272424,2799.294,2799.275,2799.314,1783272424.136
1783272425,2799.298,2799.278,2799.318,1783272425.126
1783272426,2799.301,2799.282,2799.321,1783272426.132
1783272427,2799.309,2799.29,2799.329,1783272427.111
1783272428,2799.321,2799.302,2799.341,1783272428.117
1783272429,2799.328,2799.308,2799.347,1783272429.114
1783272430,2799.329,2799.309,2799.348,1783272430.163
1783272431,2799.329,2799.31,2799.349,1783272431.107
1783272432,2799.333,2799.313,2799.352,1783272432.136
1783272433,2799.342,2799.322,2799.361,1783272433.110
1783272434,2799.345,2799.325,2799.364,1783272434.134
1783272435,2799.346,2799.326,2799.365,1783272435.104
1783272436,2799.349,2799.33,2799.369,1783272436.140
1783272437,2799.357,2799.337,2799.377,1783272437.108
1783272438,2799.362,2799.343,2799.382,1783272438.139
1783272439,2799.371,2799.351,2799.39,1783272439.111
1783272440,2799.379,2799.36,2799.399,1783272440.133
1783272441,2799.381,2799.361,2799.401,1783272441.106
1783272442,2799.389,2799.37,2799.409,1783272442.128
1783272443,2799.396,2799.377,2799.416,1783272443.108
1783272444,2799.397,2799.377,2799.417,1783272444.137
1783272445,2799.409,2799.39,2799.429,1783272445.105
1783272446,2799.414,2799.394,2799.433,1783272446.132
1783272447,2799.415,2799.395,2799.435,1783272447.112
1783272448,2799.416,2799.396,2799.435,1783272448.123
1783272449,2799.417,2799.398,2799.437,1783272449.109
1783272450,2799.426,2799.407,2799.446,1783272450.127
1783272451,2799.427,2799.407,2799.447,1783272451.102
1783272452,2799.437,2799.418,2799.457,1783272452.139
1783272453,2799.442,2799.422,2799.461,1783272453.109
1783272454,2799.449,2799.43,2799.469,1783272454.132
1783272455,2799.456,2799.436,2799.475,1783272455.105
1783272456,2799.46,2799.441,2799.48,1783272456.123
1783272457,2799.473,2799.453,2799.492,1783272457.119
1783272458,2799.481,2799.461,2799.5,1783272458.134
1783272459,2799.492,2799.472,2799.512,1783272459.107
1783272460,2799.499,2799.48,2799.519,1783272460.128
1783272461,2799.503,2799.483,2799.522,1783272461.115
1783272462,2799.509,2799.489,2799.528,1783272462.127
1783272463,2799.511,2799.492,2799.531,1783272463.102
1783272464,2794.624,2794.605,2794.644,1783272464.133
1783272465,2794.624,2794.605,2794.644,1783272465.118
1783272466,2794.631,2794.611,2794.65,1783272466.123
1783272467,2794.64,2794.62,2794.659,1783272467.108
1783272468,2794.641,2794.622,2794.661,1783272468.136
1783272469,2794.649,2794.63,2794.669,1783272469.115
1783272470,2794.661,2794.641,2794.68,1783272470.149
1783272471,2794.666,2794.647,2794.686,1783272471.116
1783272472,2794.672,2794.652,2794.691,1783272472.138
1783272473,2794.674,2794.654,2794.693,1783272473.114
1783272474,2794.682,2794.663,2794.702,1783272474.125
1783272475,2794.688,2794.668,2794.708,1783272475.107
1783272476,2794.691,2794.671,2794.71,1783272476.140
1783272477,2794.693,2794.674,2794.713,1783272477.112
1783272478,2794.698,2794.679,2794.718,1783272478.136
1783272479,2794.699,2794.68,2794.719,1783272479.109
1783272480,2794.704,2794.685,2794.724,1783272480.144
1783272481,2794.713,2794.693,2794.732,1783272481.123
1783272482,2794.718,2794.699,2794.738,1783272482.130
1783272483,2794.724,2794.704,2794.743,1783272483.124
1783272484,2794.732,2794.712,2794.752,1783272484.145
1783272485,2794.732,2794.713,2794.752,1783272485.108
1783272486,2794.736,2794.717,2794.756,1783272486.132
1783272487,2794.745,2794.725,2794.764,1783272487.110
1783272488,2794.747,2794.727,2794.766,1783272488.126
1783272489,2794.751,2794.731,2794.77,1783272489.121
1783272490,2794.755,2794.735,2794.774,1783272490.134
1783272491,2794.766,2794.746,2794.785,1783272491.116
1783272492,2794.773,2794.754,2794.793,1783272492.131
1783272493,2794.774,2794.754,2794.793,1783272493.118
1783272494,2794.778,2794.758,2794.797,1783272494.141
1783272495,2794.781,2794.761,2794.8,1783272495.116
1783272496,2794.792,2794.773,2794.812,1783272496.135
1783272497,2794.803,2794.784,2794.823,1783272497.117
1783272498,2794.81,2794.791,2794.83,1783272498.132
1783272499,2794.813,2794.793,2794.832,1783272499.112
1783272500,2794.817,2794.798,2794.837,1783272500.129
1783272501,2794.826,2794.806,2794.845,1783272501.110
1783272502,2794.83,2794.811,2794.85,1783272502.131
1783272503,2794.84,2794.82,2794.86,1783272503.113
1783272504,2794.85,2794.83,2794.869,1783272504.130
1783272505,2794.855,2794.835,2794.874,1783272505.115
1783272506,2794.858,2794.838,2794.877,1783272506.127
1783272507,2794.865,2794.845,2794.884,1783272507.118
1783272508,2794.871,2794.852,2794.891,1783272508.134
1783272509,2794.875,2794.855,2794.894,1783272509.104
1783272510,2794.881,2794.861,2794.901,1783272510.137
1783272511,2794.886,2794.867,2794.906,1783272511.117
1783272512,2794.891,2794.872,2794.911,1783272512.138
1783272513,2794.902,2794.883,2794.922,1783272513.114
1783272514,2794.919,2794.9,2794.939,1783272514.132
1783272515,2794.927,2794.907,2794.947,1783272515.114
1783272516,2794.932,2794.913,2794.952,1783272516.127
1783272517,2794.935,2794.916,2794.955,1783272517.121
1783272518,2794.942,2794.922,2794.962,1783272518.265
1783272519,2794.949,2794.93,2794.969,1783272519.106
1783272520,2794.953,2794.934,2794.973,1783272520.132
1783272521,2794.955,2794.935,2794.975,1783272521.106
1783272522,2794.964,2794.944,2794.984,1783272522.134
1783272523,2794.969,2794.95,2794.989,1783272523.108
1783272524,2794.974,2794.955,2794.994,1783272524.126
1783272525,2794.982,2794.962,2795.001,1783272525.115
1783272526,2794.989,2794.969,2795.009,1783272526.129
1783272527,2794.995,2794.975,2795.014,1783272527.102
1783272528,2795.005,2794.985,2795.024,1783272528.129
1783272529,2795.015,2794.995,2795.034,1783272529.161
1783272530,2795.024,2795.004,2795.043,1783272530.123
1783272531,2795.029,2795.009,2795.048,1783272531.111
1783272532,2795.034,2795.014,2795.053,1783272532.130
1783272533,2795.037,2795.017,2795.057,1783272533.111
1783272534,2795.039,2795.02,2795.059,1783272534.124
1783272535,2795.04,2795.021,2795.06,1783272535.103
1783272536,2795.044,2795.024,2795.063,1783272536.118
1783272537,2795.051,2795.031,2795.07,1783272537.109
1783272538,2795.062,2795.042,2795.082,1783272538.126
1783272539,2795.066,2795.046,2795.085,1783272539.106
1783272540,2795.069,2795.05,2795.089,1783272540.128
1783272541,2795.07,2795.051,2795.09,1783272541.108
1783272542,2795.073,2795.053,2795.092,1783272542.206
1783272543,2795.08,2795.061,2795.1,1783272543.136
1783272544,2795.088,2795.069,2795.108,1783272544.123
1783272545,2795.096,2795.076,2795.115,1783272545.114
1783272546,2795.096,2795.077,2795.116,1783272546.129
1783272547,2795.096,2795.077,2795.116,1783272547.110
1783272548,2795.102,2795.082,2795.121,1783272548.203
1783272549,2795.103,2795.083,2795.122,1783272549.110
1783272550,2795.114,2795.094,2795.133,1783272550.125
1783272551,2795.117,2795.097,2795.136,1783272551.107
1783272552,2795.123,2795.103,2795.142,1783272552.127
1783272553,2795.136,2795.117,2795.156,1783272553.103
1783272554,2795.139,2795.12,2795.159,1783272554.118
1783272555,2795.148,2795.129,2795.168,1783272555.109
1783272556,2795.156,2795.136,2795.175,1783272556.125
1783272557,2795.175,2795.155,2795.194,1783272557.104
1783272558,2795.178,2795.159,2795.198,1783272558.116
1783272559,2795.179,2795.159,2795.198,1783272559.128
1783272560,2795.179,2795.16,2795.199,1783272560.121
1783272561,2795.19,2795.171,2795.21,1783272561.109
1783272562,2795.194,2795.174,2795.213,1783272562.127
1783272563,2795.2,2795.18,2795.219,1783272563.108
1783272564,2795.201,2795.181,2795.221,1783272564.134
1783272565,2795.203,2795.184,2795.223,1783272565.106
1783272566,2795.206,2795.187,2795.226,1783272566.121
1783272567,2795.207,2795.188,2795.227,1783272567.111
1783272568,2795.209,2795.189,2795.228,1783272568.122
1783272569,2795.216,2795.197,2795.236,1783272569.109
1783272570,2795.231,2795.212,2795.251,1783272570.128
1783272571,2795.239,2795.219,2795.259,1783272571.104
1783272572,2795.244,2795.224,2795.264,1783272572.123
1783272573,2795.248,2795.229,2795.268,1783272573.105
1783272574,2795.252,2795.233,2795.272,1783272574.131
1783272575,2795.263,2795.243,2795.283,1783272575.105
1783272576,2795.274,2795.255,2795.294,1783272576.120
1783272577,2795.284,2795.264,2795.303,1783272577.108
1783272578,2795.293,2795.273,2795.312,1783272578.129
1783272579,2795.294,2795.274,2795.313,1783272579.114
1783272580,2795.297,2795.278,2795.317,1783272580.131
1783272581,2795.313,2795.293,2795.332,1783272581.104
1783272582,2795.317,2795.298,2795.337,1783272582.133
1783272583,2795.324,2795.304,2795.343,1783272583.118
1783272584,2795.324,2795.305,2795.344,1783272584.136
1783272585,2795.331,2795.312,2795.351,1783272585.107
1783272586,2795.333,2795.313,2795.353,1783272586.120
1783272587,2795.338,2795.319,2795.358,1783272587.109
1783272588,2795.342,2795.322,2795.361,1783272588.129
1783272589,2795.346,2795.327,2795.366,1783272589.102
1783272590,2795.349,2795.33,2795.369,1783272590.168
1783272591,2795.364,2795.344,2795.383,1783272591.106
1783272592,2795.374,2795.355,2795.394,1783272592.118
1783272593,2795.38,2795.36,2795.399,1783272593.103
1783272594,2795.388,2795.369,2795.408,1783272594.132
1783272595,2795.4,2795.38,2795.419,1783272595.111
1783272596,2795.403,2795.383,2795.422,1783272596.129
1783272597,2795.408,2795.389,2795.428,1783272597.104
1783272598,2795.412,2795.393,2795.432,1783272598.123
1783272599,2795.42,2795.401,2795.44,1783272599.105
1783272600,2795.431,2795.411,2795.45,1783272600.128
1783272601,2795.432,2795.412,2795.452,1783272601.120
1783272602,2795.434,2795.415,2795.454,1783272602.206
1783272603,2795.439,2795.42,2795.459,1783272603.122
1783272604,2795.443,2795.424,2795.463,1783272604.132
1783272605,2795.448,2795.428,2795.467,1783272605.126
1783272606,2795.449,2795.429,2795.468,1783272606.174
1783272607,2795.46,2795.44,2795.479,1783272607.102
1783272608,2795.466,2795.447,2795.486,1783272608.134
1783272609,2795.47,2795.451,2795.49,1783272609.111
1783272610,2795.476,2795.457,2795.496,1783272610.140
1783272611,2795.477,2795.457,2795.497,1783272611.110
1783272612,2795.481,2795.462,2795.501,1783272612.127
1783272613,2795.485,2795.465,2795.505,1783272613.104
1783272614,2795.489,2795.469,2795.508,1783272614.123
1783272615,2795.501,2795.481,2795.521,1783272615.116
1783272616,2795.512,2795.492,2795.531,1783272616.127
1783272617,2795.515,2795.496,2795.535,1783272617.119
1783272618,2795.519,2795.499,2795.539,1783272618.127
1783272619,2795.537,2795.518,2795.557,1783272619.111
1783272620,2795.54,2795.52,2795.559,1783272620.152
1783272621,2795.552,2795.532,2795.571,1783272621.102
1783272622,2795.564,2795.545,2795.584,1783272622.134
1783272623,2795.573,2795.553,2795.592,1783272623.112
1783272624,2795.583,2795.563,2795.602,1783272624.137
1783272625,2795.585,2795.565,2795.604,1783272625.103
1783272626,2795.585,2795.565,2795.605,1783272626.130
1783272627,2795.586,2795.566,2795.606,1783272627.107
1783272628,2795.59,2795.571,2795.61,1783272628.130
1783272629,2795.602,2795.583,2795.622,1783272629.112
1783272630,2795.61,2795.59,2795.63,1783272630.130
1783272631,2795.614,2795.594,2795.633,1783272631.123
1783272632,2795.622,2795.602,2795.641,1783272632.137
1783272633,2795.633,2795.613,2795.652,1783272633.109
1783272634,2795.641,2795.621,2795.66,1783272634.135
1783272635,2795.645,2795.625,2795.665,1783272635.104
1783272636,2795.645,2795.626,2795.665,1783272636.132
1783272637,2795.655,2795.635,2795.674,1783272637.105
1783272638,2795.658,2795.638,2795.677,1783272638.246
1783272639,2795.66,2795.641,2795.68,1783272639.104
1783272640,2795.666,2795.647,2795.686,1783272640.145
1783272641,2795.67,2795.65,2795.69,1783272641.114
1783272642,2795.68,2795.66,2795.699,1783272642.162
1783272643,2795.69,2795.67,2795.709,1783272643.118
1783272644,2793.846,2793.826,2793.865,1783272644.128
1783272645,2793.85,2793.831,2793.87,1783272645.106
1783272646,2793.854,2793.834,2793.873,1783272646.136
1783272647,2793.859,2793.84,2793.879,1783272647.108
1783272648,2793.859,2793.84,2793.879,1783272648.124
1783272649,2793.865,2793.845,2793.884,1783272649.112
1783272650,2793.867,2793.847,2793.886,1783272650.126
1783272651,2793.877,2793.858,2793.897,1783272651.104
1783272652,2793.882,2793.863,2793.902,1783272652.133
1783272653,2793.888,2793.869,2793.908,1783272653.114
1783272654,2793.892,2793.872,2793.911,1783272654.130
1783272655,2793.893,2793.873,2793.912,1783272655.103
1783272656,2793.895,2793.876,2793.915,1783272656.128
1783272657,2793.904,2793.884,2793.924,1783272657.105
1783272658,2793.906,2793.886,2793.925,1783272658.134
1783272659,2793.913,2793.894,2793.933,1783272659.106
1783272660,2793.92,2793.9,2793.94,1783272660.128
1783272661,2793.922,2793.903,2793.942,1783272661.111
1783272662,2793.931,2793.911,2793.95,1783272662.172
1783272663,2793.931,2793.912,2793.951,1783272663.299
1783272664,2793.945,2793.926,2793.965,1783272664.227
1783272665,2793.952,2793.933,2793.972,1783272665.106
1783272666,2793.959,2793.94,2793.979,1783272666.146
1783272667,2793.963,2793.943,2793.982,1783272667.101
1783272668,2793.964,2793.944,2793.983,1783272668.132
1783272669,2793.966,2793.946,2793.986,1783272669.108
1783272670,2793.967,2793.948,2793.987,1783272670.128
1783272671,2793.975,2793.955,2793.994,1783272671.107
1783272672,2793.98,2793.961,2794,1783272672.141
1783272673,2793.985,2793.966,2794.005,1783272673.104
1783272674,2793.989,2793.97,2794.009,1783272674.128
1783272675,2793.992,2793.972,2794.012,1783272675.110
1783272676,2794.007,2793.987,2794.026,1783272676.126
1783272677,2794.009,2793.989,2794.028,1783272677.114
1783272678,2794.01,2793.99,2794.03,1783272678.164
1783272679,2794.012,2793.992,2794.032,1783272679.114
1783272680,2794.023,2794.004,2794.043,1783272680.122
1783272681,2794.024,2794.005,2794.044,1783272681.112
1783272682,2794.027,2794.007,2794.047,1783272682.212
1783272683,2794.027,2794.008,2794.047,1783272683.117
1783272684,2794.028,2794.008,2794.047,1783272684.136
1783272685,2794.03,2794.011,2794.05,1783272685.109
1783272686,2794.03,2794.011,2794.05,1783272686.145
1783272687,2794.035,2794.015,2794.055,1783272687.109
1783272688,2794.037,2794.018,2794.057,1783272688.128
1783272689,2794.05,2794.03,2794.069,1783272689.115
1783272690,2794.057,2794.038,2794.077,1783272690.137
1783272691,2794.058,2794.038,2794.077,1783272691.116
1783272692,2794.062,2794.042,2794.082,1783272692.120
1783272693,2794.068,2794.048,2794.087,1783272693.104
1783272694,2794.073,2794.053,2794.093,1783272694.130
1783272695,2794.074,2794.054,2794.094,1783272695.111
1783272696,2794.077,2794.057,2794.096,1783272696.125
1783272697,2794.085,2794.066,2794.105,1783272697.101
1783272698,2794.093,2794.073,2794.112,1783272698.246
1783272699,2794.093,2794.074,2794.113,1783272699.115
1783272700,2794.1,2794.08,2794.119,1783272700.131
1783272701,2794.101,2794.081,2794.12,1783272701.112
1783272702,2794.103,2794.084,2794.123,1783272702.135
1783272703,2794.107,2794.087,2794.126,1783272703.108
1783272704,2794.114,2794.095,2794.134,1783272704.137
1783272705,2794.12,2794.1,2794.139,1783272705.113
1783272706,2794.129,2794.11,2794.149,1783272706.125
1783272707,2794.141,2794.121,2794.16,1783272707.116
1783272708,2794.149,2794.129,2794.169,1783272708.124
1783272709,2794.151,2794.131,2794.17,1783272709.123
1783272710,2794.157,2794.138,2794.177,1783272710.134
1783272711,2794.159,2794.14,2794.179,1783272711.122
1783272712,2794.16,2794.141,2794.18,1783272712.134
1783272713,2794.165,2794.145,2794.185,1783272713.117
1783272714,2794.168,2794.149,2794.188,1783272714.134
1783272715,2794.17,2794.15,2794.19,1783272715.115
1783272716,2794.183,2794.163,2794.202,1783272716.125
1783272717,2794.189,2794.17,2794.209,1783272717.113
1783272718,2794.195,2794.176,2794.215,1783272718.136
1783272719,2794.208,2794.188,2794.227,1783272719.115
1783272720,2794.21,2794.191,2794.23,1783272720.149
1783272721,2794.218,2794.198,2794.237,1783272721.113
1783272722,2794.225,2794.206,2794.245,1783272722.165
1783272723,2794.232,2794.212,2794.251,1783272723.118
1783272724,2794.237,2794.218,2794.257,1783272724.157
1783272725,2794.238,2794.218,2794.257,1783272725.110
1783272726,2794.25,2794.231,2794.27,1783272726.137
1783272727,2794.255,2794.235,2794.274,1783272727.112
1783272728,2794.261,2794.241,2794.28,1783272728.244
1783272729,2794.27,2794.25,2794.289,1783272729.109
1783272730,2794.273,2794.253,2794.292,1783272730.136
1783272731,2794.274,2794.254,2794.293,1783272731.107
1783272732,2794.274,2794.255,2794.294,1783272732.131
1783272733,2794.276,2794.256,2794.295,1783272733.117
1783272734,2794.278,2794.258,2794.297,1783272734.141
1783272735,2794.28,2794.26,2794.3,1783272735.110
1783272736,2794.281,2794.262,2794.301,1783272736.129
1783272737,2794.294,2794.275,2794.314,1783272737.110
1783272738,2794.31,2794.29,2794.329,1783272738.145
1783272739,2794.321,2794.301,2794.34,1783272739.107
1783272740,2794.33,2794.31,2794.349,1783272740.163
1783272741,2794.334,2794.315,2794.354,1783272741.121
1783272742,2794.343,2794.323,2794.363,1783272742.140
1783272743,2794.355,2794.336,2794.375,1783272743.111
1783272744,2794.361,2794.341,2794.38,1783272744.126
1783272745,2794.373,2794.353,2794.393,1783272745.101
1783272746,2794.376,2794.357,2794.396,1783272746.144
1783272747,2794.377,2794.357,2794.396,1783272747.105
1783272748,2794.389,2794.37,2794.409,1783272748.133
1783272749,2794.395,2794.376,2794.415,1783272749.112
1783272750,2794.396,2794.377,2794.416,1783272750.124
1783272751,2794.398,2794.379,2794.418,1783272751.110
1783272752,2794.402,2794.382,2794.421,1783272752.140
1783272753,2794.407,2794.388,2794.427,1783272753.115
1783272754,2794.416,2794.396,2794.436,1783272754.145
1783272755,2794.428,2794.408,2794.447,1783272755.112
1783272756,2794.434,2794.415,2794.454,1783272756.133
1783272757,2794.445,2794.426,2794.465,1783272757.110
1783272758,2794.449,2794.429,2794.468,1783272758.205
1783272759,2794.449,2794.43,2794.469,1783272759.115
1783272760,2794.455,2794.436,2794.475,1783272760.130
1783272761,2794.463,2794.443,2794.482,1783272761.120
1783272762,2794.469,2794.45,2794.489,1783272762.134
1783272763,2794.477,2794.457,2794.496,1783272763.108
1783272764,2794.481,2794.461,2794.5,1783272764.132
1783272765,2794.496,2794.476,2794.516,1783272765.113
1783272766,2794.501,2794.481,2794.52,1783272766.135
1783272767,2794.509,2794.489,2794.528,1783272767.108
1783272768,2794.509,2794.489,2794.529,1783272768.124
1783272769,2794.517,2794.497,2794.536,1783272769.107
1783272770,2794.52,2794.5,2794.539,1783272770.134
1783272771,2794.535,2794.515,2794.554,1783272771.111
1783272772,2794.54,2794.52,2794.56,1783272772.129
1783272773,2794.542,2794.523,2794.562,1783272773.113
1783272774,2794.552,2794.532,2794.572,1783272774.123
1783272775,2794.559,2794.539,2794.578,1783272775.114
1783272776,2794.568,2794.548,2794.587,1783272776.134
1783272777,2794.577,2794.558,2794.597,1783272777.138
1783272778,2794.585,2794.565,2794.605,1783272778.155
1783272779,2794.596,2794.577,2794.616,1783272779.108
1783272780,2794.599,2794.579,2794.618,1783272780.137
1783272781,2794.604,2794.584,2794.623,1783272781.104
1783272782,2794.616,2794.597,2794.636,1783272782.150
1783272783,2794.629,2794.61,2794.649,1783272783.150
1783272784,2794.632,2794.612,2794.651,1783272784.175
1783272785,2794.638,2794.619,2794.658,1783272785.122
1783272786,2794.645,2794.625,2794.664,1783272786.150
1783272787,2794.65,2794.631,2794.67,1783272787.113
1783272788,2794.656,2794.637,2794.676,1783272788.201
1783272789,2794.657,2794.637,2794.676,1783272789.120
1783272790,2794.661,2794.642,2794.681,1783272790.132
1783272791,2794.669,2794.65,2794.689,1783272791.105
1783272792,2794.674,2794.654,2794.694,1783272792.127
1783272793,2794.676,2794.656,2794.695,1783272793.111
1783272794,2794.685,2794.665,2794.704,1783272794.132
1783272795,2794.691,2794.672,2794.711,1783272795.106
1783272796,2794.699,2794.68,2794.719,1783272796.135
1783272797,2794.706,2794.686,2794.726,1783272797.104
1783272798,2794.712,2794.693,2794.732,1783272798.128
1783272799,2794.721,2794.701,2794.74,1783272799.112
1783272800,2794.734,2794.714,2794.753,1783272800.143
1783272801,2794.739,2794.719,2794.758,1783272801.112
1783272802,2794.746,2794.726,2794.765,1783272802.137
1783272803,2794.747,2794.728,2794.767,1783272803.122
1783272804,2794.753,2794.734,2794.773,1783272804.132
1783272805,2794.756,2794.736,2794.775,1783272805.107
1783272806,2794.763,2794.743,2794.783,1783272806.135
1783272807,2794.768,2794.748,2794.787,1783272807.122
1783272808,2794.777,2794.757,2794.796,1783272808.136
1783272809,2794.781,2794.761,2794.8,1783272809.117
1783272810,2794.787,2794.768,2794.807,1783272810.133
1783272811,2794.79,2794.77,2794.809,1783272811.117
1783272812,2794.798,2794.779,2794.818,1783272812.162
1783272813,2794.803,2794.783,2794.822,1783272813.110
1783272814,2794.805,2794.785,2794.825,1783272814.129
1783272815,2794.811,2794.791,2794.83,1783272815.110
1783272816,2794.819,2794.799,2794.838,1783272816.130
1783272817,2794.833,2794.814,2794.853,1783272817.105
1783272818,2794.843,2794.823,2794.863,1783272818.131
1783272819,2794.851,2794.832,2794.871,1783272819.111
1783272820,2794.859,2794.839,2794.878,1783272820.129
1783272821,2794.872,2794.852,2794.891,1783272821.106
1783272822,2794.875,2794.856,2794.895,1783272822.200
1783272823,2794.879,2794.86,2794.899,1783272823.111
1783272824,2794.89,2794.871,2794.91,1783272824.133
1783272825,2794.893,2794.874,2794.913,1783272825.108
1783272826,2794.899,2794.879,2794.919,1783272826.154
1783272827,2794.903,2794.884,2794.923,1783272827.119
1783272828,2794.904,2794.884,2794.923,1783272828.144
1783272829,2794.907,2794.888,2794.927,1783272829.119
1783272830,2794.914,2794.894,2794.933,1783272830.142
1783272831,2794.928,2794.908,2794.948,1783272831.112
1783272832,2794.935,2794.916,2794.955,1783272832.144
1783272833,2794.947,2794.927,2794.966,1783272833.122
1783272834,2794.948,2794.928,2794.967,1783272834.165
1783272835,2794.951,2794.931,2794.97,1783272835.128
1783272836,2794.955,2794.935,2794.974,1783272836.136
1783272837,2794.957,2794.938,2794.977,1783272837.122
1783272838,2794.96,2794.94,2794.979,1783272838.147
1783272839,2794.963,2794.943,2794.982,1783272839.133
1783272840,2794.97,2794.95,2794.989,1783272840.161
1783272841,2794.985,2794.966,2795.005,1783272841.115
1783272842,2794.99,2794.97,2795.009,1783272842.239
1783272843,2794.991,2794.972,2795.011,1783272843.147
1783272844,2794.997,2794.978,2795.017,1783272844.155
1783272845,2794.998,2794.978,2795.017,1783272845.125
1783272846,2795.001,2794.982,2795.021,1783272846.137
1783272847,2795.003,2794.983,2795.023,1783272847.126
1783272848,2795.005,2794.985,2795.025,1783272848.203
1783272849,2795.015,2794.995,2795.034,1783272849.139
1783272850,2795.02,2795.001,2795.04,1783272850.149
1783272851,2795.027,2795.007,2795.046,1783272851.124
1783272852,2795.037,2795.017,2795.056,1783272852.146
1783272853,2795.038,2795.018,2795.057,1783272853.128
1783272854,2795.043,2795.023,2795.062,1783272854.142
1783272855,2795.048,2795.029,2795.068,1783272855.135
1783272856,2795.052,2795.032,2795.071,1783272856.150
1783272857,2795.06,2795.04,2795.079,1783272857.118
1783272858,2795.066,2795.047,2795.086,1783272858.139
1783272859,2795.07,2795.05,2795.089,1783272859.118
1783272860,2795.079,2795.059,2795.098,1783272860.140
1783272861,2795.084,2795.065,2795.104,1783272861.129
1783272862,2795.088,2795.069,2795.108,1783272862.163
1783272863,2795.091,2795.071,2795.11,1783272863.126
1783272864,2795.1,2795.08,2795.119,1783272864.140
1783272865,2795.104,2795.084,2795.123,1783272865.114
1783272866,2795.104,2795.084,2795.124,1783272866.166
1783272867,2795.113,2795.094,2795.133,1783272867.115
1783272868,2795.119,2795.1,2795.139,1783272868.140
1783272869,2795.125,2795.105,2795.144,1783272869.119
1783272870,2793.494,2793.474,2793.513,1783272870.136
1783272871,2793.501,2793.482,2793.521,1783272871.163
1783272872,2793.508,2793.488,2793.528,1783272872.148
1783272873,2793.51,2793.491,2793.53,1783272873.130
1783272874,2793.516,2793.496,2793.535,1783272874.159
1783272875,2793.525,2793.505,2793.544,1783272875.112
1783272876,2793.538,2793.518,2793.557,1783272876.143
1783272877,2793.543,2793.524,2793.563,1783272877.134
1783272878,2793.55,2793.531,2793.57,1783272878.246
1783272879,2793.556,2793.537,2793.576,1783272879.116
1783272880,2793.558,2793.539,2793.578,1783272880.138
1783272881,2793.57,2793.55,2793.589,1783272881.116
1783272882,2793.574,2793.554,2793.593,1783272882.152
1783272883,2793.579,2793.559,2793.598,1783272883.118
1783272884,2793.58,2793.56,2793.599,1783272884.162
1783272885,2793.584,2793.565,2793.604,1783272885.123
1783272886,2793.589,2793.569,2793.608,1783272886.140
1783272887,2793.589,2793.57,2793.609,1783272887.128
1783272888,2793.592,2793.572,2793.611,1783272888.153
1783272889,2793.605,2793.585,2793.624,1783272889.136
1783272890,2793.606,2793.587,2793.626,1783272890.151
1783272891,2793.617,2793.597,2793.636,1783272891.117
1783272892,2793.625,2793.605,2793.644,1783272892.137
1783272893,2793.628,2793.608,2793.647,1783272893.108
1783272894,2793.632,2793.613,2793.652,1783272894.147
1783272895,2793.641,2793.622,2793.661,1783272895.106
1783272896,2793.653,2793.633,2793.672,1783272896.137
1783272897,2793.653,2793.634,2793.673,1783272897.106
1783272898,2793.654,2793.634,2793.673,1783272898.133
1783272899,2793.662,2793.642,2793.681,1783272899.102
1783272900,2793.673,2793.653,2793.693,1783272900.136
1783272901,2793.678,2793.659,2793.698,1783272901.108
1783272902,2793.684,2793.665,2793.704,1783272902.225
1783272903,2793.687,2793.667,2793.706,1783272903.197
1783272904,2793.692,2793.673,2793.712,1783272904.264
1783272905,2793.698,2793.678,2793.717,1783272905.126
1783272906,2793.704,2793.685,2793.724,1783272906.137
1783272907,2793.705,2793.686,2793.725,1783272907.114
1783272908,2793.706,2793.686,2793.725,1783272908.206
1783272909,2793.707,2793.688,2793.727,1783272909.109
1783272910,2793.711,2793.692,2793.731,1783272910.125
1783272911,2793.715,2793.696,2793.735,1783272911.113
1783272912,2793.724,2793.704,2793.743,1783272912.124
1783272913,2793.744,2793.724,2793.763,1783272913.108
1783272914,2793.755,2793.736,2793.775,1783272914.128
1783272915,2793.755,2793.736,2793.775,1783272915.116
1783272916,2793.762,2793.742,2793.781,1783272916.134
1783272917,2793.768,2793.749,2793.788,1783272917.117
1783272918,2793.78,2793.76,2793.799,1783272918.125
1783272919,2793.79,2793.77,2793.809,1783272919.110
1783272920,2793.807,2793.787,2793.826,1783272920.131
1783272921,2793.816,2793.796,2793.835,1783272921.115
1783272922,2793.824,2793.805,2793.844,1783272922.135
1783272923,2793.828,2793.808,2793.847,1783272923.107
1783272924,2793.83,2793.811,2793.85,1783272924.140
1783272925,2793.833,2793.813,2793.852,1783272925.112
1783272926,2793.836,2793.816,2793.855,1783272926.134
1783272927,2793.837,2793.818,2793.857,1783272927.103
1783272928,2793.84,2793.82,2793.859,1783272928.126
1783272929,2793.846,2793.826,2793.866,1783272929.107
1783272930,2793.851,2793.832,2793.871,1783272930.139
1783272931,2793.858,2793.838,2793.877,1783272931.125
1783272932,2793.861,2793.842,2793.881,1783272932.138
1783272933,2793.867,2793.847,2793.886,1783272933.110
1783272934,2793.869,2793.849,2793.889,1783272934.137
1783272935,2793.873,2793.853,2793.893,1783272935.110
1783272936,2793.877,2793.857,2793.896,1783272936.127
1783272937,2793.883,2793.863,2793.902,1783272937.107
1783272938,2793.883,2793.863,2793.902,1783272938.243
1783272939,2793.89,2793.87,2793.909,1783272939.113
1783272940,2793.894,2793.874,2793.913,1783272940.132
1783272941,2793.896,2793.876,2793.916,1783272941.111
1783272942,2793.902,2793.882,2793.921,1783272942.138
1783272943,2793.908,2793.888,2793.927,1783272943.113
1783272944,2793.918,2793.899,2793.938,1783272944.129
1783272945,2793.921,2793.902,2793.941,1783272945.107
1783272946,2793.927,2793.907,2793.946,1783272946.169
1783272947,2793.929,2793.91,2793.949,1783272947.118
1783272948,2793.941,2793.922,2793.961,1783272948.136
1783272949,2793.95,2793.93,2793.969,1783272949.111
1783272950,2793.961,2793.941,2793.981,1783272950.132
1783272951,2793.966,2793.947,2793.986,1783272951.101
1783272952,2793.971,2793.952,2793.991,1783272952.125
1783272953,2793.974,2793.954,2793.993,1783272953.108
1783272954,2793.987,2793.968,2794.007,1783272954.133
1783272955,2793.994,2793.974,2794.013,1783272955.106
1783272956,2793.995,2793.975,2794.014,1783272956.123
1783272957,2793.999,2793.98,2794.019,1783272957.106
1783272958,2794.002,2793.983,2794.022,1783272958.125
1783272959,2794.011,2793.991,2794.03,1783272959.105
1783272960,2794.018,2793.998,2794.037,1783272960.130
1783272961,2794.019,2794,2794.039,1783272961.118
1783272962,2794.025,2794.005,2794.044,1783272962.221
1783272963,2794.026,2794.007,2794.046,1783272963.109
1783272964,2794.026,2794.007,2794.046,1783272964.156
1783272965,2794.03,2794.011,2794.05,1783272965.117
1783272966,2794.038,2794.018,2794.057,1783272966.136
1783272967,2794.038,2794.018,2794.057,1783272967.101
1783272968,2794.041,2794.022,2794.061,1783272968.129
1783272969,2794.052,2794.032,2794.071,1783272969.106
1783272970,2794.055,2794.036,2794.075,1783272970.121
1783272971,2794.06,2794.04,2794.079,1783272971.110
1783272972,2794.065,2794.045,2794.084,1783272972.118
1783272973,2794.069,2794.05,2794.089,1783272973.113
1783272974,2794.078,2794.058,2794.098,1783272974.128
1783272975,2794.089,2794.069,2794.108,1783272975.107
1783272976,2794.099,2794.079,2794.118,1783272976.129
1783272977,2794.105,2794.085,2794.124,1783272977.109
1783272978,2794.107,2794.088,2794.127,1783272978.129
1783272979,2794.12,2794.1,2794.139,1783272979.101
1783272980,2794.127,2794.107,2794.146,1783272980.120
1783272981,2794.128,2794.108,2794.147,1783272981.116
1783272982,2794.13,2794.11,2794.15,1783272982.121
1783272983,2794.133,2794.114,2794.153,1783272983.106
1783272984,2794.14,2794.12,2794.159,1783272984.122
1783272985,2794.143,2794.123,2794.162,1783272985.102
1783272986,2794.148,2794.128,2794.167,1783272986.126
1783272987,2794.151,2794.131,2794.17,1783272987.106
1783272988,2794.157,2794.138,2794.177,1783272988.124
1783272989,2794.164,2794.144,2794.183,1783272989.107
1783272990,2794.167,2794.147,2794.186,1783272990.131
1783272991,2794.176,2794.156,2794.195,1783272991.112
1783272992,2794.176,2794.157,2794.196,1783272992.125
1783272993,2794.177,2794.158,2794.197,1783272993.118
1783272994,2794.182,2794.163,2794.202,1783272994.140
1783272995,2794.189,2794.17,2794.209,1783272995.105
1783272996,2794.191,2794.171,2794.21,1783272996.128
1783272997,2794.2,2794.18,2794.219,1783272997.108
1783272998,2794.204,2794.184,2794.223,1783272998.124
1783272999,2794.215,2794.196,2794.235,1783272999.110
1783273000,2794.224,2794.204,2794.243,1783273000.135
1783273001,2794.228,2794.209,2794.248,1783273001.107
1783273002,2794.239,2794.219,2794.258,1783273002.121
1783273003,2794.243,2794.224,2794.263,1783273003.104
1783273004,2794.249,2794.23,2794.269,1783273004.135
1783273005,2794.254,2794.235,2794.274,1783273005.111
1783273006,2794.255,2794.236,2794.275,1783273006.132
1783273007,2794.266,2794.247,2794.286,1783273007.105
1783273008,2794.277,2794.258,2794.297,1783273008.123
1783273009,2794.282,2794.262,2794.301,1783273009.117
1783273010,2794.287,2794.268,2794.307,1783273010.128
1783273011,2794.292,2794.273,2794.312,1783273011.121
1783273012,2794.295,2794.275,2794.314,1783273012.142
1783273013,2794.304,2794.285,2794.324,1783273013.106
1783273014,2794.308,2794.288,2794.327,1783273014.135
1783273015,2794.317,2794.297,2794.336,1783273015.107
1783273016,2794.318,2794.298,2794.337,1783273016.132
1783273017,2794.325,2794.305,2794.345,1783273017.104
1783273018,2794.337,2794.318,2794.357,1783273018.127
1783273019,2794.344,2794.325,2794.364,1783273019.105
1783273020,2794.351,2794.331,2794.37,1783273020.136
1783273021,2794.357,2794.338,2794.377,1783273021.101
1783273022,2794.36,2794.34,2794.38,1783273022.131
1783273023,2794.37,2794.35,2794.389,1783273023.144
1783273024,2794.378,2794.358,2794.398,1783273024.125
1783273025,2794.383,2794.363,2794.402,1783273025.106
1783273026,2794.397,2794.377,2794.416,1783273026.120
1783273027,2794.402,2794.383,2794.422,1783273027.106
1783273028,2794.405,2794.385,2794.424,1783273028.125
1783273029,2794.409,2794.39,2794.429,1783273029.107
1783273030,2794.414,2794.394,2794.434,1783273030.122
1783273031,2794.415,2794.395,2794.434,1783273031.109
1783273032,2794.422,2794.402,2794.442,1783273032.129
1783273033,2794.423,2794.404,2794.443,1783273033.110
1783273034,2794.443,2794.424,2794.463,1783273034.120
1783273035,2794.446,2794.427,2794.466,1783273035.107
1783273036,2794.447,2794.428,2794.467,1783273036.132
1783273037,2794.451,2794.432,2794.471,1783273037.106
1783273038,2794.457,2794.437,2794.477,1783273038.133
1783273039,2794.463,2794.444,2794.483,1783273039.107
1783273040,2794.471,2794.451,2794.49,1783273040.136
1783273041,2794.477,2794.457,2794.496,1783273041.108
1783273042,2794.479,2794.459,2794.498,1783273042.134
1783273043,2794.484,2794.464,2794.503,1783273043.112
1783273044,2794.494,2794.474,2794.513,1783273044.131
1783273045,2794.497,2794.478,2794.517,1783273045.115
1783273046,2794.498,2794.479,2794.518,1783273046.127
1783273047,2794.503,2794.483,2794.522,1783273047.112
1783273048,2794.503,2794.484,2794.523,1783273048.129
1783273049,2794.51,2794.491,2794.53,1783273049.110
1783273050,2794.512,2794.492,2794.531,1783273050.124
1783273051,2794.52,2794.5,2794.539,1783273051.105
1783273052,2794.521,2794.502,2794.541,1783273052.123
1783273053,2794.523,2794.503,2794.543,1783273053.104
1783273054,2794.525,2794.506,2794.545,1783273054.130
1783273055,2794.532,2794.513,2794.552,1783273055.108
1783273056,2794.544,2794.524,2794.563,1783273056.138
1783273057,2794.554,2794.534,2794.574,1783273057.105
1783273058,2794.564,2794.544,2794.583,1783273058.134
1783273059,2794.564,2794.545,2794.584,1783273059.113
1783273060,2794.572,2794.552,2794.591,1783273060.162
1783273061,2794.58,2794.56,2794.6,1783273061.116
1783273062,2794.589,2794.569,2794.608,1783273062.133
1783273063,2794.595,2794.575,2794.614,1783273063.119
1783273064,2794.595,2794.575,2794.614,1783273064.141
1783273065,2794.601,2794.582,2794.621,1783273065.120
1783273066,2794.603,2794.583,2794.622,1783273066.137
1783273067,2794.612,2794.592,2794.631,1783273067.128
1783273068,2794.632,2794.613,2794.652,1783273068.137
1783273069,2794.634,2794.615,2794.654,1783273069.110
1783273070,2794.634,2794.615,2794.654,1783273070.134
1783273071,2794.639,2794.62,2794.659,1783273071.105
1783273072,2794.646,2794.626,2794.665,1783273072.123
1783273073,2794.652,2794.632,2794.671,1783273073.108
1783273074,2794.658,2794.638,2794.677,1783273074.129
1783273075,2794.659,2794.639,2794.678,1783273075.114
1783273076,2794.662,2794.642,2794.681,1783273076.129
1783273077,2794.669,2794.65,2794.689,1783273077.106
1783273078,2794.681,2794.661,2794.7,1783273078.127
1783273079,2794.682,2794.662,2794.701,1783273079.102
1783273080,2794.688,2794.668,2794.707,1783273080.137
1783273081,2794.692,2794.672,2794.711,1783273081.126
1783273082,2794.693,2794.673,2794.713,1783273082.184
1783273083,2794.697,2794.677,2794.716,1783273083.164
1783273084,2794.702,2794.682,2794.721,1783273084.131
1783273085,2794.712,2794.692,2794.731,1783273085.103
1783273086,2794.713,2794.694,2794.733,1783273086.131
1783273087,2794.721,2794.701,2794.741,1783273087.111
1783273088,2794.727,2794.707,2794.746,1783273088.136
1783273089,2794.73,2794.711,2794.75,1783273089.102
1783273090,2794.739,2794.72,2794.759,1783273090.135
1783273091,2794.743,2794.724,2794.763,1783273091.117
1783273092,2794.745,2794.725,2794.765,1783273092.129
1783273093,2794.751,2794.731,2794.771,1783273093.106
1783273094,2794.756,2794.736,2794.775,1783273094.129
1783273095,2794.76,2794.74,2794.779,1783273095.110
1783273096,2794.768,2794.748,2794.788,1783273096.164
1783273097,2794.768,2794.749,2794.788,1783273097.111
1783273098,2794.771,2794.751,2794.79,1783273098.148
1783273099,2794.772,2794.752,2794.791,1783273099.108
1783273100,2794.782,2794.762,2794.802,1783273100.122
1783273101,2794.785,2794.765,2794.805,1783273101.112
1783273102,2794.798,2794.778,2794.817,1783273102.151
1783273103,2794.806,2794.787,2794.826,1783273103.111
1783273104,2794.808,2794.789,2794.828,1783273104.120
1783273105,2794.81,2794.79,2794.83,1783273105.105
1783273106,2794.822,2794.803,2794.842,1783273106.127
1783273107,2794.831,2794.811,2794.85,1783273107.112
1783273108,2794.838,2794.819,2794.858,1783273108.123
1783273109,2794.841,2794.822,2794.861,1783273109.116
1783273110,2794.844,2794.825,2794.864,1783273110.124
1783273111,2794.849,2794.829,2794.868,1783273111.107
1783273112,2794.856,2794.836,2794.876,1783273112.129
1783273113,2794.863,2794.843,2794.882,1783273113.107
1783273114,2794.867,2794.847,2794.886,1783273114.128
1783273115,2794.876,2794.857,2794.896,1783273115.108
1783273116,2794.88,2794.86,2794.9,1783273116.143
1783273117,2794.886,2794.867,2794.906,1783273117.105
1783273118,2794.887,2794.868,2794.907,1783273118.128
1783273119,2794.892,2794.872,2794.912,1783273119.106
1783273120,2794.898,2794.879,2794.918,1783273120.139
1783273121,2794.899,2794.88,2794.919,1783273121.119
1783273122,2794.901,2794.881,2794.92,1783273122.126
1783273123,2794.902,2794.882,2794.922,1783273123.111
1783273124,2794.905,2794.886,2794.925,1783273124.133
1783273125,2794.913,2794.894,2794.933,1783273125.110
1783273126,2794.917,2794.898,2794.937,1783273126.132
1783273127,2794.926,2794.907,2794.946,1783273127.100
1783273128,2794.928,2794.908,2794.948,1783273128.135
1783273129,2794.935,2794.916,2794.955,1783273129.104
1783273130,2794.936,2794.916,2794.955,1783273130.127
1783273131,2794.939,2794.919,2794.958,1783273131.110
1783273132,2794.946,2794.927,2794.966,1783273132.163
1783273133,2794.951,2794.931,2794.97,1783273133.107
1783273134,2794.958,2794.938,2794.978,1783273134.124
1783273135,2794.963,2794.944,2794.983,1783273135.103
1783273136,2794.976,2794.956,2794.995,1783273136.138
1783273137,2794.982,2794.963,2795.002,1783273137.110
1783273138,2794.989,2794.969,2795.009,1783273138.131
1783273139,2794.999,2794.979,2795.018,1783273139.105
1783273140,2794.999,2794.98,2795.019,1783273140.126
1783273141,2795.007,2794.987,2795.026,1783273141.117
1783273142,2795.012,2794.992,2795.031,1783273142.175
1783273143,2795.018,2794.999,2795.038,1783273143.130
1783273144,2795.021,2795.002,2795.041,1783273144.135
1783273145,2795.03,2795.011,2795.05,1783273145.113
1783273146,2795.037,2795.017,2795.056,1783273146.124
1783273147,2795.04,2795.021,2795.06,1783273147.123
1783273148,2795.051,2795.031,2795.071,1783273148.122
1783273149,2795.057,2795.037,2795.076,1783273149.112
1783273150,2795.057,2795.038,2795.077,1783273150.124
1783273151,2795.066,2795.047,2795.086,1783273151.107
1783273152,2795.076,2795.056,2795.095,1783273152.126
1783273153,2795.079,2795.059,2795.098,1783273153.118
1783273154,2795.083,2795.064,2795.103,1783273154.129
1783273155,2795.089,2795.069,2795.108,1783273155.113
1783273156,2795.097,2795.077,2795.116,1783273156.126
1783273157,2795.106,2795.087,2795.126,1783273157.105
1783273158,2795.11,2795.09,2795.129,1783273158.163
1783273159,2795.118,2795.099,2795.138,1783273159.110
1783273160,2795.119,2795.099,2795.138,1783273160.131
1783273161,2795.125,2795.106,2795.145,1783273161.109
1783273162,2795.128,2795.108,2795.147,1783273162.134
1783273163,2795.135,2795.115,2795.154,1783273163.107
1783273164,2795.136,2795.117,2795.156,1783273164.131
1783273165,2795.143,2795.124,2795.163,1783273165.127
1783273166,2795.147,2795.127,2795.167,1783273166.130
1783273167,2795.149,2795.129,2795.168,1783273167.122
1783273168,2795.153,2795.133,2795.173,1783273168.127
1783273169,2795.155,2795.136,2795.175,1783273169.104
1783273170,2795.158,2795.138,2795.178,1783273170.126
1783273171,2795.17,2795.151,2795.19,1783273171.111
1783273172,2795.175,2795.156,2795.195,1783273172.138
1783273173,2795.18,2795.161,2795.2,1783273173.108
1783273174,2795.187,2795.167,2795.206,1783273174.124
1783273175,2795.187,2795.168,2795.207,1783273175.108
1783273176,2795.193,2795.174,2795.213,1783273176.129
1783273177,2795.195,2795.175,2795.215,1783273177.109
1783273178,2795.207,2795.187,2795.226,1783273178.201
1783273179,2795.217,2795.198,2795.237,1783273179.127
1783273180,2795.225,2795.205,2795.244,1783273180.130
1783273181,2795.23,2795.211,2795.25,1783273181.104
1783273182,2795.236,2795.217,2795.256,1783273182.130
1783273183,2795.24,2795.221,2795.26,1783273183.114
1783273184,2795.245,2795.225,2795.264,1783273184.136
1783273185,2795.253,2795.234,2795.273,1783273185.113
1783273186,2795.268,2795.249,2795.288,1783273186.129
1783273187,2795.269,2795.249,2795.288,1783273187.108
1783273188,2795.273,2795.254,2795.293,1783273188.125
1783273189,2795.277,2795.258,2795.297,1783273189.107
1783273190,2795.281,2795.261,2795.3,1783273190.128
1783273191,2795.295,2795.275,2795.314,1783273191.121
1783273192,2795.3,2795.281,2795.32,1783273192.129
1783273193,2795.312,2795.292,2795.331,1783273193.119
1783273194,2795.313,2795.294,2795.333,1783273194.165
1783273195,2795.316,2795.297,2795.336,1783273195.113
1783273196,2795.324,2795.304,2795.343,1783273196.151
1783273197,2795.335,2795.316,2795.355,1783273197.127
1783273198,2795.336,2795.317,2795.356,1783273198.136
1783273199,2795.345,2795.326,2795.365,1783273199.108
1783273200,2795.355,2795.335,2795.374,1783273200.145
1783273201,2795.355,2795.335,2795.374,1783273201.120
1783273202,2795.367,2795.348,2795.387,1783273202.237
1783273203,2795.371,2795.352,2795.391,1783273203.500
1783273204,2795.38,2795.361,2795.4,1783273204.167
1783273205,2795.385,2795.366,2795.405,1783273205.118
1783273206,2795.387,2795.367,2795.406,1783273206.123
1783273207,2795.392,2795.373,2795.412,1783273207.117
1783273208,2795.395,2795.375,2795.415,1783273208.129
1783273209,2795.405,2795.386,2795.425,1783273209.117
1783273210,2795.409,2795.389,2795.429,1783273210.129
1783273211,2795.415,2795.395,2795.434,1783273211.113
1783273212,2795.424,2795.405,2795.444,1783273212.146
1783273213,2795.43,2795.411,2795.45,1783273213.115
1783273214,2795.439,2795.419,2795.459,1783273214.123
1783273215,2795.442,2795.423,2795.462,1783273215.107
1783273216,2795.448,2795.428,2795.467,1783273216.127
1783273217,2795.457,2795.438,2795.477,1783273217.110
1783273218,2795.46,2795.441,2795.48,1783273218.134
1783273219,2795.462,2795.442,2795.481,1783273219.112
1783273220,2795.465,2795.446,2795.485,1783273220.167
1783273221,2795.475,2795.455,2795.494,1783273221.125
1783273222,2795.488,2795.468,2795.507,1783273222.135
1783273223,2795.492,2795.473,2795.512,1783273223.116
1783273224,2795.501,2795.481,2795.52,1783273224.245
1783273225,2795.504,2795.485,2795.524,1783273225.173
1783273226,2795.513,2795.494,2795.533,1783273226.129
1783273227,2795.527,2795.507,2795.546,1783273227.114
1783273228,2795.529,2795.51,2795.549,1783273228.149
1783273229,2795.538,2795.519,2795.558,1783273229.120
1783273230,2795.549,2795.529,2795.568,1783273230.140
1783273231,2795.552,2795.532,2795.571,1783273231.115
1783273232,2795.555,2795.535,2795.575,1783273232.137
1783273233,2795.561,2795.542,2795.581,1783273233.119
1783273234,2795.565,2795.546,2795.585,1783273234.131
1783273235,2795.58,2795.56,2795.599,1783273235.107
1783273236,2795.582,2795.563,2795.602,1783273236.135
1783273237,2795.584,2795.564,2795.604,1783273237.115
1783273238,2795.586,2795.567,2795.606,1783273238.246
1783273239,2795.589,2795.569,2795.609,1783273239.118
1783273240,2795.591,2795.572,2795.611,1783273240.141
1783273241,2795.611,2795.591,2795.63,1783273241.146
1783273242,2795.613,2795.593,2795.632,1783273242.141
1783273243,2795.616,2795.596,2795.636,1783273243.114
1783273244,2795.617,2795.597,2795.637,1783273244.130
1783273245,2795.62,2795.601,2795.64,1783273245.111
1783273246,2795.622,2795.602,2795.641,1783273246.163
1783273247,2795.622,2795.603,2795.642,1783273247.113
1783273248,2795.623,2795.604,2795.643,1783273248.122
1783273249,2795.63,2795.611,2795.65,1783273249.122
1783273250,2795.634,2795.615,2795.654,1783273250.140
1783273251,2795.648,2795.628,2795.667,1783273251.120
1783273252,2795.653,2795.634,2795.673,1783273252.128
1783273253,2795.657,2795.637,2795.677,1783273253.113
1783273254,2795.66,2795.641,2795.68,1783273254.135
1783273255,2795.663,2795.643,2795.683,1783273255.115
1783273256,2795.666,2795.647,2795.686,1783273256.143
1783273257,2795.668,2795.649,2795.688,1783273257.108
1783273258,2795.681,2795.661,2795.7,1783273258.125
1783273259,2795.691,2795.671,2795.71,1783273259.112
1783273260,2795.696,2795.677,2795.716,1783273260.148
1783273261,2795.707,2795.687,2795.726,1783273261.108
1783273262,2795.716,2795.696,2795.735,1783273262.156
1783273263,2795.724,2795.704,2795.744,1783273263.137
1783273264,2795.729,2795.709,2795.749,1783273264.155
1783273265,2795.731,2795.711,2795.75,1783273265.116
1783273266,2795.737,2795.718,2795.757,1783273266.125
1783273267,2795.745,2795.725,2795.765,1783273267.127
1783273268,2795.749,2795.73,2795.769,1783273268.202
1783273269,2795.751,2795.731,2795.77,1783273269.115
1783273270,2795.751,2795.731,2795.77,1783273270.132
1783273271,2795.752,2795.733,2795.772,1783273271.109
1783273272,2795.756,2795.736,2795.775,1783273272.128
1783273273,2795.756,2795.737,2795.776,1783273273.122
1783273274,2795.766,2795.746,2795.786,1783273274.134
1783273275,2795.777,2795.757,2795.796,1783273275.116
1783273276,2795.779,2795.759,2795.798,1783273276.130
1783273277,2795.781,2795.762,2795.801,1783273277.109
1783273278,2795.785,2795.766,2795.805,1783273278.169
1783273279,2795.792,2795.773,2795.812,1783273279.116
1783273280,2795.793,2795.773,2795.813,1783273280.134
1783273281,2795.802,2795.783,2795.822,1783273281.113
1783273282,2795.806,2795.787,2795.826,1783273282.121
1783273283,2795.811,2795.791,2795.83,1783273283.115
1783273284,2795.813,2795.793,2795.832,1783273284.149
1783273285,2795.821,2795.802,2795.841,1783273285.112
1783273286,2795.837,2795.817,2795.856,1783273286.130
1783273287,2795.838,2795.818,2795.857,1783273287.123
1783273288,2795.85,2795.83,2795.869,1783273288.132
1783273289,2795.854,2795.834,2795.873,1783273289.115
1783273290,2795.855,2795.835,2795.874,1783273290.311
1783273291,2795.859,2795.839,2795.878,1783273291.119
1783273292,2795.867,2795.848,2795.887,1783273292.138
1783273293,2795.869,2795.849,2795.888,1783273293.107
1783273294,2795.877,2795.858,2795.897,1783273294.142
1783273295,2795.878,2795.858,2795.897,1783273295.122
1783273296,2795.884,2795.865,2795.904,1783273296.134
1783273297,2795.889,2795.869,2795.909,1783273297.110
1783273298,2795.898,2795.878,2795.917,1783273298.129
1783273299,2795.9,2795.881,2795.92,1783273299.115
1783273300,2795.902,2795.883,2795.922,1783273300.141
1783273301,2795.909,2795.889,2795.928,1783273301.109
1783273302,2795.915,2795.895,2795.934,1783273302.140
1783273303,2795.919,2795.899,2795.938,1783273303.110
1783273304,2795.923,2795.904,2795.943,1783273304.142
1783273305,2795.926,2795.907,2795.946,1783273305.108
1783273306,2795.931,2795.911,2795.95,1783273306.131
1783273307,2795.934,2795.915,2795.954,1783273307.114
1783273308,2795.937,2795.918,2795.957,1783273308.130
1783273309,2795.944,2795.924,2795.963,1783273309.137
1783273310,2795.952,2795.933,2795.972,1783273310.143
1783273311,2795.96,2795.94,2795.979,1783273311.112
1783273312,2795.963,2795.943,2795.982,1783273312.131
1783273313,2795.968,2795.949,2795.988,1783273313.105
1783273314,2795.977,2795.958,2795.997,1783273314.149
1783273315,2795.987,2795.967,2796.006,1783273315.112
1783273316,2795.994,2795.975,2796.014,1783273316.143
1783273317,2795.995,2795.975,2796.014,1783273317.124
1783273318,2796.001,2795.982,2796.021,1783273318.140
1783273319,2796.003,2795.984,2796.023,1783273319.109
1783273320,2796.015,2795.995,2796.034,1783273320.138
1783273321,2796.015,2795.996,2796.035,1783273321.180
1783273322,2796.017,2795.997,2796.036,1783273322.178
1783273323,2796.017,2795.998,2796.037,1783273323.120
1783273324,2796.024,2796.004,2796.043,1783273324.213
1783273325,2796.026,2796.006,2796.045,1783273325.112
1783273326,2796.03,2796.01,2796.049,1783273326.124
1783273327,2796.036,2796.016,2796.056,1783273327.113
1783273328,2796.037,2796.017,2796.056,1783273328.206
1783273329,2796.04,2796.021,2796.06,1783273329.114
1783273330,2796.056,2796.037,2796.076,1783273330.132
1783273331,2796.058,2796.038,2796.077,1783273331.119
1783273332,2796.063,2796.043,2796.083,1783273332.138
1783273333,2796.07,2796.05,2796.089,1783273333.113
1783273334,2796.071,2796.051,2796.09,1783273334.162
1783273335,2796.078,2796.059,2796.098,1783273335.108
1783273336,2796.086,2796.067,2796.106,1783273336.129
1783273337,2796.094,2796.075,2796.114,1783273337.122
1783273338,2796.095,2796.075,2796.114,1783273338.172
1783273339,2796.106,2796.086,2796.125,1783273339.115
1783273340,2796.114,2796.095,2796.134,1783273340.133
1783273341,2796.119,2796.099,2796.138,1783273341.112
1783273342,2796.123,2796.104,2796.143,1783273342.142
1783273343,2796.128,2796.109,2796.148,1783273343.112
1783273344,2796.131,2796.111,2796.15,1783273344.132
1783273345,2796.137,2796.117,2796.156,1783273345.114
1783273346,2796.147,2796.127,2796.166,1783273346.133
1783273347,2796.148,2796.129,2796.168,1783273347.110
1783273348,2796.149,2796.13,2796.169,1783273348.136
1783273349,2796.151,2796.131,2796.17,1783273349.129
1783273350,2796.158,2796.139,2796.178,1783273350.135
1783273351,2796.163,2796.143,2796.182,1783273351.113
1783273352,2796.17,2796.151,2796.19,1783273352.132
1783273353,2796.174,2796.155,2796.194,1783273353.108
1783273354,2796.176,2796.157,2796.196,1783273354.150
1783273355,2796.186,2796.167,2796.206,1783273355.110
1783273356,2796.188,2796.169,2796.208,1783273356.203
1783273357,2796.201,2796.181,2796.22,1783273357.107
1783273358,2796.215,2796.195,2796.234,1783273358.202
1783273359,2796.22,2796.201,2796.24,1783273359.113
1783273360,2796.229,2796.21,2796.249,1783273360.162
1783273361,2796.236,2796.216,2796.255,1783273361.111
1783273362,2796.241,2796.221,2796.26,1783273362.131
1783273363,2796.242,2796.223,2796.262,1783273363.116
1783273364,2796.243,2796.223,2796.262,1783273364.129
1783273365,2796.246,2796.226,2796.266,1783273365.110
1783273366,2796.247,2796.227,2796.266,1783273366.142
1783273367,2796.247,2796.227,2796.266,1783273367.117
1783273368,2796.248,2796.228,2796.267,1783273368.136
1783273369,2796.248,2796.228,2796.267,1783273369.113
1783273370,2796.249,2796.229,2796.268,1783273370.158
1783273371,2796.255,2796.235,2796.274,1783273371.134
1783273372,2796.258,2796.239,2796.278,1783273372.134
1783273373,2796.264,2796.245,2796.284,1783273373.122
1783273374,2796.267,2796.248,2796.287,1783273374.160
1783273375,2796.274,2796.254,2796.293,1783273375.112
1783273376,2796.278,2796.259,2796.298,1783273376.150
1783273377,2796.287,2796.267,2796.306,1783273377.131
1783273378,2796.297,2796.277,2796.316,1783273378.143
1783273379,2796.306,2796.286,2796.325,1783273379.136
1783273380,2796.31,2796.29,2796.329,1783273380.142
1783273381,2796.319,2796.299,2796.338,1783273381.124
1783273382,2796.327,2796.307,2796.346,1783273382.194
1783273383,2796.338,2796.318,2796.357,1783273383.246
1783273384,2796.338,2796.319,2796.358,1783273384.241
1783273385,2796.343,2796.323,2796.363,1783273385.111
1783273386,2796.358,2796.338,2796.378,1783273386.162
1783273387,2796.364,2796.345,2796.384,1783273387.126
1783273388,2796.371,2796.352,2796.391,1783273388.244
1783273389,2796.379,2796.359,2796.399,1783273389.120
1783273390,2796.384,2796.364,2796.403,1783273390.141
1783273391,2796.387,2796.367,2796.407,1783273391.124
1783273392,2796.392,2796.372,2796.412,1783273392.155
1783273393,2796.395,2796.376,2796.415,1783273393.117
1783273394,2796.406,2796.386,2796.426,1783273394.154
1783273395,2796.409,2796.389,2796.428,1783273395.119
1783273396,2796.412,2796.393,2796.432,1783273396.141
1783273397,2796.419,2796.399,2796.438,1783273397.116
1783273398,2796.425,2796.405,2796.445,1783273398.153
1783273399,2796.434,2796.414,2796.453,1783273399.111
1783273400,2796.439,2796.42,2796.459,1783273400.147
1783273401,2796.44,2796.42,2796.46,1783273401.122
1783273402,2796.445,2796.426,2796.465,1783273402.153
1783273403,2796.447,2796.428,2796.467,1783273403.117
1783273404,2796.449,2796.43,2796.469,1783273404.133
1783273405,2796.457,2796.438,2796.477,1783273405.116
1783273406,2796.46,2796.44,2796.479,1783273406.138
1783273407,2796.463,2796.443,2796.482,1783273407.117
1783273408,2796.468,2796.448,2796.487,1783273408.142
1783273409,2796.473,2796.454,2796.493,1783273409.118
1783273410,2796.478,2796.458,2796.497,1783273410.136
1783273411,2796.486,2796.466,2796.506,1783273411.116
1783273412,2796.49,2796.471,2796.51,1783273412.152
1783273413,2796.492,2796.473,2796.512,1783273413.136
1783273414,2796.497,2796.477,2796.516,1783273414.143
1783273415,2796.504,2796.484,2796.523,1783273415.125
1783273416,2796.51,2796.491,2796.53,1783273416.152
1783273417,2796.531,2796.511,2796.55,1783273417.107
1783273418,2796.533,2796.513,2796.552,1783273418.200
1783273419,2796.533,2796.514,2796.553,1783273419.117
1783273420,2796.541,2796.521,2796.56,1783273420.144
1783273421,2796.546,2796.526,2796.565,1783273421.112
1783273422,2796.547,2796.528,2796.567,1783273422.143
1783273423,2796.561,2796.542,2796.581,1783273423.119
1783273424,2796.57,2796.551,2796.59,1783273424.141
1783273425,2796.573,2796.553,2796.592,1783273425.126
1783273426,2796.585,2796.566,2796.605,1783273426.140
1783273427,2796.588,2796.568,2796.607,1783273427.116
1783273428,2796.589,2796.57,2796.609,1783273428.163
1783273429,2796.596,2796.577,2796.616,1783273429.143
1783273430,2796.597,2796.577,2796.616,1783273430.154
1783273431,2796.608,2796.588,2796.627,1783273431.114
1783273432,2796.615,2796.595,2796.634,1783273432.146
1783273433,2796.617,2796.597,2796.636,1783273433.115
1783273434,2796.618,2796.599,2796.638,1783273434.149
1783273435,2796.625,2796.605,2796.645,1783273435.111
1783273436,2796.632,2796.612,2796.651,1783273436.146
1783273437,2796.638,2796.618,2796.657,1783273437.120
1783273438,2796.642,2796.623,2796.662,1783273438.161
1783273439,2796.651,2796.632,2796.671,1783273439.123
1783273440,2796.652,2796.633,2796.672,1783273440.156
1783273441,2796.654,2796.634,2796.673,1783273441.114
1783273442,2796.657,2796.638,2796.677,1783273442.263
1783273443,2796.667,2796.647,2796.686,1783273443.112
1783273444,2796.673,2796.654,2796.693,1783273444.258
1783273445,2796.682,2796.663,2796.702,1783273445.127
1783273446,2796.69,2796.671,2796.71,1783273446.160
1783273447,2796.693,2796.674,2796.713,1783273447.117
1783273448,2796.697,2796.677,2796.716,1783273448.208
1783273449,2796.702,2796.682,2796.721,1783273449.120
1783273450,2796.708,2796.689,2796.728,1783273450.148
1783273451,2796.712,2796.693,2796.732,1783273451.129
1783273452,2796.725,2796.706,2796.745,1783273452.151
1783273453,2796.738,2796.719,2796.758,1783273453.116
1783273454,2796.743,2796.724,2796.763,1783273454.163
1783273455,2796.744,2796.724,2796.763,1783273455.135
1783273456,2796.757,2796.737,2796.777,1783273456.145
1783273457,2796.759,2796.739,2796.778,1783273457.114
1783273458,2796.765,2796.746,2796.785,1783273458.157
1783273459,2796.771,2796.752,2796.791,1783273459.118
1783273460,2796.782,2796.763,2796.802,1783273460.156
1783273461,2796.783,2796.763,2796.802,1783273461.123
1783273462,2796.785,2796.766,2796.805,1783273462.132
1783273463,2796.787,2796.767,2796.807,1783273463.114
1783273464,2796.802,2796.782,2796.821,1783273464.138
1783273465,2796.803,2796.783,2796.822,1783273465.109
1783273466,2796.808,2796.789,2796.828,1783273466.142
1783273467,2796.816,2796.796,2796.835,1783273467.108
1783273468,2796.821,2796.802,2796.841,1783273468.149
1783273469,2796.829,2796.809,2796.848,1783273469.111
1783273470,2796.834,2796.815,2796.854,1783273470.152
1783273471,2796.843,2796.823,2796.862,1783273471.119
1783273472,2796.847,2796.827,2796.866,1783273472.130
1783273473,2796.85,2796.831,2796.87,1783273473.111
1783273474,2796.861,2796.841,2796.88,1783273474.246
1783273475,2796.873,2796.853,2796.892,1783273475.117
1783273476,2796.874,2796.855,2796.894,1783273476.136
1783273477,2796.875,2796.856,2796.895,1783273477.113
1783273478,2796.878,2796.859,2796.898,1783273478.242
1783273479,2796.889,2796.869,2796.908,1783273479.117
1783273480,2796.89,2796.87,2796.91,1783273480.163
1783273481,2796.893,2796.873,2796.912,1783273481.119
1783273482,2796.898,2796.879,2796.918,1783273482.133
1783273483,2796.902,2796.882,2796.921,1783273483.130
1783273484,2796.912,2796.892,2796.931,1783273484.144
1783273485,2796.912,2796.892,2796.931,1783273485.109
1783273486,2796.922,2796.902,2796.941,1783273486.141
1783273487,2796.923,2796.904,2796.943,1783273487.131
1783273488,2796.925,2796.906,2796.945,1783273488.139
1783273489,2796.928,2796.908,2796.947,1783273489.102
1783273490,2796.935,2796.915,2796.954,1783273490.132
1783273491,2796.94,2796.92,2796.96,1783273491.112
1783273492,2796.942,2796.923,2796.962,1783273492.133
1783273493,2796.947,2796.927,2796.966,1783273493.162
1783273494,2796.958,2796.939,2796.978,1783273494.144
1783273495,2796.966,2796.946,2796.985,1783273495.120
1783273496,2796.978,2796.959,2796.998,1783273496.309
1783273497,2796.99,2796.971,2797.01,1783273497.113
1783273498,2796.999,2796.98,2797.019,1783273498.141
1783273499,2797.002,2796.982,2797.022,1783273499.110
1783273500,2797.005,2796.986,2797.025,1783273500.152
1783273501,2797.013,2796.994,2797.033,1783273501.109
1783273502,2797.024,2797.004,2797.044,1783273502.463
1783273503,2797.033,2797.014,2797.053,1783273503.135
1783273504,2797.035,2797.016,2797.055,1783273504.188
1783273505,2797.043,2797.023,2797.063,1783273505.123
1783273506,2797.045,2797.025,2797.064,1783273506.144
1783273507,2797.052,2797.033,2797.072,1783273507.115
1783273508,2797.053,2797.033,2797.072,1783273508.243
1783273509,2797.058,2797.038,2797.077,1783273509.108
1783273510,2797.059,2797.039,2797.078,1783273510.139
1783273511,2797.059,2797.04,2797.079,1783273511.109
1783273512,2797.061,2797.041,2797.081,1783273512.135
1783273513,2797.069,2797.049,2797.088,1783273513.119
1783273514,2797.072,2797.052,2797.091,1783273514.137
1783273515,2797.078,2797.058,2797.097,1783273515.118
1783273516,2797.083,2797.063,2797.102,1783273516.138
1783273517,2797.094,2797.074,2797.114,1783273517.110
1783273518,2797.099,2797.08,2797.119,1783273518.132
1783273519,2797.1,2797.08,2797.119,1783273519.111
1783273520,2797.105,2797.085,2797.125,1783273520.143
1783273521,2797.113,2797.094,2797.133,1783273521.113
1783273522,2797.117,2797.098,2797.137,1783273522.125
1783273523,2797.118,2797.099,2797.138,1783273523.110
1783273524,2797.124,2797.105,2797.144,1783273524.135
1783273525,2797.134,2797.114,2797.153,1783273525.113
1783273526,2797.148,2797.129,2797.168,1783273526.145
1783273527,2797.15,2797.13,2797.169,1783273527.117
1783273528,2797.151,2797.131,2797.171,1783273528.142
1783273529,2797.154,2797.134,2797.173,1783273529.118
1783273530,2797.161,2797.142,2797.181,1783273530.142
1783273531,2797.169,2797.15,2797.189,1783273531.116
1783273532,2797.177,2797.157,2797.196,1783273532.153
1783273533,2797.185,2797.166,2797.205,1783273533.123
1783273534,2797.191,2797.171,2797.21,1783273534.162
1783273535,2797.191,2797.172,2797.211,1783273535.163
1783273536,2797.192,2797.173,2797.212,1783273536.142
1783273537,2797.194,2797.175,2797.214,1783273537.119
1783273538,2797.201,2797.182,2797.221,1783273538.205
1783273539,2797.208,2797.188,2797.227,1783273539.121
1783273540,2797.212,2797.192,2797.231,1783273540.158
1783273541,2797.222,2797.203,2797.242,1783273541.124
1783273542,2797.238,2797.219,2797.258,1783273542.145
1783273543,2797.243,2797.224,2797.263,1783273543.130
1783273544,2797.247,2797.227,2797.266,1783273544.142
1783273545,2797.249,2797.229,2797.268,1783273545.132
1783273546,2797.252,2797.232,2797.272,1783273546.142
1783273547,2797.254,2797.235,2797.274,1783273547.124
1783273548,2797.264,2797.244,2797.283,1783273548.164
1783273549,2797.266,2797.247,2797.286,1783273549.123
1783273550,2797.274,2797.254,2797.293,1783273550.151
1783273551,2797.28,2797.261,2797.3,1783273551.117
1783273552,2797.285,2797.265,2797.305,1783273552.147
1783273553,2797.285,2797.265,2797.305,1783273553.134
1783273554,2797.288,2797.268,2797.307,1783273554.243
1783273555,2797.301,2797.281,2797.321,1783273555.135
1783273556,2797.312,2797.292,2797.331,1783273556.145
1783273557,2797.326,2797.306,2797.345,1783273557.113
1783273558,2797.326,2797.307,2797.346,1783273558.164
1783273559,2797.332,2797.312,2797.351,1783273559.204
1783273560,2797.336,2797.316,2797.355,1783273560.154
1783273561,2797.339,2797.319,2797.358,1783273561.127
1783273562,2797.341,2797.321,2797.36,1783273562.216
1783273563,2797.342,2797.322,2797.361,1783273563.132
1783273564,2797.346,2797.326,2797.366,1783273564.191
1783273565,2797.349,2797.329,2797.368,1783273565.124
1783273566,2797.356,2797.337,2797.376,1783273566.143
1783273567,2797.359,2797.34,2797.379,1783273567.118
1783273568,2797.362,2797.343,2797.382,1783273568.256
1783273569,2797.364,2797.345,2797.384,1783273569.124
1783273570,2797.373,2797.353,2797.393,1783273570.144
1783273571,2797.377,2797.357,2797.397,1783273571.117
1783273572,2797.379,2797.36,2797.399,1783273572.155
1783273573,2797.384,2797.364,2797.403,1783273573.115
1783273574,2797.386,2797.367,2797.406,1783273574.159
1783273575,2797.39,2797.37,2797.41,1783273575.120
1783273576,2797.391,2797.372,2797.411,1783273576.147
1783273577,2797.394,2797.374,2797.413,1783273577.124
1783273578,2797.404,2797.385,2797.424,1783273578.146
1783273579,2797.405,2797.385,2797.424,1783273579.119
1783273580,2797.406,2797.386,2797.426,1783273580.162
1783273581,2797.411,2797.391,2797.43,1783273581.128
1783273582,2797.422,2797.402,2797.442,1783273582.144
1783273583,2797.425,2797.405,2797.445,1783273583.124
1783273584,2797.434,2797.415,2797.454,1783273584.156
1783273585,2797.438,2797.419,2797.458,1783273585.124
1783273586,2797.442,2797.422,2797.461,1783273586.146
1783273587,2797.449,2797.43,2797.469,1783273587.126
1783273588,2797.455,2797.436,2797.475,1783273588.142
1783273589,2797.461,2797.442,2797.481,1783273589.114
1783273590,2797.465,2797.446,2797.485,1783273590.162
1783273591,2797.466,2797.446,2797.485,1783273591.128
1783273592,2797.467,2797.447,2797.486,1783273592.139
1783273593,2797.478,2797.459,2797.498,1783273593.116
1783273594,2797.491,2797.471,2797.51,1783273594.150
1783273595,2797.493,2797.473,2797.512,1783273595.123
1783273596,2797.499,2797.48,2797.519,1783273596.136
1783273597,2797.508,2797.488,2797.527,1783273597.120
1783273598,2797.51,2797.49,2797.529,1783273598.243
1783273599,2797.514,2797.494,2797.533,1783273599.124
1783273600,2797.521,2797.501,2797.54,1783273600.167
1783273601,2797.53,2797.51,2797.549,1783273601.115
1783273602,2797.537,2797.517,2797.556,1783273602.160
1783273603,2797.548,2797.529,2797.568,1783273603.161
1783273604,2797.557,2797.538,2797.577,1783273604.155
1783273605,2797.557,2797.538,2797.577,1783273605.115
1783273606,2797.564,2797.544,2797.584,1783273606.162
1783273607,2797.567,2797.547,2797.586,1783273607.116
1783273608,2797.573,2797.554,2797.593,1783273608.135
1783273609,2797.583,2797.564,2797.603,1783273609.118
1783273610,2797.591,2797.571,2797.61,1783273610.131
1783273611,2797.6,2797.581,2797.62,1783273611.112
1783273612,2797.608,2797.588,2797.627,1783273612.127
1783273613,2797.613,2797.593,2797.633,1783273613.110
1783273614,2797.616,2797.597,2797.636,1783273614.142
1783273615,2797.62,2797.6,2797.639,1783273615.118
1783273616,2797.627,2797.608,2797.647,1783273616.166
1783273617,2797.631,2797.611,2797.651,1783273617.117
1783273618,2797.634,2797.615,2797.654,1783273618.157
1783273619,2797.646,2797.626,2797.665,1783273619.116
1783273620,2797.652,2797.632,2797.671,1783273620.142
1783273621,2797.659,2797.639,2797.679,1783273621.163
1783273622,2797.672,2797.653,2797.692,1783273622.191
1783273623,2797.674,2797.655,2797.694,1783273623.112
1783273624,2797.681,2797.662,2797.701,1783273624.214
1783273625,2797.685,2797.665,2797.705,1783273625.114
1783273626,2797.694,2797.674,2797.714,1783273626.243
1783273627,2797.696,2797.677,2797.716,1783273627.107
1783273628,2797.701,2797.681,2797.72,1783273628.207
1783273629,2797.707,2797.687,2797.726,1783273629.114
1783273630,2797.708,2797.688,2797.727,1783273630.139
1783273631,2797.713,2797.694,2797.733,1783273631.114
1783273632,2797.719,2797.699,2797.739,1783273632.136
1783273633,2797.724,2797.704,2797.743,1783273633.115
1783273634,2797.724,2797.704,2797.744,1783273634.134
1783273635,2797.733,2797.713,2797.753,1783273635.110
1783273636,2797.739,2797.719,2797.758,1783273636.137
1783273637,2797.746,2797.726,2797.765,1783273637.118
1783273638,2797.749,2797.73,2797.769,1783273638.136
1783273639,2797.753,2797.734,2797.773,1783273639.111
1783273640,2797.763,2797.743,2797.782,1783273640.139
1783273641,2797.771,2797.751,2797.79,1783273641.117
1783273642,2797.774,2797.755,2797.794,1783273642.133
1783273643,2797.778,2797.758,2797.798,1783273643.113
1783273644,2797.786,2797.766,2797.805,1783273644.147
1783273645,2797.795,2797.776,2797.815,1783273645.113
1783273646,2797.8,2797.78,2797.819,1783273646.143
1783273647,2797.807,2797.787,2797.826,1783273647.113
1783273648,2797.815,2797.795,2797.834,1783273648.146
1783273649,2797.824,2797.804,2797.843,1783273649.114
1783273650,2797.828,2797.808,2797.847,1783273650.131
1783273651,2797.834,2797.814,2797.853,1783273651.115
1783273652,2797.836,2797.816,2797.855,1783273652.140
1783273653,2797.837,2797.818,2797.857,1783273653.107
1783273654,2797.846,2797.826,2797.866,1783273654.136
1783273655,2797.849,2797.83,2797.869,1783273655.108
1783273656,2797.858,2797.838,2797.878,1783273656.142
1783273657,2797.868,2797.848,2797.888,1783273657.107
1783273658,2797.869,2797.85,2797.889,1783273658.262
1783273659,2797.874,2797.854,2797.894,1783273659.111
1783273660,2797.878,2797.859,2797.898,1783273660.136
1783273661,2797.881,2797.862,2797.901,1783273661.124
1783273662,2797.885,2797.866,2797.905,1783273662.139
1783273663,2797.886,2797.866,2797.905,1783273663.115
1783273664,2797.891,2797.872,2797.911,1783273664.142
1783273665,2797.893,2797.874,2797.913,1783273665.119
1783273666,2797.894,2797.874,2797.914,1783273666.152
1783273667,2797.897,2797.877,2797.916,1783273667.123
1783273668,2797.897,2797.877,2797.916,1783273668.135
1783273669,2797.908,2797.889,2797.928,1783273669.120
1783273670,2797.909,2797.889,2797.929,1783273670.135
1783273671,2797.927,2797.907,2797.946,1783273671.116
1783273672,2797.933,2797.913,2797.952,1783273672.144
1783273673,2797.933,2797.914,2797.953,1783273673.115
1783273674,2797.948,2797.928,2797.968,1783273674.155
1783273675,2797.961,2797.941,2797.98,1783273675.127
1783273676,2797.973,2797.953,2797.992,1783273676.144
1783273677,2797.979,2797.959,2797.998,1783273677.112
1783273678,2797.979,2797.96,2797.999,1783273678.135
1783273679,2797.98,2797.96,2797.999,1783273679.122
1783273680,2797.98,2797.96,2797.999,1783273680.151
1783273681,2797.988,2797.968,2798.007,1783273681.141
1783273682,2797.995,2797.976,2798.015,1783273682.365
1783273683,2797.998,2797.978,2798.017,1783273683.150
1783273684,2797.999,2797.98,2798.019,1783273684.162
1783273685,2798.001,2797.982,2798.021,1783273685.241
1783273686,2798.002,2797.982,2798.022,1783273686.144
1783273687,2798.009,2797.989,2798.029,1783273687.111
1783273688,2798.011,2797.991,2798.03,1783273688.248
1783273689,2798.017,2797.997,2798.036,1783273689.116
1783273690,2798.023,2798.003,2798.042,1783273690.149
1783273691,2798.023,2798.003,2798.043,1783273691.114
1783273692,2798.029,2798.01,2798.049,1783273692.145
1783273693,2798.034,2798.015,2798.054,1783273693.111
1783273694,2798.036,2798.016,2798.055,1783273694.152
1783273695,2798.041,2798.021,2798.06,1783273695.113
1783273696,2798.041,2798.022,2798.061,1783273696.128
1783273697,2798.046,2798.027,2798.066,1783273697.112
1783273698,2798.056,2798.036,2798.076,1783273698.137
1783273699,2798.058,2798.039,2798.078,1783273699.128
1783273700,2798.063,2798.043,2798.082,1783273700.146
1783273701,2798.063,2798.044,2798.083,1783273701.119
1783273702,2798.064,2798.044,2798.083,1783273702.147
1783273703,2798.072,2798.052,2798.091,1783273703.114
1783273704,2798.073,2798.054,2798.093,1783273704.133
1783273705,2798.081,2798.062,2798.101,1783273705.129
1783273706,2798.09,2798.071,2798.11,1783273706.148
1783273707,2798.095,2798.076,2798.115,1783273707.129
1783273708,2798.098,2798.078,2798.117,1783273708.143
1783273709,2798.101,2798.082,2798.121,1783273709.112
1783273710,2798.105,2798.085,2798.125,1783273710.165
1783273711,2798.115,2798.095,2798.134,1783273711.129
1783273712,2798.117,2798.097,2798.137,1783273712.150
1783273713,2798.126,2798.106,2798.145,1783273713.120
1783273714,2798.129,2798.11,2798.149,1783273714.148
1783273715,2798.132,2798.113,2798.152,1783273715.118
1783273716,2798.139,2798.12,2798.159,1783273716.149
1783273717,2798.144,2798.124,2798.163,1783273717.118
1783273718,2798.152,2798.133,2798.172,1783273718.201
1783273719,2798.154,2798.134,2798.173,1783273719.123
1783273720,2798.159,2798.139,2798.178,1783273720.153
1783273721,2798.159,2798.139,2798.178,1783273721.119
1783273722,2798.163,2798.143,2798.182,1783273722.149
1783273723,2798.167,2798.148,2798.187,1783273723.163
1783273724,2798.169,2798.15,2798.189,1783273724.147
1783273725,2798.172,2798.153,2798.192,1783273725.127
1783273726,2798.18,2798.161,2798.2,1783273726.177
1783273727,2798.183,2798.164,2798.203,1783273727.128
1783273728,2798.191,2798.171,2798.21,1783273728.157
1783273729,2798.202,2798.182,2798.221,1783273729.128
1783273730,2798.212,2798.192,2798.231,1783273730.163
1783273731,2798.212,2798.193,2798.232,1783273731.120
1783273732,2798.212,2798.193,2798.232,1783273732.146
1783273733,2798.216,2798.196,2798.235,1783273733.126
1783273734,2798.219,2798.199,2798.238,1783273734.142
1783273735,2798.226,2798.206,2798.245,1783273735.124
1783273736,2798.234,2798.214,2798.253,1783273736.157
1783273737,2798.238,2798.218,2798.257,1783273737.116
1783273738,2798.25,2798.23,2798.269,1783273738.146
1783273739,2798.252,2798.232,2798.272,1783273739.129
1783273740,2798.258,2798.238,2798.277,1783273740.161
1783273741,2798.263,2798.244,2798.283,1783273741.122
1783273742,2798.275,2798.256,2798.295,1783273742.250
1783273743,2798.276,2798.256,2798.295,1783273743.163
1783273744,2798.282,2798.262,2798.302,1783273744.199
1783273745,2798.286,2798.266,2798.305,1783273745.110
1783273746,2798.292,2798.273,2798.312,1783273746.143
1783273747,2798.302,2798.282,2798.321,1783273747.112
1783273748,2798.31,2798.29,2798.33,1783273748.201
1783273749,2798.318,2798.298,2798.338,1783273749.128
1783273750,2798.319,2798.299,2798.338,1783273750.144
1783273751,2798.321,2798.302,2798.341,1783273751.125
1783273752,2798.323,2798.304,2798.343,1783273752.140
1783273753,2798.335,2798.315,2798.355,1783273753.110
1783273754,2798.339,2798.319,2798.359,1783273754.166
1783273755,2798.342,2798.322,2798.361,1783273755.118
1783273756,2798.355,2798.336,2798.375,1783273756.145
1783273757,2798.36,2798.341,2798.38,1783273757.115
1783273758,2798.369,2798.349,2798.388,1783273758.138
1783273759,2798.373,2798.353,2798.392,1783273759.114
1783273760,2798.373,2798.354,2798.393,1783273760.139
1783273761,2798.383,2798.364,2798.403,1783273761.116
1783273762,2798.387,2798.367,2798.407,1783273762.165
1783273763,2798.39,2798.37,2798.409,1783273763.124
1783273764,2798.145,2798.126,2798.165,1783273764.147
1783273765,2798.153,2798.133,2798.172,1783273765.118
1783273766,2798.156,2798.136,2798.175,1783273766.141
1783273767,2798.162,2798.142,2798.182,1783273767.104
1783273768,2798.17,2798.15,2798.189,1783273768.131
1783273769,2798.171,2798.151,2798.19,1783273769.113
1783273770,2798.171,2798.152,2798.191,1783273770.149
1783273771,2798.179,2798.16,2798.199,1783273771.120
1783273772,2798.188,2798.168,2798.207,1783273772.152
1783273773,2798.193,2798.173,2798.212,1783273773.109
1783273774,2798.194,2798.174,2798.213,1783273774.149
1783273775,2798.196,2798.177,2798.216,1783273775.112
1783273776,2798.201,2798.181,2798.221,1783273776.144
1783273777,2798.203,2798.183,2798.222,1783273777.113
1783273778,2798.21,2798.19,2798.229,1783273778.205
1783273779,2798.215,2798.195,2798.235,1783273779.117
1783273780,2798.216,2798.196,2798.236,1783273780.129
1783273781,2798.225,2798.206,2798.245,1783273781.114
1783273782,2798.229,2798.21,2798.249,1783273782.130
1783273783,2798.236,2798.216,2798.255,1783273783.109
1783273784,2798.237,2798.217,2798.257,1783273784.151
1783273785,2798.243,2798.224,2798.263,1783273785.118
1783273786,2798.245,2798.225,2798.265,1783273786.147
1783273787,2798.247,2798.227,2798.266,1783273787.104
1783273788,2798.253,2798.233,2798.272,1783273788.126
1783273789,2798.267,2798.247,2798.286,1783273789.104
1783273790,2798.272,2798.253,2798.292,1783273790.132
1783273791,2798.282,2798.262,2798.301,1783273791.116
1783273792,2798.285,2798.265,2798.304,1783273792.134
1783273793,2798.285,2798.265,2798.304,1783273793.112
1783273794,2798.286,2798.266,2798.305,1783273794.124
1783273795,2798.289,2798.269,2798.309,1783273795.113
1783273796,2798.298,2798.279,2798.318,1783273796.133
1783273797,2798.307,2798.288,2798.327,1783273797.109
1783273798,2798.313,2798.294,2798.333,1783273798.136
1783273799,2798.316,2798.297,2798.336,1783273799.115
1783273800,2798.325,2798.305,2798.345,1783273800.144
1783273801,2798.332,2798.312,2798.351,1783273801.127
1783273802,2798.343,2798.324,2798.363,1783273802.151
1783273803,2798.35,2798.33,2798.37,1783273803.254
1783273804,2798.351,2798.331,2798.37,1783273804.206
1783273805,2798.359,2798.339,2798.378,1783273805.159
1783273806,2798.362,2798.343,2798.382,1783273806.140
1783273807,2798.366,2798.346,2798.385,1783273807.120
1783273808,2798.368,2798.348,2798.387,1783273808.203
1783273809,2798.369,2798.349,2798.389,1783273809.118
1783273810,2798.369,2798.35,2798.389,1783273810.130
1783273811,2798.371,2798.351,2798.391,1783273811.127
1783273812,2798.371,2798.352,2798.391,1783273812.133
1783273813,2798.373,2798.354,2798.393,1783273813.112
1783273814,2798.374,2798.354,2798.394,1783273814.162
1783273815,2798.38,2798.36,2798.399,1783273815.126
1783273816,2798.38,2798.36,2798.399,1783273816.135
1783273817,2798.38,2798.361,2798.4,1783273817.115
1783273818,2798.385,2798.365,2798.404,1783273818.153
1783273819,2798.391,2798.371,2798.411,1783273819.109
1783273820,2798.4,2798.38,2798.419,1783273820.146
1783273821,2798.408,2798.388,2798.428,1783273821.121
1783273822,2798.409,2798.389,2798.428,1783273822.142
1783273823,2798.42,2798.401,2798.44,1783273823.113
1783273824,2798.42,2798.401,2798.44,1783273824.138
1783273825,2798.427,2798.407,2798.446,1783273825.113
1783273826,2798.431,2798.412,2798.451,1783273826.141
1783273827,2798.438,2798.419,2798.458,1783273827.106
1783273828,2798.439,2798.42,2798.459,1783273828.145
1783273829,2798.452,2798.432,2798.471,1783273829.119
1783273830,2798.459,2798.439,2798.478,1783273830.131
1783273831,2798.468,2798.448,2798.487,1783273831.114
1783273832,2798.475,2798.456,2798.495,1783273832.142
1783273833,2798.479,2798.46,2798.499,1783273833.121
1783273834,2798.489,2798.47,2798.509,1783273834.145
1783273835,2798.496,2798.477,2798.516,1783273835.111
1783273836,2798.499,2798.48,2798.519,1783273836.141
1783273837,2798.5,2798.48,2798.519,1783273837.119
1783273838,2798.503,2798.484,2798.523,1783273838.204
1783273839,2798.507,2798.488,2798.527,1783273839.110
1783273840,2798.514,2798.494,2798.534,1783273840.135
1783273841,2798.518,2798.499,2798.538,1783273841.111
1783273842,2798.521,2798.502,2798.541,1783273842.134
1783273843,2798.53,2798.511,2798.55,1783273843.110
1783273844,2798.532,2798.512,2798.552,1783273844.142
1783273845,2798.543,2798.523,2798.562,1783273845.111
1783273846,2798.556,2798.536,2798.575,1783273846.134
1783273847,2798.56,2798.541,2798.58,1783273847.111
1783273848,2798.57,2798.551,2798.59,1783273848.126
1783273849,2798.58,2798.56,2798.599,1783273849.115
1783273850,2798.584,2798.564,2798.604,1783273850.163
1783273851,2798.585,2798.566,2798.605,1783273851.113
1783273852,2798.586,2798.567,2798.606,1783273852.125
1783273853,2798.587,2798.567,2798.606,1783273853.126
1783273854,2798.587,2798.567,2798.606,1783273854.137
1783273855,2798.587,2798.568,2798.607,1783273855.116
1783273856,2798.596,2798.577,2798.616,1783273856.129
1783273857,2798.601,2798.581,2798.62,1783273857.151
1783273858,2798.603,2798.583,2798.622,1783273858.123
1783273859,2798.609,2798.589,2798.628,1783273859.125
1783273860,2798.619,2798.599,2798.638,1783273860.129
1783273861,2798.623,2798.603,2798.642,1783273861.113
1783273862,2798.63,2798.61,2798.649,1783273862.320
1783273863,2798.635,2798.615,2798.655,1783273863.193
1783273864,2798.638,2798.619,2798.658,1783273864.153
1783273865,2798.643,2798.623,2798.663,1783273865.108
1783273866,2798.646,2798.626,2798.665,1783273866.131
1783273867,2798.649,2798.63,2798.669,1783273867.103
1783273868,2798.65,2798.63,2798.67,1783273868.251
1783273869,2798.653,2798.633,2798.672,1783273869.128
1783273870,2798.654,2798.634,2798.673,1783273870.132
1783273871,2798.655,2798.636,2798.675,1783273871.115
1783273872,2798.657,2798.637,2798.676,1783273872.140
1783273873,2798.671,2798.651,2798.69,1783273873.111
1783273874,2798.677,2798.657,2798.697,1783273874.137
1783273875,2798.684,2798.664,2798.703,1783273875.106
1783273876,2798.687,2798.667,2798.707,1783273876.153
1783273877,2798.701,2798.681,2798.72,1783273877.116
1783273878,2798.701,2798.682,2798.721,1783273878.151
1783273879,2798.711,2798.691,2798.73,1783273879.126
1783273880,2798.714,2798.694,2798.733,1783273880.147
1783273881,2798.724,2798.705,2798.744,1783273881.104
1783273882,2798.728,2798.708,2798.748,1783273882.134
1783273883,2798.728,2798.709,2798.748,1783273883.108
1783273884,2798.739,2798.719,2798.759,1783273884.141
1783273885,2798.751,2798.731,2798.77,1783273885.124
1783273886,2798.754,2798.735,2798.774,1783273886.127
1783273887,2798.756,2798.736,2798.776,1783273887.123
1783273888,2798.765,2798.745,2798.784,1783273888.141
1783273889,2798.768,2798.748,2798.787,1783273889.114
1783273890,2798.773,2798.754,2798.793,1783273890.134
1783273891,2798.776,2798.756,2798.795,1783273891.116
1783273892,2798.787,2798.768,2798.807,1783273892.139
1783273893,2798.798,2798.778,2798.817,1783273893.111
1783273894,2798.813,2798.793,2798.832,1783273894.141
1783273895,2798.826,2798.806,2798.845,1783273895.124
1783273896,2798.834,2798.814,2798.854,1783273896.136
1783273897,2798.839,2798.82,2798.859,1783273897.115
1783273898,2798.844,2798.824,2798.863,1783273898.245
1783273899,2798.844,2798.825,2798.864,1783273899.111
1783273900,2798.863,2798.843,2798.883,1783273900.135
1783273901,2798.875,2798.855,2798.894,1783273901.182
1783273902,2798.886,2798.866,2798.906,1783273902.123
1783273903,2798.89,2798.87,2798.91,1783273903.155
1783273904,2798.891,2798.872,2798.911,1783273904.133
1783273905,2798.891,2798.872,2798.911,1783273905.113
1783273906,2798.894,2798.875,2798.914,1783273906.133
1783273907,2798.897,2798.877,2798.917,1783273907.114
1783273908,2798.903,2798.884,2798.923,1783273908.141
1783273909,2798.907,2798.888,2798.927,1783273909.110
1783273910,2798.909,2798.889,2798.928,1783273910.139
1783273911,2798.91,2798.891,2798.93,1783273911.113
1783273912,2798.919,2798.899,2798.938,1783273912.133
1783273913,2798.924,2798.905,2798.944,1783273913.113
1783273914,2798.925,2798.906,2798.945,1783273914.141
1783273915,2798.938,2798.919,2798.958,1783273915.108
1783273916,2798.941,2798.922,2798.961,1783273916.141
1783273917,2798.95,2798.93,2798.97,1783273917.111
1783273918,2798.963,2798.943,2798.983,1783273918.137
1783273919,2798.964,2798.944,2798.984,1783273919.131
1783273920,2798.974,2798.954,2798.993,1783273920.151
1783273921,2798.982,2798.962,2799.001,1783273921.120
1783273922,2798.989,2798.969,2799.009,1783273922.203
1783273923,2799.003,2798.983,2799.023,1783273923.175
1783273924,2799.011,2798.991,2799.031,1783273924.160
1783273925,2799.02,2799.001,2799.04,1783273925.128
1783273926,2799.03,2799.01,2799.049,1783273926.134
1783273927,2799.032,2799.012,2799.051,1783273927.118
1783273928,2799.039,2799.019,2799.058,1783273928.201
1783273929,2799.046,2799.026,2799.065,1783273929.118
1783273930,2799.05,2799.031,2799.07,1783273930.141
1783273931,2799.051,2799.032,2799.071,1783273931.115
1783273932,2799.061,2799.041,2799.081,1783273932.146
1783273933,2799.07,2799.05,2799.09,1783273933.120
1783273934,2799.073,2799.054,2799.093,1783273934.162
1783273935,2799.086,2799.066,2799.105,1783273935.127
1783273936,2799.1,2799.08,2799.119,1783273936.138
1783273937,2799.105,2799.085,2799.124,1783273937.118
1783273938,2799.109,2799.089,2799.128,1783273938.143
1783273939,2799.111,2799.092,2799.131,1783273939.125
1783273940,2799.116,2799.096,2799.135,1783273940.144
1783273941,2799.124,2799.104,2799.144,1783273941.119
1783273942,2799.13,2799.11,2799.15,1783273942.138
1783273943,2799.138,2799.119,2799.158,1783273943.115
1783273944,2799.145,2799.125,2799.164,1783273944.152
1783273945,2799.15,2799.131,2799.17,1783273945.153
1783273946,2799.154,2799.135,2799.174,1783273946.136
1783273947,2799.16,2799.14,2799.18,1783273947.112
1783273948,2799.161,2799.141,2799.181,1783273948.151
1783273949,2799.171,2799.151,2799.19,1783273949.112
1783273950,2799.174,2799.155,2799.194,1783273950.139
1783273951,2799.181,2799.161,2799.2,1783273951.116
1783273952,2799.193,2799.173,2799.212,1783273952.137
1783273953,2799.196,2799.177,2799.216,1783273953.115
1783273954,2799.202,2799.182,2799.221,1783273954.243
1783273955,2799.21,2799.191,2799.23,1783273955.130
1783273956,2799.212,2799.193,2799.232,1783273956.146
1783273957,2799.215,2799.196,2799.235,1783273957.125
1783273958,2799.231,2799.212,2799.251,1783273958.248
1783273959,2799.242,2799.223,2799.262,1783273959.126
1783273960,2799.248,2799.229,2799.268,1783273960.143
1783273961,2799.254,2799.234,2799.273,1783273961.117
1783273962,2799.257,2799.237,2799.276,1783273962.151
1783273963,2799.263,2799.243,2799.282,1783273963.123
1783273964,2799.263,2799.244,2799.283,1783273964.162
1783273965,2799.27,2799.251,2799.29,1783273965.117
1783273966,2799.273,2799.253,2799.292,1783273966.151
1783273967,2799.274,2799.254,2799.293,1783273967.113
1783273968,2799.279,2799.259,2799.299,1783273968.135
1783273969,2799.279,2799.26,2799.299,1783273969.130
1783273970,2799.297,2799.278,2799.317,1783273970.195
1783273971,2799.301,2799.281,2799.32,1783273971.191
1783273972,2799.307,2799.287,2799.326,1783273972.158
1783273973,2799.308,2799.288,2799.328,1783273973.117
1783273974,2799.31,2799.29,2799.329,1783273974.138
1783273975,2799.313,2799.294,2799.333,1783273975.120
1783273976,2799.314,2799.294,2799.333,1783273976.146
1783273977,2799.321,2799.301,2799.341,1783273977.162
1783273978,2799.326,2799.307,2799.346,1783273978.165
1783273979,2799.332,2799.313,2799.352,1783273979.118
1783273980,2799.337,2799.318,2799.357,1783273980.146
1783273981,2799.337,2799.318,2799.357,1783273981.125
1783273982,2799.343,2799.324,2799.363,1783273982.189
1783273983,2799.351,2799.331,2799.37,1783273983.157
1783273984,2799.353,2799.333,2799.372,1783273984.153
1783273985,2799.357,2799.338,2799.377,1783273985.135
1783273986,2799.37,2799.351,2799.39,1783273986.150
1783273987,2799.37,2799.351,2799.39,1783273987.116
1783273988,2799.373,2799.353,2799.392,1783273988.202
1783273989,2799.384,2799.365,2799.404,1783273989.131
1783273990,2799.389,2799.369,2799.408,1783273990.164
1783273991,2799.4,2799.38,2799.419,1783273991.129
1783273992,2799.407,2799.387,2799.427,1783273992.149
1783273993,2799.415,2799.395,2799.435,1783273993.131
1783273994,2799.419,2799.4,2799.439,1783273994.153
1783273995,2799.42,2799.401,2799.44,1783273995.136
1783273996,2799.428,2799.408,2799.448,1783273996.157
1783273997,2799.435,2799.415,2799.454,1783273997.135
1783273998,2799.441,2799.422,2799.461,1783273998.170
1783273999,2799.444,2799.425,2799.464,1783273999.119
1783274000,2799.446,2799.426,2799.465,1783274000.150
1783274001,2799.447,2799.428,2799.467,1783274001.121
1783274002,2799.449,2799.429,2799.468,1783274002.143
1783274003,2799.456,2799.437,2799.476,1783274003.123
1783274004,2799.458,2799.439,2799.478,1783274004.159
1783274005,2799.461,2799.441,2799.48,1783274005.116
1783274006,2799.465,2799.445,2799.484,1783274006.146
1783274007,2799.472,2799.452,2799.491,1783274007.118
1783274008,2799.483,2799.463,2799.502,1783274008.136
1783274009,2799.487,2799.468,2799.507,1783274009.116
1783274010,2799.489,2799.469,2799.508,1783274010.151
1783274011,2799.492,2799.472,2799.511,1783274011.133
1783274012,2799.496,2799.476,2799.516,1783274012.136
1783274013,2799.499,2799.48,2799.519,1783274013.128
1783274014,2799.501,2799.482,2799.521,1783274014.152
1783274015,2799.508,2799.489,2799.528,1783274015.118
1783274016,2799.51,2799.49,2799.529,1783274016.142
1783274017,2799.521,2799.502,2799.541,1783274017.129
1783274018,2799.529,2799.509,2799.548,1783274018.205
1783274019,2799.538,2799.519,2799.558,1783274019.118
1783274020,2799.541,2799.522,2799.561,1783274020.151
1783274021,2799.544,2799.525,2799.564,1783274021.118
1783274022,2799.547,2799.528,2799.567,1783274022.145
1783274023,2799.549,2799.53,2799.569,1783274023.116
1783274024,2799.564,2799.544,2799.583,1783274024.142
1783274025,2799.565,2799.545,2799.584,1783274025.122
1783274026,2799.573,2799.554,2799.593,1783274026.162
1783274027,2799.579,2799.56,2799.599,1783274027.165
1783274028,2799.587,2799.567,2799.606,1783274028.146
1783274029,2799.597,2799.578,2799.617,1783274029.120
1783274030,2799.608,2799.588,2799.627,1783274030.143
1783274031,2799.617,2799.597,2799.636,1783274031.113
1783274032,2799.619,2799.599,2799.638,1783274032.166
1783274033,2799.62,2799.601,2799.64,1783274033.123
1783274034,2799.635,2799.616,2799.655,1783274034.144
1783274035,2799.639,2799.62,2799.659,1783274035.115
1783274036,2799.645,2799.625,2799.665,1783274036.150
1783274037,2799.656,2799.636,2799.676,1783274037.114
1783274038,2799.656,2799.637,2799.676,1783274038.145
1783274039,2799.656,2799.637,2799.676,1783274039.125
1783274040,2799.659,2799.639,2799.679,1783274040.153
1783274041,2799.666,2799.646,2799.685,1783274041.117
1783274042,2799.667,2799.647,2799.687,1783274042.263
1783274043,2799.675,2799.655,2799.694,1783274043.135
1783274044,2799.678,2799.658,2799.698,1783274044.147
1783274045,2799.684,2799.665,2799.704,1783274045.111
1783274046,2799.686,2799.666,2799.705,1783274046.148
1783274047,2799.691,2799.672,2799.711,1783274047.127
1783274048,2799.693,2799.674,2799.713,1783274048.243
1783274049,2799.698,2799.679,2799.718,1783274049.114
1783274050,2799.708,2799.689,2799.728,1783274050.123
1783274051,2799.712,2799.692,2799.731,1783274051.108
1783274052,2799.712,2799.693,2799.732,1783274052.123
1783274053,2799.714,2799.695,2799.734,1783274053.108
1783274054,2799.721,2799.702,2799.741,1783274054.136
1783274055,2799.722,2799.702,2799.741,1783274055.116
1783274056,2799.724,2799.705,2799.744,1783274056.138
1783274057,2799.725,2799.705,2799.745,1783274057.125
1783274058,2799.74,2799.721,2799.76,1783274058.143
1783274059,2799.747,2799.727,2799.767,1783274059.109
1783274060,2799.75,2799.73,2799.77,1783274060.130
1783274061,2799.75,2799.731,2799.77,1783274061.126
1783274062,2799.757,2799.737,2799.776,1783274062.131
1783274063,2799.764,2799.744,2799.784,1783274063.117
1783274064,2799.768,2799.748,2799.787,1783274064.128
1783274065,2799.777,2799.757,2799.796,1783274065.171
1783274066,2799.781,2799.762,2799.801,1783274066.137
1783274067,2799.79,2799.77,2799.809,1783274067.139
1783274068,2799.796,2799.776,2799.816,1783274068.162
1783274069,2799.798,2799.779,2799.818,1783274069.114
1783274070,2799.8,2799.78,2799.819,1783274070.140
1783274071,2799.807,2799.787,2799.826,1783274071.115
1783274072,2799.809,2799.789,2799.829,1783274072.140
1783274073,2799.815,2799.795,2799.835,1783274073.119
1783274074,2799.824,2799.804,2799.843,1783274074.130
1783274075,2799.828,2799.809,2799.848,1783274075.111
1783274076,2799.832,2799.812,2799.852,1783274076.136
1783274077,2799.84,2799.821,2799.86,1783274077.133
1783274078,2799.848,2799.828,2799.867,1783274078.133
1783274079,2799.848,2799.828,2799.867,1783274079.118
1783274080,2799.854,2799.834,2799.873,1783274080.138
1783274081,2799.856,2799.836,2799.876,1783274081.116
1783274082,2799.862,2799.842,2799.881,1783274082.148
1783274083,2799.865,2799.845,2799.884,1783274083.132
1783274084,2799.875,2799.855,2799.894,1783274084.146
1783274085,2799.878,2799.858,2799.897,1783274085.119
1783274086,2799.88,2799.861,2799.9,1783274086.139
1783274087,2799.887,2799.868,2799.907,1783274087.115
1783274088,2799.897,2799.877,2799.916,1783274088.150
1783274089,2799.899,2799.879,2799.919,1783274089.114
1783274090,2799.912,2799.892,2799.931,1783274090.134
1783274091,2799.928,2799.908,2799.947,1783274091.111
1783274092,2799.936,2799.916,2799.955,1783274092.135
1783274093,2799.942,2799.923,2799.962,1783274093.118
1783274094,2799.949,2799.929,2799.968,1783274094.135
1783274095,2799.954,2799.934,2799.974,1783274095.116
1783274096,2799.957,2799.938,2799.977,1783274096.134
1783274097,2799.959,2799.94,2799.979,1783274097.113
1783274098,2799.979,2799.959,2799.998,1783274098.136
1783274099,2799.988,2799.969,2800.008,1783274099.114
1783274100,2799.998,2799.979,2800.018,1783274100.147
1783274101,2800.004,2799.984,2800.023,1783274101.121
1783274102,2800.01,2799.99,2800.03,1783274102.830
1783274103,2800.022,2800.002,2800.041,1783274103.212
1783274104,2800.035,2800.015,2800.054,1783274104.175
1783274105,2800.045,2800.026,2800.065,1783274105.134
1783274106,2800.047,2800.027,2800.066,1783274106.141
1783274107,2800.058,2800.038,2800.077,1783274107.170
1783274108,2800.062,2800.043,2800.082,1783274108.200
1783274109,2800.062,2800.043,2800.082,1783274109.109
1783274110,2800.068,2800.048,2800.087,1783274110.164
1783274111,2800.075,2800.055,2800.095,1783274111.111
1783274112,2800.08,2800.061,2800.1,1783274112.134
1783274113,2800.081,2800.061,2800.1,1783274113.117
1783274114,2800.088,2800.069,2800.108,1783274114.156
1783274115,2800.091,2800.072,2800.111,1783274115.111
1783274116,2800.101,2800.082,2800.121,1783274116.146
1783274117,2800.102,2800.083,2800.122,1783274117.116
1783274118,2800.108,2800.089,2800.128,1783274118.152
1783274119,2800.11,2800.091,2800.13,1783274119.114
1783274120,2800.114,2800.095,2800.134,1783274120.132
1783274121,2800.122,2800.102,2800.141,1783274121.115
1783274122,2800.129,2800.11,2800.149,1783274122.145
1783274123,2800.139,2800.12,2800.159,1783274123.116
1783274124,2800.152,2800.133,2800.172,1783274124.143
1783274125,2800.161,2800.141,2800.18,1783274125.150
1783274126,2800.169,2800.149,2800.189,1783274126.163
1783274127,2800.18,2800.161,2800.2,1783274127.117
1783274128,2800.183,2800.163,2800.202,1783274128.144
1783274129,2800.199,2800.179,2800.219,1783274129.122
1783274130,2800.21,2800.191,2800.23,1783274130.132
1783274131,2800.22,2800.201,2800.24,1783274131.112
1783274132,2800.222,2800.202,2800.242,1783274132.139
1783274133,2800.231,2800.211,2800.25,1783274133.115
1783274134,2800.232,2800.212,2800.251,1783274134.147
1783274135,2800.239,2800.219,2800.258,1783274135.111
1783274136,2800.244,2800.224,2800.264,1783274136.162
1783274137,2800.254,2800.235,2800.274,1783274137.118
1783274138,2800.265,2800.245,2800.284,1783274138.246
1783274139,2800.271,2800.251,2800.29,1783274139.115
1783274140,2800.275,2800.255,2800.294,1783274140.127
1783274141,2800.279,2800.259,2800.299,1783274141.106
1783274142,2800.281,2800.261,2800.3,1783274142.154
1783274143,2800.285,2800.266,2800.305,1783274143.120
1783274144,2800.297,2800.278,2800.317,1783274144.145
1783274145,2800.301,2800.281,2800.32,1783274145.173
1783274146,2800.314,2800.294,2800.334,1783274146.160
1783274147,2800.322,2800.302,2800.342,1783274147.138
1783274148,2800.33,2800.311,2800.35,1783274148.144
1783274149,2800.332,2800.312,2800.351,1783274149.165
1783274150,2800.343,2800.323,2800.362,1783274150.146
1783274151,2800.356,2800.337,2800.376,1783274151.118
1783274152,2800.364,2800.344,2800.383,1783274152.154
1783274153,2800.365,2800.346,2800.385,1783274153.121
1783274154,2800.372,2800.352,2800.391,1783274154.145
1783274155,2800.374,2800.354,2800.393,1783274155.199
1783274156,2800.377,2800.357,2800.396,1783274156.139
1783274157,2800.378,2800.358,2800.398,1783274157.117
1783274158,2800.38,2800.36,2800.399,1783274158.155
1783274159,2800.39,2800.371,2800.41,1783274159.122
1783274160,2800.393,2800.374,2800.413,1783274160.152
1783274161,2800.402,2800.383,2800.422,1783274161.138
1783274162,2800.406,2800.387,2800.426,1783274162.269
1783274163,2800.409,2800.39,2800.429,1783274163.139
1783274164,2800.41,2800.39,2800.429,1783274164.141
1783274165,2800.412,2800.392,2800.432,1783274165.125
1783274166,2800.427,2800.408,2800.447,1783274166.146
1783274167,2800.431,2800.411,2800.451,1783274167.125
1783274168,2800.433,2800.414,2800.453,1783274168.202
1783274169,2800.442,2800.422,2800.461,1783274169.118
1783274170,2800.443,2800.423,2800.463,1783274170.140
1783274171,2800.445,2800.425,2800.465,1783274171.117
1783274172,2800.446,2800.426,2800.466,1783274172.154
1783274173,2800.45,2800.431,2800.47,1783274173.123
1783274174,2800.455,2800.435,2800.475,1783274174.150
1783274175,2800.457,2800.438,2800.477,1783274175.162
1783274176,2800.468,2800.448,2800.488,1783274176.148
1783274177,2800.48,2800.46,2800.499,1783274177.125
1783274178,2800.48,2800.461,2800.5,1783274178.155
1783274179,2800.49,2800.47,2800.509,1783274179.121
1783274180,2800.5,2800.48,2800.519,1783274180.148
1783274181,2800.503,2800.484,2800.523,1783274181.135
1783274182,2800.508,2800.488,2800.527,1783274182.157
1783274183,2800.51,2800.491,2800.53,1783274183.116
1783274184,2800.51,2800.491,2800.53,1783274184.152
1783274185,2800.511,2800.492,2800.531,1783274185.156
1783274186,2800.512,2800.493,2800.532,1783274186.149
1783274187,2800.523,2800.503,2800.542,1783274187.119
1783274188,2800.53,2800.51,2800.549,1783274188.146
1783274189,2800.538,2800.518,2800.557,1783274189.128
1783274190,2800.541,2800.521,2800.56,1783274190.147
1783274191,2800.543,2800.523,2800.562,1783274191.124
1783274192,2800.555,2800.535,2800.575,1783274192.167
1783274193,2800.559,2800.54,2800.579,1783274193.135
1783274194,2800.565,2800.545,2800.584,1783274194.146
1783274195,2800.57,2800.551,2800.59,1783274195.130
1783274196,2800.584,2800.564,2800.604,1783274196.148
1783274197,2800.593,2800.573,2800.612,1783274197.124
1783274198,2800.595,2800.576,2800.615,1783274198.243
1783274199,2800.595,2800.576,2800.615,1783274199.117
1783274200,2800.597,2800.578,2800.617,1783274200.145
1783274201,2800.603,2800.583,2800.623,1783274201.122
1783274202,2800.606,2800.586,2800.625,1783274202.151
1783274203,2800.609,2800.589,2800.628,1783274203.120
1783274204,2800.623,2800.603,2800.643,1783274204.163
1783274205,2800.632,2800.612,2800.651,1783274205.119
1783274206,2800.633,2800.614,2800.653,1783274206.159
1783274207,2800.642,2800.622,2800.662,1783274207.124
1783274208,2800.645,2800.626,2800.665,1783274208.146
1783274209,2800.648,2800.629,2800.668,1783274209.127
1783274210,2800.659,2800.639,2800.679,1783274210.146
1783274211,2800.66,2800.64,2800.679,1783274211.118
1783274212,2800.661,2800.642,2800.681,1783274212.147
1783274213,2800.669,2800.649,2800.689,1783274213.115
1783274214,2800.674,2800.655,2800.694,1783274214.144
1783274215,2800.679,2800.66,2800.699,1783274215.118
1783274216,2800.682,2800.662,2800.701,1783274216.152
1783274217,2800.686,2800.667,2800.706,1783274217.117
1783274218,2800.689,2800.669,2800.709,1783274218.141
1783274219,2800.694,2800.675,2800.714,1783274219.112
1783274220,2800.698,2800.678,2800.718,1783274220.142
1783274221,2800.707,2800.688,2800.727,1783274221.126
1783274222,2800.713,2800.693,2800.732,1783274222.215
1783274223,2800.725,2800.706,2800.745,1783274223.150
1783274224,2800.726,2800.707,2800.746,1783274224.142
1783274225,2800.732,2800.713,2800.752,1783274225.120
1783274226,2800.734,2800.715,2800.754,1783274226.140
1783274227,2800.74,2800.72,2800.759,1783274227.119
1783274228,2800.748,2800.729,2800.768,1783274228.204
1783274229,2800.75,2800.73,2800.769,1783274229.181
1783274230,2800.761,2800.741,2800.781,1783274230.169
1783274231,2800.772,2800.752,2800.791,1783274231.121
1783274232,2800.773,2800.753,2800.793,1783274232.164
1783274233,2800.779,2800.76,2800.799,1783274233.122
1783274234,2800.782,2800.762,2800.801,1783274234.145
1783274235,2800.783,2800.763,2800.803,1783274235.123
1783274236,2800.788,2800.768,2800.807,1783274236.144
1783274237,2800.796,2800.776,2800.816,1783274237.123
1783274238,2800.807,2800.788,2800.827,1783274238.146
1783274239,2800.811,2800.792,2800.831,1783274239.115
1783274240,2800.816,2800.796,2800.835,1783274240.156
1783274241,2800.817,2800.797,2800.836,1783274241.118
1783274242,2800.819,2800.8,2800.839,1783274242.161
1783274243,2800.824,2800.804,2800.843,1783274243.163
1783274244,2800.833,2800.813,2800.853,1783274244.148
1783274245,2800.845,2800.825,2800.864,1783274245.124
1783274246,2800.854,2800.834,2800.873,1783274246.144
1783274247,2800.856,2800.836,2800.876,1783274247.110
1783274248,2800.862,2800.842,2800.881,1783274248.132
1783274249,2800.873,2800.853,2800.892,1783274249.123
1783274250,2800.881,2800.862,2800.901,1783274250.145
1783274251,2800.892,2800.872,2800.911,1783274251.125
1783274252,2800.894,2800.875,2800.914,1783274252.162
1783274253,2800.896,2800.876,2800.915,1783274253.122
1783274254,2800.899,2800.879,2800.918,1783274254.147
1783274255,2800.905,2800.885,2800.925,1783274255.113
1783274256,2800.91,2800.891,2800.93,1783274256.167
1783274257,2800.915,2800.896,2800.935,1783274257.118
1783274258,2800.917,2800.897,2800.936,1783274258.202
1783274259,2800.919,2800.9,2800.939,1783274259.120
1783274260,2800.92,2800.9,2800.94,1783274260.164
1783274261,2800.928,2800.908,2800.947,1783274261.115
1783274262,2800.93,2800.91,2800.95,1783274262.142
1783274263,2800.935,2800.916,2800.955,1783274263.122
1783274264,2800.94,2800.921,2800.96,1783274264.147
1783274265,2800.947,2800.927,2800.967,1783274265.117
1783274266,2800.947,2800.928,2800.967,1783274266.138
1783274267,2800.95,2800.93,2800.97,1783274267.122
1783274268,2800.951,2800.931,2800.971,1783274268.148
1783274269,2800.954,2800.934,2800.973,1783274269.124
1783274270,2800.957,2800.938,2800.977,1783274270.157
1783274271,2800.961,2800.942,2800.981,1783274271.132
1783274272,2800.969,2800.95,2800.989,1783274272.149
1783274273,2800.969,2800.95,2800.989,1783274273.209
1783274274,2800.973,2800.953,2800.993,1783274274.160
1783274275,2800.976,2800.956,2800.996,1783274275.126
1783274276,2800.979,2800.96,2800.999,1783274276.588
1783274277,2800.98,2800.96,2801,1783274277.126
1783274278,2800.986,2800.966,2801.005,1783274278.148
1783274279,2800.989,2800.97,2801.009,1783274279.123
1783274280,2800.991,2800.972,2801.011,1783274280.153
1783274281,2800.994,2800.975,2801.014,1783274281.123
1783274282,2801.002,2800.982,2801.022,1783274282.211
1783274283,2801.005,2800.985,2801.024,1783274283.157
1783274284,2801.006,2800.987,2801.026,1783274284.161
1783274285,2801.008,2800.989,2801.028,1783274285.136
1783274286,2801.011,2800.991,2801.031,1783274286.169
1783274287,2801.018,2800.998,2801.037,1783274287.131
1783274288,2801.028,2801.008,2801.047,1783274288.203
1783274289,2801.033,2801.013,2801.053,1783274289.120
1783274290,2801.036,2801.017,2801.056,1783274290.151
1783274291,2801.042,2801.022,2801.062,1783274291.117
1783274292,2801.046,2801.027,2801.066,1783274292.156
1783274293,2801.05,2801.03,2801.069,1783274293.117
1783274294,2801.059,2801.039,2801.079,1783274294.150
1783274295,2801.067,2801.047,2801.086,1783274295.123
1783274296,2801.067,2801.048,2801.087,1783274296.153
1783274297,2801.071,2801.052,2801.091,1783274297.128
1783274298,2801.078,2801.058,2801.097,1783274298.157
1783274299,2801.078,2801.059,2801.098,1783274299.123
1783274300,2801.078,2801.059,2801.098,1783274300.156
1783274301,2801.086,2801.067,2801.106,1783274301.126
1783274302,2801.089,2801.069,2801.108,1783274302.157
1783274303,2801.091,2801.071,2801.11,1783274303.121
1783274304,2801.1,2801.08,2801.12,1783274304.153
1783274305,2801.103,2801.084,2801.123,1783274305.118
1783274306,2801.11,2801.091,2801.13,1783274306.145
1783274307,2801.114,2801.095,2801.134,1783274307.123
1783274308,2801.13,2801.111,2801.15,1783274308.163
1783274309,2801.139,2801.12,2801.159,1783274309.136
1783274310,2801.14,2801.12,2801.16,1783274310.147
1783274311,2801.146,2801.126,2801.165,1783274311.122
1783274312,2801.152,2801.132,2801.171,1783274312.162
1783274313,2801.156,2801.137,2801.176,1783274313.122
1783274314,2801.16,2801.14,2801.18,1783274314.160
1783274315,2801.165,2801.145,2801.185,1783274315.124
1783274316,2801.168,2801.148,2801.188,1783274316.146
1783274317,2801.172,2801.152,2801.191,1783274317.160
1783274318,2801.188,2801.168,2801.207,1783274318.202
1783274319,2801.199,2801.179,2801.218,1783274319.195
1783274320,2801.21,2801.19,2801.229,1783274320.163
1783274321,2801.216,2801.196,2801.235,1783274321.116
1783274322,2801.226,2801.206,2801.245,1783274322.160
1783274323,2801.235,2801.215,2801.255,1783274323.133
1783274324,2801.241,2801.222,2801.261,1783274324.150
1783274325,2801.243,2801.224,2801.263,1783274325.162
1783274326,2801.248,2801.228,2801.268,1783274326.149
1783274327,2801.255,2801.235,2801.275,1783274327.124
1783274328,2801.261,2801.242,2801.281,1783274328.159
1783274329,2801.269,2801.25,2801.289,1783274329.128
1783274330,2801.274,2801.254,2801.293,1783274330.152
1783274331,2801.276,2801.256,2801.295,1783274331.119
1783274332,2801.284,2801.264,2801.303,1783274332.143
1783274333,2801.29,2801.27,2801.309,1783274333.122
1783274334,2801.299,2801.279,2801.319,1783274334.153
1783274335,2801.301,2801.282,2801.321,1783274335.127
1783274336,2801.309,2801.289,2801.329,1783274336.157
1783274337,2801.318,2801.299,2801.338,1783274337.125
1783274338,2801.321,2801.302,2801.341,1783274338.163
1783274339,2801.326,2801.306,2801.346,1783274339.121
1783274340,2801.327,2801.307,2801.347,1783274340.163
1783274341,2801.334,2801.314,2801.353,1783274341.124
1783274342,2801.339,2801.319,2801.359,1783274342.198
1783274343,2801.347,2801.327,2801.366,1783274343.217
1783274344,2801.354,2801.334,2801.374,1783274344.209
1783274345,2801.355,2801.336,2801.375,1783274345.130
1783274346,2801.363,2801.343,2801.382,1783274346.142
1783274347,2801.365,2801.345,2801.384,1783274347.140
1783274348,2801.37,2801.351,2801.39,1783274348.203
1783274349,2801.378,2801.358,2801.397,1783274349.122
1783274350,2801.381,2801.362,2801.401,1783274350.147
1783274351,2801.384,2801.365,2801.404,1783274351.120
1783274352,2801.386,2801.366,2801.406,1783274352.156
1783274353,2801.387,2801.367,2801.406,1783274353.119
1783274354,2801.391,2801.372,2801.411,1783274354.164
1783274355,2801.397,2801.377,2801.416,1783274355.120
1783274356,2801.402,2801.382,2801.421,1783274356.142
1783274357,2801.42,2801.401,2801.44,1783274357.122
1783274358,2801.421,2801.401,2801.44,1783274358.142
1783274359,2801.422,2801.402,2801.441,1783274359.148
1783274360,2801.424,2801.405,2801.444,1783274360.150
1783274361,2801.437,2801.417,2801.457,1783274361.134
1783274362,2801.442,2801.422,2801.461,1783274362.155
1783274363,2801.444,2801.424,2801.463,1783274363.202
1783274364,2801.444,2801.424,2801.463,1783274364.150
1783274365,2801.447,2801.428,2801.467,1783274365.196
1783274366,2801.458,2801.438,2801.477,1783274366.150
1783274367,2801.472,2801.452,2801.491,1783274367.186
1783274368,2801.482,2801.462,2801.502,1783274368.149
1783274369,2801.487,2801.467,2801.507,1783274369.128
1783274370,2801.489,2801.469,2801.509,1783274370.150
1783274371,2801.496,2801.477,2801.516,1783274371.127
1783274372,2801.501,2801.482,2801.521,1783274372.148
1783274373,2801.507,2801.488,2801.527,1783274373.124
1783274374,2801.509,2801.49,2801.529,1783274374.203
1783274375,2801.523,2801.504,2801.543,1783274375.128
1783274376,2801.528,2801.508,2801.547,1783274376.153
1783274377,2801.531,2801.511,2801.55,1783274377.117
1783274378,2801.535,2801.515,2801.554,1783274378.206
1783274379,2801.538,2801.518,2801.557,1783274379.121
1783274380,2801.539,2801.519,2801.558,1783274380.164
1783274381,2801.543,2801.523,2801.562,1783274381.123
1783274382,2801.549,2801.529,2801.568,1783274382.143
1783274383,2801.555,2801.535,2801.574,1783274383.122
1783274384,2801.56,2801.54,2801.579,1783274384.157
1783274385,2801.562,2801.542,2801.582,1783274385.138
1783274386,2801.573,2801.553,2801.592,1783274386.146
1783274387,2801.585,2801.565,2801.604,1783274387.135
1783274388,2801.59,2801.57,2801.61,1783274388.150
1783274389,2801.597,2801.578,2801.617,1783274389.126
1783274390,2801.601,2801.581,2801.62,1783274390.150
1783274391,2801.606,2801.586,2801.625,1783274391.128
1783274392,2801.608,2801.588,2801.627,1783274392.162
1783274393,2801.613,2801.594,2801.633,1783274393.162
1783274394,2801.616,2801.597,2801.636,1783274394.153
1783274395,2801.618,2801.598,2801.637,1783274395.131
1783274396,2801.618,2801.599,2801.638,1783274396.150
1783274397,2801.623,2801.603,2801.643,1783274397.126
1783274398,2801.629,2801.609,2801.649,1783274398.159
1783274399,2801.63,2801.61,2801.649,1783274399.128
1783274400,2801.645,2801.625,2801.664,1783274400.188
1783274401,2801.651,2801.631,2801.67,1783274401.148
1783274402,2801.656,2801.636,2801.676,1783274402.346
1783274403,2801.668,2801.648,2801.687,1783274403.164
1783274404,2801.678,2801.659,2801.698,1783274404.190
1783274405,2801.688,2801.668,2801.707,1783274405.178
1783274406,2801.694,2801.675,2801.714,1783274406.203
1783274407,2801.704,2801.684,2801.723,1783274407.150
1783274408,2801.707,2801.687,2801.726,1783274408.211
1783274409,2801.712,2801.692,2801.731,1783274409.222
1783274410,2801.713,2801.693,2801.733,1783274410.163
1783274411,2801.714,2801.694,2801.734,1783274411.122
1783274412,2801.717,2801.697,2801.736,1783274412.160
1783274413,2801.722,2801.703,2801.742,1783274413.128
1783274414,2801.73,2801.711,2801.75,1783274414.150
1783274415,2801.746,2801.726,2801.766,1783274415.144
1783274416,2801.755,2801.735,2801.774,1783274416.156
1783274417,2801.769,2801.749,2801.788,1783274417.134
1783274418,2801.776,2801.756,2801.796,1783274418.151
1783274419,2801.779,2801.76,2801.799,1783274419.163
1783274420,2801.788,2801.768,2801.807,1783274420.243
1783274421,2801.789,2801.77,2801.809,1783274421.131
1783274422,2801.791,2801.771,2801.81,1783274422.174
1783274423,2801.797,2801.777,2801.816,1783274423.132
1783274424,2801.806,2801.786,2801.826,1783274424.154
1783274425,2801.818,2801.798,2801.837,1783274425.135
1783274426,2801.825,2801.806,2801.845,1783274426.158
1783274427,2801.827,2801.807,2801.846,1783274427.168
1783274428,2801.842,2801.822,2801.862,1783274428.162
1783274429,2801.845,2801.825,2801.864,1783274429.129
1783274430,2801.847,2801.828,2801.867,1783274430.152
1783274431,2801.858,2801.839,2801.878,1783274431.130
1783274432,2801.863,2801.843,2801.882,1783274432.158
1783274433,2801.872,2801.853,2801.892,1783274433.124
1783274434,2801.877,2801.858,2801.897,1783274434.160
1783274435,2801.882,2801.863,2801.902,1783274435.177
1783274436,2801.886,2801.866,2801.906,1783274436.156
1783274437,2801.887,2801.867,2801.906,1783274437.125
1783274438,2801.892,2801.872,2801.912,1783274438.243
1783274439,2801.895,2801.875,2801.914,1783274439.132
1783274440,2801.897,2801.877,2801.917,1783274440.153
1783274441,2801.908,2801.889,2801.928,1783274441.133
1783274442,2801.913,2801.893,2801.932,1783274442.182
1783274443,2801.915,2801.896,2801.935,1783274443.138
1783274444,2801.921,2801.902,2801.941,1783274444.163
1783274445,2801.93,2801.91,2801.949,1783274445.130
1783274446,2801.937,2801.918,2801.957,1783274446.139
1783274447,2801.939,2801.92,2801.959,1783274447.118
1783274448,2801.946,2801.926,2801.966,1783274448.164
1783274449,2801.948,2801.929,2801.968,1783274449.122
1783274450,2801.951,2801.931,2801.97,1783274450.153
1783274451,2801.951,2801.931,2801.971,1783274451.154
1783274452,2801.954,2801.935,2801.974,1783274452.166
1783274453,2801.958,2801.939,2801.978,1783274453.152
1783274454,2801.965,2801.945,2801.985,1783274454.171
1783274455,2801.969,2801.949,2801.988,1783274455.142
1783274456,2801.975,2801.955,2801.994,1783274456.155
1783274457,2801.982,2801.962,2802.002,1783274457.144
1783274458,2801.988,2801.968,2802.008,1783274458.149
1783274459,2801.992,2801.972,2802.011,1783274459.243
1783274460,2801.997,2801.978,2802.017,1783274460.169
1783274461,2802.004,2801.984,2802.023,1783274461.162
1783274462,2802.006,2801.987,2802.026,1783274462.412
1783274463,2802.013,2801.993,2802.032,1783274463.213
1783274464,2802.023,2802.004,2802.043,1783274464.313
1783274465,2802.032,2802.013,2802.052,1783274465.141
1783274466,2802.037,2802.017,2802.057,1783274466.144
1783274467,2802.048,2802.028,2802.067,1783274467.127
1783274468,2802.05,2802.031,2802.07,1783274468.211
1783274469,2802.056,2802.037,2802.076,1783274469.137
1783274470,2802.06,2802.04,2802.079,1783274470.153
1783274471,2802.068,2802.048,2802.088,1783274471.127
1783274472,2802.071,2802.051,2802.09,1783274472.154
1783274473,2802.071,2802.051,2802.09,1783274473.145
1783274474,2802.079,2802.059,2802.099,1783274474.165
1783274475,2802.094,2802.075,2802.114,1783274475.133
1783274476,2802.105,2802.086,2802.125,1783274476.154
1783274477,2802.107,2802.087,2802.126,1783274477.123
1783274478,2802.113,2802.093,2802.133,1783274478.163
1783274479,2802.122,2802.103,2802.142,1783274479.143
1783274480,2802.127,2802.107,2802.147,1783274480.156
1783274481,2802.13,2802.11,2802.149,1783274481.223
1783274482,2802.133,2802.114,2802.153,1783274482.156
1783274483,2802.139,2802.12,2802.159,1783274483.141
1783274484,2802.147,2802.127,2802.166,1783274484.187
1783274485,2802.155,2802.135,2802.175,1783274485.137
1783274486,2802.161,2802.142,2802.181,1783274486.153
1783274487,2802.169,2802.15,2802.189,1783274487.129
1783274488,2802.175,2802.155,2802.194,1783274488.170
1783274489,2802.182,2802.162,2802.202,1783274489.141
1783274490,2802.185,2802.165,2802.205,1783274490.163
1783274491,2802.193,2802.173,2802.212,1783274491.128
1783274492,2802.201,2802.181,2802.22,1783274492.167
1783274493,2802.205,2802.185,2802.225,1783274493.140
1783274494,2802.208,2802.189,2802.228,1783274494.168
1783274495,2802.215,2802.195,2802.234,1783274495.136
1783274496,2802.216,2802.196,2802.235,1783274496.156
1783274497,2802.218,2802.198,2802.237,1783274497.139
1783274498,2802.22,2802.2,2802.24,1783274498.201
1783274499,2802.225,2802.205,2802.245,1783274499.219
1783274500,2802.234,2802.214,2802.253,1783274500.153
1783274501,2802.235,2802.215,2802.255,1783274501.128
1783274502,2802.239,2802.22,2802.259,1783274502.163
1783274503,2802.241,2802.221,2802.261,1783274503.163
1783274504,2802.244,2802.225,2802.264,1783274504.161
1783274505,2802.25,2802.23,2802.27,1783274505.128
1783274506,2802.255,2802.235,2802.274,1783274506.166
1783274507,2802.257,2802.237,2802.277,1783274507.127
1783274508,2802.261,2802.241,2802.28,1783274508.170
1783274509,2802.262,2802.243,2802.282,1783274509.136
1783274510,2802.267,2802.247,2802.286,1783274510.148
1783274511,2802.271,2802.251,2802.29,1783274511.131
1783274512,2802.274,2802.255,2802.294,1783274512.160
1783274513,2802.278,2802.259,2802.298,1783274513.162
1783274514,2802.291,2802.271,2802.311,1783274514.156
1783274515,2802.295,2802.275,2802.314,1783274515.128
1783274516,2802.297,2802.277,2802.317,1783274516.164
1783274517,2802.304,2802.284,2802.323,1783274517.127
1783274518,2802.309,2802.29,2802.329,1783274518.160
1783274519,2802.332,2802.313,2802.352,1783274519.127
1783274520,2802.344,2802.325,2802.364,1783274520.155
1783274521,2802.345,2802.325,2802.365,1783274521.141
1783274522,2802.347,2802.328,2802.367,1783274522.177
1783274523,2802.352,2802.332,2802.371,1783274523.129
1783274524,2802.358,2802.338,2802.377,1783274524.160
1783274525,2802.36,2802.34,2802.379,1783274525.130
1783274526,2802.36,2802.34,2802.38,1783274526.155
1783274527,2802.366,2802.346,2802.385,1783274527.126
1783274528,2802.372,2802.352,2802.391,1783274528.244
1783274529,2802.375,2802.355,2802.395,1783274529.162
1783274530,2802.38,2802.361,2802.4,1783274530.152
1783274531,2802.39,2802.37,2802.409,1783274531.138
1783274532,2802.393,2802.374,2802.413,1783274532.145
1783274533,2802.408,2802.388,2802.427,1783274533.135
1783274534,2802.411,2802.391,2802.431,1783274534.149
1783274535,2802.412,2802.392,2802.431,1783274535.126
1783274536,2802.42,2802.4,2802.439,1783274536.159
1783274537,2802.428,2802.409,2802.448,1783274537.149
1783274538,2802.429,2802.409,2802.448,1783274538.147
1783274539,2802.439,2802.42,2802.459,1783274539.142
1783274540,2802.442,2802.423,2802.462,1783274540.163
1783274541,2802.449,2802.43,2802.469,1783274541.154
1783274542,2802.454,2802.434,2802.473,1783274542.161
1783274543,2802.456,2802.436,2802.476,1783274543.150
1783274544,2802.461,2802.442,2802.481,1783274544.197
1783274545,2802.465,2802.446,2802.485,1783274545.214
1783274546,2802.472,2802.453,2802.492,1783274546.157
1783274547,2802.484,2802.465,2802.504,1783274547.204
1783274548,2802.497,2802.477,2802.517,1783274548.147
1783274549,2802.5,2802.48,2802.52,1783274549.129
1783274550,2802.504,2802.484,2802.524,1783274550.143
1783274551,2802.512,2802.493,2802.532,1783274551.130
1783274552,2802.52,2802.5,2802.539,1783274552.204
1783274553,2802.522,2802.502,2802.541,1783274553.126
1783274554,2802.523,2802.503,2802.542,1783274554.149
1783274555,2802.528,2802.508,2802.547,1783274555.123
1783274556,2802.539,2802.519,2802.558,1783274556.156
1783274557,2802.543,2802.523,2802.562,1783274557.130
1783274558,2802.544,2802.524,2802.563,1783274558.204
1783274559,2802.548,2802.528,2802.567,1783274559.127
1783274560,2802.552,2802.532,2802.572,1783274560.160
1783274561,2802.554,2802.534,2802.574,1783274561.126
1783274562,2802.556,2802.537,2802.576,1783274562.156
1783274563,2802.559,2802.539,2802.579,1783274563.131
1783274564,2802.56,2802.54,2802.58,1783274564.153
1783274565,2802.566,2802.546,2802.585,1783274565.129
1783274566,2802.574,2802.554,2802.593,1783274566.148
1783274567,2802.582,2802.562,2802.602,1783274567.126
1783274568,2802.591,2802.571,2802.61,1783274568.149
1783274569,2802.596,2802.577,2802.616,1783274569.126
1783274570,2802.601,2802.581,2802.62,1783274570.147
1783274571,2802.606,2802.587,2802.626,1783274571.132
1783274572,2802.612,2802.592,2802.631,1783274572.154
1783274573,2802.62,2802.6,2802.639,1783274573.132
1783274574,2802.623,2802.603,2802.642,1783274574.159
1783274575,2802.63,2802.611,2802.65,1783274575.132
1783274576,2802.638,2802.619,2802.658,1783274576.164
1783274577,2802.649,2802.629,2802.669,1783274577.132
1783274578,2802.652,2802.632,2802.671,1783274578.139
1783274579,2802.656,2802.636,2802.675,1783274579.142
1783274580,2802.661,2802.641,2802.68,1783274580.156
1783274581,2802.663,2802.643,2802.682,1783274581.162
1783274582,2802.674,2802.655,2802.694,1783274582.176
1783274583,2802.687,2802.667,2802.707,1783274583.196
1783274584,2802.694,2802.675,2802.714,1783274584.164
1783274585,2802.703,2802.683,2802.722,1783274585.141
1783274586,2802.71,2802.691,2802.73,1783274586.160
1783274587,2802.72,2802.7,2802.74,1783274587.155
1783274588,2802.721,2802.701,2802.74,1783274588.206
1783274589,2802.726,2802.707,2802.746,1783274589.243
1783274590,2802.735,2802.715,2802.754,1783274590.159
1783274591,2802.735,2802.715,2802.754,1783274591.185
1783274592,2802.738,2802.718,2802.757,1783274592.162
1783274593,2802.742,2802.723,2802.762,1783274593.128
1783274594,2802.743,2802.723,2802.763,1783274594.165
1783274595,2802.749,2802.729,2802.768,1783274595.130
1783274596,2802.754,2802.734,2802.773,1783274596.150
1783274597,2802.767,2802.747,2802.787,1783274597.132
1783274598,2802.767,2802.748,2802.787,1783274598.164
1783274599,2802.78,2802.761,2802.8,1783274599.130
1783274600,2802.789,2802.769,2802.808,1783274600.159
1783274601,2802.8,2802.78,2802.819,1783274601.131
1783274602,2802.804,2802.784,2802.823,1783274602.138
1783274603,2802.815,2802.796,2802.835,1783274603.134
1783274604,2802.819,2802.799,2802.839,1783274604.153
1783274605,2802.829,2802.809,2802.849,1783274605.130
1783274606,2802.84,2802.82,2802.86,1783274606.158
1783274607,2802.848,2802.828,2802.867,1783274607.131
1783274608,2802.85,2802.831,2802.87,1783274608.175
1783274609,2802.859,2802.84,2802.879,1783274609.127
1783274610,2802.869,2802.849,2802.889,1783274610.129
1783274611,2802.87,2802.85,2802.89,1783274611.132
1783274612,2802.872,2802.852,2802.891,1783274612.177
1783274613,2802.876,2802.856,2802.896,1783274613.131
1783274614,2802.878,2802.858,2802.898,1783274614.140
1783274615,2802.888,2802.868,2802.907,1783274615.137
1783274616,2802.889,2802.869,2802.909,1783274616.162
1783274617,2802.895,2802.876,2802.915,1783274617.136
1783274618,2802.905,2802.886,2802.925,1783274618.203
1783274619,2802.906,2802.886,2802.925,1783274619.132
1783274620,2802.916,2802.896,2802.936,1783274620.152
1783274621,2802.919,2802.9,2802.939,1783274621.138
1783274622,2802.923,2802.903,2802.943,1783274622.140
1783274623,2802.929,2802.909,2802.948,1783274623.162
1783274624,2802.936,2802.917,2802.956,1783274624.147
1783274625,2802.94,2802.921,2802.96,1783274625.150
1783274626,2802.943,2802.923,2802.962,1783274626.157
1783274627,2802.956,2802.937,2802.976,1783274627.242
1783274628,2802.959,2802.939,2802.978,1783274628.153
1783274629,2802.966,2802.946,2802.985,1783274629.133
1783274630,2802.972,2802.953,2802.992,1783274630.136
1783274631,2802.977,2802.957,2802.996,1783274631.135
1783274632,2802.985,2802.965,2803.005,1783274632.154
1783274633,2802.992,2802.972,2803.011,1783274633.136
1783274634,2802.998,2802.979,2803.018,1783274634.146
1783274635,2803.01,2802.99,2803.03,1783274635.138
1783274636,2803.013,2802.993,2803.032,1783274636.168
1783274637,2803.021,2803.001,2803.04,1783274637.136
1783274638,2803.028,2803.008,2803.047,1783274638.145
1783274639,2803.039,2803.02,2803.059,1783274639.117
1783274640,2803.05,2803.03,2803.069,1783274640.160
1783274641,2803.054,2803.034,2803.074,1783274641.136
1783274642,2803.065,2803.045,2803.084,1783274642.178
1783274643,2803.07,2803.05,2803.089,1783274643.162
1783274644,2803.074,2803.054,2803.093,1783274644.228
1783274645,2803.077,2803.057,2803.097,1783274645.137
1783274646,2803.08,2803.061,2803.1,1783274646.167
1783274647,2803.083,2803.063,2803.102,1783274647.137
1783274648,2803.097,2803.077,2803.116,1783274648.205
1783274649,2803.106,2803.087,2803.126,1783274649.140
1783274650,2803.11,2803.09,2803.129,1783274650.137
1783274651,2803.116,2803.096,2803.136,1783274651.146
1783274652,2803.116,2803.096,2803.136,1783274652.155
1783274653,2803.131,2803.111,2803.15,1783274653.143
1783274654,2803.141,2803.122,2803.161,1783274654.139
1783274655,2803.146,2803.126,2803.165,1783274655.138
1783274656,2803.149,2803.13,2803.169,1783274656.145
1783274657,2803.154,2803.135,2803.174,1783274657.119
1783274658,2803.16,2803.14,2803.179,1783274658.158
1783274659,2803.161,2803.141,2803.181,1783274659.122
1783274660,2803.161,2803.141,2803.181,1783274660.140
1783274661,2803.171,2803.151,2803.191,1783274661.157
1783274662,2803.178,2803.158,2803.197,1783274662.171
1783274663,2803.194,2803.175,2803.214,1783274663.122
1783274664,2803.205,2803.185,2803.224,1783274664.141
1783274665,2803.211,2803.191,2803.23,1783274665.117
1783274666,2803.214,2803.194,2803.234,1783274666.170
1783274667,2803.214,2803.195,2803.234,1783274667.125
1783274668,2803.227,2803.207,2803.246,1783274668.144
1783274669,2803.231,2803.211,2803.251,1783274669.166
1783274670,2803.231,2803.212,2803.251,1783274670.141
1783274671,2803.231,2803.212,2803.251,1783274671.145
1783274672,2803.238,2803.219,2803.258,1783274672.161
1783274673,2803.247,2803.227,2803.266,1783274673.115
1783274674,2803.248,2803.228,2803.268,1783274674.155
1783274675,2803.25,2803.231,2803.27,1783274675.122
1783274676,2803.256,2803.237,2803.276,1783274676.142
1783274677,2803.264,2803.245,2803.284,1783274677.123
1783274678,2803.27,2803.25,2803.289,1783274678.200
1783274679,2803.272,2803.252,2803.291,1783274679.118
1783274680,2803.277,2803.257,2803.296,1783274680.163
1783274681,2803.28,2803.26,2803.299,1783274681.124
1783274682,2803.288,2803.268,2803.307,1783274682.154
1783274683,2803.291,2803.271,2803.31,1783274683.143
1783274684,2803.293,2803.274,2803.313,1783274684.159
1783274685,2803.301,2803.281,2803.32,1783274685.136
1783274686,2803.306,2803.286,2803.325,1783274686.148
1783274687,2803.313,2803.293,2803.333,1783274687.150
1783274688,2803.319,2803.3,2803.339,1783274688.133
1783274689,2803.331,2803.311,2803.351,1783274689.124
1783274690,2803.337,2803.317,2803.357,1783274690.160
1783274691,2803.342,2803.323,2803.362,1783274691.120
1783274692,2803.346,2803.327,2803.366,1783274692.161
1783274693,2803.357,2803.337,2803.377,1783274693.129
1783274694,2803.367,2803.347,2803.386,1783274694.151
1783274695,2803.369,2803.349,2803.388,1783274695.123
1783274696,2803.386,2803.366,2803.406,1783274696.144
1783274697,2803.386,2803.367,2803.406,1783274697.131
1783274698,2803.389,2803.369,2803.408,1783274698.146
1783274699,2803.396,2803.376,2803.416,1783274699.125
1783274700,2803.398,2803.379,2803.418,1783274700.158
1783274701,2803.404,2803.384,2803.423,1783274701.133
1783274702,2803.409,2803.39,2803.429,1783274702.192
1783274703,2803.412,2803.392,2803.431,1783274703.247
1783274704,2803.417,2803.397,2803.437,1783274704.243
1783274705,2803.433,2803.414,2803.453,1783274705.151
1783274706,2803.437,2803.417,2803.456,1783274706.139
1783274707,2803.438,2803.418,2803.457,1783274707.131
1783274708,2803.439,2803.42,2803.459,1783274708.204
1783274709,2803.44,2803.42,2803.459,1783274709.124
1783274710,2803.448,2803.428,2803.468,1783274710.150
1783274711,2803.453,2803.434,2803.473,1783274711.120
1783274712,2803.461,2803.441,2803.48,1783274712.166
1783274713,2803.464,2803.445,2803.484,1783274713.131
1783274714,2803.471,2803.451,2803.49,1783274714.150
1783274715,2803.474,2803.455,2803.494,1783274715.120
1783274716,2803.479,2803.459,2803.498,1783274716.152
1783274717,2803.48,2803.46,2803.5,1783274717.149
1783274718,2803.483,2803.464,2803.503,1783274718.156
1783274719,2803.49,2803.471,2803.51,1783274719.133
1783274720,2803.493,2803.473,2803.512,1783274720.156
1783274721,2803.499,2803.479,2803.519,1783274721.165
1783274722,2803.507,2803.488,2803.527,1783274722.151
1783274723,2803.517,2803.497,2803.536,1783274723.122
1783274724,2803.52,2803.5,2803.539,1783274724.149
1783274725,2803.527,2803.508,2803.547,1783274725.111
1783274726,2803.53,2803.51,2803.55,1783274726.152
1783274727,2803.532,2803.512,2803.552,1783274727.122
1783274728,2803.538,2803.519,2803.558,1783274728.146
1783274729,2803.54,2803.521,2803.56,1783274729.132
1783274730,2803.544,2803.524,2803.563,1783274730.162
1783274731,2803.545,2803.525,2803.565,1783274731.116
1783274732,2803.559,2803.539,2803.578,1783274732.136
1783274733,2803.567,2803.547,2803.586,1783274733.130
1783274734,2803.57,2803.551,2803.59,1783274734.162
1783274735,2803.576,2803.556,2803.596,1783274735.123
1783274736,2803.577,2803.557,2803.597,1783274736.158
1783274737,2803.583,2803.563,2803.602,1783274737.130
1783274738,2803.592,2803.573,2803.612,1783274738.247
1783274739,2803.607,2803.587,2803.626,1783274739.119
1783274740,2803.612,2803.592,2803.631,1783274740.152
1783274741,2803.616,2803.597,2803.636,1783274741.122
1783274742,2803.623,2803.603,2803.642,1783274742.175
1783274743,2803.624,2803.605,2803.644,1783274743.125
1783274744,2803.638,2803.619,2803.658,1783274744.163
1783274745,2803.639,2803.619,2803.658,1783274745.254
1783274746,2803.645,2803.625,2803.665,1783274746.163
1783274747,2803.651,2803.631,2803.67,1783274747.122
1783274748,2803.653,2803.633,2803.672,1783274748.152
1783274749,2803.655,2803.636,2803.675,1783274749.117
1783274750,2803.656,2803.636,2803.676,1783274750.152
1783274751,2803.656,2803.637,2803.676,1783274751.125
1783274752,2803.657,2803.638,2803.677,1783274752.168
1783274753,2803.658,2803.638,2803.678,1783274753.206
1783274754,2803.664,2803.644,2803.684,1783274754.150
1783274755,2803.678,2803.658,2803.698,1783274755.119
1783274756,2803.688,2803.669,2803.708,1783274756.242
1783274757,2803.691,2803.672,2803.711,1783274757.162
1783274758,2803.702,2803.683,2803.722,1783274758.150
1783274759,2803.708,2803.689,2803.728,1783274759.113
1783274760,2803.716,2803.697,2803.736,1783274760.301
1783274761,2803.719,2803.7,2803.739,1783274761.132
1783274762,2803.721,2803.702,2803.741,1783274762.248
1783274763,2803.731,2803.712,2803.751,1783274763.122
1783274764,2803.734,2803.715,2803.754,1783274764.148
1783274765,2803.735,2803.715,2803.754,1783274765.121
1783274766,2803.737,2803.717,2803.756,1783274766.167
1783274767,2803.738,2803.718,2803.758,1783274767.117
1783274768,2803.749,2803.729,2803.769,1783274768.244
1783274769,2803.754,2803.734,2803.774,1783274769.114
1783274770,2803.755,2803.735,2803.775,1783274770.166
1783274771,2803.762,2803.743,2803.782,1783274771.119
1783274772,2803.767,2803.747,2803.787,1783274772.156
1783274773,2803.768,2803.748,2803.787,1783274773.117
1783274774,2803.772,2803.752,2803.791,1783274774.142
1783274775,2803.773,2803.753,2803.792,1783274775.128
1783274776,2803.777,2803.757,2803.796,1783274776.145
1783274777,2803.779,2803.759,2803.799,1783274777.117
1783274778,2803.78,2803.76,2803.799,1783274778.143
1783274779,2803.79,2803.77,2803.81,1783274779.122
1783274780,2803.791,2803.772,2803.811,1783274780.159
1783274781,2803.795,2803.775,2803.815,1783274781.124
1783274782,2803.796,2803.776,2803.816,1783274782.142
1783274783,2803.797,2803.777,2803.817,1783274783.125
1783274784,2803.798,2803.778,2803.817,1783274784.156
1783274785,2803.804,2803.785,2803.824,1783274785.124
1783274786,2803.807,2803.787,2803.827,1783274786.159
1783274787,2803.816,2803.796,2803.835,1783274787.118
1783274788,2803.816,2803.796,2803.836,1783274788.161
1783274789,2803.82,2803.8,2803.839,1783274789.117
1783274790,2803.826,2803.806,2803.846,1783274790.146
1783274791,2803.831,2803.812,2803.851,1783274791.114
1783274792,2803.834,2803.815,2803.854,1783274792.141
1783274793,2803.843,2803.823,2803.863,1783274793.129
1783274794,2803.847,2803.827,2803.866,1783274794.169
1783274795,2803.85,2803.83,2803.87,1783274795.119
1783274796,2803.851,2803.831,2803.871,1783274796.165
1783274797,2803.852,2803.832,2803.872,1783274797.117
1783274798,2803.855,2803.836,2803.875,1783274798.204
1783274799,2803.859,2803.84,2803.879,1783274799.136
1783274800,2803.869,2803.849,2803.888,1783274800.161
1783274801,2803.883,2803.863,2803.903,1783274801.127
1783274802,2803.885,2803.866,2803.905,1783274802.143
1783274803,2803.893,2803.874,2803.913,1783274803.119
1783274804,2803.9,2803.881,2803.92,1783274804.149
1783274805,2803.912,2803.892,2803.931,1783274805.127
1783274806,2803.917,2803.898,2803.937,1783274806.141
1783274807,2803.927,2803.907,2803.946,1783274807.118
1783274808,2803.94,2803.92,2803.959,1783274808.138
1783274809,2803.951,2803.932,2803.971,1783274809.123
1783274810,2803.958,2803.938,2803.978,1783274810.151
1783274811,2803.962,2803.942,2803.981,1783274811.117
1783274812,2803.969,2803.949,2803.988,1783274812.167
1783274813,2803.98,2803.961,2804,1783274813.124
1783274814,2803.989,2803.97,2804.009,1783274814.154
1783274815,2804,2803.981,2804.02,1783274815.127
1783274816,2804.001,2803.982,2804.021,1783274816.150
1783274817,2804.013,2803.994,2804.033,1783274817.121
1783274818,2804.024,2804.004,2804.043,1783274818.150
1783274819,2804.028,2804.009,2804.048,1783274819.120
1783274820,2804.032,2804.012,2804.051,1783274820.149
1783274821,2804.034,2804.014,2804.054,1783274821.121
1783274822,2804.035,2804.015,2804.055,1783274822.174
1783274823,2804.037,2804.017,2804.056,1783274823.125
1783274824,2804.044,2804.025,2804.064,1783274824.157
1783274825,2804.046,2804.026,2804.065,1783274825.126
1783274826,2804.05,2804.03,2804.069,1783274826.148
1783274827,2804.053,2804.033,2804.073,1783274827.119
1783274828,2804.058,2804.038,2804.077,1783274828.246
1783274829,2804.067,2804.048,2804.087,1783274829.126
1783274830,2804.071,2804.051,2804.091,1783274830.151
1783274831,2804.08,2804.06,2804.099,1783274831.124
1783274832,2804.084,2804.064,2804.103,1783274832.162
1783274833,2804.089,2804.069,2804.108,1783274833.121
1783274834,2804.099,2804.079,2804.118,1783274834.133
1783274835,2804.108,2804.088,2804.127,1783274835.126
1783274836,2804.11,2804.09,2804.129,1783274836.145
1783274837,2804.114,2804.094,2804.133,1783274837.124
1783274838,2804.116,2804.097,2804.136,1783274838.144
1783274839,2804.132,2804.112,2804.152,1783274839.130
1783274840,2804.143,2804.123,2804.162,1783274840.154
1783274841,2804.145,2804.125,2804.165,1783274841.126
1783274842,2804.152,2804.132,2804.171,1783274842.159
1783274843,2804.154,2804.134,2804.173,1783274843.130
1783274844,2804.157,2804.137,2804.177,1783274844.137
1783274845,2804.161,2804.141,2804.18,1783274845.132
1783274846,2804.17,2804.15,2804.189,1783274846.165
1783274847,2804.176,2804.156,2804.196,1783274847.129
1783274848,2804.18,2804.16,2804.2,1783274848.157
1783274849,2804.18,2804.161,2804.2,1783274849.118
1783274850,2804.186,2804.167,2804.206,1783274850.155
1783274851,2804.19,2804.171,2804.21,1783274851.125
1783274852,2804.197,2804.178,2804.217,1783274852.143
1783274853,2804.202,2804.182,2804.222,1783274853.120
1783274854,2804.205,2804.185,2804.225,1783274854.149
1783274855,2804.213,2804.193,2804.232,1783274855.124
1783274856,2804.218,2804.199,2804.238,1783274856.141
1783274857,2804.222,2804.202,2804.241,1783274857.135
1783274858,2804.226,2804.206,2804.245,1783274858.207
1783274859,2804.231,2804.211,2804.25,1783274859.129
1783274860,2804.243,2804.224,2804.263,1783274860.148
1783274861,2804.246,2804.227,2804.266,1783274861.114
1783274862,2804.247,2804.228,2804.267,1783274862.201
1783274863,2804.248,2804.228,2804.267,1783274863.133
1783274864,2804.254,2804.235,2804.274,1783274864.146
1783274865,2804.266,2804.247,2804.286,1783274865.132
1783274866,2804.279,2804.259,2804.298,1783274866.152
1783274867,2804.287,2804.267,2804.307,1783274867.135
1783274868,2804.289,2804.27,2804.309,1783274868.164
1783274869,2804.29,2804.271,2804.31,1783274869.143
1783274870,2804.294,2804.275,2804.314,1783274870.156
1783274871,2804.3,2804.28,2804.32,1783274871.134
1783274872,2804.307,2804.288,2804.327,1783274872.140
1783274873,2804.309,2804.289,2804.329,1783274873.124
1783274874,2804.31,2804.29,2804.329,1783274874.169
1783274875,2804.323,2804.303,2804.343,1783274875.118
1783274876,2804.338,2804.318,2804.357,1783274876.147
1783274877,2804.348,2804.328,2804.368,1783274877.128
1783274878,2804.359,2804.34,2804.379,1783274878.153
1783274879,2804.37,2804.351,2804.39,1783274879.127
1783274880,2804.377,2804.357,2804.396,1783274880.148
1783274881,2804.393,2804.373,2804.412,1783274881.134
1783274882,2804.393,2804.373,2804.412,1783274882.283
1783274883,2804.396,2804.376,2804.415,1783274883.146
1783274884,2804.4,2804.381,2804.42,1783274884.224
1783274885,2804.411,2804.391,2804.431,1783274885.151
1783274886,2804.415,2804.395,2804.435,1783274886.139
1783274887,2804.416,2804.397,2804.436,1783274887.122
1783274888,2804.426,2804.407,2804.446,1783274888.205
1783274889,2804.433,2804.414,2804.453,1783274889.136
1783274890,2804.437,2804.418,2804.457,1783274890.158
1783274891,2804.445,2804.426,2804.465,1783274891.119
1783274892,2804.449,2804.43,2804.469,1783274892.142
1783274893,2804.451,2804.432,2804.471,1783274893.118
1783274894,2804.457,2804.438,2804.477,1783274894.162
1783274895,2804.465,2804.445,2804.485,1783274895.125
1783274896,2804.471,2804.451,2804.49,1783274896.147
1783274897,2804.473,2804.453,2804.493,1783274897.121
1783274898,2804.482,2804.462,2804.501,1783274898.159
1783274899,2804.488,2804.468,2804.508,1783274899.116
1783274900,2804.498,2804.478,2804.518,1783274900.146
1783274901,2804.503,2804.483,2804.523,1783274901.124
1783274902,2804.511,2804.491,2804.531,1783274902.145
1783274903,2804.512,2804.492,2804.532,1783274903.126
1783274904,2804.518,2804.498,2804.538,1783274904.139
1783274905,2804.522,2804.502,2804.541,1783274905.142
1783274906,2804.524,2804.504,2804.544,1783274906.144
1783274907,2804.527,2804.507,2804.547,1783274907.120
1783274908,2804.539,2804.52,2804.559,1783274908.155
1783274909,2804.542,2804.523,2804.562,1783274909.130
1783274910,2804.553,2804.534,2804.573,1783274910.148
1783274911,2804.557,2804.537,2804.576,1783274911.128
1783274912,2804.56,2804.54,2804.579,1783274912.140
1783274913,2804.565,2804.546,2804.585,1783274913.128
1783274914,2804.575,2804.555,2804.594,1783274914.144
1783274915,2804.581,2804.561,2804.601,1783274915.139
1783274916,2804.581,2804.562,2804.601,1783274916.155
1783274917,2804.586,2804.566,2804.605,1783274917.164
1783274918,2804.586,2804.566,2804.606,1783274918.251
1783274919,2804.593,2804.574,2804.613,1783274919.132
1783274920,2804.594,2804.575,2804.614,1783274920.158
1783274921,2804.595,2804.575,2804.614,1783274921.117
1783274922,2804.6,2804.58,2804.619,1783274922.158
1783274923,2804.603,2804.583,2804.623,1783274923.122
1783274924,2804.604,2804.584,2804.623,1783274924.169
1783274925,2804.606,2804.587,2804.626,1783274925.134
1783274926,2804.615,2804.595,2804.635,1783274926.145
1783274927,2804.618,2804.598,2804.638,1783274927.126
1783274928,2804.625,2804.605,2804.645,1783274928.159
1783274929,2804.633,2804.613,2804.652,1783274929.131
1783274930,2804.634,2804.614,2804.654,1783274930.166
1783274931,2804.637,2804.617,2804.656,1783274931.127
1783274932,2804.655,2804.635,2804.674,1783274932.153
1783274933,2804.665,2804.645,2804.685,1783274933.125
1783274934,2804.667,2804.648,2804.687,1783274934.147
1783274935,2804.672,2804.652,2804.691,1783274935.118
1783274936,2804.677,2804.657,2804.696,1783274936.131
1783274937,2804.682,2804.662,2804.701,1783274937.140
1783274938,2804.69,2804.67,2804.709,1783274938.147
1783274939,2804.698,2804.678,2804.718,1783274939.120
1783274940,2804.7,2804.68,2804.72,1783274940.143
1783274941,2804.71,2804.69,2804.729,1783274941.125
1783274942,2804.711,2804.692,2804.731,1783274942.184
1783274943,2804.713,2804.693,2804.732,1783274943.232
1783274944,2804.715,2804.696,2804.735,1783274944.175
1783274945,2804.719,2804.7,2804.739,1783274945.126
1783274946,2804.738,2804.718,2804.757,1783274946.160
1783274947,2804.738,2804.719,2804.758,1783274947.114
1783274948,2804.74,2804.721,2804.76,1783274948.202
1783274949,2804.741,2804.722,2804.761,1783274949.118
1783274950,2804.745,2804.725,2804.765,1783274950.150
1783274951,2804.75,2804.73,2804.77,1783274951.114
1783274952,2804.753,2804.733,2804.772,1783274952.148
1783274953,2804.755,2804.736,2804.775,1783274953.118
1783274954,2804.759,2804.739,2804.778,1783274954.145
1783274955,2804.767,2804.748,2804.787,1783274955.118
1783274956,2804.773,2804.753,2804.792,1783274956.169
1783274957,2804.779,2804.759,2804.798,1783274957.118
1783274958,2804.781,2804.762,2804.801,1783274958.152
1783274959,2804.782,2804.763,2804.802,1783274959.119
1783274960,2804.783,2804.763,2804.803,1783274960.155
1783274961,2804.797,2804.777,2804.817,1783274961.127
1783274962,2804.799,2804.779,2804.818,1783274962.142
1783274963,2804.805,2804.785,2804.824,1783274963.126
1783274964,2804.812,2804.792,2804.832,1783274964.148
1783274965,2804.82,2804.8,2804.84,1783274965.127
1783274966,2804.821,2804.802,2804.841,1783274966.159
1783274967,2804.822,2804.802,2804.841,1783274967.132
1783274968,2804.831,2804.812,2804.851,1783274968.156
1783274969,2804.832,2804.813,2804.852,1783274969.119
1783274970,2804.832,2804.813,2804.852,1783274970.152
1783274971,2804.844,2804.824,2804.863,1783274971.121
1783274972,2804.852,2804.833,2804.872,1783274972.135
1783274973,2804.857,2804.838,2804.877,1783274973.118
1783274974,2804.864,2804.844,2804.884,1783274974.151
1783274975,2804.864,2804.845,2804.884,1783274975.132
1783274976,2804.865,2804.845,2804.884,1783274976.155
1783274977,2804.872,2804.852,2804.892,1783274977.121
1783274978,2804.873,2804.853,2804.893,1783274978.246
1783274979,2804.881,2804.861,2804.901,1783274979.119
1783274980,2804.886,2804.867,2804.906,1783274980.145
1783274981,2804.893,2804.874,2804.913,1783274981.125
1783274982,2804.899,2804.879,2804.918,1783274982.149
1783274983,2804.908,2804.888,2804.928,1783274983.129
1783274984,2804.914,2804.895,2804.934,1783274984.150
1783274985,2804.921,2804.901,2804.94,1783274985.120
1783274986,2804.929,2804.909,2804.948,1783274986.149
1783274987,2804.933,2804.913,2804.952,1783274987.135
1783274988,2804.938,2804.918,2804.957,1783274988.150
1783274989,2804.941,2804.922,2804.961,1783274989.122
1783274990,2804.942,2804.923,2804.962,1783274990.156
1783274991,2804.953,2804.934,2804.973,1783274991.135
1783274992,2804.964,2804.944,2804.984,1783274992.170
1783274993,2804.965,2804.945,2804.985,1783274993.123
1783274994,2804.968,2804.948,2804.988,1783274994.159
1783274995,2804.98,2804.96,2804.999,1783274995.127
1783274996,2804.98,2804.961,2805,1783274996.150
1783274997,2804.982,2804.963,2805.002,1783274997.126
1783274998,2804.984,2804.964,2805.003,1783274998.158
1783274999,2804.985,2804.965,2805.004,1783274999.125
1783275000,2804.992,2804.972,2805.011,1783275000.163
1783275001,2804.992,2804.972,2805.012,1783275001.135
1783275002,2804.996,2804.977,2805.016,1783275002.214
1783275003,2805.005,2804.985,2805.025,1783275003.159
1783275004,2805.012,2804.992,2805.031,1783275004.224
1783275005,2805.021,2805.001,2805.04,1783275005.277
1783275006,2805.032,2805.012,2805.052,1783275006.174
1783275007,2805.041,2805.021,2805.06,1783275007.125
1783275008,2805.045,2805.026,2805.065,1783275008.247
1783275009,2805.046,2805.027,2805.066,1783275009.130
1783275010,2805.052,2805.033,2805.072,1783275010.148
1783275011,2805.055,2805.035,2805.074,1783275011.118
1783275012,2805.061,2805.041,2805.08,1783275012.167
1783275013,2805.064,2805.044,2805.083,1783275013.132
1783275014,2805.07,2805.05,2805.09,1783275014.163
1783275015,2805.07,2805.05,2805.09,1783275015.123
1783275016,2805.07,2805.051,2805.09,1783275016.160
1783275017,2805.076,2805.057,2805.096,1783275017.122
1783275018,2805.08,2805.06,2805.099,1783275018.157
1783275019,2805.08,2805.06,2805.1,1783275019.126
1783275020,2805.09,2805.071,2805.11,1783275020.202
1783275021,2805.096,2805.077,2805.116,1783275021.135
1783275022,2805.104,2805.084,2805.123,1783275022.142
1783275023,2805.116,2805.097,2805.136,1783275023.129
1783275024,2805.125,2805.106,2805.145,1783275024.143
1783275025,2805.128,2805.109,2805.148,1783275025.153
1783275026,2805.136,2805.117,2805.156,1783275026.145
1783275027,2805.149,2805.129,2805.169,1783275027.128
1783275028,2805.157,2805.138,2805.177,1783275028.145
1783275029,2805.163,2805.143,2805.182,1783275029.129
1783275030,2805.167,2805.147,2805.186,1783275030.150
1783275031,2805.174,2805.155,2805.194,1783275031.128
1783275032,2805.181,2805.162,2805.201,1783275032.153
1783275033,2805.193,2805.174,2805.213,1783275033.130
1783275034,2805.202,2805.182,2805.222,1783275034.165
1783275035,2805.209,2805.19,2805.229,1783275035.129
1783275036,2805.218,2805.198,2805.237,1783275036.138
1783275037,2805.222,2805.203,2805.242,1783275037.118
1783275038,2805.236,2805.216,2805.255,1783275038.243
1783275039,2805.241,2805.222,2805.261,1783275039.133
1783275040,2805.249,2805.229,2805.269,1783275040.159
1783275041,2805.26,2805.241,2805.28,1783275041.118
1783275042,2805.265,2805.246,2805.285,1783275042.138
1783275043,2805.266,2805.246,2805.286,1783275043.119
1783275044,2805.269,2805.249,2805.288,1783275044.161
1783275045,2805.287,2805.268,2805.307,1783275045.121
1783275046,2805.295,2805.275,2805.314,1783275046.158
1783275047,2805.303,2805.284,2805.323,1783275047.127
1783275048,2805.311,2805.291,2805.33,1783275048.138
1783275049,2805.313,2805.293,2805.333,1783275049.129
1783275050,2805.323,2805.304,2805.343,1783275050.156
1783275051,2805.338,2805.318,2805.357,1783275051.137
1783275052,2805.338,2805.318,2805.358,1783275052.144
1783275053,2803.028,2803.008,2803.047,1783275053.130
1783275054,2803.033,2803.013,2803.052,1783275054.144
1783275055,2803.046,2803.026,2803.066,1783275055.122
1783275056,2803.046,2803.027,2803.066,1783275056.144
1783275057,2803.065,2803.046,2803.085,1783275057.119
1783275058,2803.071,2803.051,2803.09,1783275058.143
1783275059,2803.075,2803.056,2803.095,1783275059.125
1783275060,2803.084,2803.064,2803.103,1783275060.158
1783275061,2803.089,2803.07,2803.109,1783275061.138
1783275062,2803.094,2803.074,2803.114,1783275062.195
1783275063,2803.094,2803.074,2803.114,1783275063.206
1783275064,2803.106,2803.087,2803.126,1783275064.175
1783275065,2803.11,2803.091,2803.13,1783275065.132
1783275066,2803.116,2803.097,2803.136,1783275066.171
1783275067,2803.131,2803.111,2803.151,1783275067.141
1783275068,2803.142,2803.123,2803.162,1783275068.256
1783275069,2803.153,2803.134,2803.173,1783275069.122
1783275070,2803.156,2803.136,2803.175,1783275070.152
1783275071,2803.162,2803.143,2803.182,1783275071.118
1783275072,2803.171,2803.152,2803.191,1783275072.150
1783275073,2803.181,2803.161,2803.201,1783275073.126
1783275074,2803.185,2803.165,2803.204,1783275074.140
1783275075,2803.187,2803.167,2803.206,1783275075.119
1783275076,2803.188,2803.168,2803.207,1783275076.153
1783275077,2803.192,2803.172,2803.212,1783275077.124
1783275078,2803.199,2803.179,2803.218,1783275078.143
1783275079,2803.2,2803.181,2803.22,1783275079.131
1783275080,2803.202,2803.182,2803.221,1783275080.147
1783275081,2803.205,2803.185,2803.224,1783275081.127
1783275082,2803.213,2803.194,2803.233,1783275082.154
1783275083,2803.214,2803.194,2803.234,1783275083.126
1783275084,2803.218,2803.198,2803.237,1783275084.144
1783275085,2803.218,2803.198,2803.238,1783275085.130
1783275086,2803.221,2803.201,2803.241,1783275086.155
1783275087,2803.23,2803.21,2803.249,1783275087.122
1783275088,2803.235,2803.215,2803.254,1783275088.147
1783275089,2803.235,2803.216,2803.255,1783275089.116
1783275090,2803.243,2803.223,2803.263,1783275090.148
1783275091,2803.244,2803.224,2803.264,1783275091.130
1783275092,2803.244,2803.225,2803.264,1783275092.140
1783275093,2803.248,2803.229,2803.268,1783275093.136
1783275094,2803.26,2803.24,2803.279,1783275094.164
1783275095,2803.262,2803.242,2803.282,1783275095.124
1783275096,2803.266,2803.246,2803.285,1783275096.142
1783275097,2803.266,2803.246,2803.286,1783275097.126
1783275098,2803.27,2803.251,2803.29,1783275098.248
1783275099,2803.273,2803.254,2803.293,1783275099.122
1783275100,2803.276,2803.257,2803.296,1783275100.164
1783275101,2803.284,2803.265,2803.304,1783275101.117
1783275102,2803.289,2803.27,2803.309,1783275102.147
1783275103,2803.291,2803.271,2803.311,1783275103.133
1783275104,2803.292,2803.272,2803.312,1783275104.156
1783275105,2803.306,2803.286,2803.326,1783275105.117
1783275106,2803.31,2803.29,2803.329,1783275106.160
1783275107,2803.312,2803.293,2803.332,1783275107.118
1783275108,2803.323,2803.303,2803.342,1783275108.146
1783275109,2803.325,2803.305,2803.344,1783275109.116
1783275110,2803.332,2803.312,2803.351,1783275110.144
1783275111,2803.338,2803.318,2803.358,1783275111.126
1783275112,2803.342,2803.323,2803.362,1783275112.144
1783275113,2803.352,2803.333,2803.372,1783275113.122
1783275114,2803.357,2803.337,2803.377,1783275114.141
1783275115,2803.361,2803.342,2803.381,1783275115.123
1783275116,2803.371,2803.351,2803.391,1783275116.146
1783275117,2803.382,2803.363,2803.402,1783275117.117
1783275118,2803.391,2803.372,2803.411,1783275118.145
1783275119,2803.403,2803.383,2803.422,1783275119.125
1783275120,2803.403,2803.383,2803.423,1783275120.149
1783275121,2803.42,2803.401,2803.44,1783275121.119
1783275122,2803.425,2803.405,2803.444,1783275122.188
1783275123,2803.426,2803.407,2803.446,1783275123.202
1783275124,2803.43,2803.41,2803.449,1783275124.172
1783275125,2803.431,2803.411,2803.45,1783275125.122
1783275126,2803.432,2803.412,2803.452,1783275126.164
1783275127,2803.435,2803.415,2803.454,1783275127.128
1783275128,2803.439,2803.419,2803.458,1783275128.244
1783275129,2803.446,2803.426,2803.465,1783275129.125
1783275130,2803.452,2803.432,2803.472,1783275130.145
1783275131,2803.453,2803.433,2803.472,1783275131.125
1783275132,2803.456,2803.436,2803.476,1783275132.146
1783275133,2803.46,2803.44,2803.479,1783275133.123
1783275134,2803.467,2803.447,2803.486,1783275134.156
1783275135,2803.483,2803.463,2803.503,1783275135.122
1783275136,2803.484,2803.464,2803.504,1783275136.165
1783275137,2803.489,2803.47,2803.509,1783275137.133
1783275138,2803.489,2803.47,2803.509,1783275138.151
1783275139,2803.497,2803.477,2803.516,1783275139.125
1783275140,2803.499,2803.48,2803.519,1783275140.154
1783275141,2803.514,2803.494,2803.533,1783275141.120
1783275142,2803.514,2803.495,2803.534,1783275142.164
1783275143,2803.517,2803.497,2803.537,1783275143.134
1783275144,2803.52,2803.501,2803.54,1783275144.155
1783275145,2803.529,2803.509,2803.548,1783275145.132
1783275146,2803.533,2803.514,2803.553,1783275146.177
1783275147,2803.534,2803.515,2803.554,1783275147.129
1783275148,2803.537,2803.517,2803.557,1783275148.164
1783275149,2803.538,2803.518,2803.557,1783275149.130
1783275150,2803.543,2803.523,2803.563,1783275150.150
1783275151,2803.555,2803.536,2803.575,1783275151.133
1783275152,2803.568,2803.549,2803.588,1783275152.156
1783275153,2803.57,2803.55,2803.589,1783275153.127
1783275154,2803.571,2803.552,2803.591,1783275154.146
1783275155,2803.578,2803.558,2803.597,1783275155.140
1783275156,2803.579,2803.559,2803.598,1783275156.151
1783275157,2803.581,2803.561,2803.601,1783275157.124
1783275158,2803.583,2803.563,2803.603,1783275158.157
1783275159,2803.589,2803.57,2803.609,1783275159.224
1783275160,2803.592,2803.573,2803.612,1783275160.136
1783275161,2803.594,2803.574,2803.613,1783275161.116
1783275162,2803.602,2803.582,2803.622,1783275162.165
1783275163,2803.608,2803.588,2803.627,1783275163.122
1783275164,2803.611,2803.591,2803.63,1783275164.140
1783275165,2803.614,2803.594,2803.633,1783275165.123
1783275166,2803.623,2803.603,2803.643,1783275166.147
1783275167,2803.626,2803.607,2803.646,1783275167.128
1783275168,2803.642,2803.622,2803.661,1783275168.162
1783275169,2803.642,2803.623,2803.662,1783275169.122
1783275170,2803.644,2803.624,2803.663,1783275170.155
1783275171,2803.654,2803.634,2803.673,1783275171.138
1783275172,2803.659,2803.639,2803.678,1783275172.166
1783275173,2803.662,2803.642,2803.682,1783275173.121
1783275174,2803.671,2803.651,2803.691,1783275174.140
1783275175,2803.674,2803.655,2803.694,1783275175.120
1783275176,2803.68,2803.66,2803.7,1783275176.144
1783275177,2803.686,2803.666,2803.706,1783275177.127
1783275178,2803.691,2803.671,2803.71,1783275178.149
1783275179,2803.694,2803.674,2803.713,1783275179.120
1783275180,2803.696,2803.677,2803.716,1783275180.172
1783275181,2803.7,2803.68,2803.72,1783275181.133
1783275182,2803.702,2803.682,2803.721,1783275182.251
1783275183,2803.705,2803.685,2803.724,1783275183.121
1783275184,2803.715,2803.696,2803.735,1783275184.162
1783275185,2803.719,2803.699,2803.738,1783275185.128
1783275186,2803.724,2803.704,2803.743,1783275186.161
1783275187,2803.728,2803.708,2803.748,1783275187.119
1783275188,2803.735,2803.715,2803.755,1783275188.245
1783275189,2803.747,2803.728,2803.767,1783275189.121
1783275190,2803.75,2803.73,2803.769,1783275190.139
1783275191,2803.755,2803.736,2803.775,1783275191.122
1783275192,2803.764,2803.744,2803.783,1783275192.156
1783275193,2803.77,2803.75,2803.789,1783275193.122
1783275194,2803.775,2803.756,2803.795,1783275194.155
1783275195,2803.782,2803.763,2803.802,1783275195.118
1783275196,2803.789,2803.77,2803.809,1783275196.146
1783275197,2803.793,2803.773,2803.813,1783275197.117
1783275198,2803.81,2803.79,2803.829,1783275198.135
1783275199,2803.813,2803.793,2803.832,1783275199.132
1783275200,2803.818,2803.798,2803.837,1783275200.165
1783275201,2803.818,2803.799,2803.838,1783275201.124
1783275202,2803.826,2803.806,2803.846,1783275202.150
1783275203,2803.832,2803.812,2803.852,1783275203.124
1783275204,2803.84,2803.82,2803.859,1783275204.154
1783275205,2803.841,2803.821,2803.861,1783275205.127
1783275206,2803.844,2803.824,2803.864,1783275206.155
1783275207,2803.848,2803.829,2803.868,1783275207.140
1783275208,2803.851,2803.831,2803.871,1783275208.162
1783275209,2803.853,2803.833,2803.872,1783275209.132
1783275210,2803.858,2803.838,2803.877,1783275210.145
1783275211,2803.858,2803.839,2803.878,1783275211.120
1783275212,2803.861,2803.841,2803.88,1783275212.144
1783275213,2803.868,2803.849,2803.888,1783275213.128
1783275214,2803.874,2803.855,2803.894,1783275214.149
1783275215,2803.88,2803.86,2803.9,1783275215.120
1783275216,2803.885,2803.866,2803.905,1783275216.155
1783275217,2803.901,2803.881,2803.92,1783275217.122
1783275218,2803.908,2803.888,2803.928,1783275218.203
1783275219,2803.916,2803.896,2803.936,1783275219.125
1783275220,2803.918,2803.899,2803.938,1783275220.146
1783275221,2803.925,2803.906,2803.945,1783275221.126
1783275222,2803.931,2803.911,2803.951,1783275222.170
1783275223,2803.937,2803.917,2803.956,1783275223.127
1783275224,2803.938,2803.918,2803.957,1783275224.162
1783275225,2803.938,2803.919,2803.958,1783275225.132
1783275226,2803.946,2803.926,2803.965,1783275226.157
1783275227,2803.949,2803.93,2803.969,1783275227.127
1783275228,2803.956,2803.937,2803.976,1783275228.248
1783275229,2803.961,2803.941,2803.98,1783275229.120
1783275230,2803.971,2803.951,2803.99,1783275230.146
1783275231,2803.976,2803.956,2803.995,1783275231.122
1783275232,2803.983,2803.964,2804.003,1783275232.149
1783275233,2803.991,2803.971,2804.01,1783275233.127
1783275234,2804.006,2803.987,2804.026,1783275234.147
1783275235,2804.015,2803.995,2804.035,1783275235.176
1783275236,2804.016,2803.996,2804.036,1783275236.153
1783275237,2804.027,2804.007,2804.046,1783275237.124
1783275238,2804.027,2804.007,2804.047,1783275238.149
1783275239,2804.028,2804.009,2804.048,1783275239.132
1783275240,2804.033,2804.013,2804.053,1783275240.162
1783275241,2804.037,2804.017,2804.056,1783275241.120
1783275242,2804.041,2804.021,2804.061,1783275242.203
1783275243,2804.048,2804.028,2804.067,1783275243.178
1783275244,2804.048,2804.028,2804.068,1783275244.167
1783275245,2804.054,2804.034,2804.074,1783275245.158
1783275246,2804.059,2804.04,2804.079,1783275246.162
1783275247,2804.065,2804.045,2804.085,1783275247.117
1783275248,2804.073,2804.054,2804.093,1783275248.141
1783275249,2804.076,2804.057,2804.096,1783275249.115
1783275250,2804.077,2804.058,2804.097,1783275250.162
1783275251,2804.085,2804.066,2804.105,1783275251.118
1783275252,2804.096,2804.076,2804.116,1783275252.156
1783275253,2804.097,2804.077,2804.117,1783275253.119
1783275254,2804.1,2804.081,2804.12,1783275254.136
1783275255,2804.11,2804.09,2804.129,1783275255.144
1783275256,2804.116,2804.096,2804.135,1783275256.154
1783275257,2804.119,2804.1,2804.139,1783275257.115
1783275258,2804.123,2804.103,2804.143,1783275258.155
1783275259,2804.125,2804.105,2804.144,1783275259.125
1783275260,2804.133,2804.113,2804.152,1783275260.151
1783275261,2804.144,2804.124,2804.163,1783275261.117
1783275262,2804.153,2804.133,2804.172,1783275262.157
1783275263,2804.161,2804.141,2804.18,1783275263.124
1783275264,2804.17,2804.15,2804.189,1783275264.148
1783275265,2804.172,2804.152,2804.191,1783275265.116
1783275266,2804.179,2804.159,2804.199,1783275266.166
1783275267,2804.179,2804.16,2804.199,1783275267.162
1783275268,2804.186,2804.167,2804.206,1783275268.147
1783275269,2804.19,2804.17,2804.21,1783275269.136
1783275270,2804.193,2804.173,2804.212,1783275270.145
1783275271,2804.2,2804.18,2804.219,1783275271.122
1783275272,2804.205,2804.185,2804.224,1783275272.165
1783275273,2804.212,2804.192,2804.232,1783275273.119
1783275274,2804.219,2804.199,2804.239,1783275274.207
1783275275,2804.228,2804.208,2804.247,1783275275.121
1783275276,2804.235,2804.215,2804.254,1783275276.146
1783275277,2804.247,2804.227,2804.266,1783275277.127
1783275278,2804.247,2804.227,2804.266,1783275278.206
1783275279,2804.248,2804.228,2804.268,1783275279.125
1783275280,2804.258,2804.238,2804.277,1783275280.162
1783275281,2804.265,2804.245,2804.285,1783275281.119
1783275282,2804.275,2804.255,2804.294,1783275282.141
1783275283,2804.282,2804.263,2804.302,1783275283.132
1783275284,2804.287,2804.267,2804.307,1783275284.141
1783275285,2804.291,2804.272,2804.311,1783275285.115
1783275286,2804.304,2804.284,2804.324,1783275286.148
1783275287,2804.316,2804.296,2804.336,1783275287.116
1783275288,2804.326,2804.306,2804.345,1783275288.145
1783275289,2804.334,2804.314,2804.353,1783275289.115
1783275290,2804.346,2804.327,2804.366,1783275290.208
1783275291,2804.347,2804.328,2804.367,1783275291.120
1783275292,2804.351,2804.332,2804.371,1783275292.140
1783275293,2804.355,2804.335,2804.374,1783275293.125
1783275294,2804.363,2804.344,2804.383,1783275294.144
1783275295,2804.369,2804.35,2804.389,1783275295.117
1783275296,2804.378,2804.358,2804.397,1783275296.145
1783275297,2804.381,2804.362,2804.401,1783275297.117
1783275298,2804.396,2804.376,2804.416,1783275298.160
1783275299,2804.397,2804.377,2804.417,1783275299.123
1783275300,2804.401,2804.381,2804.421,1783275300.159
1783275301,2804.404,2804.384,2804.424,1783275301.113
1783275302,2804.413,2804.393,2804.432,1783275302.316
1783275303,2804.427,2804.408,2804.447,1783275303.127
1783275304,2804.436,2804.416,2804.455,1783275304.300
1783275305,2804.439,2804.419,2804.458,1783275305.179
1783275306,2804.439,2804.42,2804.459,1783275306.146
1783275307,2804.452,2804.432,2804.472,1783275307.127
1783275308,2804.454,2804.435,2804.474,1783275308.247
1783275309,2804.458,2804.439,2804.478,1783275309.122
1783275310,2804.464,2804.445,2804.484,1783275310.156
1783275311,2804.465,2804.445,2804.484,1783275311.110
1783275312,2804.476,2804.457,2804.496,1783275312.165
1783275313,2804.483,2804.463,2804.502,1783275313.125
1783275314,2804.492,2804.472,2804.511,1783275314.156
1783275315,2804.497,2804.478,2804.517,1783275315.129
1783275316,2804.499,2804.479,2804.518,1783275316.152
1783275317,2804.506,2804.486,2804.525,1783275317.155
1783275318,2804.515,2804.496,2804.535,1783275318.139
1783275319,2804.52,2804.5,2804.54,1783275319.122
1783275320,2804.523,2804.504,2804.543,1783275320.147
1783275321,2804.533,2804.513,2804.552,1783275321.126
1783275322,2804.535,2804.515,2804.555,1783275322.137
1783275323,2804.539,2804.519,2804.558,1783275323.129
1783275324,2804.541,2804.521,2804.56,1783275324.144
1783275325,2804.545,2804.525,2804.565,1783275325.124
1783275326,2804.55,2804.53,2804.569,1783275326.163
1783275327,2804.555,2804.535,2804.574,1783275327.119
1783275328,2804.563,2804.544,2804.583,1783275328.148
1783275329,2804.568,2804.549,2804.588,1783275329.124
1783275330,2804.575,2804.555,2804.594,1783275330.160
1783275331,2804.576,2804.557,2804.596,1783275331.115
1783275332,2804.579,2804.559,2804.599,1783275332.160
1783275333,2804.58,2804.56,2804.6,1783275333.123
1783275334,2804.589,2804.569,2804.608,1783275334.155
1783275335,2804.596,2804.576,2804.616,1783275335.142
1783275336,2804.598,2804.578,2804.618,1783275336.144
1783275337,2804.602,2804.582,2804.621,1783275337.134
1783275338,2804.609,2804.589,2804.629,1783275338.244
1783275339,2804.61,2804.59,2804.63,1783275339.127
1783275340,2804.619,2804.599,2804.638,1783275340.152
1783275341,2804.625,2804.606,2804.645,1783275341.112
1783275342,2804.632,2804.613,2804.652,1783275342.160
1783275343,2804.633,2804.613,2804.653,1783275343.121
1783275344,2804.633,2804.614,2804.653,1783275344.172
1783275345,2804.642,2804.622,2804.661,1783275345.124
1783275346,2804.645,2804.625,2804.664,1783275346.136
1783275347,2804.65,2804.631,2804.67,1783275347.111
1783275348,2804.659,2804.639,2804.678,1783275348.143
1783275349,2804.661,2804.642,2804.681,1783275349.119
1783275350,2804.664,2804.645,2804.684,1783275350.146
1783275351,2804.666,2804.647,2804.686,1783275351.121
1783275352,2804.675,2804.656,2804.695,1783275352.149
1783275353,2804.677,2804.658,2804.697,1783275353.118
1783275354,2804.68,2804.66,2804.7,1783275354.164
1783275355,2804.681,2804.662,2804.701,1783275355.113
1783275356,2804.686,2804.666,2804.705,1783275356.173
1783275357,2804.691,2804.671,2804.71,1783275357.187
1783275358,2804.691,2804.671,2804.711,1783275358.155
1783275359,2804.694,2804.674,2804.713,1783275359.121
1783275360,2804.704,2804.684,2804.723,1783275360.143
1783275361,2804.707,2804.687,2804.727,1783275361.121
1783275362,2804.711,2804.691,2804.731,1783275362.164
1783275363,2804.716,2804.696,2804.736,1783275363.137
1783275364,2804.724,2804.705,2804.744,1783275364.177
1783275365,2804.727,2804.708,2804.747,1783275365.129
1783275366,2804.737,2804.717,2804.757,1783275366.162
1783275367,2804.745,2804.725,2804.764,1783275367.112
1783275368,2804.749,2804.729,2804.768,1783275368.204
1783275369,2804.757,2804.737,2804.776,1783275369.128
1783275370,2804.766,2804.747,2804.786,1783275370.164
1783275371,2804.77,2804.751,2804.79,1783275371.118
1783275372,2804.785,2804.766,2804.805,1783275372.145
1783275373,2804.791,2804.772,2804.811,1783275373.124
1783275374,2804.799,2804.78,2804.819,1783275374.145
1783275375,2804.802,2804.783,2804.822,1783275375.125
1783275376,2804.824,2804.805,2804.844,1783275376.164
1783275377,2804.825,2804.805,2804.844,1783275377.123
1783275378,2804.839,2804.819,2804.859,1783275378.156
1783275379,2804.84,2804.821,2804.86,1783275379.121
1783275380,2804.849,2804.829,2804.869,1783275380.160
1783275381,2804.851,2804.832,2804.871,1783275381.119
1783275382,2804.855,2804.835,2804.875,1783275382.163
1783275383,2804.858,2804.838,2804.877,1783275383.129
1783275384,2804.86,2804.84,2804.879,1783275384.143
1783275385,2804.875,2804.855,2804.894,1783275385.130
1783275386,2804.877,2804.858,2804.897,1783275386.147
1783275387,2804.885,2804.865,2804.905,1783275387.122
1783275388,2804.888,2804.868,2804.908,1783275388.164
1783275389,2804.888,2804.869,2804.908,1783275389.121
1783275390,2804.899,2804.879,2804.918,1783275390.161
1783275391,2804.902,2804.882,2804.922,1783275391.124
1783275392,2804.904,2804.884,2804.923,1783275392.157
1783275393,2804.904,2804.884,2804.924,1783275393.117
1783275394,2804.909,2804.889,2804.928,1783275394.142
1783275395,2804.914,2804.895,2804.934,1783275395.129
1783275396,2804.918,2804.899,2804.938,1783275396.137
1783275397,2804.925,2804.906,2804.945,1783275397.120
1783275398,2804.927,2804.908,2804.947,1783275398.244
1783275399,2804.933,2804.913,2804.953,1783275399.123
1783275400,2804.94,2804.92,2804.96,1783275400.181
1783275401,2804.947,2804.928,2804.967,1783275401.159
1783275402,2804.955,2804.935,2804.975,1783275402.147
1783275403,2804.964,2804.944,2804.983,1783275403.117
1783275404,2804.964,2804.944,2804.983,1783275404.202
1783275405,2804.968,2804.949,2804.988,1783275405.121
1783275406,2804.976,2804.957,2804.996,1783275406.140
1783275407,2804.979,2804.959,2804.999,1783275407.119
1783275408,2804.979,2804.96,2804.999,1783275408.160
1783275409,2804.992,2804.972,2805.011,1783275409.125
1783275410,2805.002,2804.983,2805.022,1783275410.144
1783275411,2805.005,2804.986,2805.025,1783275411.114
1783275412,2805.011,2804.991,2805.03,1783275412.155
1783275413,2805.013,2804.993,2805.032,1783275413.126
1783275414,2805.021,2805.001,2805.041,1783275414.137
1783275415,2805.025,2805.005,2805.045,1783275415.118
1783275416,2805.029,2805.009,2805.049,1783275416.135
1783275417,2805.033,2805.013,2805.052,1783275417.127
1783275418,2805.037,2805.017,2805.056,1783275418.139
1783275419,2805.045,2805.026,2805.065,1783275419.124
1783275420,2805.052,2805.032,2805.071,1783275420.149
1783275421,2805.055,2805.035,2805.075,1783275421.121
1783275422,2805.057,2805.037,2805.076,1783275422.214
1783275423,2805.063,2805.044,2805.083,1783275423.122
1783275424,2805.066,2805.046,2805.086,1783275424.169
1783275425,2805.076,2805.057,2805.096,1783275425.127
1783275426,2805.081,2805.061,2805.1,1783275426.163
1783275427,2805.09,2805.07,2805.11,1783275427.118
1783275428,2805.095,2805.075,2805.114,1783275428.211
1783275429,2805.107,2805.087,2805.127,1783275429.119
1783275430,2805.115,2805.095,2805.134,1783275430.148
1783275431,2805.123,2805.103,2805.142,1783275431.120
1783275432,2805.124,2805.104,2805.143,1783275432.156
1783275433,2805.13,2805.11,2805.149,1783275433.117
1783275434,2805.135,2805.115,2805.155,1783275434.150
1783275435,2805.139,2805.119,2805.158,1783275435.126
1783275436,2805.151,2805.131,2805.17,1783275436.152
1783275437,2805.158,2805.138,2805.177,1783275437.128
1783275438,2805.159,2805.139,2805.179,1783275438.171
1783275439,2805.165,2805.145,2805.184,1783275439.136
1783275440,2805.165,2805.145,2805.184,1783275440.163
1783275441,2805.174,2805.154,2805.193,1783275441.122
1783275442,2805.174,2805.154,2805.193,1783275442.152
1783275443,2805.177,2805.157,2805.197,1783275443.119
1783275444,2805.18,2805.16,2805.199,1783275444.162
1783275445,2805.184,2805.164,2805.204,1783275445.125
1783275446,2805.194,2805.174,2805.213,1783275446.163
1783275447,2805.198,2805.178,2805.218,1783275447.126
1783275448,2805.2,2805.18,2805.22,1783275448.136
1783275449,2805.201,2805.182,2805.221,1783275449.124
1783275450,2805.209,2805.189,2805.229,1783275450.169
1783275451,2805.214,2805.194,2805.233,1783275451.129
1783275452,2805.221,2805.202,2805.241,1783275452.144
1783275453,2805.227,2805.207,2805.247,1783275453.128
1783275454,2805.232,2805.213,2805.252,1783275454.150
1783275455,2805.242,2805.223,2805.262,1783275455.119
1783275456,2805.248,2805.228,2805.268,1783275456.151
1783275457,2805.256,2805.236,2805.276,1783275457.144
1783275458,2805.256,2805.236,2805.276,1783275458.206
1783275459,2805.264,2805.244,2805.283,1783275459.138
1783275460,2805.274,2805.254,2805.293,1783275460.263
1783275461,2805.278,2805.258,2805.297,1783275461.124
1783275462,2805.279,2805.259,2805.299,1783275462.150
1783275463,2805.288,2805.269,2805.308,1783275463.130
1783275464,2805.299,2805.28,2805.319,1783275464.145
1783275465,2805.301,2805.281,2805.32,1783275465.118
1783275466,2805.309,2805.29,2805.329,1783275466.162
1783275467,2805.315,2805.295,2805.335,1783275467.118
1783275468,2805.317,2805.297,2805.336,1783275468.163
1783275469,2805.323,2805.304,2805.343,1783275469.132
1783275470,2805.332,2805.313,2805.352,1783275470.157
1783275471,2805.34,2805.32,2805.36,1783275471.138
1783275472,2805.341,2805.321,2805.361,1783275472.168
1783275473,2805.341,2805.322,2805.361,1783275473.121
1783275474,2805.356,2805.337,2805.376,1783275474.170
1783275475,2805.368,2805.348,2805.387,1783275475.120
1783275476,2805.37,2805.351,2805.39,1783275476.155
1783275477,2805.372,2805.352,2805.392,1783275477.135
1783275478,2805.373,2805.353,2805.393,1783275478.146
1783275479,2805.38,2805.36,2805.4,1783275479.117
1783275480,2805.394,2805.374,2805.414,1783275480.169
1783275481,2805.406,2805.386,2805.426,1783275481.131
1783275482,2805.407,2805.388,2805.427,1783275482.193
1783275483,2805.408,2805.388,2805.428,1783275483.138
1783275484,2805.415,2805.395,2805.434,1783275484.396
1783275485,2805.422,2805.402,2805.441,1783275485.189
1783275486,2805.428,2805.408,2805.447,1783275486.161
1783275487,2805.436,2805.417,2805.456,1783275487.128
1783275488,2805.445,2805.426,2805.465,1783275488.200
1783275489,2805.446,2805.426,2805.465,1783275489.123
1783275490,2805.452,2805.432,2805.471,1783275490.156
1783275491,2805.454,2805.434,2805.474,1783275491.126
1783275492,2805.455,2805.436,2805.475,1783275492.161
1783275493,2805.462,2805.443,2805.482,1783275493.161
1783275494,2805.464,2805.445,2805.484,1783275494.157
1783275495,2805.47,2805.451,2805.49,1783275495.131
1783275496,2805.474,2805.454,2805.494,1783275496.165
1783275497,2805.477,2805.457,2805.497,1783275497.129
1783275498,2805.486,2805.467,2805.506,1783275498.156
1783275499,2805.488,2805.468,2805.508,1783275499.125
1783275500,2805.488,2805.468,2805.508,1783275500.150
1783275501,2805.49,2805.47,2805.51,1783275501.124
1783275502,2805.497,2805.477,2805.517,1783275502.170
1783275503,2805.508,2805.488,2805.528,1783275503.127
1783275504,2805.514,2805.494,2805.534,1783275504.147
1783275505,2805.52,2805.5,2805.539,1783275505.123
1783275506,2805.529,2805.509,2805.549,1783275506.154
1783275507,2805.533,2805.513,2805.552,1783275507.124
1783275508,2805.541,2805.521,2805.56,1783275508.152
1783275509,2805.543,2805.523,2805.563,1783275509.122
1783275510,2805.548,2805.528,2805.567,1783275510.149
1783275511,2805.556,2805.537,2805.576,1783275511.133
1783275512,2805.558,2805.538,2805.577,1783275512.156
1783275513,2805.563,2805.543,2805.583,1783275513.136
1783275514,2805.564,2805.544,2805.583,1783275514.156
1783275515,2801.811,2801.791,2801.83,1783275515.117
1783275516,2801.816,2801.797,2801.836,1783275516.159
1783275517,2801.817,2801.798,2801.837,1783275517.124
1783275518,2801.818,2801.799,2801.838,1783275518.302
1783275519,2801.825,2801.805,2801.845,1783275519.212
1783275520,2801.834,2801.814,2801.853,1783275520.143
1783275521,2801.839,2801.819,2801.858,1783275521.125
1783275522,2801.846,2801.827,2801.866,1783275522.163
1783275523,2801.85,2801.83,2801.87,1783275523.125
1783275524,2801.857,2801.837,2801.876,1783275524.163
1783275525,2801.858,2801.839,2801.878,1783275525.148
1783275526,2801.867,2801.847,2801.887,1783275526.148
1783275527,2801.87,2801.85,2801.89,1783275527.131
1783275528,2801.875,2801.855,2801.895,1783275528.154
1783275529,2801.875,2801.855,2801.895,1783275529.125
1783275530,2801.877,2801.858,2801.897,1783275530.137
1783275531,2801.878,2801.858,2801.898,1783275531.133
1783275532,2801.881,2801.862,2801.901,1783275532.163
1783275533,2801.886,2801.866,2801.906,1783275533.120
1783275534,2801.889,2801.869,2801.909,1783275534.153
1783275535,2801.901,2801.881,2801.92,1783275535.120
1783275536,2801.904,2801.885,2801.924,1783275536.166
1783275537,2801.915,2801.895,2801.935,1783275537.125
1783275538,2801.921,2801.901,2801.94,1783275538.138
1783275539,2801.922,2801.902,2801.941,1783275539.120
1783275540,2801.931,2801.912,2801.951,1783275540.152
1783275541,2801.939,2801.919,2801.958,1783275541.121
1783275542,2801.945,2801.925,2801.964,1783275542.163
1783275543,2801.947,2801.927,2801.966,1783275543.150
1783275544,2801.956,2801.936,2801.976,1783275544.168
1783275545,2801.963,2801.943,2801.982,1783275545.114
1783275546,2801.966,2801.947,2801.986,1783275546.150
1783275547,2801.973,2801.953,2801.992,1783275547.121
1783275548,2801.977,2801.957,2801.996,1783275548.206
1783275549,2801.99,2801.971,2802.01,1783275549.115
1783275550,2801.992,2801.973,2802.012,1783275550.151
1783275551,2801.996,2801.977,2802.016,1783275551.127
1783275552,2801.997,2801.978,2802.017,1783275552.154
1783275553,2801.999,2801.979,2802.018,1783275553.127
1783275554,2802,2801.98,2802.019,1783275554.147
1783275555,2802.003,2801.984,2802.023,1783275555.128
1783275556,2802.011,2801.992,2802.031,1783275556.142
1783275557,2802.018,2801.998,2802.037,1783275557.128
1783275558,2802.025,2802.005,2802.044,1783275558.150
1783275559,2802.028,2802.009,2802.048,1783275559.126
1783275560,2802.031,2802.012,2802.051,1783275560.152
1783275561,2802.033,2802.014,2802.053,1783275561.120
1783275562,2802.035,2802.016,2802.055,1783275562.144
1783275563,2802.036,2802.017,2802.056,1783275563.135
1783275564,2802.037,2802.018,2802.057,1783275564.144
1783275565,2802.043,2802.023,2802.062,1783275565.132
1783275566,2802.047,2802.028,2802.067,1783275566.142
1783275567,2802.048,2802.029,2802.068,1783275567.127
1783275568,2802.052,2802.032,2802.071,1783275568.163
1783275569,2802.062,2802.042,2802.082,1783275569.124
1783275570,2802.065,2802.045,2802.085,1783275570.156
1783275571,2802.071,2802.052,2802.091,1783275571.123
1783275572,2802.073,2802.053,2802.092,1783275572.167
1783275573,2802.083,2802.064,2802.103,1783275573.138
1783275574,2802.085,2802.065,2802.105,1783275574.155
1783275575,2802.09,2802.07,2802.109,1783275575.119
1783275576,2802.097,2802.078,2802.117,1783275576.178
1783275577,2802.104,2802.084,2802.123,1783275577.115
1783275578,2802.111,2802.091,2802.13,1783275578.208
1783275579,2802.112,2802.093,2802.132,1783275579.118
1783275580,2802.117,2802.097,2802.137,1783275580.165
1783275581,2802.13,2802.11,2802.15,1783275581.125
1783275582,2802.133,2802.114,2802.153,1783275582.157
1783275583,2802.14,2802.121,2802.16,1783275583.134
1783275584,2802.153,2802.133,2802.172,1783275584.140
1783275585,2802.16,2802.141,2802.18,1783275585.119
1783275586,2802.171,2802.151,2802.191,1783275586.156
1783275587,2802.171,2802.152,2802.191,1783275587.123
1783275588,2802.184,2802.164,2802.203,1783275588.156
1783275589,2802.188,2802.168,2802.208,1783275589.124
1783275590,2802.2,2802.18,2802.219,1783275590.151
1783275591,2802.2,2802.181,2802.22,1783275591.120
1783275592,2802.204,2802.185,2802.224,1783275592.159
1783275593,2802.21,2802.191,2802.23,1783275593.128
1783275594,2802.223,2802.204,2802.243,1783275594.147
1783275595,2802.228,2802.208,2802.248,1783275595.128
1783275596,2802.231,2802.211,2802.251,1783275596.146
1783275597,2802.232,2802.212,2802.252,1783275597.132
1783275598,2802.235,2802.215,2802.254,1783275598.146
1783275599,2802.237,2802.217,2802.257,1783275599.136
1783275600,2802.242,2802.223,2802.262,1783275600.162
1783275601,2802.249,2802.229,2802.268,1783275601.191
1783275602,2802.255,2802.236,2802.275,1783275602.170
1783275603,2802.256,2802.237,2802.276,1783275603.212
1783275604,2802.265,2802.246,2802.285,1783275604.172
1783275605,2802.275,2802.255,2802.295,1783275605.190
1783275606,2802.28,2802.26,2802.299,1783275606.169
1783275607,2802.283,2802.263,2802.303,1783275607.120
1783275608,2802.291,2802.271,2802.31,1783275608.205
1783275609,2802.291,2802.271,2802.311,1783275609.129
1783275610,2802.292,2802.272,2802.311,1783275610.142
1783275611,2802.293,2802.274,2802.313,1783275611.116
1783275612,2802.3,2802.281,2802.32,1783275612.157
1783275613,2802.308,2802.288,2802.328,1783275613.127
1783275614,2802.327,2802.308,2802.347,1783275614.162
1783275615,2802.337,2802.318,2802.357,1783275615.124
1783275616,2802.346,2802.326,2802.365,1783275616.137
1783275617,2802.347,2802.327,2802.367,1783275617.127
1783275618,2802.35,2802.331,2802.37,1783275618.136
1783275619,2802.361,2802.341,2802.38,1783275619.117
1783275620,2802.362,2802.342,2802.381,1783275620.157
1783275621,2802.369,2802.349,2802.388,1783275621.122
1783275622,2802.374,2802.354,2802.393,1783275622.138
1783275623,2802.377,2802.357,2802.397,1783275623.124
1783275624,2802.382,2802.363,2802.402,1783275624.164
1783275625,2802.389,2802.37,2802.409,1783275625.130
1783275626,2802.396,2802.377,2802.416,1783275626.161
1783275627,2802.401,2802.381,2802.42,1783275627.122
1783275628,2802.403,2802.383,2802.423,1783275628.139
1783275629,2802.412,2802.393,2802.432,1783275629.132
1783275630,2802.421,2802.401,2802.44,1783275630.145
1783275631,2802.433,2802.414,2802.453,1783275631.127
1783275632,2802.434,2802.415,2802.454,1783275632.142
1783275633,2802.436,2802.417,2802.456,1783275633.125
1783275634,2802.441,2802.421,2802.46,1783275634.172
1783275635,2802.453,2802.434,2802.473,1783275635.127
1783275636,2802.463,2802.443,2802.482,1783275636.152
1783275637,2802.469,2802.45,2802.489,1783275637.129
1783275638,2802.478,2802.458,2802.497,1783275638.245
1783275639,2802.483,2802.464,2802.503,1783275639.205
1783275640,2802.487,2802.468,2802.507,1783275640.163
1783275641,2802.493,2802.474,2802.513,1783275641.131
1783275642,2802.497,2802.478,2802.517,1783275642.142
1783275643,2802.504,2802.485,2802.524,1783275643.119
1783275644,2802.512,2802.492,2802.532,1783275644.137
1783275645,2802.521,2802.502,2802.541,1783275645.124
1783275646,2802.53,2802.51,2802.549,1783275646.152
1783275647,2802.533,2802.513,2802.552,1783275647.131
1783275648,2802.533,2802.514,2802.553,1783275648.139
1783275649,2802.54,2802.52,2802.56,1783275649.122
1783275650,2802.553,2802.533,2802.572,1783275650.158
1783275651,2802.563,2802.544,2802.583,1783275651.127
1783275652,2802.572,2802.552,2802.591,1783275652.152
1783275653,2802.574,2802.554,2802.593,1783275653.131
1783275654,2802.58,2802.56,2802.599,1783275654.153
1783275655,2802.587,2802.567,2802.606,1783275655.117
1783275656,2802.593,2802.574,2802.613,1783275656.153
1783275657,2802.598,2802.578,2802.617,1783275657.119
1783275658,2802.604,2802.584,2802.623,1783275658.150
1783275659,2802.61,2802.59,2802.629,1783275659.125
1783275660,2802.615,2802.595,2802.635,1783275660.159
1783275661,2802.622,2802.602,2802.641,1783275661.124
1783275662,2802.634,2802.614,2802.653,1783275662.269
1783275663,2802.644,2802.624,2802.664,1783275663.205
1783275664,2802.648,2802.629,2802.668,1783275664.148
1783275665,2802.649,2802.629,2802.669,1783275665.121
1783275666,2802.658,2802.638,2802.677,1783275666.163
1783275667,2802.659,2802.639,2802.678,1783275667.147
1783275668,2802.662,2802.642,2802.682,1783275668.204
1783275669,2802.663,2802.644,2802.683,1783275669.132
1783275670,2802.67,2802.65,2802.689,1783275670.152
1783275671,2802.683,2802.663,2802.702,1783275671.125
1783275672,2802.693,2802.673,2802.712,1783275672.151
1783275673,2802.693,2802.674,2802.713,1783275673.128
1783275674,2802.696,2802.676,2802.716,1783275674.157
1783275675,2802.705,2802.686,2802.725,1783275675.127
1783275676,2802.714,2802.694,2802.733,1783275676.164
1783275677,2802.72,2802.7,2802.739,1783275677.121
1783275678,2802.722,2802.702,2802.741,1783275678.147
1783275679,2802.727,2802.707,2802.746,1783275679.136
1783275680,2802.73,2802.71,2802.749,1783275680.138
1783275681,2802.731,2802.712,2802.751,1783275681.123
1783275682,2802.731,2802.712,2802.751,1783275682.134
1783275683,2802.736,2802.716,2802.755,1783275683.120
1783275684,2802.739,2802.72,2802.759,1783275684.148
1783275685,2802.742,2802.723,2802.762,1783275685.126
1783275686,2802.743,2802.723,2802.762,1783275686.161
1783275687,2802.753,2802.733,2802.773,1783275687.122
1783275688,2802.759,2802.74,2802.779,1783275688.164
1783275689,2802.76,2802.74,2802.78,1783275689.131
1783275690,2802.769,2802.749,2802.788,1783275690.133
1783275691,2802.773,2802.754,2802.793,1783275691.125
1783275692,2802.783,2802.764,2802.803,1783275692.161
1783275693,2802.791,2802.772,2802.811,1783275693.119
1783275694,2802.798,2802.778,2802.817,1783275694.132
1783275695,2802.801,2802.782,2802.821,1783275695.123
1783275696,2802.807,2802.787,2802.827,1783275696.153
1783275697,2802.814,2802.795,2802.834,1783275697.125
1783275698,2802.82,2802.8,2802.839,1783275698.202
1783275699,2802.825,2802.806,2802.845,1783275699.128
1783275700,2802.831,2802.811,2802.85,1783275700.145
1783275701,2802.832,2802.812,2802.851,1783275701.150
1783275702,2802.835,2802.815,2802.854,1783275702.166
1783275703,2802.835,2802.815,2802.854,1783275703.135
1783275704,2802.836,2802.816,2802.855,1783275704.152
1783275705,2802.846,2802.827,2802.866,1783275705.119
1783275706,2802.851,2802.831,2802.87,1783275706.151
1783275707,2802.853,2802.834,2802.873,1783275707.121
1783275708,2802.854,2802.834,2802.873,1783275708.138
1783275709,2802.858,2802.839,2802.878,1783275709.134
1783275710,2802.863,2802.843,2802.883,1783275710.155
1783275711,2802.873,2802.854,2802.893,1783275711.123
1783275712,2802.88,2802.861,2802.9,1783275712.165
1783275713,2802.881,2802.862,2802.901,1783275713.130
1783275714,2802.886,2802.866,2802.905,1783275714.163
1783275715,2802.894,2802.875,2802.914,1783275715.122
1783275716,2802.903,2802.883,2802.923,1783275716.155
1783275717,2802.912,2802.893,2802.932,1783275717.124
1783275718,2802.92,2802.901,2802.94,1783275718.153
1783275719,2802.929,2802.909,2802.949,1783275719.128
1783275720,2802.936,2802.917,2802.956,1783275720.156
1783275721,2802.938,2802.919,2802.958,1783275721.149
1783275722,2802.939,2802.919,2802.958,1783275722.218
1783275723,2802.946,2802.927,2802.966,1783275723.303
1783275724,2802.952,2802.933,2802.972,1783275724.214
1783275725,2802.953,2802.934,2802.973,1783275725.165
1783275726,2802.955,2802.935,2802.974,1783275726.146
1783275727,2802.967,2802.947,2802.986,1783275727.127
1783275728,2802.973,2802.953,2802.993,1783275728.203
1783275729,2802.975,2802.956,2802.995,1783275729.119
1783275730,2802.98,2802.96,2803,1783275730.151
1783275731,2802.984,2802.965,2803.004,1783275731.124
1783275732,2802.984,2802.965,2803.004,1783275732.147
1783275733,2802.994,2802.975,2803.014,1783275733.117
1783275734,2802.994,2802.975,2803.014,1783275734.167
1783275735,2802.995,2802.975,2803.014,1783275735.123
1783275736,2802.996,2802.976,2803.015,1783275736.154
1783275737,2803.002,2802.983,2803.022,1783275737.122
1783275738,2803.011,2802.992,2803.031,1783275738.134
1783275739,2803.013,2802.993,2803.032,1783275739.134
1783275740,2803.022,2803.003,2803.042,1783275740.136
1783275741,2803.03,2803.011,2803.05,1783275741.122
1783275742,2803.042,2803.022,2803.061,1783275742.151
1783275743,2803.05,2803.03,2803.07,1783275743.121
1783275744,2803.057,2803.037,2803.076,1783275744.142
1783275745,2803.073,2803.053,2803.093,1783275745.127
1783275746,2803.082,2803.062,2803.101,1783275746.155
1783275747,2803.083,2803.063,2803.102,1783275747.135
1783275748,2803.087,2803.068,2803.107,1783275748.163
1783275749,2803.088,2803.068,2803.107,1783275749.132
1783275750,2803.091,2803.071,2803.111,1783275750.159
1783275751,2803.094,2803.074,2803.113,1783275751.137
1783275752,2803.102,2803.082,2803.121,1783275752.178
1783275753,2803.109,2803.089,2803.129,1783275753.129
1783275754,2803.113,2803.094,2803.133,1783275754.155
1783275755,2803.118,2803.098,2803.137,1783275755.120
1783275756,2803.121,2803.101,2803.14,1783275756.148
1783275757,2803.125,2803.106,2803.145,1783275757.126
1783275758,2803.13,2803.11,2803.15,1783275758.138
1783275759,2803.141,2803.121,2803.161,1783275759.128
1783275760,2803.146,2803.126,2803.165,1783275760.140
1783275761,2803.15,2803.13,2803.169,1783275761.120
1783275762,2803.156,2803.136,2803.176,1783275762.158
1783275763,2803.161,2803.142,2803.181,1783275763.120
1783275764,2803.171,2803.151,2803.19,1783275764.150
1783275765,2803.178,2803.158,2803.197,1783275765.137
1783275766,2803.182,2803.162,2803.202,1783275766.160
1783275767,2803.189,2803.169,2803.208,1783275767.131
1783275768,2803.194,2803.174,2803.214,1783275768.161
1783275769,2803.205,2803.185,2803.225,1783275769.145
1783275770,2803.205,2803.186,2803.225,1783275770.168
1783275771,2803.219,2803.199,2803.238,1783275771.120
1783275772,2803.225,2803.205,2803.244,1783275772.142
1783275773,2803.226,2803.207,2803.246,1783275773.129
1783275774,2803.227,2803.207,2803.246,1783275774.137
1783275775,2803.228,2803.208,2803.247,1783275775.126
1783275776,2803.234,2803.214,2803.253,1783275776.150
1783275777,2803.241,2803.222,2803.261,1783275777.119
1783275778,2803.242,2803.222,2803.261,1783275778.136
1783275779,2803.25,2803.231,2803.27,1783275779.122
1783275780,2803.258,2803.238,2803.277,1783275780.149
1783275781,2803.267,2803.247,2803.286,1783275781.137
1783275782,2803.267,2803.247,2803.286,1783275782.183
1783275783,2803.267,2803.248,2803.287,1783275783.133
1783275784,2803.277,2803.257,2803.297,1783275784.169
1783275785,2803.283,2803.264,2803.303,1783275785.123
1783275786,2803.291,2803.271,2803.31,1783275786.147
1783275787,2803.293,2803.273,2803.312,1783275787.125
1783275788,2803.299,2803.279,2803.319,1783275788.246
1783275789,2803.313,2803.293,2803.332,1783275789.137
1783275790,2803.313,2803.293,2803.333,1783275790.138
1783275791,2803.318,2803.298,2803.338,1783275791.127
1783275792,2803.32,2803.301,2803.34,1783275792.133
1783275793,2803.327,2803.307,2803.347,1783275793.122
1783275794,2803.328,2803.308,2803.348,1783275794.158
1783275795,2803.333,2803.314,2803.353,1783275795.121
1783275796,2803.336,2803.317,2803.356,1783275796.162
1783275797,2803.338,2803.318,2803.358,1783275797.162
1783275798,2803.342,2803.322,2803.362,1783275798.149
1783275799,2803.352,2803.332,2803.372,1783275799.126
1783275800,2803.361,2803.341,2803.38,1783275800.137
1783275801,2803.372,2803.352,2803.391,1783275801.119
1783275802,2803.377,2803.357,2803.397,1783275802.150
1783275803,2803.386,2803.367,2803.406,1783275803.128
1783275804,2803.387,2803.368,2803.407,1783275804.142
1783275805,2803.39,2803.371,2803.41,1783275805.117
1783275806,2803.394,2803.375,2803.414,1783275806.151
1783275807,2803.397,2803.377,2803.416,1783275807.126
1783275808,2803.397,2803.378,2803.417,1783275808.163
1783275809,2803.411,2803.391,2803.43,1783275809.119
1783275810,2803.411,2803.392,2803.431,1783275810.142
1783275811,2803.422,2803.403,2803.442,1783275811.115
1783275812,2803.43,2803.411,2803.45,1783275812.155
1783275813,2803.431,2803.411,2803.451,1783275813.117
1783275814,2803.441,2803.422,2803.461,1783275814.170
1783275815,2803.445,2803.425,2803.464,1783275815.125
1783275816,2803.457,2803.438,2803.477,1783275816.150
1783275817,2803.462,2803.442,2803.482,1783275817.120
1783275818,2803.472,2803.452,2803.491,1783275818.204
1783275819,2803.482,2803.462,2803.502,1783275819.123
1783275820,2803.491,2803.471,2803.511,1783275820.162
1783275821,2803.495,2803.476,2803.515,1783275821.134
1783275822,2803.498,2803.478,2803.517,1783275822.145
1783275823,2803.5,2803.48,2803.519,1783275823.122
1783275824,2803.508,2803.488,2803.527,1783275824.145
1783275825,2803.51,2803.49,2803.529,1783275825.123
1783275826,2803.516,2803.496,2803.536,1783275826.145
1783275827,2803.529,2803.509,2803.548,1783275827.123
1783275828,2803.537,2803.517,2803.556,1783275828.148
1783275829,2803.539,2803.519,2803.559,1783275829.132
1783275830,2803.542,2803.522,2803.562,1783275830.148
1783275831,2803.542,2803.523,2803.562,1783275831.123
1783275832,2803.554,2803.534,2803.573,1783275832.152
1783275833,2803.564,2803.545,2803.584,1783275833.127
1783275834,2803.568,2803.548,2803.587,1783275834.154
1783275835,2803.574,2803.554,2803.593,1783275835.133
1783275836,2803.58,2803.56,2803.6,1783275836.140
1783275837,2803.588,2803.568,2803.607,1783275837.129
1783275838,2803.59,2803.571,2803.61,1783275838.164
1783275839,2803.594,2803.575,2803.614,1783275839.122
1783275840,2803.601,2803.582,2803.621,1783275840.163
1783275841,2803.609,2803.589,2803.629,1783275841.155
1783275842,2803.623,2803.603,2803.642,1783275842.180
1783275843,2803.63,2803.61,2803.649,1783275843.146
1783275844,2803.633,2803.613,2803.652,1783275844.350
1783275845,2803.639,2803.619,2803.659,1783275845.125
1783275846,2803.642,2803.622,2803.661,1783275846.153
1783275847,2803.643,2803.624,2803.663,1783275847.126
1783275848,2803.644,2803.624,2803.664,1783275848.203
1783275849,2803.657,2803.638,2803.677,1783275849.126
1783275850,2803.666,2803.647,2803.686,1783275850.138
1783275851,2803.671,2803.651,2803.691,1783275851.124
1783275852,2803.674,2803.654,2803.693,1783275852.128
1783275853,2803.674,2803.655,2803.694,1783275853.142
1783275854,2803.69,2803.67,2803.709,1783275854.161
1783275855,2803.701,2803.682,2803.721,1783275855.132
1783275856,2803.707,2803.688,2803.727,1783275856.138
1783275857,2803.718,2803.699,2803.738,1783275857.118
1783275858,2803.723,2803.703,2803.742,1783275858.156
1783275859,2803.725,2803.705,2803.744,1783275859.117
1783275860,2803.728,2803.708,2803.747,1783275860.139
1783275861,2803.729,2803.709,2803.749,1783275861.128
1783275862,2803.734,2803.715,2803.754,1783275862.149
1783275863,2803.737,2803.717,2803.756,1783275863.120
1783275864,2803.74,2803.72,2803.759,1783275864.147
1783275865,2803.743,2803.724,2803.763,1783275865.129
1783275866,2803.746,2803.726,2803.766,1783275866.153
1783275867,2803.753,2803.734,2803.773,1783275867.130
1783275868,2803.755,2803.736,2803.775,1783275868.164
1783275869,2803.759,2803.74,2803.779,1783275869.163
1783275870,2803.766,2803.746,2803.785,1783275870.144
1783275871,2803.768,2803.748,2803.787,1783275871.128
1783275872,2803.777,2803.757,2803.796,1783275872.159
1783275873,2803.778,2803.758,2803.798,1783275873.123
1783275874,2803.788,2803.769,2803.808,1783275874.161
1783275875,2803.79,2803.77,2803.809,1783275875.126
1783275876,2803.795,2803.775,2803.815,1783275876.146
1783275877,2803.797,2803.777,2803.816,1783275877.206
1783275878,2803.805,2803.785,2803.825,1783275878.204
1783275879,2803.811,2803.791,2803.83,1783275879.144
1783275880,2803.813,2803.794,2803.833,1783275880.142
1783275881,2803.816,2803.797,2803.836,1783275881.120
1783275882,2803.826,2803.807,2803.846,1783275882.168
1783275883,2803.827,2803.807,2803.847,1783275883.117
1783275884,2803.831,2803.811,2803.851,1783275884.159
1783275885,2803.834,2803.814,2803.854,1783275885.119
1783275886,2803.835,2803.816,2803.855,1783275886.148
1783275887,2803.836,2803.816,2803.855,1783275887.119
1783275888,2803.838,2803.818,2803.858,1783275888.131
1783275889,2803.847,2803.827,2803.866,1783275889.136
1783275890,2803.855,2803.836,2803.875,1783275890.147
1783275891,2803.864,2803.844,2803.884,1783275891.128
1783275892,2803.881,2803.862,2803.901,1783275892.144
1783275893,2803.891,2803.871,2803.911,1783275893.119
1783275894,2803.898,2803.879,2803.918,1783275894.170
1783275895,2803.906,2803.886,2803.925,1783275895.130
1783275896,2803.917,2803.897,2803.937,1783275896.145
1783275897,2803.919,2803.899,2803.938,1783275897.124
1783275898,2803.921,2803.901,2803.94,1783275898.152
1783275899,2803.922,2803.903,2803.942,1783275899.127
1783275900,2803.924,2803.905,2803.944,1783275900.165
1783275901,2803.926,2803.906,2803.945,1783275901.135
1783275902,2803.93,2803.911,2803.95,1783275902.174
1783275903,2803.932,2803.912,2803.951,1783275903.153
1783275904,2803.933,2803.913,2803.952,1783275904.480
1783275905,2803.938,2803.918,2803.957,1783275905.164
1783275906,2803.945,2803.925,2803.965,1783275906.144
1783275907,2803.949,2803.929,2803.968,1783275907.126
1783275908,2803.949,2803.929,2803.969,1783275908.210
1783275909,2803.955,2803.936,2803.975,1783275909.117
1783275910,2803.968,2803.949,2803.988,1783275910.157
1783275911,2803.975,2803.956,2803.995,1783275911.121
1783275912,2803.976,2803.956,2803.995,1783275912.137
1783275913,2803.99,2803.971,2804.01,1783275913.126
1783275914,2803.993,2803.973,2804.012,1783275914.146
1783275915,2803.994,2803.974,2804.013,1783275915.162
1783275916,2803.995,2803.976,2804.015,1783275916.154
1783275917,2804.001,2803.981,2804.02,1783275917.126
1783275918,2804.01,2803.991,2804.03,1783275918.166
1783275919,2804.019,2803.999,2804.038,1783275919.118
1783275920,2804.026,2804.007,2804.046,1783275920.136
1783275921,2804.029,2804.01,2804.049,1783275921.115
1783275922,2804.034,2804.014,2804.054,1783275922.143
1783275923,2804.043,2804.023,2804.062,1783275923.132
1783275924,2804.049,2804.03,2804.069,1783275924.139
1783275925,2804.056,2804.036,2804.076,1783275925.148
1783275926,2804.064,2804.045,2804.084,1783275926.140
1783275927,2804.076,2804.056,2804.096,1783275927.128
1783275928,2804.077,2804.057,2804.097,1783275928.146
1783275929,2804.077,2804.058,2804.097,1783275929.121
1783275930,2804.085,2804.066,2804.105,1783275930.154
1783275931,2804.089,2804.069,2804.108,1783275931.162
1783275932,2804.093,2804.073,2804.112,1783275932.153
1783275933,2804.102,2804.083,2804.122,1783275933.119
1783275934,2804.11,2804.091,2804.13,1783275934.301
1783275935,2804.121,2804.101,2804.14,1783275935.120
1783275936,2804.126,2804.106,2804.145,1783275936.153
1783275937,2804.127,2804.107,2804.147,1783275937.120
1783275938,2804.139,2804.119,2804.158,1783275938.245
1783275939,2804.149,2804.129,2804.169,1783275939.120
1783275940,2804.162,2804.142,2804.182,1783275940.147
1783275941,2804.169,2804.149,2804.188,1783275941.126
1783275942,2804.17,2804.15,2804.189,1783275942.165
1783275943,2804.175,2804.156,2804.195,1783275943.143
1783275944,2804.183,2804.163,2804.203,1783275944.165
1783275945,2804.195,2804.175,2804.214,1783275945.116
1783275946,2804.195,2804.176,2804.215,1783275946.162
1783275947,2804.197,2804.177,2804.216,1783275947.128
1783275948,2804.198,2804.179,2804.218,1783275948.141
1783275949,2804.213,2804.193,2804.232,1783275949.128
1783275950,2804.219,2804.199,2804.239,1783275950.140
1783275951,2804.224,2804.204,2804.244,1783275951.126
1783275952,2804.232,2804.212,2804.251,1783275952.146
1783275953,2804.235,2804.216,2804.255,1783275953.130
1783275954,2804.244,2804.224,2804.263,1783275954.147
1783275955,2804.252,2804.232,2804.271,1783275955.127
1783275956,2804.253,2804.233,2804.273,1783275956.148
1783275957,2804.258,2804.238,2804.277,1783275957.162
1783275958,2804.259,2804.239,2804.279,1783275958.157
1783275959,2804.26,2804.241,2804.28,1783275959.145
1783275960,2804.27,2804.251,2804.29,1783275960.145
1783275961,2804.272,2804.253,2804.292,1783275961.126
1783275962,2804.28,2804.26,2804.299,1783275962.154
1783275963,2804.287,2804.267,2804.306,1783275963.136
1783275964,2804.289,2804.27,2804.309,1783275964.163
1783275965,2804.29,2804.27,2804.309,1783275965.119
1783275966,2804.295,2804.276,2804.315,1783275966.157
1783275967,2804.307,2804.287,2804.327,1783275967.116
1783275968,2804.308,2804.288,2804.327,1783275968.250
1783275969,2804.311,2804.292,2804.331,1783275969.134
1783275970,2804.312,2804.293,2804.332,1783275970.164
1783275971,2804.324,2804.304,2804.344,1783275971.118
1783275972,2804.328,2804.308,2804.347,1783275972.147
1783275973,2804.33,2804.31,2804.349,1783275973.119
1783275974,2804.341,2804.322,2804.361,1783275974.139
1783275975,2804.342,2804.322,2804.361,1783275975.127
1783275976,2804.35,2804.33,2804.37,1783275976.134
1783275977,2804.357,2804.337,2804.376,1783275977.129
1783275978,2804.362,2804.342,2804.381,1783275978.138
1783275979,2804.367,2804.348,2804.387,1783275979.120
1783275980,2804.37,2804.351,2804.39,1783275980.148
1783275981,2804.374,2804.354,2804.393,1783275981.117
1783275982,2804.382,2804.362,2804.402,1783275982.152
1783275983,2804.384,2804.364,2804.403,1783275983.162
1783275984,2804.384,2804.364,2804.403,1783275984.143
1783275985,2804.391,2804.372,2804.411,1783275985.116
1783275986,2804.396,2804.377,2804.416,1783275986.136
1783275987,2804.398,2804.378,2804.417,1783275987.122
1783275988,2804.409,2804.389,2804.428,1783275988.157
1783275989,2804.416,2804.397,2804.436,1783275989.121
1783275990,2804.427,2804.407,2804.446,1783275990.140
1783275991,2804.431,2804.411,2804.45,1783275991.127
1783275992,2804.447,2804.428,2804.467,1783275992.146
1783275993,2804.457,2804.438,2804.477,1783275993.132
1783275994,2804.472,2804.453,2804.492,1783275994.141
1783275995,2804.486,2804.466,2804.506,1783275995.120
1783275996,2804.488,2804.468,2804.507,1783275996.147
1783275997,2804.49,2804.471,2804.51,1783275997.117
1783275998,2804.496,2804.476,2804.516,1783275998.204
1783275999,2804.5,2804.481,2804.52,1783275999.118
1783276000,2804.506,2804.486,2804.525,1783276000.139
1783276001,2804.513,2804.493,2804.532,1783276001.114
1783276002,2804.524,2804.504,2804.543,1783276002.145
1783276003,2804.527,2804.507,2804.546,1783276003.117
1783276004,2804.53,2804.51,2804.55,1783276004.144
1783276005,2804.537,2804.517,2804.557,1783276005.122
1783276006,2804.542,2804.522,2804.562,1783276006.163
1783276007,2804.551,2804.532,2804.571,1783276007.121
1783276008,2804.552,2804.532,2804.572,1783276008.142
1783276009,2804.568,2804.548,2804.588,1783276009.118
1783276010,2804.569,2804.55,2804.589,1783276010.146
1783276011,2804.57,2804.551,2804.59,1783276011.131
1783276012,2804.574,2804.555,2804.594,1783276012.153
1783276013,2804.579,2804.56,2804.599,1783276013.122
1783276014,2804.583,2804.564,2804.603,1783276014.163
1783276015,2804.584,2804.564,2804.603,1783276015.121
1783276016,2804.591,2804.571,2804.61,1783276016.151
1783276017,2804.592,2804.572,2804.611,1783276017.124
1783276018,2804.593,2804.573,2804.612,1783276018.139
1783276019,2804.599,2804.579,2804.618,1783276019.115
1783276020,2804.604,2804.584,2804.623,1783276020.147
1783276021,2804.605,2804.585,2804.624,1783276021.128
1783276022,2804.609,2804.589,2804.628,1783276022.206
1783276023,2804.614,2804.595,2804.634,1783276023.184
1783276024,2804.617,2804.597,2804.636,1783276024.160
1783276025,2804.617,2804.597,2804.636,1783276025.116
1783276026,2804.622,2804.602,2804.641,1783276026.155
1783276027,2804.631,2804.611,2804.651,1783276027.119
1783276028,2804.635,2804.615,2804.654,1783276028.203
1783276029,2804.645,2804.625,2804.665,1783276029.119
1783276030,2804.65,2804.63,2804.669,1783276030.165
1783276031,2804.658,2804.638,2804.678,1783276031.128
1783276032,2804.662,2804.643,2804.682,1783276032.149
1783276033,2804.669,2804.649,2804.689,1783276033.127
1783276034,2804.671,2804.651,2804.69,1783276034.161
1783276035,2804.671,2804.651,2804.691,1783276035.139
1783276036,2804.676,2804.657,2804.696,1783276036.138
1783276037,2804.678,2804.658,2804.698,1783276037.121
1783276038,2804.678,2804.659,2804.698,1783276038.152
1783276039,2804.681,2804.662,2804.701,1783276039.123
1783276040,2804.687,2804.667,2804.706,1783276040.132
1783276041,2804.692,2804.672,2804.711,1783276041.123
1783276042,2804.694,2804.675,2804.714,1783276042.143
1783276043,2804.703,2804.684,2804.723,1783276043.128
1783276044,2804.706,2804.686,2804.725,1783276044.150
1783276045,2804.711,2804.692,2804.731,1783276045.163
1783276046,2804.721,2804.701,2804.74,1783276046.143
1783276047,2804.725,2804.705,2804.744,1783276047.120
1783276048,2804.727,2804.708,2804.747,1783276048.142
1783276049,2804.736,2804.716,2804.756,1783276049.123
1783276050,2804.739,2804.719,2804.759,1783276050.154
1783276051,2804.743,2804.723,2804.763,1783276051.124
1783276052,2804.746,2804.726,2804.766,1783276052.150
1783276053,2804.75,2804.73,2804.769,1783276053.134
1783276054,2804.759,2804.74,2804.779,1783276054.152
1783276055,2804.761,2804.741,2804.781,1783276055.134
1783276056,2804.763,2804.743,2804.783,1783276056.205
1783276057,2804.768,2804.749,2804.788,1783276057.129
1783276058,2804.778,2804.758,2804.798,1783276058.201
1783276059,2804.778,2804.759,2804.798,1783276059.123
1783276060,2804.78,2804.761,2804.8,1783276060.142
1783276061,2804.787,2804.768,2804.807,1783276061.129
1783276062,2804.797,2804.777,2804.816,1783276062.152
1783276063,2804.811,2804.791,2804.83,1783276063.125
1783276064,2804.818,2804.798,2804.837,1783276064.144
1783276065,2804.831,2804.812,2804.851,1783276065.118
1783276066,2804.837,2804.817,2804.857,1783276066.151
1783276067,2804.838,2804.818,2804.858,1783276067.136
1783276068,2804.842,2804.822,2804.861,1783276068.153
1783276069,2804.843,2804.824,2804.863,1783276069.130
1783276070,2804.854,2804.835,2804.874,1783276070.146
1783276071,2804.859,2804.839,2804.879,1783276071.130
1783276072,2804.862,2804.842,2804.882,1783276072.165
1783276073,2804.866,2804.847,2804.886,1783276073.132
1783276074,2804.868,2804.848,2804.888,1783276074.162
1783276075,2804.877,2804.858,2804.897,1783276075.131
1783276076,2804.881,2804.861,2804.9,1783276076.159
1783276077,2804.888,2804.868,2804.908,1783276077.123
1783276078,2804.893,2804.874,2804.913,1783276078.150
1783276079,2803.131,2803.112,2803.151,1783276079.124
1783276080,2803.139,2803.12,2803.159,1783276080.164
1783276081,2803.148,2803.128,2803.168,1783276081.127
1783276082,2803.149,2803.129,2803.168,1783276082.195
1783276083,2803.15,2803.13,2803.169,1783276083.124
1783276084,2803.152,2803.132,2803.172,1783276084.164
1783276085,2803.152,2803.133,2803.172,1783276085.125
1783276086,2803.158,2803.139,2803.178,1783276086.144
1783276087,2803.164,2803.144,2803.184,1783276087.119
1783276088,2803.166,2803.147,2803.186,1783276088.205
1783276089,2803.173,2803.154,2803.193,1783276089.126
1783276090,2803.179,2803.16,2803.199,1783276090.153
1783276091,2803.181,2803.161,2803.2,1783276091.114
1783276092,2803.181,2803.162,2803.201,1783276092.149
1783276093,2803.182,2803.162,2803.201,1783276093.119
1783276094,2803.189,2803.17,2803.209,1783276094.147
1783276095,2803.196,2803.176,2803.215,1783276095.116
1783276096,2803.2,2803.18,2803.22,1783276096.154
1783276097,2803.205,2803.185,2803.224,1783276097.118
1783276098,2803.209,2803.189,2803.229,1783276098.153
1783276099,2803.209,2803.189,2803.229,1783276099.127
1783276100,2803.215,2803.195,2803.235,1783276100.162
1783276101,2803.221,2803.201,2803.24,1783276101.126
1783276102,2803.227,2803.207,2803.247,1783276102.150
1783276103,2803.235,2803.215,2803.254,1783276103.112
1783276104,2803.235,2803.216,2803.255,1783276104.152
1783276105,2803.236,2803.216,2803.255,1783276105.127
1783276106,2803.247,2803.227,2803.266,1783276106.143
1783276107,2803.257,2803.238,2803.277,1783276107.121
1783276108,2803.258,2803.239,2803.278,1783276108.140
1783276109,2803.262,2803.242,2803.281,1783276109.117
1783276110,2803.266,2803.246,2803.285,1783276110.157
1783276111,2803.268,2803.248,2803.287,1783276111.122
1783276112,2803.277,2803.257,2803.297,1783276112.206
1783276113,2803.278,2803.259,2803.298,1783276113.124
1783276114,2803.288,2803.268,2803.308,1783276114.130
1783276115,2803.294,2803.275,2803.314,1783276115.132
1783276116,2803.298,2803.278,2803.317,1783276116.141
1783276117,2803.305,2803.285,2803.325,1783276117.118
1783276118,2803.31,2803.29,2803.33,1783276118.138
1783276119,2803.314,2803.294,2803.334,1783276119.111
1783276120,2803.323,2803.303,2803.343,1783276120.174
1783276121,2803.33,2803.31,2803.35,1783276121.124
1783276122,2803.333,2803.313,2803.353,1783276122.157
1783276123,2803.342,2803.323,2803.362,1783276123.113
1783276124,2803.344,2803.324,2803.364,1783276124.153
1783276125,2803.344,2803.325,2803.364,1783276125.112
1783276126,2803.346,2803.326,2803.365,1783276126.141
1783276127,2803.356,2803.337,2803.376,1783276127.136
1783276128,2803.357,2803.337,2803.377,1783276128.159
1783276129,2803.357,2803.338,2803.377,1783276129.115
1783276130,2803.36,2803.34,2803.38,1783276130.158
1783276131,2803.365,2803.346,2803.385,1783276131.119
1783276132,2803.374,2803.354,2803.393,1783276132.150
1783276133,2803.375,2803.355,2803.395,1783276133.112
1783276134,2803.391,2803.371,2803.41,1783276134.157
1783276135,2803.394,2803.375,2803.414,1783276135.114
1783276136,2803.398,2803.378,2803.417,1783276136.151
1783276137,2803.4,2803.38,2803.419,1783276137.123
1783276138,2803.413,2803.394,2803.433,1783276138.139
1783276139,2803.414,2803.395,2803.434,1783276139.125
1783276140,2803.416,2803.396,2803.435,1783276140.144
1783276141,2803.417,2803.398,2803.437,1783276141.132
1783276142,2803.422,2803.403,2803.442,1783276142.144
1783276143,2803.424,2803.404,2803.443,1783276143.194
1783276144,2803.434,2803.414,2803.454,1783276144.171
1783276145,2803.437,2803.417,2803.456,1783276145.114
1783276146,2803.438,2803.418,2803.457,1783276146.149
1783276147,2803.454,2803.434,2803.473,1783276147.126
1783276148,2803.461,2803.441,2803.48,1783276148.210
1783276149,2803.474,2803.455,2803.494,1783276149.122
1783276150,2803.478,2803.458,2803.498,1783276150.140
1783276151,2803.486,2803.466,2803.505,1783276151.112
1783276152,2803.495,2803.475,2803.514,1783276152.127
1783276153,2803.495,2803.475,2803.514,1783276153.125
1783276154,2803.499,2803.479,2803.518,1783276154.149
1783276155,2803.501,2803.481,2803.52,1783276155.111
1783276156,2803.505,2803.485,2803.524,1783276156.162
1783276157,2803.508,2803.488,2803.527,1783276157.124
1783276158,2803.509,2803.489,2803.529,1783276158.130
1783276159,2803.519,2803.5,2803.539,1783276159.108
1783276160,2803.52,2803.501,2803.54,1783276160.133
1783276161,2803.527,2803.508,2803.547,1783276161.156
1783276162,2803.535,2803.516,2803.555,1783276162.152
1783276163,2803.545,2803.526,2803.565,1783276163.114
1783276164,2803.552,2803.533,2803.572,1783276164.155
1783276165,2803.556,2803.537,2803.576,1783276165.145
1783276166,2803.568,2803.548,2803.588,1783276166.141
1783276167,2803.571,2803.552,2803.591,1783276167.127
1783276168,2803.573,2803.553,2803.592,1783276168.161
1783276169,2803.577,2803.557,2803.596,1783276169.113
1783276170,2803.581,2803.561,2803.601,1783276170.167
1783276171,2803.585,2803.565,2803.605,1783276171.128
1783276172,2802.693,2802.673,2802.712,1783276172.163
1783276173,2802.694,2802.674,2802.713,1783276173.131
1783276174,2802.699,2802.679,2802.718,1783276174.208
1783276175,2802.7,2802.68,2802.72,1783276175.206
1783276176,2802.711,2802.691,2802.731,1783276176.166
1783276177,2802.713,2802.693,2802.732,1783276177.121
1783276178,2802.714,2802.694,2802.734,1783276178.202
1783276179,2802.718,2802.699,2802.738,1783276179.126
1783276180,2802.725,2802.706,2802.745,1783276180.148
1783276181,2802.734,2802.714,2802.753,1783276181.131
1783276182,2802.737,2802.717,2802.756,1783276182.158
1783276183,2802.745,2802.725,2802.764,1783276183.144
1783276184,2802.745,2802.725,2802.764,1783276184.147
1783276185,2802.748,2802.729,2802.768,1783276185.120
1783276186,2802.752,2802.732,2802.771,1783276186.138
1783276187,2802.752,2802.732,2802.771,1783276187.122
1783276188,2802.758,2802.739,2802.778,1783276188.149
1783276189,2802.76,2802.741,2802.78,1783276189.166
1783276190,2802.761,2802.741,2802.78,1783276190.157
1783276191,2802.764,2802.744,2802.784,1783276191.126
1783276192,2802.77,2802.751,2802.79,1783276192.143
1783276193,2802.774,2802.754,2802.793,1783276193.117
1783276194,2802.778,2802.758,2802.797,1783276194.153
1783276195,2802.787,2802.767,2802.806,1783276195.128
1783276196,2802.788,2802.768,2802.807,1783276196.156
1783276197,2802.796,2802.776,2802.815,1783276197.126
1783276198,2802.8,2802.78,2802.819,1783276198.164
1783276199,2802.811,2802.791,2802.83,1783276199.127
1783276200,2802.813,2802.794,2802.833,1783276200.165
1783276201,2802.822,2802.802,2802.841,1783276201.123
1783276202,2802.823,2802.804,2802.843,1783276202.262
1783276203,2802.824,2802.804,2802.844,1783276203.165
1783276204,2802.83,2802.81,2802.85,1783276204.192
1783276205,2802.833,2802.813,2802.852,1783276205.211
1783276206,2802.837,2802.817,2802.856,1783276206.217
1783276207,2802.848,2802.828,2802.868,1783276207.137
1783276208,2802.854,2802.835,2802.874,1783276208.206
1783276209,2802.87,2802.851,2802.89,1783276209.131
1783276210,2802.874,2802.855,2802.894,1783276210.153
1783276211,2802.876,2802.857,2802.896,1783276211.134
1783276212,2802.884,2802.864,2802.903,1783276212.164
1783276213,2802.884,2802.865,2802.904,1783276213.123
1783276214,2802.891,2802.871,2802.91,1783276214.152
1783276215,2802.906,2802.887,2802.926,1783276215.127
1783276216,2802.907,2802.887,2802.927,1783276216.139
1783276217,2802.914,2802.894,2802.933,1783276217.122
1783276218,2802.929,2802.909,2802.948,1783276218.161
1783276219,2802.939,2802.92,2802.959,1783276219.118
1783276220,2802.942,2802.922,2802.961,1783276220.158
1783276221,2802.948,2802.928,2802.967,1783276221.128
1783276222,2802.951,2802.931,2802.97,1783276222.147
1783276223,2802.955,2802.935,2802.974,1783276223.124
1783276224,2802.962,2802.942,2802.982,1783276224.155
1783276225,2802.967,2802.948,2802.987,1783276225.208
1783276226,2802.978,2802.958,2802.997,1783276226.140
1783276227,2802.986,2802.966,2803.005,1783276227.132
1783276228,2802.993,2802.973,2803.013,1783276228.159
1783276229,2803.003,2802.983,2803.022,1783276229.116
1783276230,2803.009,2802.989,2803.028,1783276230.170
1783276231,2803.017,2802.997,2803.037,1783276231.128
1783276232,2803.018,2802.998,2803.037,1783276232.159
1783276233,2803.025,2803.006,2803.045,1783276233.115
1783276234,2803.027,2803.007,2803.046,1783276234.148
1783276235,2803.035,2803.015,2803.054,1783276235.133
1783276236,2803.037,2803.017,2803.056,1783276236.145
1783276237,2803.04,2803.021,2803.06,1783276237.123
1783276238,2803.044,2803.024,2803.064,1783276238.263
1783276239,2803.052,2803.033,2803.072,1783276239.144
1783276240,2803.058,2803.038,2803.077,1783276240.139
1783276241,2803.062,2803.043,2803.082,1783276241.134
1783276242,2803.069,2803.05,2803.089,1783276242.153
1783276243,2803.08,2803.06,2803.1,1783276243.126
