epoch,quote,bid,ask,recv_ts
1783266682,113912.11,113908.75,113915.47,1783266682.162
1783266683,113907.47,113904.11,113910.83,1783266683.124
1783266684,113914.35,113910.99,113917.71,1783266684.162
1783266685,113913.87,113910.51,113917.23,1783266685.128
1783266686,113929.47,113926.1,113932.83,1783266686.150
1783266687,113930.83,113927.47,113934.2,1783266687.113
1783266688,113938.45,113935.09,113941.81,1783266688.134
1783266689,113941.35,113937.99,113944.72,1783266689.116
1783266690,113944.36,113940.99,113947.72,1783266690.147
1783266691,113946.43,113943.07,113949.79,1783266691.117
1783266692,113943.47,113940.11,113946.83,1783266692.149
1783266693,113949.17,113945.8,113952.53,1783266693.137
1783266694,113959,113955.64,113962.36,1783266694.149
1783266695,113960.75,113957.39,113964.11,1783266695.115
1783266696,113960.14,113956.78,113963.5,1783266696.139
1783266697,113952.59,113949.23,113955.95,1783266697.121
1783266698,113951.97,113948.6,113955.33,1783266698.204
1783266699,113963.48,113960.12,113966.84,1783266699.117
1783266700,113958.48,113955.12,113961.85,1783266700.145
1783266701,113969.72,113966.36,113973.09,1783266701.110
1783266702,113969.31,113965.94,113972.67,1783266702.143
1783266703,113964.71,113961.35,113968.08,1783266703.119
1783266704,113961.85,113958.49,113965.21,1783266704.139
1783266705,113952.4,113949.04,113955.76,1783266705.113
1783266706,113953.07,113949.71,113956.43,1783266706.149
1783266707,113958.07,113954.71,113961.43,1783266707.115
1783266708,113959.65,113956.29,113963.01,1783266708.138
1783266709,113963.12,113959.76,113966.48,1783266709.131
1783266710,113959.59,113956.23,113962.95,1783266710.140
1783266711,113964.86,113961.5,113968.22,1783266711.134
1783266712,113965.22,113961.86,113968.59,1783266712.156
1783266713,113973.02,113969.66,113976.39,1783266713.115
1783266714,113974.48,113971.12,113977.84,1783266714.144
1783266715,113970.44,113967.08,113973.8,1783266715.127
1783266716,113975.52,113972.16,113978.89,1783266716.173
1783266717,113982.66,113979.29,113986.02,1783266717.113
1783266718,113976.25,113972.89,113979.61,1783266718.163
1783266719,113977.99,113974.63,113981.35,1783266719.127
1783266720,113969.36,113966,113972.72,1783266720.204
1783266721,113969.37,113966.01,113972.74,1783266721.131
1783266722,113968.73,113965.37,113972.09,1783266722.273
1783266723,113977.47,113974.1,113980.83,1783266723.122
1783266724,113984.71,113981.34,113988.07,1783266724.232
1783266725,113979.21,113975.85,113982.57,1783266725.127
1783266726,113987.61,113984.25,113990.97,1783266726.137
1783266727,113985.38,113982.02,113988.74,1783266727.118
1783266728,113991.49,113988.13,113994.85,1783266728.201
1783266729,113989.18,113985.82,113992.54,1783266729.120
1783266730,113981.37,113978.01,113984.73,1783266730.127
1783266731,113976.39,113973.03,113979.76,1783266731.163
1783266732,113975.85,113972.48,113979.21,1783266732.149
1783266733,113973.73,113970.37,113977.09,1783266733.109
1783266734,113973.92,113970.56,113977.28,1783266734.156
1783266735,113974.9,113971.54,113978.26,1783266735.125
1783266736,113973.83,113970.47,113977.19,1783266736.135
1783266737,113975.27,113971.91,113978.63,1783266737.120
1783266738,113974.27,113970.91,113977.63,1783266738.145
1783266739,113976.58,113973.22,113979.94,1783266739.129
1783266740,113979.58,113976.22,113982.94,1783266740.142
1783266741,113974.99,113971.62,113978.35,1783266741.131
1783266742,113979.45,113976.09,113982.82,1783266742.140
1783266743,113989.78,113986.42,113993.14,1783266743.124
1783266744,113991.41,113988.04,113994.77,1783266744.177
1783266745,113991.03,113987.67,113994.4,1783266745.129
1783266746,113997.22,113993.86,114000.58,1783266746.146
1783266747,113995.87,113992.51,113999.23,1783266747.122
1783266748,114001.07,113997.71,114004.44,1783266748.171
1783266749,113997.08,113993.72,114000.44,1783266749.130
1783266750,114005.74,114002.38,114009.11,1783266750.155
1783266751,114000.68,113997.32,114004.05,1783266751.120
1783266752,114007.24,114003.87,114010.6,1783266752.135
1783266753,114013.7,114010.33,114017.06,1783266753.123
1783266754,114015.79,114012.43,114019.16,1783266754.163
1783266755,114005.05,114001.69,114008.41,1783266755.128
1783266756,113999.93,113996.57,114003.3,1783266756.139
1783266757,114003.06,113999.7,114006.42,1783266757.120
1783266758,114000.18,113996.82,114003.55,1783266758.249
1783266759,114002.16,113998.8,114005.52,1783266759.122
1783266760,114003.8,114000.44,114007.16,1783266760.167
1783266761,114004.73,114001.36,114008.09,1783266761.114
1783266762,114002.07,113998.7,114005.43,1783266762.133
1783266763,113999.66,113996.3,114003.03,1783266763.122
1783266764,114001.41,113998.05,114004.78,1783266764.137
1783266765,113999.43,113996.06,114002.79,1783266765.112
1783266766,114010.64,114007.28,114014,1783266766.147
1783266767,114009.19,114005.83,114012.56,1783266767.216
1783266768,114008.03,114004.67,114011.39,1783266768.175
1783266769,114010.55,114007.19,114013.91,1783266769.130
1783266770,114005.54,114002.18,114008.9,1783266770.150
1783266771,114008.67,114005.31,114012.04,1783266771.114
1783266772,114001.85,113998.49,114005.21,1783266772.154
1783266773,113994.39,113991.02,113997.75,1783266773.126
1783266774,113986.94,113983.58,113990.3,1783266774.151
1783266775,113991.82,113988.46,113995.18,1783266775.120
1783266776,113983.44,113980.08,113986.81,1783266776.156
1783266777,113980.98,113977.62,113984.35,1783266777.128
1783266778,113973.43,113970.07,113976.79,1783266778.142
1783266779,113973.41,113970.04,113976.77,1783266779.117
1783266780,113970.59,113967.23,113973.95,1783266780.163
1783266781,113969.56,113966.2,113972.92,1783266781.120
1783266782,113961.62,113958.26,113964.98,1783266782.196
1783266783,113957.84,113954.48,113961.2,1783266783.114
1783266784,113962.62,113959.25,113965.98,1783266784.150
1783266785,113962.55,113959.19,113965.91,1783266785.130
1783266786,113969.06,113965.7,113972.42,1783266786.138
1783266787,113973.04,113969.68,113976.4,1783266787.122
1783266788,113970.54,113967.18,113973.9,1783266788.204
1783266789,113974.4,113971.04,113977.76,1783266789.121
1783266790,113974.34,113970.98,113977.7,1783266790.163
1783266791,113968.07,113964.71,113971.43,1783266791.121
1783266792,113966.84,113963.48,113970.2,1783266792.153
1783266793,113971.35,113967.99,113974.71,1783266793.129
1783266794,113968.36,113965,113971.73,1783266794.144
1783266795,113970.86,113967.49,113974.22,1783266795.118
1783266796,113971.83,113968.46,113975.19,1783266796.149
1783266797,113966.36,113963,113969.72,1783266797.116
1783266798,113967.17,113963.81,113970.54,1783266798.145
1783266799,113968.45,113965.09,113971.81,1783266799.125
1783266800,113966.82,113963.46,113970.18,1783266800.136
1783266801,113966.12,113962.76,113969.48,1783266801.120
1783266802,113969.91,113966.54,113973.27,1783266802.129
1783266803,113974.12,113970.76,113977.49,1783266803.125
1783266804,113974.1,113970.73,113977.46,1783266804.147
1783266805,113974.75,113971.39,113978.11,1783266805.116
1783266806,113971.85,113968.48,113975.21,1783266806.140
1783266807,113974.16,113970.8,113977.52,1783266807.119
1783266808,113977.63,113974.27,113981,1783266808.162
1783266809,113974.33,113970.96,113977.69,1783266809.130
1783266810,113976.85,113973.48,113980.21,1783266810.143
1783266811,113991.89,113988.52,113995.25,1783266811.115
1783266812,113983.99,113980.62,113987.35,1783266812.141
1783266813,113990.39,113987.02,113993.75,1783266813.144
1783266814,114004.07,114000.71,114007.44,1783266814.146
1783266815,113994.48,113991.11,113997.84,1783266815.115
1783266816,113997.48,113994.11,114000.84,1783266816.165
1783266817,114001.76,113998.4,114005.12,1783266817.132
1783266818,113994.78,113991.42,113998.14,1783266818.243
1783266819,113993.46,113990.1,113996.83,1783266819.118
1783266820,113992.71,113989.35,113996.08,1783266820.133
1783266821,113984.15,113980.78,113987.51,1783266821.133
1783266822,113979.85,113976.49,113983.21,1783266822.141
1783266823,113975.29,113971.93,113978.65,1783266823.123
1783266824,113971.16,113967.8,113974.52,1783266824.136
1783266825,113970.23,113966.87,113973.59,1783266825.120
1783266826,113974.21,113970.84,113977.57,1783266826.143
1783266827,113978.63,113975.27,113981.99,1783266827.117
1783266828,113982.01,113978.65,113985.37,1783266828.137
1783266829,113983.24,113979.88,113986.6,1783266829.124
1783266830,113980.91,113977.55,113984.28,1783266830.161
1783266831,113989.76,113986.4,113993.12,1783266831.121
1783266832,113987.27,113983.91,113990.63,1783266832.131
1783266833,113988.89,113985.52,113992.25,1783266833.118
1783266834,113987.2,113983.84,113990.56,1783266834.136
1783266835,113991.64,113988.28,113995.01,1783266835.122
1783266836,113993.14,113989.78,113996.5,1783266836.133
1783266837,113989.17,113985.8,113992.53,1783266837.116
1783266838,113984.91,113981.55,113988.27,1783266838.151
1783266839,113992.46,113989.09,113995.82,1783266839.117
1783266840,113993.33,113989.97,113996.69,1783266840.142
1783266841,113993.74,113990.38,113997.11,1783266841.128
1783266842,113987.78,113984.42,113991.14,1783266842.149
1783266843,113988.33,113984.97,113991.69,1783266843.165
1783266844,113996.14,113992.77,113999.5,1783266844.148
1783266845,113995.58,113992.22,113998.95,1783266845.126
1783266846,113986.03,113982.67,113989.39,1783266846.132
1783266847,113981.98,113978.62,113985.34,1783266847.118
1783266848,113981.8,113978.44,113985.17,1783266848.203
1783266849,113978.18,113974.81,113981.54,1783266849.111
1783266850,113979.09,113975.73,113982.46,1783266850.141
1783266851,113976.49,113973.12,113979.85,1783266851.114
1783266852,113975.52,113972.16,113978.89,1783266852.162
1783266853,113978.34,113974.98,113981.7,1783266853.135
1783266854,113981.16,113977.8,113984.53,1783266854.134
1783266855,113979.97,113976.6,113983.33,1783266855.114
1783266856,113971.05,113967.69,113974.41,1783266856.150
1783266857,113967.69,113964.33,113971.05,1783266857.121
1783266858,113965.51,113962.15,113968.87,1783266858.165
1783266859,113963.24,113959.88,113966.6,1783266859.114
1783266860,113960.47,113957.11,113963.83,1783266860.165
1783266861,113966.74,113963.38,113970.1,1783266861.126
1783266862,113973.04,113969.67,113976.4,1783266862.138
1783266863,113980.89,113977.53,113984.26,1783266863.143
1783266864,113980.34,113976.98,113983.71,1783266864.146
1783266865,113979.1,113975.74,113982.46,1783266865.128
1783266866,113968.23,113964.87,113971.59,1783266866.137
1783266867,113963.31,113959.95,113966.67,1783266867.114
1783266868,113967.07,113963.71,113970.43,1783266868.129
1783266869,113968.59,113965.23,113971.95,1783266869.115
1783266870,113965.45,113962.09,113968.81,1783266870.141
1783266871,113978.82,113975.45,113982.18,1783266871.120
1783266872,113983.71,113980.35,113987.07,1783266872.155
1783266873,113984.32,113980.96,113987.68,1783266873.117
1783266874,113983.68,113980.32,113987.05,1783266874.144
1783266875,113986.88,113983.52,113990.25,1783266875.122
1783266876,113980.24,113976.88,113983.6,1783266876.149
1783266877,113974.63,113971.27,113977.99,1783266877.127
1783266878,113976.09,113972.72,113979.45,1783266878.250
1783266879,113970.35,113966.99,113973.71,1783266879.121
1783266880,113970.23,113966.86,113973.59,1783266880.129
1783266881,113965.88,113962.52,113969.25,1783266881.126
1783266882,113963.13,113959.77,113966.5,1783266882.143
1783266883,113965.52,113962.16,113968.89,1783266883.121
1783266884,113963.75,113960.39,113967.11,1783266884.131
1783266885,113959.89,113956.53,113963.25,1783266885.115
1783266886,113966.19,113962.83,113969.55,1783266886.131
1783266887,113958.84,113955.48,113962.2,1783266887.114
1783266888,113958.74,113955.37,113962.1,1783266888.139
1783266889,113962.91,113959.55,113966.27,1783266889.118
1783266890,113968.94,113965.58,113972.3,1783266890.138
1783266891,113964.93,113961.56,113968.29,1783266891.109
1783266892,113957.77,113954.41,113961.13,1783266892.148
1783266893,113955.25,113951.88,113958.61,1783266893.114
1783266894,113956.41,113953.05,113959.77,1783266894.148
1783266895,113963.71,113960.35,113967.07,1783266895.117
1783266896,113961.56,113958.2,113964.93,1783266896.137
1783266897,113956.01,113952.65,113959.37,1783266897.121
1783266898,113946.93,113943.57,113950.29,1783266898.137
1783266899,113934.63,113931.27,113937.99,1783266899.111
1783266900,113934.83,113931.47,113938.19,1783266900.148
1783266901,113932.75,113929.39,113936.11,1783266901.117
1783266902,113929.81,113926.44,113933.17,1783266902.352
1783266903,113931.39,113928.03,113934.75,1783266903.165
1783266904,113935.54,113932.18,113938.9,1783266904.276
1783266905,113924.92,113921.55,113928.28,1783266905.127
1783266906,113924.74,113921.38,113928.1,1783266906.150
1783266907,113926.87,113923.51,113930.23,1783266907.124
1783266908,113924.65,113921.29,113928.01,1783266908.202
1783266909,113915.66,113912.3,113919.02,1783266909.115
1783266910,113923.53,113920.17,113926.89,1783266910.134
1783266911,113920.16,113916.8,113923.52,1783266911.124
1783266912,113915.32,113911.96,113918.68,1783266912.141
1783266913,113915.47,113912.11,113918.83,1783266913.127
1783266914,113914.5,113911.14,113917.86,1783266914.140
1783266915,113924.96,113921.6,113928.32,1783266915.132
1783266916,113923.36,113920,113926.72,1783266916.303
1783266917,113920.89,113917.53,113924.26,1783266917.116
1783266918,113926.64,113923.28,113930,1783266918.138
1783266919,113927.9,113924.54,113931.26,1783266919.118
1783266920,113935.14,113931.78,113938.5,1783266920.136
1783266921,113921.55,113918.19,113924.92,1783266921.122
1783266922,113924.03,113920.67,113927.39,1783266922.137
1783266923,113922.01,113918.65,113925.37,1783266923.114
1783266924,113929.59,113926.23,113932.95,1783266924.133
1783266925,113934.71,113931.35,113938.07,1783266925.143
1783266926,113943.16,113939.8,113946.52,1783266926.132
1783266927,113938.6,113935.24,113941.97,1783266927.120
1783266928,113941.13,113937.77,113944.49,1783266928.149
1783266929,113944.1,113940.73,113947.46,1783266929.126
1783266930,113941.79,113938.43,113945.15,1783266930.156
1783266931,113939.75,113936.38,113943.11,1783266931.111
1783266932,113938.29,113934.92,113941.65,1783266932.135
1783266933,113942.93,113939.56,113946.29,1783266933.121
1783266934,113938.17,113934.81,113941.53,1783266934.133
1783266935,113935.93,113932.57,113939.3,1783266935.124
1783266936,113937.28,113933.92,113940.64,1783266936.146
1783266937,113935.52,113932.16,113938.88,1783266937.113
1783266938,113928.6,113925.24,113931.96,1783266938.209
1783266939,113920,113916.64,113923.36,1783266939.117
1783266940,113922.64,113919.28,113926,1783266940.162
1783266941,113922.86,113919.5,113926.22,1783266941.122
1783266942,113925.26,113921.9,113928.62,1783266942.135
1783266943,113928.96,113925.6,113932.32,1783266943.123
1783266944,113939.43,113936.07,113942.79,1783266944.143
1783266945,113944.42,113941.06,113947.78,1783266945.123
1783266946,113948,113944.64,113951.36,1783266946.158
1783266947,113952.05,113948.69,113955.41,1783266947.112
1783266948,113949.19,113945.83,113952.55,1783266948.162
1783266949,113954.26,113950.9,113957.62,1783266949.152
1783266950,113955.3,113951.94,113958.66,1783266950.145
1783266951,113956.54,113953.18,113959.9,1783266951.112
1783266952,113958.67,113955.3,113962.03,1783266952.137
1783266953,113953.27,113949.91,113956.63,1783266953.109
1783266954,113952.92,113949.56,113956.28,1783266954.132
1783266955,113953.55,113950.19,113956.92,1783266955.112
1783266956,113951.89,113948.53,113955.26,1783266956.147
1783266957,113954.36,113951,113957.72,1783266957.121
1783266958,113960.15,113956.79,113963.52,1783266958.131
1783266959,113966.66,113963.3,113970.03,1783266959.110
1783266960,113962.47,113959.11,113965.83,1783266960.147
1783266961,113967.15,113963.79,113970.51,1783266961.118
1783266962,113978.02,113974.66,113981.38,1783266962.313
1783266963,113984.43,113981.07,113987.79,1783266963.144
1783266964,113985.66,113982.29,113989.02,1783266964.137
1783266965,113985.37,113982.01,113988.74,1783266965.123
1783266966,113989.2,113985.83,113992.56,1783266966.140
1783266967,113988.17,113984.81,113991.53,1783266967.114
1783266968,113992.01,113988.64,113995.37,1783266968.199
1783266969,113986.96,113983.6,113990.32,1783266969.121
1783266970,113988.48,113985.12,113991.84,1783266970.150
1783266971,113988.94,113985.58,113992.31,1783266971.111
1783266972,113994.46,113991.1,113997.82,1783266972.129
1783266973,113994.69,113991.32,113998.05,1783266973.122
1783266974,113998.45,113995.09,114001.81,1783266974.157
1783266975,113999.78,113996.41,114003.14,1783266975.123
1783266976,114001.23,113997.87,114004.6,1783266976.140
1783266977,114001.7,113998.33,114005.06,1783266977.124
1783266978,113991.21,113987.85,113994.58,1783266978.161
1783266979,113989.72,113986.36,113993.09,1783266979.111
1783266980,113994.16,113990.8,113997.52,1783266980.134
1783266981,113993.14,113989.77,113996.5,1783266981.116
1783266982,113991.55,113988.19,113994.92,1783266982.141
1783266983,113992.22,113988.86,113995.58,1783266983.151
1783266984,113990.55,113987.19,113993.91,1783266984.144
1783266985,113984.84,113981.47,113988.2,1783266985.111
1783266986,113989.16,113985.8,113992.52,1783266986.144
1783266987,114003.37,114000.01,114006.74,1783266987.117
1783266988,113997.23,113993.87,114000.6,1783266988.146
1783266989,114004.63,114001.26,114007.99,1783266989.112
1783266990,114003.29,113999.93,114006.65,1783266990.150
1783266991,114018.22,114014.86,114021.59,1783266991.114
1783266992,114025.48,114022.12,114028.85,1783266992.163
1783266993,114024.81,114021.45,114028.18,1783266993.119
1783266994,114034.26,114030.89,114037.62,1783266994.134
1783266995,114036.78,114033.42,114040.15,1783266995.111
1783266996,114033.02,114029.66,114036.39,1783266996.133
1783266997,114038.45,114035.09,114041.82,1783266997.117
1783266998,114034.27,114030.9,114037.63,1783266998.201
1783266999,114030.55,114027.19,114033.91,1783266999.117
1783267000,114030.59,114027.22,114033.95,1783267000.140
1783267001,114030.06,114026.7,114033.43,1783267001.111
1783267002,114031.41,114028.05,114034.77,1783267002.145
1783267003,114029.27,114025.9,114032.63,1783267003.122
1783267004,114034.26,114030.89,114037.62,1783267004.136
1783267005,114033.01,114029.65,114036.38,1783267005.172
1783267006,114034.59,114031.23,114037.95,1783267006.143
1783267007,114038.74,114035.38,114042.11,1783267007.110
1783267008,114031.34,114027.97,114034.7,1783267008.134
1783267009,114028.03,114024.66,114031.39,1783267009.116
1783267010,114031.09,114027.72,114034.45,1783267010.169
1783267011,114038.34,114034.97,114041.7,1783267011.113
1783267012,114041.15,114037.79,114044.52,1783267012.144
1783267013,114047,114043.64,114050.36,1783267013.116
1783267014,114048.28,114044.92,114051.65,1783267014.159
1783267015,114044.28,114040.92,114047.65,1783267015.127
1783267016,114036.19,114032.82,114039.55,1783267016.135
1783267017,114034.87,114031.5,114038.23,1783267017.149
1783267018,114036.32,114032.96,114039.69,1783267018.141
1783267019,114036.82,114033.46,114040.19,1783267019.121
1783267020,114041,114037.64,114044.37,1783267020.153
1783267021,114035.17,114031.8,114038.53,1783267021.119
1783267022,114034.88,114031.51,114038.24,1783267022.258
1783267023,114024.19,114020.83,114027.56,1783267023.133
1783267024,114018.81,114015.45,114022.18,1783267024.183
1783267025,114028.28,114024.91,114031.64,1783267025.115
1783267026,114024.1,114020.73,114027.46,1783267026.140
1783267027,114023.03,114019.66,114026.39,1783267027.121
1783267028,114025.91,114022.55,114029.27,1783267028.221
1783267029,114021.04,114017.68,114024.41,1783267029.113
1783267030,114016.77,114013.41,114020.14,1783267030.135
1783267031,114027.9,114024.54,114031.27,1783267031.113
1783267032,114025.16,114021.8,114028.52,1783267032.134
1783267033,114027.4,114024.03,114030.76,1783267033.119
1783267034,114023.25,114019.88,114026.61,1783267034.142
1783267035,114023.35,114019.99,114026.72,1783267035.136
1783267036,114029.34,114025.98,114032.7,1783267036.143
1783267037,114024.71,114021.35,114028.08,1783267037.125
1783267038,114021.16,114017.8,114024.53,1783267038.143
1783267039,114021.57,114018.2,114024.93,1783267039.112
1783267040,114022.98,114019.62,114026.34,1783267040.141
1783267041,114021.79,114018.42,114025.15,1783267041.131
1783267042,114028.39,114025.02,114031.75,1783267042.149
1783267043,114033.78,114030.41,114037.14,1783267043.119
1783267044,114029.36,114025.99,114032.72,1783267044.132
1783267045,114029.5,114026.13,114032.86,1783267045.116
1783267046,114035.95,114032.59,114039.32,1783267046.149
1783267047,114044.03,114040.66,114047.39,1783267047.120
1783267048,114034.2,114030.84,114037.57,1783267048.137
1783267049,114030.77,114027.41,114034.13,1783267049.117
1783267050,114033.45,114030.09,114036.82,1783267050.148
1783267051,114041.55,114038.18,114044.91,1783267051.121
1783267052,114044.54,114041.18,114047.91,1783267052.152
1783267053,114043.18,114039.81,114046.54,1783267053.123
1783267054,114038.72,114035.36,114042.09,1783267054.134
1783267055,114037.89,114034.52,114041.25,1783267055.114
1783267056,114045.73,114042.36,114049.09,1783267056.133
1783267057,114048.13,114044.76,114051.49,1783267057.110
1783267058,114047.34,114043.97,114050.7,1783267058.208
1783267059,114043.55,114040.18,114046.91,1783267059.120
1783267060,114041.12,114037.76,114044.49,1783267060.163
1783267061,114036.96,114033.6,114040.33,1783267061.129
1783267062,114027.16,114023.8,114030.52,1783267062.203
1783267063,114036.95,114033.59,114040.31,1783267063.104
1783267064,114035.61,114032.25,114038.98,1783267064.135
1783267065,114036.48,114033.12,114039.85,1783267065.123
1783267066,114043.45,114040.09,114046.82,1783267066.134
1783267067,114048.22,114044.85,114051.58,1783267067.163
1783267068,114048.38,114045.01,114051.74,1783267068.139
1783267069,114055.69,114052.33,114059.06,1783267069.109
1783267070,114062.44,114059.08,114065.8,1783267070.146
1783267071,114063.84,114060.48,114067.21,1783267071.111
1783267072,114068.8,114065.43,114072.16,1783267072.136
1783267073,114070.42,114067.06,114073.79,1783267073.114
1783267074,114065.14,114061.78,114068.51,1783267074.139
1783267075,114072.91,114069.55,114076.28,1783267075.115
1783267076,114083.16,114079.8,114086.53,1783267076.144
1783267077,114094.66,114091.3,114098.03,1783267077.110
1783267078,114102.31,114098.94,114105.67,1783267078.152
1783267079,114104.27,114100.91,114107.64,1783267079.113
1783267080,114103.81,114100.44,114107.18,1783267080.140
1783267081,114105.1,114101.73,114108.46,1783267081.123
1783267082,114104.84,114101.47,114108.2,1783267082.170
1783267083,114101.84,114098.47,114105.21,1783267083.299
1783267084,114100.96,114097.59,114104.32,1783267084.155
1783267085,114103.01,114099.64,114106.38,1783267085.145
1783267086,114099.56,114096.19,114102.92,1783267086.157
1783267087,114108.7,114105.33,114112.07,1783267087.124
1783267088,114101.84,114098.48,114105.21,1783267088.133
1783267089,114108.38,114105.01,114111.74,1783267089.110
1783267090,114103.62,114100.26,114106.99,1783267090.171
1783267091,114099.97,114096.6,114103.33,1783267091.115
1783267092,114107.54,114104.17,114110.91,1783267092.165
1783267093,114108.87,114105.51,114112.24,1783267093.126
1783267094,114110.59,114107.23,114113.96,1783267094.149
1783267095,114103.64,114100.27,114107.01,1783267095.122
1783267096,114102.94,114099.58,114106.31,1783267096.158
1783267097,114096.28,114092.91,114099.64,1783267097.117
1783267098,114102.06,114098.7,114105.43,1783267098.164
1783267099,114106.51,114103.14,114109.87,1783267099.118
1783267100,114113.53,114110.17,114116.9,1783267100.147
1783267101,114118.36,114114.99,114121.73,1783267101.121
1783267102,114120.72,114117.36,114124.09,1783267102.138
1783267103,114120.2,114116.84,114123.57,1783267103.113
1783267104,114112.83,114109.47,114116.2,1783267104.145
1783267105,114118.35,114114.98,114121.72,1783267105.110
1783267106,114117.34,114113.98,114120.71,1783267106.131
1783267107,114113.71,114110.35,114117.08,1783267107.117
1783267108,114116.17,114112.8,114119.53,1783267108.147
1783267109,114120.5,114117.14,114123.87,1783267109.123
1783267110,114127.03,114123.67,114130.4,1783267110.139
1783267111,114126.7,114123.33,114130.06,1783267111.113
1783267112,114125.16,114121.79,114128.52,1783267112.134
1783267113,114127.51,114124.14,114130.87,1783267113.124
1783267114,114130.48,114127.11,114133.85,1783267114.137
1783267115,114134.78,114131.42,114138.15,1783267115.121
1783267116,114127.49,114124.13,114130.86,1783267116.161
1783267117,114129.85,114126.48,114133.22,1783267117.138
1783267118,114113.45,114110.08,114116.82,1783267118.204
1783267119,114117.99,114114.62,114121.35,1783267119.119
1783267120,114112.44,114109.08,114115.81,1783267120.145
1783267121,114109.7,114106.34,114113.07,1783267121.112
1783267122,114111.59,114108.23,114114.96,1783267122.148
1783267123,114109.51,114106.14,114112.88,1783267123.122
1783267124,114103.22,114099.85,114106.59,1783267124.151
1783267125,114107.08,114103.71,114110.44,1783267125.117
1783267126,114107.92,114104.55,114111.28,1783267126.257
1783267127,114119.13,114115.77,114122.5,1783267127.115
1783267128,114126.99,114123.62,114130.36,1783267128.154
1783267129,114123.23,114119.86,114126.59,1783267129.116
1783267130,114119.44,114116.07,114122.81,1783267130.159
1783267131,114122.33,114118.97,114125.7,1783267131.125
1783267132,114116.47,114113.11,114119.84,1783267132.159
1783267133,114114.37,114111.01,114117.74,1783267133.113
1783267134,114120.14,114116.77,114123.51,1783267134.142
1783267135,114115.48,114112.11,114118.84,1783267135.123
1783267136,114117.41,114114.05,114120.78,1783267136.163
1783267137,114117.18,114113.82,114120.55,1783267137.125
1783267138,114115.61,114112.24,114118.98,1783267138.149
1783267139,114115.03,114111.66,114118.4,1783267139.163
1783267140,114114.83,114111.46,114118.19,1783267140.157
1783267141,114116.24,114112.88,114119.61,1783267141.127
1783267142,114106.09,114102.72,114109.45,1783267142.321
1783267143,114111.86,114108.49,114115.22,1783267143.127
1783267144,114116.53,114113.16,114119.9,1783267144.174
1783267145,114109.62,114106.25,114112.99,1783267145.122
1783267146,114111.09,114107.73,114114.46,1783267146.136
1783267147,114103.36,114099.99,114106.73,1783267147.113
1783267148,114097.98,114094.61,114101.35,1783267148.204
1783267149,114094.99,114091.62,114098.36,1783267149.115
1783267150,114098.96,114095.59,114102.32,1783267150.142
1783267151,114015.07,114011.71,114018.44,1783267151.120
1783267152,114016.29,114012.92,114019.65,1783267152.139
1783267153,114024.32,114020.96,114027.69,1783267153.129
1783267154,114027.37,114024.01,114030.74,1783267154.150
1783267155,114027.76,114024.39,114031.12,1783267155.134
1783267156,114028.9,114025.54,114032.27,1783267156.145
1783267157,114028.1,114024.74,114031.47,1783267157.133
1783267158,114026.94,114023.57,114030.3,1783267158.143
1783267159,114023.99,114020.62,114027.35,1783267159.125
1783267160,114026.01,114022.64,114029.37,1783267160.153
1783267161,114029.15,114025.79,114032.52,1783267161.129
1783267162,114030.28,114026.91,114033.64,1783267162.140
1783267163,114024.07,114020.71,114027.43,1783267163.131
1783267164,114029.6,114026.24,114032.97,1783267164.152
1783267165,114023.86,114020.5,114027.22,1783267165.119
1783267166,114020.08,114016.72,114023.45,1783267166.150
1783267167,114023.02,114019.66,114026.38,1783267167.119
1783267168,114023.54,114020.18,114026.9,1783267168.156
1783267169,114030.16,114026.8,114033.53,1783267169.125
1783267170,114035.78,114032.41,114039.14,1783267170.147
1783267171,114035.26,114031.9,114038.63,1783267171.114
1783267172,114035.75,114032.39,114039.12,1783267172.141
1783267173,114030.64,114027.27,114034,1783267173.124
1783267174,114027.66,114024.3,114031.03,1783267174.139
1783267175,114018.13,114014.77,114021.5,1783267175.124
1783267176,114017.21,114013.85,114020.58,1783267176.145
1783267177,114023.91,114020.55,114027.27,1783267177.125
1783267178,114018.72,114015.36,114022.09,1783267178.204
1783267179,114017.5,114014.14,114020.87,1783267179.119
1783267180,114021.96,114018.6,114025.33,1783267180.143
1783267181,114031,114027.64,114034.36,1783267181.116
1783267182,114027.57,114024.21,114030.94,1783267182.150
1783267183,114021.9,114018.53,114025.26,1783267183.110
1783267184,114028.11,114024.75,114031.47,1783267184.142
1783267185,114026.25,114022.89,114029.61,1783267185.125
1783267186,114029.67,114026.3,114033.03,1783267186.147
1783267187,114033.68,114030.31,114037.04,1783267187.131
1783267188,114042.89,114039.52,114046.25,1783267188.141
1783267189,114042.08,114038.72,114045.45,1783267189.124
1783267190,114037.42,114034.06,114040.79,1783267190.153
1783267191,114048.29,114044.92,114051.65,1783267191.116
1783267192,114038.72,114035.35,114042.08,1783267192.156
1783267193,114035.89,114032.52,114039.25,1783267193.116
1783267194,114025.87,114022.51,114029.23,1783267194.148
1783267195,114021.68,114018.31,114025.04,1783267195.121
1783267196,114029.65,114026.29,114033.02,1783267196.174
1783267197,114024.57,114021.21,114027.94,1783267197.121
1783267198,114031.04,114027.67,114034.4,1783267198.143
1783267199,114030.6,114027.24,114033.97,1783267199.118
1783267200,114028.94,114025.58,114032.31,1783267200.249
1783267201,114028.72,114025.35,114032.08,1783267201.111
1783267202,114024.02,114020.66,114027.39,1783267202.197
1783267203,114024.01,114020.65,114027.37,1783267203.130
1783267204,114020.87,114017.5,114024.23,1783267204.164
1783267205,114027.29,114023.92,114030.65,1783267205.119
1783267206,114030.38,114027.02,114033.75,1783267206.155
1783267207,114021.62,114018.26,114024.99,1783267207.127
1783267208,114029.87,114026.51,114033.23,1783267208.203
1783267209,114028.5,114025.13,114031.86,1783267209.127
1783267210,114030.06,114026.69,114033.42,1783267210.148
1783267211,114020.36,114017,114023.73,1783267211.123
1783267212,114025.26,114021.89,114028.62,1783267212.164
1783267213,114019.64,114016.28,114023.01,1783267213.148
1783267214,114025.88,114022.51,114029.24,1783267214.146
1783267215,114017.26,114013.9,114020.62,1783267215.117
1783267216,114018.18,114014.81,114021.54,1783267216.148
1783267217,114021.12,114017.76,114024.49,1783267217.129
1783267218,114019.39,114016.03,114022.75,1783267218.158
1783267219,114018.44,114015.08,114021.81,1783267219.125
1783267220,114010.5,114007.13,114013.86,1783267220.159
1783267221,114010.16,114006.79,114013.52,1783267221.114
1783267222,114004.88,114001.52,114008.25,1783267222.145
1783267223,113996.89,113993.52,114000.25,1783267223.130
1783267224,114001.12,113997.75,114004.48,1783267224.144
1783267225,113995.97,113992.6,113999.33,1783267225.117
1783267226,113987.82,113984.45,113991.18,1783267226.135
1783267227,113986.54,113983.18,113989.91,1783267227.162
1783267228,113987.33,113983.97,113990.69,1783267228.150
1783267229,113989.29,113985.93,113992.65,1783267229.130
1783267230,113990.07,113986.71,113993.43,1783267230.150
1783267231,113983.2,113979.84,113986.56,1783267231.123
1783267232,113987.19,113983.83,113990.55,1783267232.148
1783267233,113990.1,113986.73,113993.46,1783267233.118
1783267234,113979.46,113976.09,113982.82,1783267234.150
1783267235,113979.5,113976.14,113982.86,1783267235.114
1783267236,113981.28,113977.92,113984.64,1783267236.144
1783267237,113981.13,113977.77,113984.5,1783267237.120
1783267238,113972.13,113968.77,113975.49,1783267238.204
1783267239,113975.92,113972.56,113979.28,1783267239.125
1783267240,113967.06,113963.7,113970.42,1783267240.139
1783267241,113970.05,113966.68,113973.41,1783267241.121
1783267242,113979.37,113976.01,113982.73,1783267242.140
1783267243,113982.94,113979.58,113986.3,1783267243.125
1783267244,113981.93,113978.57,113985.3,1783267244.153
1783267245,113974.85,113971.49,113978.22,1783267245.116
1783267246,113981.44,113978.08,113984.8,1783267246.150
1783267247,113978.85,113975.48,113982.21,1783267247.126
1783267248,113982.73,113979.37,113986.09,1783267248.143
1783267249,113979.44,113976.08,113982.8,1783267249.120
1783267250,113978.6,113975.24,113981.97,1783267250.146
1783267251,113980.51,113977.15,113983.88,1783267251.124
1783267252,113984.5,113981.14,113987.87,1783267252.145
1783267253,113983.19,113979.83,113986.55,1783267253.123
1783267254,113981.74,113978.37,113985.1,1783267254.156
1783267255,113996.67,113993.3,114000.03,1783267255.113
1783267256,113997.16,113993.8,114000.52,1783267256.138
1783267257,114008.06,114004.7,114011.43,1783267257.119
1783267258,114000.84,113997.48,114004.2,1783267258.146
1783267259,113995.97,113992.6,113999.33,1783267259.125
1783267260,113989.21,113985.84,113992.57,1783267260.176
1783267261,113983.67,113980.31,113987.04,1783267261.119
1783267262,113985.39,113982.03,113988.76,1783267262.291
1783267263,113984.19,113980.83,113987.55,1783267263.169
1783267264,113994.85,113991.49,113998.22,1783267264.160
1783267265,113995.02,113991.65,113998.38,1783267265.125
1783267266,114000.64,113997.28,114004,1783267266.214
1783267267,114012.01,114008.65,114015.38,1783267267.126
1783267268,114014.01,114010.65,114017.38,1783267268.244
1783267269,114010.09,114006.73,114013.45,1783267269.111
1783267270,114011.53,114008.16,114014.89,1783267270.158
1783267271,114015.44,114012.07,114018.8,1783267271.119
1783267272,114015.29,114011.93,114018.66,1783267272.167
1783267273,114014.87,114011.5,114018.23,1783267273.125
1783267274,114015.91,114012.55,114019.27,1783267274.149
1783267275,114020.14,114016.77,114023.5,1783267275.123
1783267276,114018.56,114015.2,114021.92,1783267276.154
1783267277,114008.65,114005.28,114012.01,1783267277.131
1783267278,114005.19,114001.82,114008.55,1783267278.137
1783267279,114002.9,113999.54,114006.27,1783267279.114
1783267280,114000.91,113997.55,114004.27,1783267280.150
1783267281,113993.24,113989.87,113996.6,1783267281.129
1783267282,113992.38,113989.01,113995.74,1783267282.153
1783267283,113993.89,113990.53,113997.26,1783267283.124
1783267284,113995.01,113991.64,113998.37,1783267284.148
1783267285,113996.24,113992.88,113999.6,1783267285.118
1783267286,113996.92,113993.56,114000.28,1783267286.151
1783267287,113998.36,113994.99,114001.72,1783267287.141
1783267288,113992.02,113988.65,113995.38,1783267288.165
1783267289,113993.29,113989.93,113996.66,1783267289.117
1783267290,113993.63,113990.27,113997,1783267290.152
1783267291,113998.9,113995.54,114002.27,1783267291.126
1783267292,113992.59,113989.23,113995.96,1783267292.161
1783267293,113985.75,113982.38,113989.11,1783267293.140
1783267294,113979.23,113975.87,113982.59,1783267294.157
1783267295,113981.21,113977.84,113984.57,1783267295.115
1783267296,113986.07,113982.7,113989.43,1783267296.162
1783267297,113991.1,113987.73,113994.46,1783267297.137
1783267298,114001.83,113998.47,114005.2,1783267298.204
1783267299,113998.47,113995.1,114001.83,1783267299.133
1783267300,113998.73,113995.37,114002.1,1783267300.148
1783267301,113997.8,113994.43,114001.16,1783267301.143
1783267302,113999.64,113996.28,114003.01,1783267302.166
1783267303,114009.15,114005.79,114012.52,1783267303.126
1783267304,114010.12,114006.76,114013.48,1783267304.150
1783267305,114009.46,114006.1,114012.82,1783267305.124
1783267306,114015.09,114011.73,114018.45,1783267306.147
1783267307,114010.88,114007.52,114014.25,1783267307.120
1783267308,113760.32,113756.96,113763.68,1783267308.152
1783267309,113758.1,113754.74,113761.45,1783267309.123
1783267310,113760.63,113757.28,113763.99,1783267310.156
1783267311,113770.91,113767.56,113774.27,1783267311.122
1783267312,113769.65,113766.29,113773.01,1783267312.156
1783267313,113766.19,113762.83,113769.55,1783267313.125
1783267314,113758.51,113755.15,113761.87,1783267314.148
1783267315,113773.35,113769.99,113776.71,1783267315.127
1783267316,113768.69,113765.33,113772.04,1783267316.148
1783267317,113769.28,113765.93,113772.64,1783267317.125
1783267318,113763.47,113760.12,113766.83,1783267318.142
1783267319,113759.51,113756.16,113762.87,1783267319.117
1783267320,113759.07,113755.71,113762.43,1783267320.157
1783267321,113758.44,113755.08,113761.8,1783267321.143
1783267322,113753.71,113750.35,113757.06,1783267322.165
1783267323,113756.08,113752.73,113759.44,1783267323.126
1783267324,113762.66,113759.3,113766.01,1783267324.152
1783267325,113757.84,113754.49,113761.2,1783267325.135
1783267326,113761.32,113757.97,113764.68,1783267326.142
1783267327,113757.96,113754.61,113761.32,1783267327.115
1783267328,113756.95,113753.6,113760.31,1783267328.201
1783267329,113761.6,113758.24,113764.96,1783267329.131
1783267330,113757.67,113754.31,113761.02,1783267330.154
1783267331,113754.69,113751.34,113758.05,1783267331.136
1783267332,113744.01,113740.65,113747.36,1783267332.155
1783267333,113743.92,113740.57,113747.28,1783267333.120
1783267334,113737.61,113734.25,113740.96,1783267334.139
1783267335,113738.49,113735.13,113741.84,1783267335.118
1783267336,113744.25,113740.9,113747.61,1783267336.146
1783267337,113747.54,113744.19,113750.9,1783267337.137
1783267338,113747.74,113744.38,113751.09,1783267338.150
1783267339,113750.26,113746.91,113753.62,1783267339.128
1783267340,113748,113744.65,113751.36,1783267340.146
1783267341,113746.85,113743.49,113750.2,1783267341.162
1783267342,113737.29,113733.93,113740.64,1783267342.155
1783267343,113743.87,113740.51,113747.22,1783267343.117
1783267344,113739.97,113736.61,113743.32,1783267344.140
1783267345,113748.62,113745.27,113751.98,1783267345.129
1783267346,113750.76,113747.4,113754.11,1783267346.146
1783267347,113751.21,113747.85,113754.56,1783267347.135
1783267348,113748.59,113745.23,113751.95,1783267348.149
1783267349,113752.95,113749.6,113756.31,1783267349.118
1783267350,113758.08,113754.72,113761.43,1783267350.150
1783267351,113751.66,113748.3,113755.01,1783267351.137
1783267352,113750.58,113747.22,113753.94,1783267352.151
1783267353,113746.66,113743.3,113750.01,1783267353.121
1783267354,113743.46,113740.11,113746.82,1783267354.181
1783267355,113745.98,113742.63,113749.34,1783267355.118
1783267356,113754.06,113750.71,113757.42,1783267356.141
1783267357,113760.55,113757.2,113763.91,1783267357.122
1783267358,113763.9,113760.54,113767.25,1783267358.205
1783267359,113766.4,113763.04,113769.75,1783267359.126
1783267360,113760.19,113756.83,113763.55,1783267360.166
1783267361,113752.29,113748.93,113755.65,1783267361.128
1783267362,113750.64,113747.28,113754,1783267362.150
1783267363,113752.33,113748.97,113755.69,1783267363.131
1783267364,113756.69,113753.33,113760.04,1783267364.159
1783267365,113755.07,113751.72,113758.43,1783267365.128
1783267366,113751.62,113748.26,113754.97,1783267366.149
1783267367,113753.3,113749.94,113756.65,1783267367.122
1783267368,113753.67,113750.31,113757.03,1783267368.138
1783267369,113761.09,113757.74,113764.45,1783267369.117
1783267370,113759.76,113756.4,113763.12,1783267370.142
1783267371,113761.37,113758.01,113764.73,1783267371.125
1783267372,113762.09,113758.74,113765.45,1783267372.139
1783267373,113758.08,113754.72,113761.43,1783267373.119
1783267374,113760.99,113757.63,113764.34,1783267374.132
1783267375,113763.47,113760.11,113766.83,1783267375.112
1783267376,113764.58,113761.22,113767.94,1783267376.149
1783267377,113753.35,113749.99,113756.71,1783267377.118
1783267378,113752.52,113749.17,113755.88,1783267378.153
1783267379,113751.46,113748.11,113754.82,1783267379.130
1783267380,113755.65,113752.29,113759,1783267380.163
1783267381,113756.99,113753.64,113760.35,1783267381.146
1783267382,113753.2,113749.84,113756.56,1783267382.158
1783267383,113745.82,113742.46,113749.17,1783267383.167
1783267384,113743.87,113740.52,113747.23,1783267384.162
1783267385,113742.67,113739.32,113746.03,1783267385.116
1783267386,113740.2,113736.85,113743.56,1783267386.146
1783267387,113743.59,113740.23,113746.94,1783267387.115
1783267388,113745.39,113742.04,113748.75,1783267388.203
1783267389,113748.03,113744.67,113751.38,1783267389.131
1783267390,113747.53,113744.17,113750.89,1783267390.136
1783267391,113744.34,113740.99,113747.7,1783267391.123
1783267392,113741.27,113737.91,113744.62,1783267392.141
1783267393,113751.22,113747.86,113754.58,1783267393.130
1783267394,113744.65,113741.29,113748,1783267394.149
1783267395,113742.66,113739.31,113746.02,1783267395.123
1783267396,113740.9,113737.55,113744.26,1783267396.147
1783267397,113745.17,113741.82,113748.53,1783267397.126
1783267398,113739.71,113736.35,113743.06,1783267398.141
1783267399,113743.31,113739.96,113746.67,1783267399.117
1783267400,113750.23,113746.87,113753.59,1783267400.152
1783267401,113759.98,113756.63,113763.34,1783267401.123
1783267402,113757.47,113754.11,113760.82,1783267402.148
1783267403,113755.8,113752.45,113759.16,1783267403.124
1783267404,113765.01,113761.65,113768.37,1783267404.144
1783267405,113757.46,113754.11,113760.82,1783267405.124
1783267406,113769.68,113766.32,113773.04,1783267406.166
1783267407,113771.58,113768.23,113774.94,1783267407.129
1783267408,113770.66,113767.3,113774.01,1783267408.155
1783267409,113769.05,113765.69,113772.41,1783267409.126
1783267410,113772.11,113768.75,113775.47,1783267410.153
1783267411,113779.45,113776.09,113782.8,1783267411.117
1783267412,113782.68,113779.32,113786.03,1783267412.154
1783267413,113784.99,113781.64,113788.35,1783267413.125
1783267414,113787.43,113784.08,113790.79,1783267414.150
1783267415,113794.71,113791.35,113798.06,1783267415.115
1783267416,113806.58,113803.23,113809.94,1783267416.166
1783267417,113811.5,113808.14,113814.86,1783267417.124
1783267418,113807.63,113804.27,113810.99,1783267418.212
1783267419,113809.25,113805.9,113812.61,1783267419.117
1783267420,113814.27,113810.91,113817.62,1783267420.157
1783267421,113813.59,113810.23,113816.95,1783267421.120
1783267422,113805.54,113802.18,113808.89,1783267422.149
1783267423,113811.69,113808.33,113815.04,1783267423.120
1783267424,113804.6,113801.24,113807.96,1783267424.147
1783267425,113808.11,113804.75,113811.47,1783267425.120
1783267426,113810.86,113807.5,113814.21,1783267426.156
1783267427,113807.89,113804.54,113811.25,1783267427.112
1783267428,113809.52,113806.16,113812.88,1783267428.150
1783267429,113810.95,113807.6,113814.31,1783267429.124
1783267430,113809.96,113806.6,113813.32,1783267430.146
1783267431,113807.94,113804.58,113811.29,1783267431.131
1783267432,113814.47,113811.11,113817.82,1783267432.171
1783267433,113814.64,113811.29,113818,1783267433.121
1783267434,113817.65,113814.29,113821,1783267434.157
1783267435,113813.25,113809.89,113816.61,1783267435.122
1783267436,113808.87,113805.52,113812.23,1783267436.141
1783267437,113809.33,113805.97,113812.69,1783267437.119
1783267438,113806.04,113802.68,113809.4,1783267438.137
1783267439,113812.43,113809.08,113815.79,1783267439.121
1783267440,113805.99,113802.63,113809.35,1783267440.161
1783267441,113813.09,113809.73,113816.44,1783267441.143
1783267442,113808.55,113805.19,113811.9,1783267442.169
1783267443,113804.75,113801.4,113808.11,1783267443.139
1783267444,113801.23,113797.87,113804.59,1783267444.150
1783267445,113797.08,113793.72,113800.43,1783267445.123
1783267446,113796.19,113792.83,113799.55,1783267446.142
1783267447,113799.18,113795.83,113802.54,1783267447.127
1783267448,113797,113793.65,113800.36,1783267448.243
1783267449,113799.96,113796.6,113803.31,1783267449.133
1783267450,113791.05,113787.7,113794.41,1783267450.148
1783267451,113791.27,113787.91,113794.62,1783267451.126
1783267452,113785.99,113782.63,113789.34,1783267452.145
1783267453,113778.63,113775.28,113781.99,1783267453.126
1783267454,113776.15,113772.79,113779.5,1783267454.155
1783267455,113779.1,113775.74,113782.45,1783267455.126
1783267456,113776.36,113773,113779.72,1783267456.158
1783267457,113777.51,113774.16,113780.87,1783267457.120
1783267458,113774.37,113771.02,113777.73,1783267458.160
1783267459,113766.2,113762.85,113769.56,1783267459.123
1783267460,113773.41,113770.05,113776.76,1783267460.145
1783267461,113763.25,113759.89,113766.61,1783267461.120
1783267462,113755.85,113752.49,113759.2,1783267462.151
1783267463,113749.73,113746.37,113753.09,1783267463.126
1783267464,113750.94,113747.58,113754.29,1783267464.145
1783267465,113752.35,113748.99,113755.71,1783267465.119
1783267466,113767.42,113764.06,113770.78,1783267466.141
1783267467,113771.07,113767.71,113774.43,1783267467.133
1783267468,113770.36,113767,113773.72,1783267468.142
1783267469,113769.15,113765.8,113772.51,1783267469.136
1783267470,113769.63,113766.28,113772.99,1783267470.159
1783267471,113767.91,113764.55,113771.27,1783267471.115
1783267472,113771.13,113767.77,113774.49,1783267472.141
1783267473,113768.1,113764.74,113771.45,1783267473.119
1783267474,113762.73,113759.38,113766.09,1783267474.156
1783267475,113772.22,113768.87,113775.58,1783267475.117
1783267476,113781.66,113778.3,113785.01,1783267476.148
1783267477,113788.51,113785.15,113791.87,1783267477.125
1783267478,113787.33,113783.97,113790.69,1783267478.203
1783267479,113792.29,113788.93,113795.65,1783267479.128
1783267480,113793.4,113790.04,113796.76,1783267480.151
1783267481,113801.78,113798.43,113805.14,1783267481.118
1783267482,113816.41,113813.05,113819.77,1783267482.146
1783267483,113812.15,113808.8,113815.51,1783267483.122
1783267484,113804.43,113801.07,113807.79,1783267484.140
1783267485,113800.18,113796.83,113803.54,1783267485.126
1783267486,113801.68,113798.32,113805.04,1783267486.161
1783267487,113797.22,113793.86,113800.58,1783267487.123
1783267488,113804.23,113800.88,113807.59,1783267488.166
1783267489,113796.45,113793.09,113799.8,1783267489.120
1783267490,113796.46,113793.1,113799.81,1783267490.140
1783267491,113795.19,113791.84,113798.55,1783267491.170
1783267492,113797.26,113793.9,113800.62,1783267492.161
1783267493,113796.33,113792.97,113799.69,1783267493.116
1783267494,113800.06,113796.7,113803.42,1783267494.154
1783267495,113802.68,113799.33,113806.04,1783267495.122
1783267496,113803.36,113800,113806.72,1783267496.151
1783267497,113807.13,113803.77,113810.48,1783267497.137
1783267498,113808.3,113804.94,113811.65,1783267498.162
1783267499,113808.46,113805.1,113811.82,1783267499.139
1783267500,113802.65,113799.29,113806.01,1783267500.174
1783267501,113801.73,113798.38,113805.09,1783267501.160
1783267502,113810.24,113806.88,113813.6,1783267502.202
1783267503,113813.45,113810.09,113816.81,1783267503.142
1783267504,113810.73,113807.37,113814.09,1783267504.397
1783267505,113813.72,113810.36,113817.08,1783267505.154
1783267506,113805.58,113802.22,113808.94,1783267506.149
1783267507,113811.51,113808.15,113814.87,1783267507.127
1783267508,113812.97,113809.61,113816.33,1783267508.246
1783267509,113801.51,113798.15,113804.87,1783267509.119
1783267510,113798.03,113794.67,113801.38,1783267510.151
1783267511,113800.48,113797.12,113803.83,1783267511.125
1783267512,113800.31,113796.96,113803.67,1783267512.143
1783267513,113790.4,113787.04,113793.76,1783267513.118
1783267514,113792.23,113788.87,113795.59,1783267514.169
1783267515,113795.66,113792.3,113799.02,1783267515.118
1783267516,113801.6,113798.24,113804.96,1783267516.156
1783267517,113795.42,113792.06,113798.77,1783267517.123
1783267518,113793.2,113789.85,113796.56,1783267518.168
1783267519,113796.72,113793.36,113800.08,1783267519.123
1783267520,113806.29,113802.94,113809.65,1783267520.155
1783267521,113808.27,113804.91,113811.62,1783267521.128
1783267522,113805.34,113801.99,113808.7,1783267522.155
1783267523,113809.24,113805.88,113812.6,1783267523.126
1783267524,113806.79,113803.44,113810.15,1783267524.162
1783267525,113799.51,113796.16,113802.87,1783267525.134
1783267526,113800.28,113796.92,113803.63,1783267526.137
1783267527,113798.63,113795.27,113801.98,1783267527.121
1783267528,113799.42,113796.06,113802.78,1783267528.128
1783267529,113802.03,113798.68,113805.39,1783267529.127
1783267530,113810.17,113806.82,113813.53,1783267530.148
1783267531,113798.1,113794.74,113801.46,1783267531.159
1783267532,113805.16,113801.8,113808.52,1783267532.150
1783267533,113806.37,113803.01,113809.73,1783267533.120
1783267534,113799.78,113796.43,113803.14,1783267534.156
1783267535,113805.29,113801.93,113808.65,1783267535.121
1783267536,113807.9,113804.54,113811.25,1783267536.149
1783267537,113818.14,113814.79,113821.5,1783267537.120
1783267538,113817.25,113813.89,113820.6,1783267538.247
1783267539,113812.63,113809.27,113815.99,1783267539.121
1783267540,113819.39,113816.03,113822.75,1783267540.162
1783267541,113811.45,113808.09,113814.8,1783267541.121
1783267542,113813.43,113810.08,113816.79,1783267542.151
1783267543,113809.82,113806.46,113813.18,1783267543.121
1783267544,113812.37,113809.01,113815.73,1783267544.139
1783267545,113810.93,113807.57,113814.28,1783267545.115
1783267546,113801.45,113798.09,113804.81,1783267546.144
1783267547,113798.47,113795.11,113801.83,1783267547.120
1783267548,113805.31,113801.95,113808.67,1783267548.159
1783267549,113803.95,113800.59,113807.31,1783267549.130
1783267550,113806.38,113803.03,113809.74,1783267550.152
1783267551,113803.07,113799.71,113806.43,1783267551.117
1783267552,113796.78,113793.42,113800.13,1783267552.164
1783267553,113790.77,113787.41,113794.13,1783267553.118
1783267554,113783.68,113780.32,113787.04,1783267554.152
1783267555,113786.11,113782.75,113789.46,1783267555.134
1783267556,113785.63,113782.28,113788.99,1783267556.150
1783267557,113785.68,113782.33,113789.04,1783267557.120
1783267558,113782.84,113779.48,113786.19,1783267558.146
1783267559,113780.88,113777.52,113784.23,1783267559.120
1783267560,113779.53,113776.18,113782.89,1783267560.158
1783267561,113777.94,113774.59,113781.3,1783267561.116
1783267562,113775.22,113771.87,113778.58,1783267562.199
1783267563,113777.7,113774.34,113781.05,1783267563.218
1783267564,113787.62,113784.26,113790.97,1783267564.171
1783267565,113790,113786.65,113793.36,1783267565.128
1783267566,113787.62,113784.27,113790.98,1783267566.161
1783267567,113787.31,113783.95,113790.67,1783267567.116
1783267568,113785.03,113781.68,113788.39,1783267568.351
1783267569,113780.7,113777.35,113784.06,1783267569.116
1783267570,113782.34,113778.98,113785.7,1783267570.156
1783267571,113781.05,113777.7,113784.41,1783267571.126
1783267572,113786.93,113783.57,113790.28,1783267572.154
1783267573,113777.31,113773.95,113780.66,1783267573.132
1783267574,113776.84,113773.48,113780.19,1783267574.146
1783267575,113772.4,113769.04,113775.76,1783267575.114
1783267576,113782.35,113779,113785.71,1783267576.163
1783267577,113775.86,113772.5,113779.21,1783267577.161
1783267578,113771.36,113768.01,113774.72,1783267578.151
1783267579,113770.82,113767.47,113774.18,1783267579.126
1783267580,113772.64,113769.28,113775.99,1783267580.155
1783267581,113777.13,113773.77,113780.48,1783267581.122
1783267582,113774.42,113771.06,113777.77,1783267582.149
1783267583,113777.5,113774.14,113780.86,1783267583.122
1783267584,113765.77,113762.41,113769.12,1783267584.157
1783267585,113767.05,113763.69,113770.41,1783267585.117
1783267586,113763.81,113760.45,113767.17,1783267586.162
1783267587,113761.1,113757.74,113764.45,1783267587.123
1783267588,113759.74,113756.38,113763.09,1783267588.156
1783267589,113761.73,113758.37,113765.09,1783267589.116
1783267590,113755.08,113751.72,113758.43,1783267590.145
1783267591,113750.51,113747.16,113753.87,1783267591.116
1783267592,113750.36,113747,113753.71,1783267592.139
1783267593,113753.47,113750.11,113756.82,1783267593.121
1783267594,113756.74,113753.38,113760.09,1783267594.137
1783267595,113755.64,113752.28,113758.99,1783267595.113
1783267596,113753.24,113749.89,113756.6,1783267596.144
1783267597,113751.2,113747.84,113754.55,1783267597.119
1783267598,113752.26,113748.91,113755.62,1783267598.133
1783267599,113750.72,113747.36,113754.07,1783267599.120
1783267600,113737.04,113733.68,113740.39,1783267600.157
1783267601,113729.18,113725.82,113732.53,1783267601.116
1783267602,113722.89,113719.53,113726.24,1783267602.164
1783267603,113724.04,113720.68,113727.39,1783267603.126
1783267604,113723.46,113720.11,113726.82,1783267604.146
1783267605,113727.93,113724.58,113731.29,1783267605.117
1783267606,113733.78,113730.43,113737.14,1783267606.158
1783267607,113733.01,113729.66,113736.37,1783267607.116
1783267608,113738.24,113734.88,113741.59,1783267608.153
1783267609,113741.61,113738.26,113744.97,1783267609.113
1783267610,113741.44,113738.09,113744.8,1783267610.136
1783267611,113737.48,113734.12,113740.83,1783267611.123
1783267612,113741,113737.64,113744.36,1783267612.150
1783267613,113741.7,113738.34,113745.05,1783267613.120
1783267614,113742.81,113739.46,113746.17,1783267614.156
1783267615,113747.71,113744.36,113751.07,1783267615.116
1783267616,113738.58,113735.23,113741.94,1783267616.144
1783267617,113737.78,113734.42,113741.13,1783267617.125
1783267618,113736.22,113732.86,113739.58,1783267618.150
1783267619,113731.3,113727.95,113734.66,1783267619.126
1783267620,113737.26,113733.91,113740.62,1783267620.154
1783267621,113738.15,113734.8,113741.51,1783267621.117
1783267622,113736.35,113733,113739.71,1783267622.132
1783267623,113740.62,113737.26,113743.97,1783267623.137
1783267624,113741.66,113738.3,113745.01,1783267624.337
1783267625,113742.37,113739.02,113745.73,1783267625.137
1783267626,113741.35,113737.99,113744.7,1783267626.147
1783267627,113745.02,113741.67,113748.38,1783267627.126
1783267628,113741.65,113738.29,113745,1783267628.201
1783267629,113745.52,113742.16,113748.87,1783267629.110
1783267630,113740.85,113737.49,113744.21,1783267630.156
1783267631,113742.85,113739.49,113746.2,1783267631.125
1783267632,113745.52,113742.17,113748.88,1783267632.139
1783267633,113742.66,113739.31,113746.02,1783267633.133
1783267634,113742.59,113739.23,113745.94,1783267634.164
1783267635,113743.44,113740.08,113746.79,1783267635.125
1783267636,113743.59,113740.24,113746.95,1783267636.151
1783267637,113748.83,113745.47,113752.18,1783267637.116
1783267638,113744.37,113741.02,113747.73,1783267638.165
1783267639,113749.15,113745.8,113752.51,1783267639.114
1783267640,113745.96,113742.6,113749.32,1783267640.162
1783267641,113745.62,113742.26,113748.97,1783267641.116
1783267642,113743.84,113740.49,113747.2,1783267642.155
1783267643,113738.06,113734.7,113741.42,1783267643.127
1783267644,113749.52,113746.17,113752.88,1783267644.141
1783267645,113744.24,113740.88,113747.59,1783267645.119
1783267646,113744.98,113741.62,113748.33,1783267646.137
1783267647,113744.73,113741.37,113748.08,1783267647.126
1783267648,113729.97,113726.61,113733.32,1783267648.137
1783267649,113735.17,113731.81,113738.52,1783267649.124
1783267650,113737.03,113733.67,113740.38,1783267650.137
1783267651,113737.47,113734.12,113740.83,1783267651.130
1783267652,113733.99,113730.63,113737.34,1783267652.150
1783267653,113740.71,113737.36,113744.07,1783267653.124
1783267654,113740.97,113737.61,113744.32,1783267654.166
1783267655,113733.07,113729.72,113736.43,1783267655.116
1783267656,113741.02,113737.66,113744.37,1783267656.138
1783267657,113741.61,113738.25,113744.96,1783267657.113
1783267658,113737.6,113734.24,113740.95,1783267658.200
1783267659,113745.47,113742.11,113748.82,1783267659.128
1783267660,113743.2,113739.84,113746.55,1783267660.142
1783267661,113756.06,113752.71,113759.42,1783267661.120
1783267662,113750.38,113747.02,113753.73,1783267662.145
1783267663,113746.46,113743.1,113749.81,1783267663.120
1783267664,113746.61,113743.25,113749.96,1783267664.165
1783267665,113755.62,113752.26,113758.98,1783267665.122
1783267666,113755.94,113752.59,113759.3,1783267666.142
1783267667,113750.08,113746.73,113753.44,1783267667.116
1783267668,113746,113742.64,113749.35,1783267668.149
1783267669,113746.57,113743.21,113749.92,1783267669.120
1783267670,113746.34,113742.99,113749.7,1783267670.144
1783267671,113744.73,113741.38,113748.09,1783267671.118
1783267672,113740.97,113737.62,113744.33,1783267672.140
1783267673,113735.05,113731.69,113738.4,1783267673.127
1783267674,113728.04,113724.69,113731.4,1783267674.139
1783267675,113725.97,113722.61,113729.32,1783267675.118
1783267676,113730.1,113726.75,113733.46,1783267676.158
1783267677,113737.64,113734.28,113740.99,1783267677.121
1783267678,113738.51,113735.16,113741.87,1783267678.167
1783267679,113743,113739.65,113746.36,1783267679.116
1783267680,113739.13,113735.77,113742.48,1783267680.157
1783267681,113745.77,113742.42,113749.13,1783267681.229
1783267682,113746.18,113742.82,113749.54,1783267682.297
1783267683,113741.95,113738.6,113745.31,1783267683.161
1783267684,113735.14,113731.79,113738.5,1783267684.172
1783267685,113740.7,113737.35,113744.06,1783267685.121
1783267686,113737.96,113734.6,113741.31,1783267686.150
1783267687,113736.48,113733.13,113739.84,1783267687.124
1783267688,113741.4,113738.05,113744.76,1783267688.205
1783267689,113734.42,113731.06,113737.77,1783267689.118
1783267690,113734.1,113730.74,113737.46,1783267690.150
1783267691,113737.41,113734.06,113740.77,1783267691.119
1783267692,113733.41,113730.05,113736.76,1783267692.143
1783267693,113729.34,113725.99,113732.7,1783267693.114
1783267694,113721,113717.65,113724.36,1783267694.148
1783267695,113728.32,113724.97,113731.68,1783267695.127
1783267696,113722.91,113719.55,113726.26,1783267696.128
1783267697,113719.5,113716.14,113722.85,1783267697.114
1783267698,113718.32,113714.96,113721.67,1783267698.144
1783267699,113716.74,113713.38,113720.09,1783267699.116
1783267700,113721.13,113717.77,113724.48,1783267700.165
1783267701,113718.95,113715.6,113722.31,1783267701.122
1783267702,113724.21,113720.86,113727.57,1783267702.140
1783267703,113724.66,113721.3,113728.01,1783267703.124
1783267704,113728.15,113724.79,113731.5,1783267704.144
1783267705,113723.26,113719.91,113726.62,1783267705.122
1783267706,113724.52,113721.17,113727.88,1783267706.174
1783267707,113731.1,113727.75,113734.46,1783267707.131
1783267708,113733.92,113730.57,113737.28,1783267708.148
1783267709,113734.65,113731.3,113738.01,1783267709.248
1783267710,113733.51,113730.15,113736.86,1783267710.127
1783267711,113736.92,113733.56,113740.27,1783267711.121
1783267712,113738.41,113735.06,113741.77,1783267712.136
1783267713,113738.95,113735.6,113742.31,1783267713.124
1783267714,113736.34,113732.99,113739.7,1783267714.153
1783267715,113737.68,113734.33,113741.04,1783267715.119
1783267716,113743.33,113739.98,113746.69,1783267716.139
1783267717,113747.41,113744.06,113750.77,1783267717.133
1783267718,113744.45,113741.1,113747.81,1783267718.205
1783267719,113739.6,113736.25,113742.96,1783267719.126
1783267720,113734.88,113731.52,113738.23,1783267720.148
1783267721,113735.56,113732.21,113738.92,1783267721.125
1783267722,113734.47,113731.11,113737.82,1783267722.144
1783267723,113733.73,113730.37,113737.08,1783267723.129
1783267724,113728.39,113725.03,113731.74,1783267724.149
1783267725,113733.4,113730.05,113736.76,1783267725.126
1783267726,113731.5,113728.15,113734.86,1783267726.156
1783267727,113733.84,113730.48,113737.19,1783267727.119
1783267728,113732.24,113728.88,113735.59,1783267728.172
1783267729,113733.69,113730.34,113737.05,1783267729.122
1783267730,113725.44,113722.08,113728.79,1783267730.151
1783267731,113729.02,113725.66,113732.37,1783267731.118
1783267732,113733.46,113730.11,113736.82,1783267732.149
1783267733,113730.06,113726.7,113733.41,1783267733.129
1783267734,113733.07,113729.72,113736.43,1783267734.164
1783267735,113733.34,113729.98,113736.69,1783267735.124
1783267736,113739.92,113736.56,113743.28,1783267736.166
1783267737,113738.9,113735.54,113742.25,1783267737.133
1783267738,113728.63,113725.28,113731.99,1783267738.152
1783267739,113725.48,113722.13,113728.84,1783267739.121
1783267740,113726.79,113723.43,113730.14,1783267740.167
1783267741,113729.54,113726.18,113732.89,1783267741.135
1783267742,113731.63,113728.28,113734.99,1783267742.293
1783267743,113733.33,113729.97,113736.68,1783267743.147
1783267744,113738.35,113735,113741.71,1783267744.259
1783267745,113742.57,113739.21,113745.92,1783267745.118
1783267746,113734.67,113731.31,113738.02,1783267746.164
1783267747,113733.43,113730.08,113736.79,1783267747.126
1783267748,113742.06,113738.7,113745.41,1783267748.208
1783267749,113748.61,113745.25,113751.96,1783267749.120
1783267750,113748.89,113745.53,113752.24,1783267750.149
1783267751,113741.14,113737.79,113744.5,1783267751.120
1783267752,113735.88,113732.53,113739.24,1783267752.156
1783267753,113730.21,113726.86,113733.57,1783267753.120
1783267754,113722.06,113718.71,113725.42,1783267754.158
1783267755,113710.72,113707.36,113714.07,1783267755.122
1783267756,113713.9,113710.54,113717.25,1783267756.156
1783267757,113718.82,113715.47,113722.17,1783267757.124
1783267758,113714.19,113710.83,113717.54,1783267758.159
1783267759,113722.77,113719.42,113726.13,1783267759.124
1783267760,113723.35,113719.99,113726.7,1783267760.158
1783267761,113720.96,113717.61,113724.32,1783267761.121
1783267762,113715.3,113711.95,113718.66,1783267762.153
1783267763,113727.76,113724.41,113731.12,1783267763.126
1783267764,113728.31,113724.95,113731.66,1783267764.157
1783267765,113734.66,113731.31,113738.02,1783267765.122
1783267766,113733.23,113729.87,113736.58,1783267766.157
1783267767,113733.46,113730.1,113736.81,1783267767.123
1783267768,113725.24,113721.89,113728.6,1783267768.152
1783267769,113723.52,113720.17,113726.88,1783267769.118
1783267770,113732.41,113729.05,113735.76,1783267770.158
1783267771,113736.98,113733.63,113740.34,1783267771.122
1783267772,113733.38,113730.02,113736.73,1783267772.145
1783267773,113738.57,113735.21,113741.92,1783267773.126
1783267774,113723.38,113720.02,113726.73,1783267774.140
1783267775,113725.78,113722.43,113729.14,1783267775.127
1783267776,113717.84,113714.48,113721.19,1783267776.150
1783267777,113707.54,113704.19,113710.89,1783267777.121
1783267778,113702.06,113698.71,113705.41,1783267778.210
1783267779,113692.33,113688.97,113695.68,1783267779.121
1783267780,113693.54,113690.18,113696.89,1783267780.144
1783267781,113692.99,113689.63,113696.34,1783267781.117
1783267782,113693.36,113690,113696.71,1783267782.162
1783267783,113691.94,113688.59,113695.3,1783267783.117
1783267784,113692.94,113689.58,113696.29,1783267784.159
1783267785,113697.88,113694.52,113701.23,1783267785.133
1783267786,113707.46,113704.11,113710.82,1783267786.155
1783267787,113707.93,113704.58,113711.29,1783267787.125
1783267788,113705.91,113702.56,113709.27,1783267788.158
1783267789,113697.57,113694.21,113700.92,1783267789.128
1783267790,113694.33,113690.98,113697.69,1783267790.133
1783267791,113700.37,113697.02,113703.72,1783267791.156
1783267792,113704.14,113700.79,113707.5,1783267792.136
1783267793,113702.13,113698.78,113705.49,1783267793.113
1783267794,113708.02,113704.67,113711.38,1783267794.142
1783267795,113714,113710.65,113717.36,1783267795.120
1783267796,113712.33,113708.98,113715.69,1783267796.165
1783267797,113712.26,113708.9,113715.61,1783267797.117
1783267798,113703.83,113700.47,113707.18,1783267798.155
1783267799,113705.51,113702.15,113708.86,1783267799.127
1783267800,113707.53,113704.18,113710.88,1783267800.149
1783267801,113708.46,113705.11,113711.82,1783267801.134
1783267802,113712.93,113709.58,113716.28,1783267802.298
1783267803,113718.79,113715.43,113722.14,1783267803.206
1783267804,113717.75,113714.39,113721.1,1783267804.331
1783267805,113715.64,113712.29,113719,1783267805.132
1783267806,113717.96,113714.61,113721.31,1783267806.172
1783267807,113716.16,113712.8,113719.51,1783267807.113
1783267808,113719.82,113716.46,113723.17,1783267808.243
1783267809,113720.12,113716.77,113723.48,1783267809.125
1783267810,113721.61,113718.26,113724.97,1783267810.152
1783267811,113724.81,113721.46,113728.17,1783267811.136
1783267812,113730.03,113726.68,113733.39,1783267812.139
1783267813,113737.85,113734.5,113741.21,1783267813.117
1783267814,113731.36,113728,113734.71,1783267814.159
1783267815,113729.85,113726.5,113733.21,1783267815.126
1783267816,113730.06,113726.7,113733.41,1783267816.245
1783267817,113738.12,113734.76,113741.47,1783267817.114
1783267818,113745.47,113742.11,113748.82,1783267818.142
1783267819,113741.9,113738.55,113745.26,1783267819.114
1783267820,113738.34,113734.98,113741.69,1783267820.158
1783267821,113747.01,113743.65,113750.37,1783267821.123
1783267822,113756.77,113753.41,113760.12,1783267822.191
1783267823,113751.99,113748.64,113755.35,1783267823.124
1783267824,113756.59,113753.23,113759.94,1783267824.143
1783267825,113750.93,113747.57,113754.28,1783267825.147
1783267826,113753.09,113749.73,113756.44,1783267826.155
1783267827,113758.6,113755.25,113761.96,1783267827.112
1783267828,113758.57,113755.21,113761.92,1783267828.165
1783267829,113763.65,113760.29,113767.01,1783267829.123
1783267830,113770.4,113767.04,113773.75,1783267830.151
1783267831,113770.83,113767.47,113774.18,1783267831.123
1783267832,113776.1,113772.74,113779.46,1783267832.146
1783267833,113782.36,113779,113785.72,1783267833.123
1783267834,113782.41,113779.05,113785.76,1783267834.136
1783267835,113781.25,113777.9,113784.61,1783267835.127
1783267836,113793.02,113789.66,113796.37,1783267836.152
1783267837,113796.22,113792.86,113799.58,1783267837.120
1783267838,113794.69,113791.33,113798.05,1783267838.244
1783267839,113787.83,113784.47,113791.19,1783267839.126
1783267840,113785.23,113781.87,113788.58,1783267840.148
1783267841,113778.91,113775.56,113782.27,1783267841.122
1783267842,113781.68,113778.33,113785.04,1783267842.129
1783267843,113772.92,113769.56,113776.27,1783267843.117
1783267844,113774.07,113770.71,113777.42,1783267844.155
1783267845,113774.41,113771.06,113777.77,1783267845.135
1783267846,113769.24,113765.89,113772.6,1783267846.143
1783267847,113769.67,113766.31,113773.02,1783267847.121
1783267848,113763.54,113760.18,113766.89,1783267848.151
1783267849,113747.12,113743.77,113750.48,1783267849.115
1783267850,113747.06,113743.7,113750.41,1783267850.136
1783267851,113743.9,113740.55,113747.26,1783267851.122
1783267852,113739.28,113735.93,113742.64,1783267852.142
1783267853,113742.82,113739.46,113746.17,1783267853.121
1783267854,113742.63,113739.27,113745.98,1783267854.149
1783267855,113748.19,113744.83,113751.55,1783267855.110
1783267856,113747.29,113743.94,113750.65,1783267856.144
1783267857,113730.54,113727.18,113733.89,1783267857.114
1783267858,113733.27,113729.92,113736.63,1783267858.142
1783267859,113732.15,113728.8,113735.51,1783267859.121
1783267860,113738.42,113735.06,113741.77,1783267860.178
1783267861,113731.23,113727.88,113734.59,1783267861.133
1783267862,113731.5,113728.15,113734.86,1783267862.326
1783267863,113735.85,113732.5,113739.21,1783267863.135
1783267864,113741.73,113738.37,113745.09,1783267864.162
1783267865,113743.76,113740.4,113747.11,1783267865.113
1783267866,113743.61,113740.25,113746.96,1783267866.138
1783267867,113749.59,113746.24,113752.95,1783267867.114
1783267868,113753.28,113749.92,113756.63,1783267868.134
1783267869,113748.34,113744.99,113751.7,1783267869.115
1783267870,113745.22,113741.86,113748.57,1783267870.140
1783267871,113745.52,113742.17,113748.88,1783267871.131
1783267872,113744.41,113741.06,113747.77,1783267872.136
1783267873,113740.82,113737.47,113744.18,1783267873.120
1783267874,113744.73,113741.37,113748.08,1783267874.157
1783267875,113744.22,113740.86,113747.57,1783267875.112
1783267876,113751.91,113748.55,113755.26,1783267876.137
1783267877,113756.94,113753.59,113760.3,1783267877.110
1783267878,113763.39,113760.03,113766.74,1783267878.131
1783267879,113762.18,113758.83,113765.54,1783267879.117
1783267880,113757.37,113754.01,113760.72,1783267880.139
1783267881,113764.1,113760.74,113767.45,1783267881.139
1783267882,113758.75,113755.4,113762.11,1783267882.147
1783267883,113753.24,113749.88,113756.6,1783267883.114
1783267884,113743.44,113740.09,113746.8,1783267884.138
1783267885,113744.51,113741.16,113747.87,1783267885.114
1783267886,113739.9,113736.54,113743.25,1783267886.137
1783267887,113739.86,113736.5,113743.21,1783267887.126
1783267888,113732.02,113728.66,113735.37,1783267888.133
1783267889,113728.27,113724.92,113731.63,1783267889.123
1783267890,113726.25,113722.89,113729.6,1783267890.166
1783267891,113728.46,113725.11,113731.82,1783267891.116
1783267892,113735.84,113732.48,113739.19,1783267892.129
1783267893,113730.57,113727.21,113733.92,1783267893.143
1783267894,113729.82,113726.46,113733.17,1783267894.143
1783267895,113724.86,113721.5,113728.21,1783267895.119
1783267896,113718.88,113715.52,113722.23,1783267896.141
1783267897,113718.02,113714.66,113721.37,1783267897.113
1783267898,113724.56,113721.2,113727.91,1783267898.209
1783267899,113725.68,113722.33,113729.04,1783267899.113
1783267900,113731.28,113727.92,113734.63,1783267900.166
1783267901,113736.39,113733.03,113739.74,1783267901.119
1783267902,113730.81,113727.45,113734.16,1783267902.165
1783267903,113734.35,113730.99,113737.7,1783267903.123
1783267904,113735.84,113732.48,113739.19,1783267904.138
1783267905,113741.05,113737.69,113744.4,1783267905.122
1783267906,113748.25,113744.89,113751.61,1783267906.141
1783267907,113743.43,113740.08,113746.79,1783267907.114
1783267908,113752.13,113748.78,113755.49,1783267908.141
1783267909,113747.87,113744.51,113751.22,1783267909.137
1783267910,113749.07,113745.71,113752.42,1783267910.155
1783267911,113745.99,113742.64,113749.35,1783267911.112
1783267912,113757.21,113753.85,113760.56,1783267912.157
1783267913,113770.17,113766.82,113773.53,1783267913.164
1783267914,113770.95,113767.6,113774.31,1783267914.156
1783267915,113768.88,113765.52,113772.23,1783267915.115
1783267916,113769.41,113766.05,113772.76,1783267916.136
1783267917,113763.37,113760.01,113766.72,1783267917.115
1783267918,113757.43,113754.07,113760.78,1783267918.150
1783267919,113759.74,113756.38,113763.09,1783267919.119
1783267920,113757.7,113754.34,113761.06,1783267920.136
1783267921,113763.09,113759.73,113766.45,1783267921.118
1783267922,113765.24,113761.88,113768.59,1783267922.164
1783267923,113762.51,113759.15,113765.86,1783267923.159
1783267924,113752.06,113748.7,113755.41,1783267924.147
1783267925,113755.4,113752.04,113758.75,1783267925.122
1783267926,113745.3,113741.94,113748.65,1783267926.136
1783267927,113742.62,113739.27,113745.98,1783267927.123
1783267928,113736.65,113733.3,113740.01,1783267928.203
1783267929,113732.94,113729.58,113736.29,1783267929.113
1783267930,113727.89,113724.54,113731.24,1783267930.127
1783267931,113732.79,113729.43,113736.14,1783267931.122
1783267932,113734.5,113731.14,113737.85,1783267932.148
1783267933,113732.51,113729.15,113735.86,1783267933.106
1783267934,113741.09,113737.73,113744.44,1783267934.138
1783267935,113739.99,113736.63,113743.34,1783267935.118
1783267936,113750.64,113747.28,113753.99,1783267936.212
1783267937,113758.15,113754.8,113761.51,1783267937.122
1783267938,113756.41,113753.05,113759.76,1783267938.156
1783267939,113757.38,113754.02,113760.73,1783267939.126
1783267940,113760.01,113756.65,113763.37,1783267940.152
1783267941,113757.64,113754.29,113761,1783267941.119
1783267942,113751.26,113747.91,113754.62,1783267942.162
1783267943,113745.74,113742.38,113749.1,1783267943.124
1783267944,113741.59,113738.24,113744.95,1783267944.144
1783267945,113742.48,113739.13,113745.84,1783267945.116
1783267946,113738.87,113735.52,113742.23,1783267946.158
1783267947,113742.15,113738.79,113745.5,1783267947.124
1783267948,113744.91,113741.55,113748.26,1783267948.140
1783267949,113742.47,113739.11,113745.82,1783267949.132
1783267950,113739.68,113736.33,113743.04,1783267950.154
1783267951,113746.55,113743.19,113749.9,1783267951.133
1783267952,113741.56,113738.2,113744.91,1783267952.161
1783267953,113732.02,113728.67,113735.38,1783267953.116
1783267954,113733.29,113729.93,113736.64,1783267954.150
1783267955,113732.1,113728.75,113735.46,1783267955.123
1783267956,113727.59,113724.23,113730.94,1783267956.156
1783267957,113725.75,113722.4,113729.11,1783267957.129
1783267958,113721.25,113717.89,113724.6,1783267958.205
1783267959,113720.3,113716.95,113723.66,1783267959.125
1783267960,113726,113722.65,113729.36,1783267960.158
1783267961,113723.52,113720.17,113726.88,1783267961.119
1783267962,113724.48,113721.12,113727.83,1783267962.165
1783267963,113720.32,113716.97,113723.68,1783267963.123
1783267964,113719.07,113715.72,113722.43,1783267964.148
1783267965,113726.54,113723.18,113729.89,1783267965.118
1783267966,113726.09,113722.74,113729.45,1783267966.152
1783267967,113734.82,113731.46,113738.17,1783267967.119
1783267968,113730.03,113726.68,113733.39,1783267968.148
1783267969,113726.79,113723.43,113730.14,1783267969.112
1783267970,113725.4,113722.04,113728.75,1783267970.165
1783267971,113724.39,113721.03,113727.74,1783267971.129
1783267972,113731.84,113728.48,113735.19,1783267972.156
1783267973,113730.99,113727.64,113734.35,1783267973.125
1783267974,113729.37,113726.01,113732.72,1783267974.155
1783267975,113726.77,113723.42,113730.13,1783267975.132
1783267976,113720.53,113717.18,113723.89,1783267976.147
1783267977,113713.85,113710.5,113717.2,1783267977.115
1783267978,113712.73,113709.38,113716.08,1783267978.163
1783267979,113718.11,113714.75,113721.46,1783267979.122
1783267980,113726.83,113723.48,113730.19,1783267980.166
1783267981,113737.99,113734.64,113741.35,1783267981.115
1783267982,113738.03,113734.68,113741.39,1783267982.148
1783267983,113740.75,113737.4,113744.11,1783267983.123
1783267984,113742.47,113739.11,113745.82,1783267984.161
1783267985,113742.81,113739.46,113746.17,1783267985.126
1783267986,113740.8,113737.45,113744.16,1783267986.157
1783267987,113732.53,113729.18,113735.89,1783267987.120
1783267988,113738.25,113734.9,113741.61,1783267988.206
1783267989,113737.1,113733.74,113740.45,1783267989.130
1783267990,113741.23,113737.87,113744.58,1783267990.165
1783267991,113743.61,113740.25,113746.96,1783267991.133
1783267992,113744.62,113741.26,113747.97,1783267992.135
1783267993,113746.25,113742.89,113749.6,1783267993.135
1783267994,113745.48,113742.12,113748.83,1783267994.146
1783267995,113748.44,113745.08,113751.79,1783267995.119
1783267996,113749.31,113745.96,113752.67,1783267996.152
1783267997,113750.32,113746.97,113753.68,1783267997.123
1783267998,113747.72,113744.37,113751.08,1783267998.153
1783267999,113757.15,113753.79,113760.5,1783267999.122
1783268000,113751.43,113748.07,113754.78,1783268000.147
1783268001,113760.08,113756.72,113763.44,1783268001.116
1783268002,113760.73,113757.38,113764.09,1783268002.160
1783268003,113752.84,113749.48,113756.19,1783268003.128
1783268004,113759.19,113755.84,113762.55,1783268004.165
1783268005,113761.13,113757.78,113764.49,1783268005.125
1783268006,113748.19,113744.83,113751.54,1783268006.147
1783268007,113744.89,113741.53,113748.24,1783268007.119
1783268008,113741.16,113737.81,113744.52,1783268008.152
1783268009,113743.53,113740.18,113746.89,1783268009.123
1783268010,113743.24,113739.88,113746.6,1783268010.159
1783268011,113744.07,113740.71,113747.42,1783268011.114
1783268012,113732.17,113728.81,113735.52,1783268012.145
1783268013,113733.75,113730.39,113737.1,1783268013.119
1783268014,113734.74,113731.39,113738.1,1783268014.148
1783268015,113735.45,113732.1,113738.81,1783268015.118
1783268016,113736.08,113732.73,113739.44,1783268016.141
1783268017,113742.67,113739.32,113746.03,1783268017.121
1783268018,113733.91,113730.56,113737.27,1783268018.204
1783268019,113729.17,113725.82,113732.53,1783268019.120
1783268020,113721.62,113718.27,113724.98,1783268020.143
1783268021,113717.47,113714.12,113720.83,1783268021.120
1783268022,113728.18,113724.83,113731.54,1783268022.132
1783268023,113723.87,113720.51,113727.22,1783268023.115
1783268024,113730.23,113726.88,113733.59,1783268024.139
1783268025,113728.87,113725.52,113732.23,1783268025.126
1783268026,113731.22,113727.87,113734.58,1783268026.151
1783268027,113727.41,113724.06,113730.77,1783268027.120
1783268028,113726.66,113723.3,113730.01,1783268028.151
1783268029,113720.27,113716.92,113723.63,1783268029.118
1783268030,113725.17,113721.82,113728.53,1783268030.171
1783268031,113729.25,113725.89,113732.6,1783268031.120
1783268032,113733.45,113730.1,113736.81,1783268032.239
1783268033,113730.71,113727.35,113734.06,1783268033.115
1783268034,113739.25,113735.9,113742.61,1783268034.158
1783268035,113741.59,113738.24,113744.95,1783268035.119
1783268036,113732.77,113729.41,113736.12,1783268036.151
1783268037,113734.82,113731.46,113738.17,1783268037.125
1783268038,113734.33,113730.98,113737.69,1783268038.158
1783268039,113729.17,113725.82,113732.53,1783268039.120
1783268040,113724.45,113721.1,113727.81,1783268040.169
1783268041,113718.84,113715.49,113722.2,1783268041.120
1783268042,113718.34,113714.99,113721.7,1783268042.211
1783268043,113713.52,113710.16,113716.87,1783268043.153
1783268044,113717.71,113714.36,113721.07,1783268044.180
1783268045,113725.76,113722.41,113729.12,1783268045.132
1783268046,113718.79,113715.44,113722.15,1783268046.135
1783268047,113712.99,113709.63,113716.34,1783268047.145
1783268048,113716.88,113713.53,113720.24,1783268048.206
1783268049,113713.61,113710.25,113716.96,1783268049.115
1783268050,113710.86,113707.51,113714.22,1783268050.136
1783268051,113715.48,113712.13,113718.83,1783268051.121
1783268052,113713.42,113710.06,113716.77,1783268052.138
1783268053,113709.73,113706.37,113713.08,1783268053.118
1783268054,113714.96,113711.61,113718.32,1783268054.137
1783268055,113720.48,113717.12,113723.83,1783268055.132
1783268056,113716.91,113713.56,113720.26,1783268056.137
1783268057,113709.7,113706.35,113713.06,1783268057.129
1783268058,113707.51,113704.16,113710.86,1783268058.135
1783268059,113711.07,113707.71,113714.42,1783268059.112
1783268060,113712.25,113708.9,113715.61,1783268060.181
1783268061,113706.53,113703.18,113709.89,1783268061.119
1783268062,113713.16,113709.8,113716.51,1783268062.148
1783268063,113711.36,113708,113714.71,1783268063.124
1783268064,113714.48,113711.12,113717.83,1783268064.152
1783268065,113718.72,113715.37,113722.07,1783268065.112
1783268066,113718.55,113715.19,113721.9,1783268066.205
1783268067,113723.11,113719.75,113726.46,1783268067.120
1783268068,113717.76,113714.41,113721.12,1783268068.149
1783268069,113721.63,113718.27,113724.98,1783268069.116
1783268070,113719.06,113715.7,113722.41,1783268070.139
1783268071,113711.51,113708.16,113714.86,1783268071.112
1783268072,113705.45,113702.1,113708.81,1783268072.178
1783268073,113708.39,113705.04,113711.75,1783268073.130
1783268074,113711.4,113708.05,113714.76,1783268074.129
1783268075,113709.78,113706.43,113713.14,1783268075.117
1783268076,113703.77,113700.41,113707.12,1783268076.166
1783268077,113706.59,113703.24,113709.95,1783268077.117
1783268078,113710.9,113707.54,113714.25,1783268078.204
1783268079,113713.8,113710.44,113717.15,1783268079.119
1783268080,113705.52,113702.16,113708.87,1783268080.153
1783268081,113710.36,113707.01,113713.71,1783268081.119
1783268082,113713.87,113710.51,113717.22,1783268082.144
1783268083,113706.99,113703.63,113710.34,1783268083.117
1783268084,113706.53,113703.18,113709.89,1783268084.147
1783268085,113708.52,113705.17,113711.88,1783268085.124
1783268086,113702.95,113699.59,113706.3,1783268086.164
1783268087,113699.78,113696.43,113703.13,1783268087.127
1783268088,113698.49,113695.14,113701.84,1783268088.156
1783268089,113698.3,113694.95,113701.66,1783268089.130
1783268090,113706.57,113703.21,113709.92,1783268090.173
1783268091,113706.12,113702.77,113709.47,1783268091.122
1783268092,113709.78,113706.43,113713.14,1783268092.166
1783268093,113708.31,113704.95,113711.66,1783268093.124
1783268094,113712.8,113709.45,113716.16,1783268094.138
1783268095,113716.2,113712.85,113719.56,1783268095.131
1783268096,113717.26,113713.91,113720.62,1783268096.151
1783268097,113728.68,113725.33,113732.04,1783268097.127
1783268098,113732.32,113728.97,113735.68,1783268098.161
1783268099,113729.33,113725.97,113732.68,1783268099.118
1783268100,113723.43,113720.07,113726.78,1783268100.150
1783268101,113721.06,113717.7,113724.41,1783268101.142
1783268102,113731.89,113728.54,113735.25,1783268102.213
1783268103,113726.27,113722.92,113729.63,1783268103.255
1783268104,113728.04,113724.69,113731.4,1783268104.262
1783268105,113728.48,113725.13,113731.84,1783268105.163
1783268106,113735.36,113732,113738.72,1783268106.166
1783268107,113734.85,113731.5,113738.21,1783268107.122
1783268108,113732.3,113728.95,113735.66,1783268108.203
1783268109,113732.5,113729.15,113735.86,1783268109.170
1783268110,113731.88,113728.52,113735.24,1783268110.168
1783268111,113733.79,113730.43,113737.14,1783268111.129
1783268112,113733.92,113730.57,113737.28,1783268112.146
1783268113,113729.61,113726.26,113732.97,1783268113.120
1783268114,113732.29,113728.93,113735.64,1783268114.153
1783268115,113735.01,113731.66,113738.37,1783268115.126
1783268116,113729.75,113726.39,113733.1,1783268116.181
1783268117,113724.19,113720.84,113727.55,1783268117.116
1783268118,113724.22,113720.86,113727.57,1783268118.186
1783268119,113729.98,113726.63,113733.34,1783268119.133
1783268120,113721.55,113718.19,113724.9,1783268120.140
1783268121,113732.15,113728.8,113735.51,1783268121.120
1783268122,113727.46,113724.11,113730.82,1783268122.161
1783268123,113734.06,113730.71,113737.42,1783268123.128
1783268124,113730.31,113726.95,113733.66,1783268124.159
1783268125,113733.98,113730.62,113737.34,1783268125.131
1783268126,113728.43,113725.08,113731.79,1783268126.143
1783268127,113724.3,113720.95,113727.66,1783268127.125
1783268128,113723.33,113719.98,113726.68,1783268128.154
1783268129,113729.17,113725.81,113732.52,1783268129.120
1783268130,113726.62,113723.27,113729.98,1783268130.146
1783268131,113727.21,113723.85,113730.56,1783268131.115
1783268132,113723.96,113720.6,113727.31,1783268132.137
1783268133,113730.41,113727.05,113733.76,1783268133.118
1783268134,113731.3,113727.94,113734.65,1783268134.151
1783268135,113726.06,113722.7,113729.41,1783268135.120
1783268136,113724.34,113720.98,113727.69,1783268136.146
1783268137,113732.09,113728.73,113735.44,1783268137.116
1783268138,113733.95,113730.59,113737.3,1783268138.207
1783268139,113736.11,113732.75,113739.47,1783268139.204
1783268140,113738.34,113734.98,113741.69,1783268140.150
1783268141,113739.34,113735.99,113742.7,1783268141.122
1783268142,113738.67,113735.32,113742.03,1783268142.148
1783268143,113748.69,113745.34,113752.05,1783268143.117
1783268144,113739,113735.64,113742.35,1783268144.141
1783268145,113733.12,113729.76,113736.47,1783268145.123
1783268146,113737.72,113734.37,113741.08,1783268146.246
1783268147,113740.08,113736.72,113743.43,1783268147.113
1783268148,113745.7,113742.35,113749.06,1783268148.147
1783268149,113747.05,113743.7,113750.41,1783268149.116
1783268150,113743.51,113740.16,113746.87,1783268150.156
1783268151,113737.39,113734.04,113740.75,1783268151.117
1783268152,113741.8,113738.45,113745.16,1783268152.153
1783268153,113741.85,113738.49,113745.2,1783268153.116
1783268154,113739.07,113735.71,113742.43,1783268154.139
1783268155,113738.48,113735.12,113741.83,1783268155.124
1783268156,113731.75,113728.4,113735.11,1783268156.151
1783268157,113735.25,113731.89,113738.6,1783268157.112
1783268158,113734.34,113730.99,113737.7,1783268158.133
1783268159,113726.28,113722.92,113729.63,1783268159.117
1783268160,113719.11,113715.76,113722.46,1783268160.184
1783268161,113713.81,113710.45,113717.16,1783268161.119
1783268162,113708.92,113705.57,113712.28,1783268162.242
1783268163,113703.05,113699.69,113706.4,1783268163.164
1783268164,113714.76,113711.41,113718.12,1783268164.144
1783268165,113718.62,113715.27,113721.98,1783268165.131
1783268166,113719.49,113716.13,113722.84,1783268166.174
1783268167,113727.53,113724.18,113730.89,1783268167.126
1783268168,113723.77,113720.41,113727.12,1783268168.206
1783268169,113725.32,113721.96,113728.67,1783268169.117
1783268170,113732.31,113728.96,113735.67,1783268170.141
1783268171,113740.98,113737.63,113744.34,1783268171.118
1783268172,113750.16,113746.81,113753.52,1783268172.202
1783268173,113749.59,113746.23,113752.95,1783268173.125
1783268174,113748.25,113744.89,113751.6,1783268174.142
1783268175,113740.78,113737.43,113744.14,1783268175.121
1783268176,113738.25,113734.9,113741.61,1783268176.158
1783268177,113733.93,113730.57,113737.28,1783268177.120
1783268178,113739.93,113736.58,113743.29,1783268178.141
1783268179,113748.82,113745.46,113752.17,1783268179.123
1783268180,113747.85,113744.5,113751.21,1783268180.137
1783268181,113746.53,113743.18,113749.89,1783268181.141
1783268182,113742.85,113739.5,113746.21,1783268182.161
1783268183,113741,113737.65,113744.36,1783268183.116
1783268184,113751.78,113748.42,113755.13,1783268184.162
1783268185,113746.44,113743.09,113749.8,1783268185.118
1783268186,113745.13,113741.77,113748.48,1783268186.150
1783268187,113738.61,113735.25,113741.96,1783268187.124
1783268188,113737.72,113734.36,113741.07,1783268188.153
1783268189,113730.28,113726.92,113733.63,1783268189.122
1783268190,113732.87,113729.52,113736.23,1783268190.143
1783268191,113739.67,113736.32,113743.03,1783268191.157
1783268192,113740.53,113737.17,113743.88,1783268192.148
1783268193,113749.87,113746.52,113753.23,1783268193.121
1783268194,113742.85,113739.49,113746.2,1783268194.170
1783268195,113731.97,113728.61,113735.33,1783268195.124
1783268196,113739.47,113736.11,113742.83,1783268196.164
1783268197,113741.58,113738.22,113744.93,1783268197.120
1783268198,113741.53,113738.18,113744.89,1783268198.210
1783268199,113747.26,113743.9,113750.61,1783268199.120
1783268200,113738.87,113735.52,113742.23,1783268200.185
1783268201,113740.37,113737.01,113743.72,1783268201.120
1783268202,113739.12,113735.77,113742.48,1783268202.143
1783268203,113754.21,113750.85,113757.56,1783268203.124
1783268204,113751.59,113748.23,113754.95,1783268204.209
1783268205,113754.54,113751.19,113757.9,1783268205.136
1783268206,113750.92,113747.57,113754.28,1783268206.150
1783268207,113745.93,113742.58,113749.29,1783268207.123
1783268208,113748.7,113745.34,113752.05,1783268208.146
1783268209,113738.66,113735.3,113742.02,1783268209.118
1783268210,113740.21,113736.85,113743.56,1783268210.162
1783268211,113733.78,113730.42,113737.13,1783268211.114
1783268212,113738.58,113735.22,113741.93,1783268212.146
1783268213,113733.83,113730.47,113737.19,1783268213.115
1783268214,113730.68,113727.33,113734.04,1783268214.148
1783268215,113734.12,113730.77,113737.48,1783268215.125
1783268216,113737.92,113734.56,113741.27,1783268216.141
1783268217,113737.64,113734.28,113740.99,1783268217.138
1783268218,113735.26,113731.91,113738.62,1783268218.155
1783268219,113736.88,113733.52,113740.23,1783268219.140
1783268220,113740.78,113737.43,113744.14,1783268220.163
1783268221,113746.5,113743.14,113749.85,1783268221.121
1783268222,113745.33,113741.97,113748.68,1783268222.268
1783268223,113756.25,113752.89,113759.6,1783268223.158
1783268224,113753.56,113750.21,113756.92,1783268224.175
1783268225,113753.44,113750.09,113756.8,1783268225.118
1783268226,113744.6,113741.24,113747.95,1783268226.153
1783268227,113750.68,113747.32,113754.03,1783268227.130
1783268228,113752.47,113749.11,113755.82,1783268228.202
1783268229,113759.57,113756.22,113762.93,1783268229.112
1783268230,113753.04,113749.68,113756.39,1783268230.147
1783268231,113756.77,113753.42,113760.13,1783268231.124
1783268232,113763.73,113760.37,113767.09,1783268232.141
1783268233,113765.27,113761.91,113768.62,1783268233.124
1783268234,113763.8,113760.44,113767.15,1783268234.146
1783268235,113753.68,113750.32,113757.03,1783268235.130
1783268236,113748.81,113745.45,113752.16,1783268236.168
1783268237,113754,113750.65,113757.36,1783268237.121
1783268238,113751.09,113747.74,113754.45,1783268238.128
1783268239,113753.14,113749.79,113756.5,1783268239.117
1783268240,113742.2,113738.85,113745.56,1783268240.167
1783268241,113740.42,113737.06,113743.77,1783268241.116
1783268242,113747.19,113743.83,113750.54,1783268242.143
1783268243,113742.43,113739.07,113745.78,1783268243.121
1783268244,113739.38,113736.03,113742.74,1783268244.142
1783268245,113731.41,113728.05,113734.76,1783268245.126
1783268246,113733.87,113730.52,113737.23,1783268246.182
1783268247,113736.97,113733.62,113740.33,1783268247.124
1783268248,113731.99,113728.63,113735.35,1783268248.202
1783268249,113721.65,113718.3,113725.01,1783268249.123
1783268250,113717.51,113714.15,113720.86,1783268250.148
1783268251,113720.6,113717.25,113723.95,1783268251.119
1783268252,113718.62,113715.26,113721.97,1783268252.139
1783268253,113707.61,113704.26,113710.97,1783268253.137
1783268254,113700.52,113697.17,113703.88,1783268254.151
1783268255,113695.03,113691.68,113698.39,1783268255.118
1783268256,113699.91,113696.56,113703.26,1783268256.135
1783268257,113689.59,113686.24,113692.94,1783268257.119
1783268258,113690.35,113686.99,113693.7,1783268258.247
1783268259,113696.08,113692.73,113699.44,1783268259.116
1783268260,113703.15,113699.79,113706.5,1783268260.148
1783268261,113699.03,113695.68,113702.39,1783268261.120
1783268262,113698.55,113695.2,113701.91,1783268262.143
1783268263,113700.87,113697.51,113704.22,1783268263.125
1783268264,113701.95,113698.59,113705.3,1783268264.155
1783268265,113696.35,113692.99,113699.7,1783268265.127
1783268266,113690.09,113686.73,113693.44,1783268266.147
1783268267,113696.57,113693.22,113699.93,1783268267.113
1783268268,113691.17,113687.81,113694.52,1783268268.149
1783268269,113686.55,113683.2,113689.9,1783268269.118
1783268270,113684.52,113681.16,113687.87,1783268270.139
1783268271,113688.8,113685.44,113692.15,1783268271.140
1783268272,113698.93,113695.57,113702.28,1783268272.161
1783268273,113699.98,113696.63,113703.34,1783268273.120
1783268274,113697.48,113694.12,113700.83,1783268274.149
1783268275,113688.03,113684.68,113691.38,1783268275.127
1783268276,113703.38,113700.02,113706.73,1783268276.148
1783268277,113704.52,113701.17,113707.88,1783268277.122
1783268278,113699.33,113695.97,113702.68,1783268278.138
1783268279,113706.47,113703.11,113709.82,1783268279.120
1783268280,113712.79,113709.43,113716.14,1783268280.159
1783268281,113711.35,113707.99,113714.7,1783268281.118
1783268282,113711.26,113707.91,113714.61,1783268282.182
1783268283,113704.41,113701.06,113707.77,1783268283.171
1783268284,113698.38,113695.03,113701.74,1783268284.139
1783268285,113703.64,113700.29,113707,1783268285.225
1783268286,113706.07,113702.71,113709.42,1783268286.141
1783268287,113710.05,113706.69,113713.4,1783268287.121
1783268288,113709.2,113705.85,113712.56,1783268288.199
1783268289,113702.62,113699.27,113705.98,1783268289.125
1783268290,113707.03,113703.68,113710.39,1783268290.188
1783268291,113712.82,113709.47,113716.18,1783268291.124
1783268292,113712.5,113709.14,113715.85,1783268292.151
1783268293,113714.65,113711.29,113718,1783268293.119
1783268294,113707.22,113703.87,113710.58,1783268294.133
1783268295,113697.57,113694.22,113700.93,1783268295.117
1783268296,113699.08,113695.73,113702.44,1783268296.167
1783268297,113704.98,113701.63,113708.33,1783268297.122
1783268298,113709.99,113706.63,113713.34,1783268298.162
1783268299,113704.49,113701.14,113707.85,1783268299.119
1783268300,113697.92,113694.56,113701.27,1783268300.144
1783268301,113699.31,113695.95,113702.66,1783268301.139
1783268302,113694.35,113691,113697.71,1783268302.156
1783268303,113681.4,113678.05,113684.76,1783268303.118
1783268304,113671.91,113668.55,113675.26,1783268304.150
1783268305,113662.39,113659.04,113665.74,1783268305.122
1783268306,113669.8,113666.45,113673.15,1783268306.147
1783268307,113663.54,113660.19,113666.89,1783268307.125
1783268308,113670.98,113667.63,113674.33,1783268308.149
1783268309,113665.14,113661.78,113668.49,1783268309.123
1783268310,113660.7,113657.35,113664.06,1783268310.160
1783268311,113660.35,113657,113663.71,1783268311.124
1783268312,113658.61,113655.26,113661.96,1783268312.145
1783268313,113658.64,113655.29,113661.99,1783268313.123
1783268314,113656.4,113653.05,113659.75,1783268314.142
1783268315,113662.66,113659.31,113666.02,1783268315.130
1783268316,113670.72,113667.37,113674.07,1783268316.147
1783268317,113665.73,113662.38,113669.08,1783268317.113
1783268318,113665.36,113662.01,113668.71,1783268318.204
1783268319,113665.23,113661.88,113668.58,1783268319.118
1783268320,113658.02,113654.67,113661.37,1783268320.148
1783268321,113657.62,113654.27,113660.97,1783268321.122
1783268322,113664.73,113661.38,113668.09,1783268322.153
1783268323,113664.67,113661.31,113668.02,1783268323.122
1783268324,113664.24,113660.89,113667.6,1783268324.162
1783268325,113657.82,113654.47,113661.17,1783268325.122
1783268326,113658.47,113655.12,113661.83,1783268326.159
1783268327,113658.72,113655.37,113662.07,1783268327.125
1783268328,113653.27,113649.92,113656.63,1783268328.170
1783268329,113656.76,113653.41,113660.12,1783268329.129
1783268330,113661.57,113658.21,113664.92,1783268330.140
1783268331,113667.77,113664.42,113671.13,1783268331.126
1783268332,113672.85,113669.5,113676.2,1783268332.157
1783268333,113676.74,113673.39,113680.09,1783268333.117
1783268334,113689.24,113685.89,113692.59,1783268334.181
1783268335,113689.74,113686.39,113693.1,1783268335.134
1783268336,113685.37,113682.02,113688.72,1783268336.149
1783268337,113681.21,113677.85,113684.56,1783268337.117
1783268338,113683.95,113680.6,113687.31,1783268338.145
1783268339,113687.88,113684.53,113691.23,1783268339.125
1783268340,113689.62,113686.26,113692.97,1783268340.163
1783268341,113696.4,113693.05,113699.75,1783268341.119
1783268342,113691.82,113688.47,113695.18,1783268342.193
1783268343,113690.38,113687.02,113693.73,1783268343.133
1783268344,113694.82,113691.46,113698.17,1783268344.145
1783268345,113682.2,113678.85,113685.56,1783268345.118
1783268346,113685.59,113682.23,113688.94,1783268346.145
1783268347,113685.75,113682.4,113689.11,1783268347.121
1783268348,113681.5,113678.14,113684.85,1783268348.204
1783268349,113684.82,113681.47,113688.18,1783268349.110
1783268350,113687.73,113684.38,113691.08,1783268350.152
1783268351,113694.44,113691.08,113697.79,1783268351.127
1783268352,113690.36,113687.01,113693.72,1783268352.170
1783268353,113689.16,113685.81,113692.51,1783268353.125
1783268354,113694.55,113691.2,113697.9,1783268354.132
1783268355,113690.1,113686.74,113693.45,1783268355.132
1783268356,113697.41,113694.05,113700.76,1783268356.145
1783268357,113702.6,113699.25,113705.96,1783268357.123
1783268358,113709.9,113706.54,113713.25,1783268358.161
1783268359,113705.07,113701.72,113708.42,1783268359.117
1783268360,113699.67,113696.31,113703.02,1783268360.148
1783268361,113706.92,113703.57,113710.28,1783268361.124
1783268362,113702.28,113698.93,113705.64,1783268362.151
1783268363,113697.03,113693.67,113700.38,1783268363.135
1783268364,113706.48,113703.13,113709.84,1783268364.153
1783268365,113700.13,113696.78,113703.49,1783268365.118
1783268366,113700.27,113696.92,113703.63,1783268366.136
1783268367,113698.75,113695.39,113702.1,1783268367.125
1783268368,113697.03,113693.68,113700.39,1783268368.131
1783268369,113697.9,113694.55,113701.26,1783268369.123
1783268370,113692.9,113689.54,113696.25,1783268370.164
1783268371,113694.9,113691.54,113698.25,1783268371.134
1783268372,113696.51,113693.16,113699.86,1783268372.203
1783268373,113690.75,113687.4,113694.11,1783268373.121
1783268374,113694.16,113690.81,113697.51,1783268374.143
1783268375,113698.18,113694.82,113701.53,1783268375.147
1783268376,113696.12,113692.76,113699.47,1783268376.162
1783268377,113689.46,113686.1,113692.81,1783268377.117
1783268378,113687.98,113684.63,113691.34,1783268378.204
1783268379,113686.89,113683.54,113690.25,1783268379.118
1783268380,113682.22,113678.87,113685.58,1783268380.149
1783268381,113680.77,113677.42,113684.13,1783268381.114
1783268382,113680.68,113677.32,113684.03,1783268382.154
1783268383,113683.21,113679.85,113686.56,1783268383.126
1783268384,113681.38,113678.02,113684.73,1783268384.143
1783268385,113685.76,113682.41,113689.12,1783268385.117
1783268386,113681.54,113678.19,113684.89,1783268386.134
1783268387,113678.59,113675.24,113681.94,1783268387.123
1783268388,113678.64,113675.28,113681.99,1783268388.154
1783268389,113677.27,113673.92,113680.63,1783268389.122
1783268390,113677.27,113673.91,113680.62,1783268390.155
1783268391,113683.67,113680.31,113687.02,1783268391.117
1783268392,113682.98,113679.63,113686.34,1783268392.144
1783268393,113684.41,113681.05,113687.76,1783268393.124
1783268394,113691.4,113688.05,113694.76,1783268394.155
1783268395,113686.41,113683.05,113689.76,1783268395.124
1783268396,113681.5,113678.15,113684.86,1783268396.158
1783268397,113684.7,113681.34,113688.05,1783268397.119
1783268398,113678.26,113674.91,113681.62,1783268398.134
1783268399,113676.97,113673.62,113680.32,1783268399.122
1783268400,113677.16,113673.81,113680.52,1783268400.167
1783268401,113674.92,113671.56,113678.27,1783268401.150
1783268402,113679.27,113675.91,113682.62,1783268402.187
1783268403,113676.68,113673.33,113680.04,1783268403.346
1783268404,113670.38,113667.03,113673.74,1783268404.155
1783268405,113669.27,113665.91,113672.62,1783268405.182
1783268406,113666.6,113663.24,113669.95,1783268406.156
1783268407,113673.11,113669.76,113676.47,1783268407.116
1783268408,113668.81,113665.46,113672.17,1783268408.202
1783268409,113673.8,113670.44,113677.15,1783268409.125
1783268410,113680.07,113676.72,113683.43,1783268410.208
1783268411,113672.4,113669.05,113675.75,1783268411.119
1783268412,113676.37,113673.02,113679.72,1783268412.236
1783268413,113673.74,113670.39,113677.1,1783268413.118
1783268414,113667.94,113664.58,113671.29,1783268414.245
1783268415,113662.1,113658.75,113665.45,1783268415.113
1783268416,113662.4,113659.05,113665.76,1783268416.144
1783268417,113658.53,113655.18,113661.88,1783268417.113
1783268418,113659.06,113655.71,113662.41,1783268418.147
1783268419,113664.95,113661.6,113668.3,1783268419.110
1783268420,113654.68,113651.33,113658.04,1783268420.152
1783268421,113657.34,113653.98,113660.69,1783268421.122
1783268422,113652.59,113649.23,113655.94,1783268422.144
1783268423,113660.26,113656.91,113663.62,1783268423.134
1783268424,113661.03,113657.68,113664.38,1783268424.140
1783268425,113653.35,113650,113656.7,1783268425.114
1783268426,113647.6,113644.25,113650.96,1783268426.144
1783268427,113645.47,113642.12,113648.83,1783268427.112
1783268428,113647.45,113644.09,113650.8,1783268428.162
1783268429,113642.62,113639.26,113645.97,1783268429.120
1783268430,113645.79,113642.43,113649.14,1783268430.173
1783268431,113645.09,113641.74,113648.44,1783268431.128
1783268432,113650.88,113647.53,113654.24,1783268432.150
1783268433,113650.31,113646.96,113653.66,1783268433.136
1783268434,113658.78,113655.42,113662.13,1783268434.159
1783268435,113659.42,113656.07,113662.77,1783268435.132
1783268436,113655.74,113652.39,113659.09,1783268436.148
1783268437,113653.5,113650.15,113656.85,1783268437.132
1783268438,113649.15,113645.8,113652.5,1783268438.246
1783268439,113644.84,113641.49,113648.19,1783268439.132
1783268440,113642.31,113638.95,113645.66,1783268440.145
1783268441,113645.95,113642.6,113649.3,1783268441.133
1783268442,113651.96,113648.61,113655.31,1783268442.149
1783268443,113654.35,113651,113657.7,1783268443.115
1783268444,113646.75,113643.4,113650.11,1783268444.158
1783268445,113644.06,113640.71,113647.41,1783268445.129
1783268446,113643.24,113639.89,113646.6,1783268446.175
1783268447,113641.54,113638.18,113644.89,1783268447.124
1783268448,113643.45,113640.1,113646.81,1783268448.167
1783268449,113641.38,113638.02,113644.73,1783268449.118
1783268450,113637.19,113633.84,113640.55,1783268450.161
1783268451,113633.93,113630.58,113637.29,1783268451.125
1783268452,113631.98,113628.62,113635.33,1783268452.245
1783268453,113632.9,113629.55,113636.25,1783268453.116
1783268454,113634.88,113631.52,113638.23,1783268454.175
1783268455,113632.47,113629.12,113635.82,1783268455.118
1783268456,113631.8,113628.45,113635.16,1783268456.147
1783268457,113630.74,113627.38,113634.09,1783268457.117
1783268458,113627.86,113624.51,113631.22,1783268458.155
1783268459,113626.59,113623.24,113629.95,1783268459.109
1783268460,113630.36,113627.01,113633.72,1783268460.154
1783268461,113635.73,113632.37,113639.08,1783268461.124
1783268462,113636.26,113632.91,113639.61,1783268462.158
1783268463,113633.16,113629.81,113636.51,1783268463.135
1783268464,113627.83,113624.48,113631.18,1783268464.157
1783268465,113628.04,113624.69,113631.39,1783268465.122
1783268466,113630.64,113627.29,113633.99,1783268466.151
1783268467,113623.31,113619.96,113626.66,1783268467.162
1783268468,113624.13,113620.78,113627.49,1783268468.153
1783268469,113625.47,113622.12,113628.82,1783268469.129
1783268470,113623.29,113619.94,113626.64,1783268470.152
1783268471,113621.12,113617.77,113624.48,1783268471.121
1783268472,113609.3,113605.95,113612.65,1783268472.151
1783268473,113606.53,113603.18,113609.88,1783268473.120
1783268474,113610.19,113606.84,113613.54,1783268474.152
1783268475,113617.91,113614.56,113621.26,1783268475.144
1783268476,113622.44,113619.09,113625.79,1783268476.148
1783268477,113628.86,113625.51,113632.21,1783268477.129
1783268478,113636.91,113633.56,113640.26,1783268478.150
1783268479,113642.85,113639.49,113646.2,1783268479.121
1783268480,113649.32,113645.97,113652.67,1783268480.162
1783268481,113646.85,113643.49,113650.2,1783268481.122
1783268482,113645.29,113641.94,113648.64,1783268482.154
1783268483,113645.64,113642.29,113648.99,1783268483.115
1783268484,113648.26,113644.91,113651.61,1783268484.206
1783268485,113652.08,113648.73,113655.44,1783268485.128
1783268486,113644.28,113640.92,113647.63,1783268486.167
1783268487,113640.54,113637.19,113643.9,1783268487.116
1783268488,113646.49,113643.14,113649.84,1783268488.133
1783268489,113649.11,113645.76,113652.46,1783268489.120
1783268490,113660.73,113657.38,113664.08,1783268490.167
1783268491,113652.93,113649.57,113656.28,1783268491.125
1783268492,113650.22,113646.86,113653.57,1783268492.223
1783268493,113650.81,113647.45,113654.16,1783268493.120
1783268494,113651.55,113648.19,113654.9,1783268494.184
1783268495,113666.51,113663.16,113669.86,1783268495.121
1783268496,113668.39,113665.04,113671.75,1783268496.154
1783268497,113661.77,113658.41,113665.12,1783268497.126
1783268498,113660.96,113657.61,113664.32,1783268498.202
1783268499,113659.74,113656.38,113663.09,1783268499.117
1783268500,113661.86,113658.51,113665.21,1783268500.133
1783268501,113667.58,113664.23,113670.93,1783268501.116
1783268502,113669.22,113665.87,113672.57,1783268502.135
1783268503,113675.16,113671.8,113678.51,1783268503.116
1783268504,113668.56,113665.2,113671.91,1783268504.157
1783268505,113672.59,113669.24,113675.95,1783268505.123
1783268506,113677.57,113674.22,113680.92,1783268506.169
1783268507,113675.69,113672.33,113679.04,1783268507.123
1783268508,113690.07,113686.72,113693.43,1783268508.165
1783268509,113681.75,113678.39,113685.1,1783268509.111
1783268510,113678.47,113675.11,113681.82,1783268510.159
1783268511,113681.94,113678.58,113685.29,1783268511.118
1783268512,113691.02,113687.66,113694.37,1783268512.132
1783268513,113692.81,113689.46,113696.16,1783268513.128
1783268514,113692.28,113688.93,113695.64,1783268514.159
1783268515,113695.33,113691.98,113698.69,1783268515.129
1783268516,113692.17,113688.82,113695.53,1783268516.129
1783268517,113693.74,113690.39,113697.1,1783268517.115
1783268518,113697.5,113694.15,113700.86,1783268518.132
1783268519,113694.78,113691.43,113698.13,1783268519.111
1783268520,113690.26,113686.91,113693.62,1783268520.140
1783268521,113680.22,113676.87,113683.57,1783268521.134
1783268522,113681.76,113678.41,113685.11,1783268522.232
1783268523,113683.1,113679.74,113686.45,1783268523.138
1783268524,113681.97,113678.61,113685.32,1783268524.173
1783268525,113686.03,113682.67,113689.38,1783268525.112
1783268526,113693.64,113690.28,113696.99,1783268526.133
1783268527,113694.77,113691.42,113698.13,1783268527.130
1783268528,113690.06,113686.71,113693.42,1783268528.272
1783268529,113691.55,113688.19,113694.9,1783268529.116
1783268530,113686.09,113682.73,113689.44,1783268530.155
1783268531,113689.06,113685.7,113692.41,1783268531.112
1783268532,113677.36,113674.01,113680.72,1783268532.135
1783268533,113679.83,113676.48,113683.18,1783268533.121
1783268534,113682.59,113679.24,113685.94,1783268534.161
1783268535,113679.12,113675.76,113682.47,1783268535.115
1783268536,113668.94,113665.58,113672.29,1783268536.139
1783268537,113673.87,113670.51,113677.22,1783268537.131
1783268538,113670.07,113666.72,113673.43,1783268538.159
1783268539,113670.01,113666.65,113673.36,1783268539.115
1783268540,113666.34,113662.99,113669.69,1783268540.131
1783268541,113672.05,113668.7,113675.41,1783268541.124
1783268542,113666.87,113663.52,113670.23,1783268542.132
1783268543,113672.82,113669.47,113676.18,1783268543.118
1783268544,113675.16,113671.8,113678.51,1783268544.135
1783268545,113670.94,113667.59,113674.29,1783268545.122
1783268546,113671.38,113668.03,113674.74,1783268546.166
1783268547,113675.49,113672.13,113678.84,1783268547.123
1783268548,113680.02,113676.67,113683.37,1783268548.156
1783268549,113678.2,113674.85,113681.56,1783268549.109
1783268550,113674.42,113671.07,113677.78,1783268550.130
1783268551,113683.33,113679.97,113686.68,1783268551.123
1783268552,113689.27,113685.92,113692.62,1783268552.164
1783268553,113690.36,113687.01,113693.72,1783268553.123
1783268554,113694.7,113691.34,113698.05,1783268554.137
1783268555,113687.24,113683.88,113690.59,1783268555.123
1783268556,113693.58,113690.23,113696.94,1783268556.161
1783268557,113682.27,113678.92,113685.62,1783268557.113
1783268558,113678.61,113675.26,113681.96,1783268558.200
1783268559,113678.78,113675.43,113682.14,1783268559.122
1783268560,113679.41,113676.05,113682.76,1783268560.163
1783268561,113681.73,113678.37,113685.08,1783268561.120
1783268562,113680.29,113676.94,113683.64,1783268562.136
1783268563,113688.88,113685.53,113692.23,1783268563.118
1783268564,113690.07,113686.72,113693.43,1783268564.170
1783268565,113690.94,113687.59,113694.3,1783268565.117
1783268566,113687.55,113684.19,113690.9,1783268566.168
1783268567,113683,113679.64,113686.35,1783268567.122
1783268568,113686.22,113682.86,113689.57,1783268568.159
1783268569,113686.4,113683.05,113689.76,1783268569.115
1783268570,113694.18,113690.83,113697.54,1783268570.163
1783268571,113687.16,113683.81,113690.51,1783268571.120
1783268572,113682.14,113678.79,113685.5,1783268572.145
1783268573,113681.37,113678.02,113684.73,1783268573.112
1783268574,113680.59,113677.24,113683.95,1783268574.165
1783268575,113684.28,113680.92,113687.63,1783268575.112
1783268576,113690.28,113686.93,113693.64,1783268576.133
1783268577,113685.93,113682.57,113689.28,1783268577.120
1783268578,113683.95,113680.59,113687.3,1783268578.137
1783268579,113683.16,113679.81,113686.52,1783268579.118
1783268580,113682.45,113679.1,113685.81,1783268580.168
1783268581,113673.97,113670.61,113677.32,1783268581.126
1783268582,113675.08,113671.73,113678.44,1783268582.178
1783268583,113666.54,113663.19,113669.9,1783268583.130
1783268584,113664.67,113661.32,113668.03,1783268584.140
1783268585,113662.73,113659.38,113666.09,1783268585.122
1783268586,113667.49,113664.14,113670.84,1783268586.163
1783268587,113657.83,113654.47,113661.18,1783268587.117
1783268588,113655.75,113652.4,113659.1,1783268588.209
1783268589,113657.07,113653.72,113660.42,1783268589.118
1783268590,113646.92,113643.57,113650.27,1783268590.167
1783268591,113645.16,113641.81,113648.51,1783268591.114
1783268592,113656.92,113653.56,113660.27,1783268592.167
1783268593,113652.94,113649.59,113656.3,1783268593.112
1783268594,113656.01,113652.66,113659.36,1783268594.167
1783268595,113655.63,113652.27,113658.98,1783268595.109
1783268596,113660.63,113657.27,113663.98,1783268596.137
1783268597,113663.92,113660.57,113667.28,1783268597.111
1783268598,113663.93,113660.58,113667.28,1783268598.136
1783268599,113660.93,113657.58,113664.28,1783268599.123
1783268600,113654.5,113651.15,113657.86,1783268600.148
1783268601,113664.65,113661.3,113668.01,1783268601.125
1783268602,113657.26,113653.91,113660.62,1783268602.131
1783268603,113651.92,113648.57,113655.27,1783268603.122
1783268604,113644.58,113641.23,113647.93,1783268604.151
1783268605,113648.49,113645.13,113651.84,1783268605.111
1783268606,113649.79,113646.44,113653.14,1783268606.137
1783268607,113642.8,113639.44,113646.15,1783268607.112
1783268608,113638.8,113635.45,113642.15,1783268608.143
1783268609,113640.94,113637.59,113644.3,1783268609.111
1783268610,113633.4,113630.05,113636.75,1783268610.139
1783268611,113633.69,113630.34,113637.04,1783268611.122
1783268612,113626.79,113623.44,113630.14,1783268612.135
1783268613,113620.99,113617.64,113624.34,1783268613.112
1783268614,113618.04,113614.69,113621.39,1783268614.145
1783268615,113622.3,113618.95,113625.66,1783268615.117
1783268616,113628.42,113625.07,113631.77,1783268616.142
1783268617,113631.32,113627.97,113634.67,1783268617.115
1783268618,113624.18,113620.83,113627.53,1783268618.244
1783268619,113625.8,113622.45,113629.15,1783268619.113
1783268620,113623.28,113619.92,113626.63,1783268620.163
1783268621,113621.87,113618.52,113625.22,1783268621.127
1783268622,113619.86,113616.5,113623.21,1783268622.132
1783268623,113626.57,113623.21,113629.92,1783268623.113
1783268624,113629.27,113625.91,113632.62,1783268624.141
1783268625,113629.76,113626.4,113633.11,1783268625.127
1783268626,113636.51,113633.16,113639.87,1783268626.133
1783268627,113626.02,113622.67,113629.37,1783268627.115
1783268628,113629.42,113626.07,113632.77,1783268628.151
1783268629,113627.51,113624.16,113630.86,1783268629.106
1783268630,113627.07,113623.72,113630.43,1783268630.171
1783268631,113633.99,113630.64,113637.34,1783268631.111
1783268632,113633.08,113629.73,113636.43,1783268632.142
1783268633,113628.73,113625.38,113632.08,1783268633.119
1783268634,113629.79,113626.44,113633.14,1783268634.173
1783268635,113627.97,113624.62,113631.33,1783268635.123
1783268636,113624.38,113621.03,113627.73,1783268636.134
1783268637,113614.09,113610.74,113617.44,1783268637.108
1783268638,113611.14,113607.79,113614.49,1783268638.132
1783268639,113606.85,113603.5,113610.2,1783268639.107
1783268640,113599.91,113596.56,113603.26,1783268640.148
1783268641,113599.42,113596.07,113602.78,1783268641.181
1783268642,113604.37,113601.02,113607.72,1783268642.242
1783268643,113595.15,113591.8,113598.51,1783268643.265
1783268644,113597.38,113594.03,113600.73,1783268644.258
1783268645,113595.05,113591.7,113598.4,1783268645.128
1783268646,113595.02,113591.67,113598.37,1783268646.165
1783268647,113600.89,113597.54,113604.24,1783268647.119
1783268648,113606.78,113603.43,113610.14,1783268648.203
1783268649,113594.5,113591.15,113597.85,1783268649.119
1783268650,113601.55,113598.2,113604.91,1783268650.129
1783268651,113600.72,113597.37,113604.07,1783268651.111
1783268652,113595.44,113592.09,113598.79,1783268652.148
1783268653,113598.36,113595.01,113601.71,1783268653.124
1783268654,113604.25,113600.9,113607.6,1783268654.145
1783268655,113605.38,113602.03,113608.73,1783268655.112
1783268656,113609.59,113606.24,113612.94,1783268656.130
1783268657,113617.12,113613.76,113620.47,1783268657.113
1783268658,113622.42,113619.07,113625.77,1783268658.152
1783268659,113627.99,113624.64,113631.34,1783268659.109
1783268660,113626.67,113623.32,113630.02,1783268660.150
1783268661,113612.82,113609.47,113616.17,1783268661.117
1783268662,113604.5,113601.15,113607.86,1783268662.138
1783268663,113604.14,113600.79,113607.49,1783268663.112
1783268664,113598.58,113595.23,113601.94,1783268664.128
1783268665,113603.08,113599.73,113606.43,1783268665.123
1783268666,113604.36,113601.01,113607.72,1783268666.149
1783268667,113598.11,113594.76,113601.46,1783268667.123
1783268668,113615.46,113612.11,113618.82,1783268668.135
1783268669,113613.2,113609.85,113616.56,1783268669.115
1783268670,113612.76,113609.4,113616.11,1783268670.155
1783268671,113615.52,113612.17,113618.87,1783268671.124
1783268672,113611.62,113608.27,113614.97,1783268672.133
1783268673,113611.43,113608.08,113614.79,1783268673.121
1783268674,113615.9,113612.55,113619.26,1783268674.159
1783268675,113618.04,113614.69,113621.39,1783268675.140
1783268676,113613.23,113609.88,113616.58,1783268676.140
1783268677,113608,113604.64,113611.35,1783268677.113
1783268678,113607.67,113604.32,113611.02,1783268678.205
1783268679,113615.31,113611.95,113618.66,1783268679.129
1783268680,113612.62,113609.27,113615.97,1783268680.142
1783268681,113611.34,113607.99,113614.69,1783268681.115
1783268682,113623.36,113620,113626.71,1783268682.203
1783268683,113624.92,113621.57,113628.27,1783268683.126
1783268684,113630.53,113627.18,113633.89,1783268684.149
1783268685,113622.55,113619.2,113625.91,1783268685.121
1783268686,113623.5,113620.15,113626.85,1783268686.142
1783268687,113622.05,113618.7,113625.4,1783268687.114
1783268688,113624.45,113621.1,113627.8,1783268688.166
1783268689,113625.61,113622.26,113628.97,1783268689.118
1783268690,113627.54,113624.19,113630.89,1783268690.147
1783268691,113628.66,113625.31,113632.02,1783268691.128
1783268692,113627.15,113623.8,113630.5,1783268692.146
1783268693,113631.6,113628.25,113634.95,1783268693.116
1783268694,113639.7,113636.35,113643.05,1783268694.149
1783268695,113641.4,113638.04,113644.75,1783268695.117
1783268696,113641.65,113638.3,113645,1783268696.152
1783268697,113642.13,113638.78,113645.48,1783268697.113
1783268698,113649.86,113646.51,113653.21,1783268698.153
1783268699,113650.32,113646.97,113653.67,1783268699.122
1783268700,113648.23,113644.88,113651.59,1783268700.147
1783268701,113654.38,113651.03,113657.74,1783268701.116
1783268702,113648.63,113645.27,113651.98,1783268702.202
1783268703,113653.33,113649.97,113656.68,1783268703.298
1783268704,113653.11,113649.76,113656.46,1783268704.272
1783268705,113646.6,113643.25,113649.95,1783268705.126
1783268706,113648.97,113645.62,113652.33,1783268706.133
1783268707,113652.35,113649,113655.71,1783268707.117
1783268708,113649.02,113645.66,113652.37,1783268708.210
1783268709,113646.85,113643.5,113650.21,1783268709.126
1783268710,113643.93,113640.58,113647.29,1783268710.163
1783268711,113636.92,113633.57,113640.28,1783268711.113
1783268712,113635.68,113632.33,113639.03,1783268712.152
1783268713,113635.64,113632.29,113639,1783268713.117
1783268714,113635.84,113632.49,113639.19,1783268714.144
1783268715,113640.24,113636.88,113643.59,1783268715.136
1783268716,113641.39,113638.04,113644.74,1783268716.130
1783268717,113639.28,113635.93,113642.63,1783268717.117
1783268718,113630.49,113627.14,113633.84,1783268718.146
1783268719,113630.77,113627.42,113634.12,1783268719.127
1783268720,113637.43,113634.08,113640.78,1783268720.157
1783268721,113639.49,113636.14,113642.84,1783268721.122
1783268722,113645.66,113642.31,113649.01,1783268722.138
1783268723,113641.91,113638.55,113645.26,1783268723.111
1783268724,113639.74,113636.39,113643.09,1783268724.141
1783268725,113643.41,113640.06,113646.76,1783268725.157
1783268726,113639.56,113636.21,113642.91,1783268726.140
1783268727,113642.55,113639.2,113645.9,1783268727.114
1783268728,113646.05,113642.7,113649.41,1783268728.146
1783268729,113649.81,113646.46,113653.16,1783268729.114
1783268730,113642.74,113639.39,113646.09,1783268730.137
1783268731,113639.51,113636.15,113642.86,1783268731.110
1783268732,113640.27,113636.92,113643.62,1783268732.140
1783268733,113631.33,113627.98,113634.68,1783268733.124
1783268734,113624.95,113621.6,113628.3,1783268734.167
1783268735,113618.1,113614.75,113621.45,1783268735.122
1783268736,113616.1,113612.75,113619.45,1783268736.138
1783268737,113612.87,113609.52,113616.22,1783268737.117
1783268738,113613.12,113609.76,113616.47,1783268738.202
1783268739,113612.13,113608.78,113615.49,1783268739.125
1783268740,113615.07,113611.72,113618.42,1783268740.149
1783268741,113604.33,113600.98,113607.68,1783268741.130
1783268742,113609.91,113606.55,113613.26,1783268742.149
1783268743,113614.65,113611.3,113618,1783268743.130
1783268744,113613.36,113610,113616.71,1783268744.148
1783268745,113622.87,113619.52,113626.23,1783268745.129
1783268746,113624.56,113621.21,113627.91,1783268746.153
1783268747,113620.26,113616.91,113623.62,1783268747.114
1783268748,113620.27,113616.92,113623.62,1783268748.307
1783268749,113622.79,113619.43,113626.14,1783268749.117
1783268750,113616.86,113613.51,113620.21,1783268750.145
1783268751,113620.74,113617.38,113624.09,1783268751.123
1783268752,113616.76,113613.41,113620.11,1783268752.136
1783268753,113625.1,113621.75,113628.45,1783268753.110
1783268754,113624.67,113621.32,113628.02,1783268754.144
1783268755,113626.95,113623.59,113630.3,1783268755.112
1783268756,113632.24,113628.89,113635.59,1783268756.152
1783268757,113634.94,113631.59,113638.29,1783268757.114
1783268758,113631.58,113628.23,113634.93,1783268758.164
1783268759,113627.47,113624.12,113630.82,1783268759.115
1783268760,113624.14,113620.79,113627.49,1783268760.165
1783268761,113626.93,113623.58,113630.29,1783268761.122
1783268762,113622.45,113619.1,113625.8,1783268762.196
1783268763,113626.9,113623.55,113630.25,1783268763.157
1783268764,113626.54,113623.19,113629.89,1783268764.140
1783268765,113618.7,113615.35,113622.06,1783268765.122
1783268766,113609.03,113605.68,113612.38,1783268766.151
1783268767,113606.42,113603.07,113609.77,1783268767.152
1783268768,113607.3,113603.95,113610.66,1783268768.210
1783268769,113600.44,113597.09,113603.79,1783268769.120
1783268770,113593.47,113590.12,113596.82,1783268770.163
1783268771,113594.93,113591.57,113598.28,1783268771.140
1783268772,113594.26,113590.91,113597.61,1783268772.148
1783268773,113596.76,113593.41,113600.11,1783268773.129
1783268774,113597.51,113594.16,113600.86,1783268774.157
1783268775,113598.99,113595.64,113602.34,1783268775.118
1783268776,113588.88,113585.53,113592.23,1783268776.145
1783268777,113588.36,113585.01,113591.71,1783268777.118
1783268778,113587.29,113583.94,113590.64,1783268778.149
1783268779,113580.94,113577.59,113584.29,1783268779.124
1783268780,113582.13,113578.78,113585.49,1783268780.139
1783268781,113587.54,113584.19,113590.89,1783268781.122
1783268782,113576.51,113573.16,113579.86,1783268782.140
1783268783,113583.19,113579.84,113586.54,1783268783.115
1783268784,113581.67,113578.32,113585.02,1783268784.146
1783268785,113584.99,113581.64,113588.34,1783268785.118
1783268786,113585.52,113582.17,113588.87,1783268786.137
1783268787,113580.62,113577.27,113583.97,1783268787.114
1783268788,113586.12,113582.77,113589.47,1783268788.135
1783268789,113587.82,113584.47,113591.17,1783268789.116
1783268790,113583.36,113580,113586.71,1783268790.138
1783268791,113581.22,113577.87,113584.57,1783268791.129
1783268792,113583.27,113579.92,113586.63,1783268792.149
1783268793,113583.29,113579.94,113586.65,1783268793.122
1783268794,113579.47,113576.12,113582.82,1783268794.139
1783268795,113575.73,113572.38,113579.08,1783268795.117
1783268796,113577.58,113574.23,113580.93,1783268796.165
1783268797,113565.82,113562.47,113569.17,1783268797.113
1783268798,113557.7,113554.35,113561.05,1783268798.206
1783268799,113552.43,113549.08,113555.78,1783268799.119
1783268800,113550.03,113546.68,113553.38,1783268800.137
1783268801,113549.77,113546.42,113553.12,1783268801.116
1783268802,113550.4,113547.05,113553.75,1783268802.137
1783268803,113547.85,113544.5,113551.2,1783268803.112
1783268804,113550.66,113547.31,113554.01,1783268804.135
1783268805,113562.09,113558.74,113565.44,1783268805.114
1783268806,113551.45,113548.1,113554.8,1783268806.133
1783268807,113550.27,113546.92,113553.62,1783268807.113
1783268808,113550.53,113547.18,113553.88,1783268808.141
1783268809,113561.57,113558.22,113564.92,1783268809.125
1783268810,113560.42,113557.07,113563.77,1783268810.171
1783268811,113559.1,113555.75,113562.45,1783268811.111
1783268812,113561.25,113557.9,113564.6,1783268812.150
1783268813,113558,113554.65,113561.35,1783268813.126
1783268814,113556.18,113552.83,113559.53,1783268814.140
1783268815,113557.11,113553.76,113560.46,1783268815.120
1783268816,113559.88,113556.53,113563.23,1783268816.140
1783268817,113561.31,113557.96,113564.66,1783268817.114
1783268818,113557.74,113554.39,113561.09,1783268818.141
1783268819,113557.37,113554.02,113560.72,1783268819.121
1783268820,113562.7,113559.35,113566.05,1783268820.160
1783268821,113552.45,113549.1,113555.8,1783268821.114
1783268822,113553.83,113550.48,113557.18,1783268822.308
1783268823,113558.42,113555.07,113561.77,1783268823.123
1783268824,113559.85,113556.5,113563.2,1783268824.195
1783268825,113560.12,113556.77,113563.47,1783268825.118
1783268826,113568.26,113564.91,113571.61,1783268826.141
1783268827,113568.31,113564.96,113571.66,1783268827.116
1783268828,113559.29,113555.94,113562.64,1783268828.138
1783268829,113554.66,113551.31,113558.01,1783268829.117
1783268830,113547.18,113543.83,113550.53,1783268830.144
1783268831,113550.13,113546.78,113553.48,1783268831.121
1783268832,113552.07,113548.72,113555.42,1783268832.149
1783268833,113561.56,113558.21,113564.91,1783268833.112
1783268834,113570.53,113567.18,113573.88,1783268834.154
1783268835,113557.61,113554.26,113560.96,1783268835.116
1783268836,113551.44,113548.09,113554.79,1783268836.135
1783268837,113549.55,113546.2,113552.9,1783268837.130
1783268838,113548.78,113545.43,113552.13,1783268838.159
1783268839,113547.51,113544.16,113550.86,1783268839.112
1783268840,113545.66,113542.31,113549.01,1783268840.150
1783268841,113546.5,113543.15,113549.85,1783268841.122
1783268842,113544.86,113541.51,113548.21,1783268842.145
1783268843,113544.08,113540.73,113547.43,1783268843.114
1783268844,113540.57,113537.22,113543.92,1783268844.130
1783268845,113543.62,113540.27,113546.97,1783268845.129
1783268846,113540.5,113537.15,113543.85,1783268846.142
1783268847,113545.28,113541.93,113548.62,1783268847.125
1783268848,113541.42,113538.07,113544.77,1783268848.145
1783268849,113543.07,113539.72,113546.42,1783268849.117
1783268850,113541.05,113537.7,113544.4,1783268850.140
1783268851,113544.27,113540.92,113547.62,1783268851.113
1783268852,113546.37,113543.02,113549.72,1783268852.147
1783268853,113550.06,113546.71,113553.41,1783268853.119
1783268854,113545.12,113541.77,113548.47,1783268854.145
1783268855,113550.55,113547.2,113553.9,1783268855.116
1783268856,113542.49,113539.14,113545.84,1783268856.156
1783268857,113542.08,113538.73,113545.43,1783268857.112
1783268858,113540.1,113536.75,113543.45,1783268858.147
1783268859,113541.79,113538.44,113545.13,1783268859.112
1783268860,113536.96,113533.61,113540.31,1783268860.146
1783268861,113540.14,113536.79,113543.49,1783268861.117
1783268862,113535.07,113531.72,113538.42,1783268862.145
1783268863,113535.15,113531.8,113538.5,1783268863.115
1783268864,113530.14,113526.79,113533.49,1783268864.157
1783268865,113522.85,113519.5,113526.2,1783268865.119
1783268866,113523.11,113519.76,113526.46,1783268866.132
1783268867,113524.06,113520.71,113527.41,1783268867.117
1783268868,113524.49,113521.14,113527.84,1783268868.144
1783268869,113524.8,113521.45,113528.15,1783268869.123
1783268870,113524.7,113521.35,113528.05,1783268870.140
1783268871,113526.51,113523.16,113529.85,1783268871.122
1783268872,113521.31,113517.96,113524.66,1783268872.140
1783268873,113520.43,113517.08,113523.78,1783268873.122
1783268874,113519.16,113515.81,113522.51,1783268874.138
1783268875,113522.95,113519.6,113526.3,1783268875.151
1783268876,113524.96,113521.61,113528.31,1783268876.149
1783268877,113516.08,113512.73,113519.43,1783268877.123
1783268878,113522.96,113519.61,113526.31,1783268878.145
1783268879,113520.09,113516.74,113523.44,1783268879.113
1783268880,113528.12,113524.77,113531.47,1783268880.164
1783268881,113539.32,113535.97,113542.67,1783268881.145
1783268882,113542.27,113538.92,113545.62,1783268882.218
1783268883,113543.6,113540.25,113546.95,1783268883.136
1783268884,113548.27,113544.92,113551.62,1783268884.153
1783268885,113540.44,113537.09,113543.79,1783268885.113
1783268886,113530.6,113527.25,113533.95,1783268886.154
1783268887,113530.75,113527.4,113534.09,1783268887.131
1783268888,113532.2,113528.85,113535.55,1783268888.126
1783268889,113530.02,113526.67,113533.37,1783268889.117
1783268890,113539.58,113536.23,113542.93,1783268890.146
1783268891,113532.92,113529.58,113536.27,1783268891.116
1783268892,113529.3,113525.95,113532.64,1783268892.200
1783268893,113528.08,113524.73,113531.43,1783268893.116
1783268894,113527.22,113523.87,113530.57,1783268894.156
1783268895,113526.02,113522.67,113529.37,1783268895.129
1783268896,113529.68,113526.33,113533.03,1783268896.151
1783268897,113530.1,113526.75,113533.45,1783268897.117
1783268898,113525.74,113522.39,113529.09,1783268898.138
1783268899,113523.17,113519.82,113526.52,1783268899.122
1783268900,113514.31,113510.96,113517.65,1783268900.144
1783268901,113507.89,113504.54,113511.24,1783268901.124
1783268902,113506.92,113503.57,113510.27,1783268902.144
1783268903,113504.17,113500.82,113507.52,1783268903.125
1783268904,113503.15,113499.8,113506.5,1783268904.142
1783268905,113505.36,113502.01,113508.7,1783268905.113
1783268906,113501.83,113498.48,113505.18,1783268906.145
1783268907,113501.06,113497.71,113504.41,1783268907.134
1783268908,113492.44,113489.09,113495.79,1783268908.144
1783268909,113490.73,113487.38,113494.08,1783268909.120
1783268910,113488.34,113485,113491.69,1783268910.137
1783268911,113498.24,113494.9,113501.59,1783268911.111
1783268912,113497.29,113493.94,113500.64,1783268912.142
1783268913,113489.08,113485.73,113492.43,1783268913.113
1783268914,113491.3,113487.95,113494.65,1783268914.145
1783268915,113489.41,113486.06,113492.76,1783268915.117
1783268916,113492.5,113489.15,113495.85,1783268916.137
1783268917,113497.99,113494.65,113501.34,1783268917.115
1783268918,113494.67,113491.32,113498.02,1783268918.217
1783268919,113498.17,113494.82,113501.51,1783268919.132
1783268920,113498.46,113495.11,113501.81,1783268920.138
1783268921,113490.56,113487.21,113493.91,1783268921.116
1783268922,113490.92,113487.57,113494.27,1783268922.146
1783268923,113488.49,113485.15,113491.84,1783268923.118
1783268924,113488.09,113484.74,113491.44,1783268924.147
1783268925,113495.86,113492.51,113499.2,1783268925.122
1783268926,113496.9,113493.55,113500.25,1783268926.129
1783268927,113494.94,113491.59,113498.28,1783268927.125
1783268928,113496.87,113493.52,113500.22,1783268928.133
1783268929,113494.3,113490.95,113497.64,1783268929.119
1783268930,113492.27,113488.92,113495.62,1783268930.144
1783268931,113496.33,113492.98,113499.68,1783268931.128
1783268932,113493.7,113490.35,113497.05,1783268932.138
1783268933,113493.45,113490.1,113496.8,1783268933.123
1783268934,113500.91,113497.56,113504.25,1783268934.137
1783268935,113500.34,113497,113503.69,1783268935.124
1783268936,113492.74,113489.4,113496.09,1783268936.147
1783268937,113485.63,113482.29,113488.98,1783268937.123
1783268938,113487.85,113484.5,113491.2,1783268938.145
1783268939,113489.95,113486.6,113493.3,1783268939.114
1783268940,113492.61,113489.26,113495.96,1783268940.163
1783268941,113496.9,113493.56,113500.25,1783268941.124
1783268942,113492.22,113488.87,113495.57,1783268942.132
1783268943,113497.38,113494.03,113500.72,1783268943.145
1783268944,113488.49,113485.14,113491.84,1783268944.150
1783268945,113487.6,113484.25,113490.94,1783268945.123
1783268946,113485.8,113482.45,113489.15,1783268946.127
1783268947,113472.87,113469.52,113476.22,1783268947.109
1783268948,113474.24,113470.89,113477.59,1783268948.201
1783268949,113469.43,113466.09,113472.78,1783268949.128
1783268950,113478.31,113474.97,113481.66,1783268950.151
1783268951,113480.5,113477.15,113483.85,1783268951.122
1783268952,113484.35,113481,113487.7,1783268952.138
1783268953,113485.55,113482.2,113488.9,1783268953.119
1783268954,113486.71,113483.36,113490.06,1783268954.135
1783268955,113488.58,113485.23,113491.93,1783268955.125
1783268956,113490.16,113486.82,113493.51,1783268956.170
1783268957,113485.47,113482.12,113488.82,1783268957.135
1783268958,113482.67,113479.32,113486.01,1783268958.128
1783268959,113483.3,113479.95,113486.65,1783268959.164
1783268960,113492.15,113488.8,113495.49,1783268960.212
1783268961,113488.3,113484.96,113491.65,1783268961.118
1783268962,113491.89,113488.54,113495.23,1783268962.152
1783268963,113498.92,113495.57,113502.26,1783268963.129
1783268964,113506.71,113503.36,113510.06,1783268964.134
1783268965,113510.88,113507.54,113514.23,1783268965.124
1783268966,113518.64,113515.29,113521.99,1783268966.141
1783268967,113517.88,113514.53,113521.23,1783268967.117
1783268968,113516.2,113512.85,113519.55,1783268968.141
1783268969,113515.74,113512.39,113519.09,1783268969.117
1783268970,113509.42,113506.07,113512.77,1783268970.162
1783268971,113511.8,113508.45,113515.15,1783268971.116
1783268972,113507.41,113504.06,113510.76,1783268972.136
1783268973,113506.39,113503.04,113509.73,1783268973.126
1783268974,113498.82,113495.47,113502.17,1783268974.204
1783268975,113500.08,113496.73,113503.43,1783268975.125
1783268976,113499.5,113496.15,113502.85,1783268976.134
1783268977,113493.99,113490.65,113497.34,1783268977.122
1783268978,113491.22,113487.87,113494.57,1783268978.204
1783268979,113496.34,113492.99,113499.69,1783268979.115
1783268980,113497.3,113493.95,113500.65,1783268980.178
1783268981,113496.38,113493.03,113499.73,1783268981.127
1783268982,113504.3,113500.95,113507.65,1783268982.135
1783268983,113497.93,113494.58,113501.28,1783268983.126
1783268984,113495.26,113491.92,113498.61,1783268984.147
1783268985,113498.56,113495.21,113501.91,1783268985.124
1783268986,113505.95,113502.6,113509.29,1783268986.138
1783268987,113509.1,113505.75,113512.45,1783268987.129
1783268988,113519.82,113516.47,113523.16,1783268988.136
1783268989,113519.14,113515.79,113522.49,1783268989.118
1783268990,113521.13,113517.78,113524.48,1783268990.151
1783268991,113515.95,113512.6,113519.29,1783268991.121
1783268992,113517.54,113514.19,113520.89,1783268992.140
1783268993,113511.51,113508.16,113514.86,1783268993.121
1783268994,113510.34,113507,113513.69,1783268994.138
1783268995,113503.19,113499.84,113506.54,1783268995.117
1783268996,113505.58,113502.24,113508.93,1783268996.132
1783268997,113508.71,113505.36,113512.06,1783268997.118
1783268998,113505.99,113502.64,113509.34,1783268998.162
1783268999,113504.65,113501.3,113508,1783268999.123
1783269000,113508.01,113504.66,113511.36,1783269000.150
1783269001,113501.42,113498.08,113504.77,1783269001.211
1783269002,113503.09,113499.75,113506.44,1783269002.170
1783269003,113506.81,113503.46,113510.16,1783269003.140
1783269004,113503.48,113500.13,113506.83,1783269004.174
1783269005,113497.99,113494.64,113501.34,1783269005.158
1783269006,113499.22,113495.88,113502.57,1783269006.174
1783269007,113503.88,113500.53,113507.23,1783269007.129
1783269008,113507.93,113504.58,113511.28,1783269008.203
1783269009,113509.19,113505.84,113512.54,1783269009.129
1783269010,113516.63,113513.28,113519.98,1783269010.165
1783269011,113513.89,113510.54,113517.24,1783269011.120
1783269012,113514.78,113511.44,113518.13,1783269012.141
1783269013,113507.99,113504.64,113511.34,1783269013.126
1783269014,113511.26,113507.91,113514.61,1783269014.131
1783269015,113516.5,113513.15,113519.85,1783269015.120
1783269016,113529.57,113526.22,113532.92,1783269016.130
1783269017,113533.91,113530.57,113537.26,1783269017.116
1783269018,113523.72,113520.37,113527.07,1783269018.163
1783269019,113530.56,113527.21,113533.91,1783269019.121
1783269020,113526.37,113523.02,113529.72,1783269020.135
1783269021,113521.32,113517.97,113524.67,1783269021.117
1783269022,113512.2,113508.86,113515.55,1783269022.150
1783269023,113512.5,113509.15,113515.85,1783269023.122
1783269024,113516.32,113512.97,113519.67,1783269024.160
1783269025,113523.94,113520.59,113527.28,1783269025.124
1783269026,113519.02,113515.67,113522.37,1783269026.151
1783269027,113521.16,113517.81,113524.51,1783269027.117
1783269028,113512.85,113509.5,113516.19,1783269028.142
1783269029,113519.01,113515.67,113522.36,1783269029.123
1783269030,113524.72,113521.37,113528.07,1783269030.301
1783269031,113528.25,113524.9,113531.6,1783269031.120
1783269032,113540.36,113537.01,113543.71,1783269032.160
1783269033,113546.44,113543.09,113549.79,1783269033.123
1783269034,113545.2,113541.85,113548.55,1783269034.135
1783269035,113551.24,113547.89,113554.59,1783269035.113
1783269036,113552.91,113549.56,113556.26,1783269036.135
1783269037,113562.49,113559.14,113565.84,1783269037.116
1783269038,113560,113556.65,113563.35,1783269038.247
1783269039,113551.91,113548.56,113555.26,1783269039.114
1783269040,113548.83,113545.48,113552.18,1783269040.141
1783269041,113547.85,113544.5,113551.19,1783269041.112
1783269042,113543.31,113539.96,113546.66,1783269042.134
1783269043,113530.55,113527.2,113533.9,1783269043.109
1783269044,113530.32,113526.98,113533.67,1783269044.144
1783269045,113533.89,113530.54,113537.24,1783269045.109
1783269046,113539.06,113535.71,113542.41,1783269046.146
1783269047,113536.08,113532.73,113539.43,1783269047.125
1783269048,113539.79,113536.44,113543.14,1783269048.141
1783269049,113534.44,113531.09,113537.79,1783269049.115
1783269050,113529.49,113526.14,113532.84,1783269050.143
1783269051,113527.08,113523.73,113530.43,1783269051.125
1783269052,113527.76,113524.41,113531.1,1783269052.135
1783269053,113531.48,113528.13,113534.83,1783269053.127
1783269054,113524.42,113521.08,113527.77,1783269054.137
1783269055,113526.87,113523.52,113530.22,1783269055.113
1783269056,113523.17,113519.82,113526.52,1783269056.146
1783269057,113522.6,113519.25,113525.95,1783269057.128
1783269058,113525.83,113522.48,113529.18,1783269058.140
1783269059,113531.57,113528.22,113534.92,1783269059.122
1783269060,113537.83,113534.48,113541.17,1783269060.167
1783269061,113539.48,113536.13,113542.83,1783269061.118
1783269062,113537.3,113533.95,113540.65,1783269062.309
1783269063,113528.65,113525.31,113532,1783269063.125
1783269064,113529.22,113525.87,113532.56,1783269064.180
1783269065,113521.9,113518.55,113525.25,1783269065.118
1783269066,113526.63,113523.28,113529.97,1783269066.136
1783269067,113524.82,113521.48,113528.17,1783269067.133
1783269068,113529.57,113526.22,113532.92,1783269068.211
1783269069,113524.74,113521.39,113528.09,1783269069.119
1783269070,113512.89,113509.54,113516.24,1783269070.160
1783269071,113512.58,113509.23,113515.93,1783269071.120
1783269072,113517.17,113513.82,113520.52,1783269072.146
1783269073,113515.69,113512.34,113519.04,1783269073.112
1783269074,113516.04,113512.69,113519.39,1783269074.170
1783269075,113508.38,113505.03,113511.73,1783269075.124
1783269076,113502.45,113499.1,113505.8,1783269076.139
1783269077,113503.83,113500.48,113507.18,1783269077.116
1783269078,113513.04,113509.69,113516.39,1783269078.133
1783269079,113516.51,113513.16,113519.86,1783269079.113
1783269080,113511.02,113507.67,113514.37,1783269080.141
1783269081,113506.31,113502.97,113509.66,1783269081.112
1783269082,113505.49,113502.14,113508.84,1783269082.145
1783269083,113509.27,113505.92,113512.62,1783269083.122
1783269084,113512.97,113509.62,113516.32,1783269084.127
1783269085,113506.08,113502.73,113509.43,1783269085.112
1783269086,113503.99,113500.65,113507.34,1783269086.130
1783269087,113494.71,113491.36,113498.06,1783269087.125
1783269088,113497.19,113493.84,113500.53,1783269088.133
1783269089,113495.73,113492.38,113499.08,1783269089.125
1783269090,113490.62,113487.27,113493.97,1783269090.132
1783269091,113480.26,113476.91,113483.6,1783269091.122
1783269092,113473.36,113470.01,113476.71,1783269092.135
1783269093,113482.19,113478.84,113485.53,1783269093.112
1783269094,113477.19,113473.85,113480.54,1783269094.137
1783269095,113483.71,113480.36,113487.06,1783269095.118
1783269096,113488.56,113485.21,113491.91,1783269096.142
1783269097,113484.37,113481.03,113487.72,1783269097.117
1783269098,113480.25,113476.9,113483.6,1783269098.206
1783269099,113489.04,113485.7,113492.39,1783269099.164
1783269100,113486.25,113482.91,113489.6,1783269100.136
1783269101,113497.92,113494.57,113501.27,1783269101.110
1783269102,113492.3,113488.96,113495.65,1783269102.137
1783269103,113493.96,113490.61,113497.31,1783269103.134
1783269104,113494.98,113491.63,113498.33,1783269104.133
1783269105,113496.32,113492.97,113499.67,1783269105.117
1783269106,113495.61,113492.26,113498.96,1783269106.141
1783269107,113494.73,113491.39,113498.08,1783269107.121
1783269108,113488.56,113485.21,113491.91,1783269108.151
1783269109,113492.08,113488.73,113495.42,1783269109.116
1783269110,113495.26,113491.91,113498.61,1783269110.141
1783269111,113491.66,113488.31,113495.01,1783269111.117
1783269112,113497.86,113494.51,113501.21,1783269112.167
1783269113,113492.51,113489.16,113495.85,1783269113.121
1783269114,113487.78,113484.43,113491.13,1783269114.135
1783269115,113483.98,113480.63,113487.33,1783269115.113
1783269116,113481.71,113478.36,113485.06,1783269116.146
1783269117,113481,113477.65,113484.35,1783269117.122
1783269118,113480.58,113477.24,113483.93,1783269118.137
1783269119,113480.2,113476.85,113483.54,1783269119.107
1783269120,113488,113484.65,113491.35,1783269120.150
1783269121,113493.99,113490.64,113497.34,1783269121.136
1783269122,113490.52,113487.17,113493.87,1783269122.137
1783269123,113482.5,113479.16,113485.85,1783269123.169
1783269124,113487.46,113484.11,113490.81,1783269124.173
1783269125,113481.93,113478.59,113485.28,1783269125.113
1783269126,113484.68,113481.33,113488.02,1783269126.134
1783269127,113483.74,113480.39,113487.09,1783269127.125
1783269128,113490.42,113487.07,113493.77,1783269128.206
1783269129,113491.9,113488.55,113495.24,1783269129.119
1783269130,113505.74,113502.4,113509.09,1783269130.145
1783269131,113499.08,113495.74,113502.43,1783269131.114
1783269132,113503.61,113500.26,113506.95,1783269132.132
1783269133,113501.91,113498.56,113505.26,1783269133.108
1783269134,113501.78,113498.43,113505.12,1783269134.139
1783269135,113506.46,113503.11,113509.81,1783269135.122
1783269136,113502.82,113499.47,113506.17,1783269136.160
1783269137,113506.03,113502.68,113509.38,1783269137.114
1783269138,113501.48,113498.13,113504.83,1783269138.162
1783269139,113492.21,113488.86,113495.56,1783269139.113
1783269140,113491.6,113488.25,113494.95,1783269140.141
1783269141,113490.28,113486.94,113493.63,1783269141.135
1783269142,113489.6,113486.25,113492.95,1783269142.141
1783269143,113489.78,113486.44,113493.13,1783269143.116
1783269144,113491.38,113488.04,113494.73,1783269144.143
1783269145,113489.94,113486.59,113493.29,1783269145.114
1783269146,113485.75,113482.4,113489.1,1783269146.141
1783269147,113488.8,113485.45,113492.15,1783269147.111
1783269148,113481.77,113478.43,113485.12,1783269148.162
1783269149,113477.83,113474.48,113481.18,1783269149.126
1783269150,113473.64,113470.29,113476.98,1783269150.147
1783269151,113478.09,113474.74,113481.44,1783269151.120
1783269152,113479.53,113476.18,113482.88,1783269152.155
1783269153,113479.88,113476.53,113483.23,1783269153.123
1783269154,113474.06,113470.72,113477.41,1783269154.153
1783269155,113472.52,113469.17,113475.87,1783269155.127
1783269156,113473.58,113470.24,113476.93,1783269156.145
1783269157,113466.77,113463.42,113470.12,1783269157.115
1783269158,113463.82,113460.47,113467.16,1783269158.207
1783269159,113463.91,113460.57,113467.26,1783269159.125
1783269160,113462.12,113458.77,113465.47,1783269160.149
1783269161,113457.21,113453.86,113460.55,1783269161.127
1783269162,113457.81,113454.47,113461.16,1783269162.136
1783269163,113456.88,113453.53,113460.23,1783269163.115
1783269164,113456.29,113452.94,113459.63,1783269164.162
1783269165,113456.44,113453.1,113459.79,1783269165.138
1783269166,113452.42,113449.07,113455.77,1783269166.143
1783269167,113446.14,113442.8,113449.49,1783269167.125
1783269168,113445.97,113442.62,113449.32,1783269168.150
1783269169,113442.01,113438.66,113445.35,1783269169.122
1783269170,113442.74,113439.4,113446.09,1783269170.156
1783269171,113450.16,113446.82,113453.51,1783269171.220
1783269172,113451.5,113448.15,113454.85,1783269172.135
1783269173,113452.7,113449.35,113456.05,1783269173.118
1783269174,113450.18,113446.83,113453.52,1783269174.162
1783269175,113455.99,113452.64,113459.34,1783269175.119
1783269176,113458.89,113455.54,113462.24,1783269176.134
1783269177,113460.5,113457.16,113463.85,1783269177.125
1783269178,113460.58,113457.23,113463.93,1783269178.152
1783269179,113462.52,113459.18,113465.87,1783269179.117
1783269180,113455.68,113452.33,113459.03,1783269180.140
1783269181,113458.17,113454.82,113461.52,1783269181.121
1783269182,113458.36,113455.02,113461.71,1783269182.158
1783269183,113457.16,113453.82,113460.51,1783269183.262
1783269184,113450.03,113446.68,113453.38,1783269184.185
1783269185,113446.49,113443.15,113449.84,1783269185.116
1783269186,113446.11,113442.76,113449.45,1783269186.145
1783269187,113442.42,113439.07,113445.76,1783269187.121
1783269188,113448.93,113445.59,113452.28,1783269188.255
1783269189,113442.98,113439.63,113446.32,1783269189.121
1783269190,113441.8,113438.45,113445.14,1783269190.139
1783269191,113445.44,113442.09,113448.78,1783269191.132
1783269192,113447.59,113444.24,113450.94,1783269192.154
1783269193,113453.06,113449.71,113456.4,1783269193.114
1783269194,113446.15,113442.81,113449.5,1783269194.139
1783269195,113450.06,113446.72,113453.41,1783269195.120
1783269196,113448.11,113444.76,113451.46,1783269196.149
1783269197,113453.18,113449.83,113456.53,1783269197.119
1783269198,113465.29,113461.94,113468.64,1783269198.143
1783269199,113471.12,113467.77,113474.47,1783269199.118
1783269200,113466.32,113462.97,113469.66,1783269200.166
1783269201,113468.44,113465.09,113471.78,1783269201.121
1783269202,113470.12,113466.78,113473.47,1783269202.155
1783269203,113464.39,113461.05,113467.74,1783269203.118
1783269204,113458.55,113455.2,113461.9,1783269204.155
1783269205,113462.89,113459.54,113466.24,1783269205.120
1783269206,113465.68,113462.34,113469.03,1783269206.159
1783269207,113476.02,113472.67,113479.37,1783269207.119
1783269208,113472.56,113469.21,113475.91,1783269208.159
1783269209,113474.31,113470.97,113477.66,1783269209.116
1783269210,113470.47,113467.12,113473.81,1783269210.156
1783269211,113466.84,113463.49,113470.19,1783269211.119
1783269212,113461.82,113458.47,113465.17,1783269212.142
1783269213,113457.76,113454.41,113461.11,1783269213.113
1783269214,113454.57,113451.23,113457.92,1783269214.158
1783269215,113461.49,113458.15,113464.84,1783269215.134
1783269216,113461.59,113458.24,113464.93,1783269216.146
1783269217,113468.75,113465.41,113472.1,1783269217.118
1783269218,113467.28,113463.93,113470.62,1783269218.200
1783269219,113465.8,113462.45,113469.15,1783269219.117
1783269220,113464.42,113461.07,113467.77,1783269220.157
1783269221,113472.66,113469.31,113476.01,1783269221.120
1783269222,113469.42,113466.07,113472.76,1783269222.143
1783269223,113470.09,113466.74,113473.44,1783269223.120
1783269224,113477.39,113474.04,113480.74,1783269224.154
1783269225,113478.91,113475.56,113482.25,1783269225.117
1783269226,113482.34,113479,113485.69,1783269226.163
1783269227,113479.85,113476.5,113483.2,1783269227.113
1783269228,113481.68,113478.33,113485.03,1783269228.141
1783269229,113478.78,113475.44,113482.13,1783269229.118
1783269230,113482.2,113478.86,113485.55,1783269230.143
1783269231,113482.01,113478.66,113485.36,1783269231.122
1783269232,113484.02,113480.67,113487.36,1783269232.144
1783269233,113482.25,113478.9,113485.6,1783269233.120
1783269234,113486.37,113483.02,113489.72,1783269234.154
1783269235,113485.64,113482.3,113488.99,1783269235.116
1783269236,113478.04,113474.69,113481.39,1783269236.154
1783269237,113471.14,113467.79,113474.49,1783269237.114
1783269238,113481.5,113478.15,113484.84,1783269238.155
1783269239,113485.61,113482.27,113488.96,1783269239.113
1783269240,113493.49,113490.14,113496.84,1783269240.167
1783269241,113496.57,113493.22,113499.92,1783269241.128
1783269242,113496.93,113493.58,113500.28,1783269242.243
1783269243,113503.03,113499.69,113506.38,1783269243.130
1783269244,113504.63,113501.28,113507.98,1783269244.207
1783269245,113513.91,113510.56,113517.26,1783269245.121
1783269246,113510.84,113507.49,113514.19,1783269246.162
1783269247,113516.71,113513.36,113520.06,1783269247.114
1783269248,113516.96,113513.62,113520.31,1783269248.208
1783269249,113517.68,113514.33,113521.03,1783269249.118
1783269250,113517.37,113514.03,113520.72,1783269250.149
1783269251,113510.68,113507.33,113514.03,1783269251.122
1783269252,113505.83,113502.48,113509.17,1783269252.162
1783269253,113511.09,113507.74,113514.44,1783269253.124
1783269254,113511.63,113508.28,113514.98,1783269254.157
1783269255,113508.69,113505.34,113512.04,1783269255.118
1783269256,113512.78,113509.43,113516.13,1783269256.142
1783269257,113505.65,113502.3,113509,1783269257.121
1783269258,113495.72,113492.37,113499.06,1783269258.144
1783269259,113501.47,113498.12,113504.82,1783269259.120
1783269260,113507.07,113503.72,113510.41,1783269260.153
1783269261,113496.37,113493.02,113499.72,1783269261.116
1783269262,113495.3,113491.96,113498.65,1783269262.154
1783269263,113492.09,113488.74,113495.44,1783269263.123
1783269264,113503.57,113500.22,113506.91,1783269264.151
1783269265,113514.82,113511.47,113518.17,1783269265.128
1783269266,113517.61,113514.26,113520.96,1783269266.145
1783269267,113507.77,113504.42,113511.11,1783269267.115
1783269268,113506.55,113503.21,113509.9,1783269268.153
1783269269,113509.35,113506,113512.7,1783269269.117
1783269270,113511.64,113508.29,113514.99,1783269270.154
1783269271,113515.05,113511.7,113518.4,1783269271.116
1783269272,113512.29,113508.94,113515.64,1783269272.146
1783269273,113516.7,113513.35,113520.05,1783269273.123
1783269274,113518.44,113515.09,113521.78,1783269274.149
1783269275,113520.67,113517.32,113524.02,1783269275.121
1783269276,113526.26,113522.92,113529.61,1783269276.151
1783269277,113526.97,113523.62,113530.32,1783269277.123
1783269278,113518.11,113514.76,113521.46,1783269278.203
1783269279,113514.19,113510.84,113517.54,1783269279.117
1783269280,113511.2,113507.85,113514.55,1783269280.153
1783269281,113507.28,113503.93,113510.63,1783269281.123
1783269282,113506.78,113503.43,113510.13,1783269282.146
1783269283,113516.37,113513.02,113519.72,1783269283.132
1783269284,113510.23,113506.88,113513.58,1783269284.168
1783269285,113507.45,113504.1,113510.8,1783269285.123
1783269286,113505.34,113501.99,113508.69,1783269286.165
1783269287,113511.32,113507.97,113514.66,1783269287.117
1783269288,113511.75,113508.4,113515.1,1783269288.141
1783269289,113512.58,113509.24,113515.93,1783269289.118
1783269290,113523.05,113519.7,113526.4,1783269290.163
1783269291,113517.09,113513.74,113520.44,1783269291.126
1783269292,113510.23,113506.88,113513.58,1783269292.154
1783269293,113508.02,113504.67,113511.37,1783269293.125
1783269294,113510.19,113506.84,113513.54,1783269294.137
1783269295,113514.54,113511.19,113517.89,1783269295.124
1783269296,113513,113509.65,113516.35,1783269296.145
1783269297,113515.21,113511.86,113518.56,1783269297.125
1783269298,113521.33,113517.98,113524.68,1783269298.154
1783269299,113516.89,113513.54,113520.24,1783269299.114
1783269300,113516.71,113513.36,113520.06,1783269300.161
1783269301,113515.87,113512.52,113519.22,1783269301.144
1783269302,113519.93,113516.58,113523.27,1783269302.442
1783269303,113517.29,113513.94,113520.64,1783269303.193
1783269304,113523.57,113520.22,113526.92,1783269304.492
1783269305,113522.62,113519.27,113525.97,1783269305.124
1783269306,113522.42,113519.07,113525.77,1783269306.148
1783269307,113522.8,113519.46,113526.15,1783269307.129
1783269308,113523.03,113519.68,113526.38,1783269308.210
1783269309,113524.31,113520.96,113527.66,1783269309.123
1783269310,113531.94,113528.59,113535.29,1783269310.151
1783269311,113539.48,113536.13,113542.83,1783269311.132
1783269312,113539.48,113536.13,113542.83,1783269312.143
1783269313,113547.16,113543.81,113550.51,1783269313.108
1783269314,113560.64,113557.29,113563.99,1783269314.207
1783269315,113554.57,113551.22,113557.92,1783269315.130
1783269316,113550.62,113547.27,113553.97,1783269316.143
1783269317,113550.46,113547.11,113553.81,1783269317.123
1783269318,113548.35,113545,113551.7,1783269318.142
1783269319,113547.93,113544.58,113551.28,1783269319.113
1783269320,113548.61,113545.26,113551.96,1783269320.141
1783269321,113549.17,113545.82,113552.52,1783269321.124
1783269322,113550.14,113546.79,113553.48,1783269322.137
1783269323,113550.38,113547.03,113553.73,1783269323.123
1783269324,113546.87,113543.52,113550.22,1783269324.146
1783269325,113543.45,113540.1,113546.8,1783269325.116
1783269326,113540.17,113536.82,113543.52,1783269326.139
1783269327,113540.81,113537.46,113544.16,1783269327.114
1783269328,113541.02,113537.67,113544.37,1783269328.141
1783269329,113538.6,113535.25,113541.95,1783269329.108
1783269330,113541.56,113538.21,113544.91,1783269330.150
1783269331,113554.32,113550.97,113557.67,1783269331.119
1783269332,113545.56,113542.21,113548.91,1783269332.155
1783269333,113549.46,113546.11,113552.81,1783269333.110
1783269334,113561.95,113558.6,113565.3,1783269334.163
1783269335,113566.79,113563.44,113570.14,1783269335.116
1783269336,113574,113570.65,113577.35,1783269336.148
1783269337,113579.72,113576.37,113583.07,1783269337.117
1783269338,113579.01,113575.66,113582.36,1783269338.249
1783269339,113577.11,113573.76,113580.46,1783269339.119
1783269340,113573.31,113569.96,113576.66,1783269340.136
1783269341,113572.59,113569.24,113575.94,1783269341.113
1783269342,113566.9,113563.55,113570.25,1783269342.147
1783269343,113567.97,113564.62,113571.32,1783269343.115
1783269344,113561.31,113557.96,113564.66,1783269344.148
1783269345,113559.17,113555.82,113562.52,1783269345.113
1783269346,113565.56,113562.21,113568.91,1783269346.144
1783269347,113566.43,113563.08,113569.78,1783269347.119
1783269348,113563.2,113559.85,113566.55,1783269348.205
1783269349,113563.44,113560.09,113566.79,1783269349.121
1783269350,113562.52,113559.17,113565.87,1783269350.156
1783269351,113565.96,113562.61,113569.31,1783269351.120
1783269352,113571.33,113567.98,113574.68,1783269352.152
1783269353,113578.05,113574.7,113581.4,1783269353.164
1783269354,113574.54,113571.19,113577.89,1783269354.139
1783269355,113584.2,113580.85,113587.55,1783269355.129
1783269356,113591.24,113587.89,113594.59,1783269356.169
1783269357,113576.44,113573.09,113579.79,1783269357.124
1783269358,113580.28,113576.93,113583.63,1783269358.148
1783269359,113577.52,113574.17,113580.88,1783269359.128
1783269360,113585.85,113582.5,113589.2,1783269360.172
1783269361,113583.66,113580.31,113587.01,1783269361.131
1783269362,113591.62,113588.27,113594.97,1783269362.155
1783269363,113590.06,113586.71,113593.41,1783269363.301
1783269364,113590.65,113587.3,113594,1783269364.362
1783269365,113589.44,113586.09,113592.79,1783269365.129
1783269366,113590.68,113587.33,113594.03,1783269366.170
1783269367,113593.46,113590.11,113596.81,1783269367.127
1783269368,113595.66,113592.31,113599.01,1783269368.213
1783269369,113595.51,113592.16,113598.86,1783269369.146
1783269370,113601.55,113598.2,113604.9,1783269370.162
1783269371,113593.86,113590.51,113597.21,1783269371.122
1783269372,113590.92,113587.57,113594.27,1783269372.146
1783269373,113595.08,113591.73,113598.44,1783269373.123
1783269374,113600.73,113597.38,113604.08,1783269374.135
1783269375,113604.55,113601.2,113607.9,1783269375.115
1783269376,113604.55,113601.2,113607.9,1783269376.155
1783269377,113607.82,113604.46,113611.17,1783269377.129
1783269378,113602.35,113599,113605.7,1783269378.155
1783269379,113603.35,113600,113606.7,1783269379.118
1783269380,113604.55,113601.2,113607.9,1783269380.160
1783269381,113599.43,113596.08,113602.78,1783269381.128
1783269382,113594.01,113590.66,113597.36,1783269382.144
1783269383,113599.85,113596.5,113603.2,1783269383.122
1783269384,113595.3,113591.95,113598.65,1783269384.161
1783269385,113592.81,113589.46,113596.16,1783269385.112
1783269386,113593.66,113590.31,113597.01,1783269386.155
1783269387,113589.72,113586.37,113593.07,1783269387.119
1783269388,113594.88,113591.53,113598.24,1783269388.147
1783269389,113591.36,113588.01,113594.71,1783269389.118
1783269390,113601.8,113598.45,113605.15,1783269390.156
1783269391,113599.21,113595.86,113602.56,1783269391.132
1783269392,113595.86,113592.5,113599.21,1783269392.163
1783269393,113597.91,113594.56,113601.26,1783269393.130
1783269394,113596.44,113593.09,113599.79,1783269394.135
1783269395,113592.42,113589.06,113595.77,1783269395.123
1783269396,113588.04,113584.69,113591.39,1783269396.153
1783269397,113588.27,113584.92,113591.62,1783269397.122
1783269398,113585.75,113582.39,113589.1,1783269398.244
1783269399,113588.21,113584.86,113591.56,1783269399.118
1783269400,113585.34,113581.99,113588.69,1783269400.160
1783269401,113589.53,113586.18,113592.88,1783269401.127
1783269402,113591.72,113588.37,113595.07,1783269402.140
1783269403,113594.29,113590.94,113597.64,1783269403.121
1783269404,113591.32,113587.97,113594.67,1783269404.153
1783269405,113586.88,113583.53,113590.23,1783269405.126
1783269406,113583.05,113579.7,113586.4,1783269406.154
1783269407,113585.4,113582.05,113588.75,1783269407.116
1783269408,113576.29,113572.94,113579.64,1783269408.151
1783269409,113583.8,113580.45,113587.15,1783269409.122
1783269410,113595.18,113591.83,113598.53,1783269410.137
1783269411,113599.97,113596.62,113603.32,1783269411.128
1783269412,113598.56,113595.21,113601.91,1783269412.153
1783269413,113596.82,113593.46,113600.17,1783269413.124
1783269414,113600.7,113597.35,113604.05,1783269414.161
1783269415,113599.47,113596.11,113602.82,1783269415.112
1783269416,113596.89,113593.54,113600.25,1783269416.162
1783269417,113597.32,113593.97,113600.68,1783269417.120
1783269418,113600.3,113596.95,113603.65,1783269418.162
1783269419,113604.38,113601.03,113607.73,1783269419.147
1783269420,113604.35,113601,113607.7,1783269420.169
1783269421,113601.3,113597.95,113604.65,1783269421.122
1783269422,113604.24,113600.89,113607.59,1783269422.438
1783269423,113610.38,113607.03,113613.73,1783269423.161
1783269424,113619.82,113616.47,113623.18,1783269424.159
1783269425,113614.15,113610.8,113617.51,1783269425.129
1783269426,113611.85,113608.5,113615.2,1783269426.137
1783269427,113615.83,113612.48,113619.18,1783269427.115
1783269428,113620.99,113617.63,113624.34,1783269428.200
1783269429,113621.29,113617.94,113624.65,1783269429.159
1783269430,113621.71,113618.36,113625.06,1783269430.147
1783269431,113625.71,113622.36,113629.06,1783269431.162
1783269432,113628.81,113625.46,113632.16,1783269432.153
1783269433,113623.91,113620.55,113627.26,1783269433.120
1783269434,113626.02,113622.66,113629.37,1783269434.158
1783269435,113619.11,113615.76,113622.46,1783269435.128
1783269436,113612.56,113609.21,113615.92,1783269436.157
1783269437,113617.87,113614.52,113621.22,1783269437.124
1783269438,113615.83,113612.48,113619.18,1783269438.161
1783269439,113607.61,113604.26,113610.97,1783269439.126
1783269440,113611.65,113608.3,113615,1783269440.145
1783269441,113615.94,113612.59,113619.29,1783269441.118
1783269442,113611.72,113608.37,113615.08,1783269442.145
1783269443,113609.57,113606.22,113612.93,1783269443.121
1783269444,113610.77,113607.42,113614.12,1783269444.155
1783269445,113611.96,113608.61,113615.31,1783269445.127
1783269446,113618.72,113615.37,113622.07,1783269446.149
1783269447,113616.07,113612.72,113619.43,1783269447.122
1783269448,113611.85,113608.5,113615.2,1783269448.149
1783269449,113618.77,113615.41,113622.12,1783269449.119
1783269450,113624.79,113621.44,113628.14,1783269450.166
1783269451,113620.51,113617.16,113623.86,1783269451.123
1783269452,113625.06,113621.71,113628.41,1783269452.145
1783269453,113619.04,113615.68,113622.39,1783269453.130
1783269454,113618.86,113615.51,113622.21,1783269454.148
1783269455,113618.32,113614.97,113621.67,1783269455.113
1783269456,113622.4,113619.05,113625.75,1783269456.140
1783269457,113622.26,113618.91,113625.61,1783269457.125
1783269458,113630.84,113627.49,113634.19,1783269458.137
1783269459,113633.96,113630.61,113637.31,1783269459.122
1783269460,113627.37,113624.02,113630.72,1783269460.132
1783269461,113635.05,113631.7,113638.41,1783269461.118
1783269462,113640.52,113637.17,113643.88,1783269462.138
1783269463,113642.87,113639.52,113646.23,1783269463.112
1783269464,113651.82,113648.47,113655.17,1783269464.139
1783269465,113646.27,113642.92,113649.62,1783269465.124
1783269466,113645.95,113642.6,113649.3,1783269466.140
1783269467,113642.98,113639.63,113646.34,1783269467.119
1783269468,113642.19,113638.84,113645.54,1783269468.140
1783269469,113643.85,113640.49,113647.2,1783269469.118
1783269470,113644.78,113641.43,113648.14,1783269470.152
1783269471,113653.34,113649.99,113656.7,1783269471.116
1783269472,113667.94,113664.58,113671.29,1783269472.135
1783269473,113658.42,113655.06,113661.77,1783269473.117
1783269474,113670.53,113667.18,113673.89,1783269474.137
1783269475,113669.63,113666.28,113672.99,1783269475.120
1783269476,113656.84,113653.48,113660.19,1783269476.156
1783269477,113657.33,113653.97,113660.68,1783269477.115
1783269478,113666.65,113663.3,113670,1783269478.134
1783269479,113663.54,113660.18,113666.89,1783269479.111
1783269480,113661.77,113658.41,113665.12,1783269480.162
1783269481,113659.76,113656.41,113663.11,1783269481.120
1783269482,113667.53,113664.18,113670.88,1783269482.207
1783269483,113664.48,113661.13,113667.84,1783269483.268
1783269484,113665.61,113662.25,113668.96,1783269484.178
1783269485,113667.07,113663.72,113670.42,1783269485.111
1783269486,113663.63,113660.27,113666.98,1783269486.141
1783269487,113662.76,113659.41,113666.11,1783269487.117
1783269488,113657.25,113653.9,113660.6,1783269488.202
1783269489,113655.93,113652.57,113659.28,1783269489.117
1783269490,113658.19,113654.84,113661.55,1783269490.145
1783269491,113666.68,113663.33,113670.03,1783269491.121
1783269492,113660.11,113656.76,113663.46,1783269492.143
1783269493,113665.33,113661.98,113668.68,1783269493.121
1783269494,113669.03,113665.68,113672.38,1783269494.137
1783269495,113666.17,113662.82,113669.53,1783269495.109
1783269496,113665.5,113662.15,113668.86,1783269496.133
1783269497,113665.61,113662.25,113668.96,1783269497.113
1783269498,113673.2,113669.85,113676.55,1783269498.142
1783269499,113669.94,113666.59,113673.3,1783269499.116
1783269500,113664.72,113661.37,113668.08,1783269500.137
1783269501,113666.47,113663.12,113669.83,1783269501.112
1783269502,113671.3,113667.95,113674.65,1783269502.141
1783269503,113658.28,113654.92,113661.63,1783269503.113
1783269504,113658.35,113654.99,113661.7,1783269504.155
1783269505,113655.84,113652.49,113659.19,1783269505.118
1783269506,113649.97,113646.62,113653.32,1783269506.164
1783269507,113647.71,113644.35,113651.06,1783269507.121
1783269508,113646.95,113643.6,113650.3,1783269508.144
1783269509,113657.5,113654.15,113660.85,1783269509.117
1783269510,113659.72,113656.37,113663.08,1783269510.153
1783269511,113658.36,113655,113661.71,1783269511.119
1783269512,113663.87,113660.52,113667.22,1783269512.132
1783269513,113668.6,113665.25,113671.96,1783269513.114
1783269514,113665.1,113661.74,113668.45,1783269514.135
1783269515,113672.97,113669.61,113676.32,1783269515.115
1783269516,113679.23,113675.87,113682.58,1783269516.159
1783269517,113671.68,113668.32,113675.03,1783269517.111
1783269518,113673.62,113670.26,113676.97,1783269518.202
1783269519,113668.52,113665.16,113671.87,1783269519.123
1783269520,113668.98,113665.62,113672.33,1783269520.141
1783269521,113669.81,113666.45,113673.16,1783269521.121
1783269522,113672.57,113669.21,113675.92,1783269522.133
1783269523,113661.63,113658.28,113664.98,1783269523.122
1783269524,113658.89,113655.54,113662.24,1783269524.150
1783269525,113667.42,113664.07,113670.77,1783269525.120
1783269526,113664.43,113661.08,113667.79,1783269526.145
1783269527,113666.34,113662.99,113669.7,1783269527.119
1783269528,113677.47,113674.12,113680.82,1783269528.144
1783269529,113683.99,113680.64,113687.35,1783269529.119
1783269530,113680.17,113676.82,113683.52,1783269530.155
1783269531,113681.06,113677.7,113684.41,1783269531.119
1783269532,113687.55,113684.2,113690.91,1783269532.164
1783269533,113691.08,113687.72,113694.43,1783269533.128
1783269534,113684.74,113681.39,113688.1,1783269534.146
1783269535,113691.51,113688.16,113694.87,1783269535.131
1783269536,113689.55,113686.2,113692.91,1783269536.141
1783269537,113693.45,113690.1,113696.81,1783269537.117
1783269538,113695.5,113692.15,113698.86,1783269538.146
1783269539,113698.26,113694.9,113701.61,1783269539.121
1783269540,113699.21,113695.86,113702.57,1783269540.154
1783269541,113708.11,113704.75,113711.46,1783269541.111
1783269542,113701.04,113697.69,113704.39,1783269542.272
1783269543,113702.37,113699.01,113705.72,1783269543.123
1783269544,113704,113700.65,113707.36,1783269544.145
1783269545,113704.1,113700.74,113707.45,1783269545.124
1783269546,113703.59,113700.24,113706.95,1783269546.146
1783269547,113703.77,113700.41,113707.12,1783269547.115
1783269548,113708.45,113705.1,113711.81,1783269548.209
1783269549,113705.17,113701.82,113708.53,1783269549.118
1783269550,113700.59,113697.24,113703.95,1783269550.142
1783269551,113705.74,113702.39,113709.1,1783269551.110
1783269552,113703.65,113700.3,113707,1783269552.149
1783269553,113695.96,113692.6,113699.31,1783269553.127
1783269554,113698.5,113695.14,113701.85,1783269554.150
1783269555,113696.58,113693.23,113699.94,1783269555.116
1783269556,113685.69,113682.33,113689.04,1783269556.145
1783269557,113686.08,113682.73,113689.44,1783269557.128
1783269558,113678.2,113674.84,113681.55,1783269558.166
1783269559,113678.14,113674.79,113681.49,1783269559.129
1783269560,113678.9,113675.55,113682.26,1783269560.150
1783269561,113679.13,113675.78,113682.49,1783269561.110
1783269562,113683.77,113680.42,113687.13,1783269562.148
1783269563,113678.89,113675.54,113682.24,1783269563.126
1783269564,113665.26,113661.9,113668.61,1783269564.155
1783269565,113659.83,113656.48,113663.19,1783269565.134
1783269566,113658.1,113654.75,113661.45,1783269566.144
1783269567,113648.81,113645.46,113652.16,1783269567.120
1783269568,113643.67,113640.32,113647.03,1783269568.149
1783269569,113639.61,113636.26,113642.96,1783269569.121
1783269570,113647.22,113643.87,113650.57,1783269570.147
1783269571,113649.05,113645.7,113652.41,1783269571.118
1783269572,113652.17,113648.81,113655.52,1783269572.157
1783269573,113647.13,113643.78,113650.48,1783269573.125
1783269574,113651.97,113648.62,113655.32,1783269574.152
1783269575,113650.83,113647.48,113654.18,1783269575.129
1783269576,113652.41,113649.05,113655.76,1783269576.242
1783269577,113644.84,113641.49,113648.19,1783269577.119
1783269578,113643.16,113639.81,113646.52,1783269578.244
1783269579,113644.6,113641.25,113647.95,1783269579.124
1783269580,113652.72,113649.37,113656.07,1783269580.154
1783269581,113649.38,113646.02,113652.73,1783269581.120
1783269582,113639.49,113636.14,113642.84,1783269582.169
1783269583,113627.29,113623.93,113630.64,1783269583.115
1783269584,113608.76,113605.41,113612.11,1783269584.164
1783269585,113616,113612.65,113619.36,1783269585.121
1783269586,113612.34,113608.98,113615.69,1783269586.147
1783269587,113615.39,113612.04,113618.74,1783269587.119
1783269588,113616.83,113613.47,113620.18,1783269588.151
1783269589,113621.25,113617.9,113624.6,1783269589.118
1783269590,113614.97,113611.61,113618.32,1783269590.157
1783269591,113615.5,113612.14,113618.85,1783269591.125
1783269592,113621.02,113617.66,113624.37,1783269592.141
1783269593,113621.96,113618.61,113625.31,1783269593.119
1783269594,113625.99,113622.63,113629.34,1783269594.150
1783269595,113622.11,113618.76,113625.47,1783269595.112
1783269596,113624.8,113621.45,113628.15,1783269596.131
1783269597,113625.05,113621.7,113628.41,1783269597.122
1783269598,113620.68,113617.33,113624.03,1783269598.141
1783269599,113614.44,113611.09,113617.79,1783269599.128
1783269600,113627.21,113623.86,113630.56,1783269600.145
1783269601,113621.74,113618.39,113625.09,1783269601.132
1783269602,113621.12,113617.76,113624.47,1783269602.240
1783269603,113624.16,113620.81,113627.51,1783269603.129
1783269604,113626.99,113623.64,113630.34,1783269604.162
1783269605,113634.35,113631,113637.7,1783269605.129
1783269606,113634.61,113631.26,113637.97,1783269606.152
1783269607,113626.36,113623.01,113629.71,1783269607.126
1783269608,113618.63,113615.28,113621.98,1783269608.249
1783269609,113621.8,113618.45,113625.15,1783269609.124
1783269610,113628.03,113624.68,113631.39,1783269610.164
1783269611,113637.83,113634.48,113641.19,1783269611.121
1783269612,113636.42,113633.07,113639.78,1783269612.139
1783269613,113633.5,113630.15,113636.85,1783269613.125
1783269614,113626.79,113623.44,113630.14,1783269614.139
1783269615,113623.45,113620.1,113626.81,1783269615.119
1783269616,113631.11,113627.76,113634.46,1783269616.143
1783269617,113635.23,113631.88,113638.58,1783269617.129
1783269618,113636.86,113633.51,113640.22,1783269618.130
1783269619,113633.14,113629.79,113636.49,1783269619.121
1783269620,113635.88,113632.53,113639.23,1783269620.154
1783269621,113634.2,113630.85,113637.56,1783269621.131
1783269622,113635.24,113631.89,113638.6,1783269622.156
1783269623,113637.92,113634.56,113641.27,1783269623.123
1783269624,113627.39,113624.04,113630.74,1783269624.157
1783269625,113632.76,113629.41,113636.12,1783269625.156
1783269626,113622.27,113618.92,113625.62,1783269626.162
1783269627,113625.52,113622.17,113628.87,1783269627.123
1783269628,113623.86,113620.51,113627.22,1783269628.135
1783269629,113624.24,113620.89,113627.6,1783269629.126
1783269630,113631.23,113627.88,113634.58,1783269630.152
1783269631,113628.55,113625.19,113631.9,1783269631.116
1783269632,113636.46,113633.11,113639.81,1783269632.156
1783269633,113641.31,113637.95,113644.66,1783269633.128
1783269634,113645.34,113641.99,113648.7,1783269634.155
1783269635,113650.55,113647.2,113653.9,1783269635.122
1783269636,113649.82,113646.47,113653.17,1783269636.144
1783269637,113652.98,113649.63,113656.33,1783269637.118
1783269638,113663.17,113659.81,113666.52,1783269638.245
1783269639,113665.79,113662.43,113669.14,1783269639.131
1783269640,113668.05,113664.69,113671.4,1783269640.158
1783269641,113668.32,113664.97,113671.67,1783269641.120
1783269642,113674.33,113670.98,113677.69,1783269642.144
1783269643,113673.56,113670.21,113676.91,1783269643.128
1783269644,113681.12,113677.76,113684.47,1783269644.165
1783269645,113681.84,113678.49,113685.19,1783269645.123
1783269646,113682.68,113679.32,113686.03,1783269646.160
1783269647,113683.78,113680.43,113687.13,1783269647.136
1783269648,113680.86,113677.51,113684.22,1783269648.162
1783269649,113681.78,113678.43,113685.14,1783269649.163
1783269650,113683.49,113680.14,113686.85,1783269650.140
1783269651,113680.62,113677.27,113683.98,1783269651.135
1783269652,113682.39,113679.04,113685.74,1783269652.148
1783269653,113687.19,113683.84,113690.54,1783269653.130
1783269654,113694.79,113691.44,113698.15,1783269654.148
1783269655,113684.19,113680.84,113687.54,1783269655.123
1783269656,113685.16,113681.81,113688.51,1783269656.157
1783269657,113680.93,113677.58,113684.29,1783269657.121
1783269658,113678.49,113675.13,113681.84,1783269658.154
1783269659,113683.52,113680.17,113686.87,1783269659.123
1783269660,113683.54,113680.19,113686.9,1783269660.148
1783269661,113682.39,113679.04,113685.75,1783269661.119
1783269662,113688,113684.64,113691.35,1783269662.204
1783269663,113695.29,113691.93,113698.64,1783269663.148
1783269664,113698.34,113694.99,113701.7,1783269664.172
1783269665,113695.86,113692.5,113699.21,1783269665.118
1783269666,113694.75,113691.39,113698.1,1783269666.148
1783269667,113688.43,113685.08,113691.79,1783269667.117
1783269668,113683.13,113679.78,113686.48,1783269668.201
1783269669,113676.91,113673.55,113680.26,1783269669.124
1783269670,113681.65,113678.3,113685.01,1783269670.145
1783269671,113682.95,113679.59,113686.3,1783269671.125
1783269672,113682.92,113679.57,113686.28,1783269672.152
1783269673,113681.03,113677.67,113684.38,1783269673.130
1783269674,113681.23,113677.87,113684.58,1783269674.140
1783269675,113682.23,113678.87,113685.58,1783269675.122
1783269676,113676.5,113673.14,113679.85,1783269676.164
1783269677,113677.09,113673.73,113680.44,1783269677.132
1783269678,113680.94,113677.58,113684.29,1783269678.157
1783269679,113683.81,113680.46,113687.16,1783269679.127
1783269680,113675.12,113671.77,113678.48,1783269680.144
1783269681,113679.95,113676.59,113683.3,1783269681.128
1783269682,113677.18,113673.82,113680.53,1783269682.166
1783269683,113671.42,113668.06,113674.77,1783269683.130
1783269684,113675.32,113671.97,113678.67,1783269684.157
1783269685,113676.73,113673.38,113680.09,1783269685.129
1783269686,113668.95,113665.59,113672.3,1783269686.159
1783269687,113662.34,113658.99,113665.69,1783269687.118
1783269688,113664.63,113661.27,113667.98,1783269688.167
1783269689,113664.27,113660.92,113667.63,1783269689.119
1783269690,113667.8,113664.45,113671.16,1783269690.146
1783269691,113666.52,113663.16,113669.87,1783269691.121
1783269692,113665.75,113662.39,113669.1,1783269692.140
1783269693,113656.37,113653.02,113659.73,1783269693.119
1783269694,113656.93,113653.58,113660.29,1783269694.154
1783269695,113653.8,113650.45,113657.15,1783269695.122
1783269696,113657.67,113654.32,113661.03,1783269696.150
1783269697,113661.82,113658.47,113665.17,1783269697.129
1783269698,113667.32,113663.96,113670.67,1783269698.201
1783269699,113670.18,113666.82,113673.53,1783269699.121
1783269700,113671.58,113668.23,113674.93,1783269700.149
1783269701,113670.37,113667.01,113673.72,1783269701.121
1783269702,113672.79,113669.44,113676.15,1783269702.153
1783269703,113669.99,113666.63,113673.34,1783269703.123
1783269704,113673.07,113669.72,113676.43,1783269704.150
1783269705,113678.27,113674.92,113681.62,1783269705.131
1783269706,113678.49,113675.13,113681.84,1783269706.144
1783269707,113681.97,113678.61,113685.32,1783269707.132
1783269708,113684.98,113681.63,113688.33,1783269708.160
1783269709,113689.52,113686.17,113692.88,1783269709.126
1783269710,113684.02,113680.67,113687.38,1783269710.155
1783269711,113680.75,113677.4,113684.1,1783269711.162
1783269712,113678.7,113675.35,113682.05,1783269712.155
1783269713,113673.53,113670.18,113676.88,1783269713.133
1783269714,113676.26,113672.91,113679.61,1783269714.144
1783269715,113675.46,113672.1,113678.81,1783269715.131
1783269716,113675.74,113672.38,113679.09,1783269716.158
1783269717,113680.13,113676.78,113683.48,1783269717.119
1783269718,113679.9,113676.54,113683.25,1783269718.181
1783269719,113674.95,113671.59,113678.3,1783269719.121
1783269720,113673.52,113670.16,113676.87,1783269720.160
1783269721,113666.9,113663.55,113670.26,1783269721.133
1783269722,113667.91,113664.56,113671.27,1783269722.166
1783269723,113660.05,113656.7,113663.41,1783269723.138
1783269724,113652.81,113649.46,113656.17,1783269724.161
1783269725,113658.02,113654.67,113661.38,1783269725.133
1783269726,113660.62,113657.27,113663.98,1783269726.153
1783269727,113649.79,113646.44,113653.14,1783269727.122
1783269728,113644.12,113640.77,113647.47,1783269728.208
1783269729,113650.7,113647.34,113654.05,1783269729.132
1783269730,113646.23,113642.88,113649.58,1783269730.169
1783269731,113649.55,113646.2,113652.9,1783269731.133
1783269732,113647.78,113644.43,113651.14,1783269732.168
1783269733,113648.72,113645.37,113652.08,1783269733.137
1783269734,113660.88,113657.53,113664.24,1783269734.171
1783269735,113658.2,113654.85,113661.55,1783269735.121
1783269736,113667.35,113664,113670.7,1783269736.154
1783269737,113664.86,113661.5,113668.21,1783269737.123
1783269738,113668.29,113664.94,113671.65,1783269738.163
1783269739,113665.07,113661.72,113668.42,1783269739.129
1783269740,113661.78,113658.42,113665.13,1783269740.160
1783269741,113657.79,113654.43,113661.14,1783269741.121
1783269742,113656.65,113653.3,113660,1783269742.151
1783269743,113664.44,113661.08,113667.79,1783269743.122
1783269744,113666.85,113663.5,113670.21,1783269744.163
1783269745,113671.77,113668.42,113675.12,1783269745.126
1783269746,113674.71,113671.36,113678.07,1783269746.152
1783269747,113676.63,113673.28,113679.99,1783269747.127
1783269748,113671.5,113668.15,113674.85,1783269748.161
1783269749,113671.71,113668.36,113675.06,1783269749.124
1783269750,113669.92,113666.56,113673.27,1783269750.176
1783269751,113673.55,113670.2,113676.91,1783269751.128
1783269752,113673.31,113669.96,113676.67,1783269752.160
1783269753,113667,113663.64,113670.35,1783269753.134
1783269754,113659.44,113656.09,113662.8,1783269754.156
1783269755,113647.99,113644.63,113651.34,1783269755.122
1783269756,113644.68,113641.33,113648.03,1783269756.150
1783269757,113639.27,113635.92,113642.63,1783269757.124
1783269758,113638.93,113635.58,113642.28,1783269758.204
1783269759,113636.33,113632.98,113639.69,1783269759.122
1783269760,113629.21,113625.86,113632.57,1783269760.158
1783269761,113623.94,113620.58,113627.29,1783269761.120
1783269762,113618.23,113614.88,113621.59,1783269762.151
1783269763,113614.99,113611.64,113618.34,1783269763.163
1783269764,113605.04,113601.69,113608.39,1783269764.156
1783269765,113609.55,113606.19,113612.9,1783269765.125
1783269766,113614.01,113610.66,113617.36,1783269766.157
1783269767,113618.36,113615.01,113621.71,1783269767.117
1783269768,113614.7,113611.34,113618.05,1783269768.155
1783269769,113614.87,113611.52,113618.22,1783269769.126
1783269770,113620.97,113617.62,113624.33,1783269770.157
1783269771,113626.64,113623.28,113629.99,1783269771.124
1783269772,113618.09,113614.74,113621.44,1783269772.148
1783269773,113615.71,113612.36,113619.06,1783269773.123
1783269774,113617.9,113614.55,113621.25,1783269774.156
1783269775,113611.29,113607.94,113614.64,1783269775.121
1783269776,113607.48,113604.13,113610.83,1783269776.153
1783269777,113607.14,113603.79,113610.5,1783269777.124
1783269778,113601.12,113597.77,113604.47,1783269778.189
1783269779,113591.32,113587.97,113594.67,1783269779.130
1783269780,113596.78,113593.43,113600.14,1783269780.167
1783269781,113594.81,113591.45,113598.16,1783269781.122
1783269782,113597.21,113593.85,113600.56,1783269782.380
1783269783,113598.69,113595.34,113602.04,1783269783.155
1783269784,113597.13,113593.78,113600.48,1783269784.153
1783269785,113594.48,113591.13,113597.83,1783269785.122
1783269786,113597.65,113594.3,113601,1783269786.152
1783269787,113597.23,113593.88,113600.58,1783269787.134
1783269788,113596.75,113593.4,113600.1,1783269788.201
1783269789,113598.78,113595.43,113602.13,1783269789.129
1783269790,113605,113601.65,113608.35,1783269790.168
1783269791,113608.55,113605.2,113611.9,1783269791.127
1783269792,113610.96,113607.6,113614.31,1783269792.146
1783269793,113610.61,113607.26,113613.96,1783269793.128
1783269794,113604.89,113601.54,113608.24,1783269794.144
1783269795,113607.69,113604.34,113611.04,1783269795.116
1783269796,113613.21,113609.86,113616.56,1783269796.160
1783269797,113616.43,113613.08,113619.78,1783269797.140
1783269798,113615.25,113611.89,113618.6,1783269798.168
1783269799,113617.03,113613.67,113620.38,1783269799.121
1783269800,113621.53,113618.18,113624.88,1783269800.154
1783269801,113616.35,113613,113619.7,1783269801.117
1783269802,113615.68,113612.33,113619.04,1783269802.161
1783269803,113610.38,113607.03,113613.74,1783269803.124
1783269804,113607.13,113603.78,113610.48,1783269804.140
1783269805,113604.86,113601.51,113608.21,1783269805.120
1783269806,113602.97,113599.62,113606.32,1783269806.152
1783269807,113600.27,113596.91,113603.62,1783269807.127
1783269808,113602.09,113598.74,113605.44,1783269808.166
1783269809,113595.25,113591.9,113598.6,1783269809.122
1783269810,113590.5,113587.15,113593.85,1783269810.148
1783269811,113592.23,113588.88,113595.58,1783269811.131
1783269812,113584.1,113580.75,113587.45,1783269812.162
1783269813,113582.82,113579.47,113586.17,1783269813.143
1783269814,113582.63,113579.28,113585.98,1783269814.150
1783269815,113585.28,113581.93,113588.63,1783269815.119
1783269816,113586.33,113582.98,113589.68,1783269816.155
1783269817,113582.84,113579.49,113586.2,1783269817.123
1783269818,113586.07,113582.72,113589.42,1783269818.201
1783269819,113585.49,113582.14,113588.84,1783269819.128
1783269820,113583.16,113579.81,113586.51,1783269820.150
1783269821,113576.33,113572.98,113579.68,1783269821.131
1783269822,113577.34,113573.99,113580.69,1783269822.162
1783269823,113577.9,113574.55,113581.25,1783269823.118
1783269824,113578.73,113575.38,113582.09,1783269824.158
1783269825,113580.79,113577.44,113584.14,1783269825.125
1783269826,113580.56,113577.2,113583.91,1783269826.156
1783269827,113571.82,113568.47,113575.17,1783269827.120
1783269828,113567.1,113563.75,113570.45,1783269828.163
1783269829,113566.21,113562.86,113569.56,1783269829.131
1783269830,113558.68,113555.33,113562.03,1783269830.162
1783269831,113558.77,113555.42,113562.12,1783269831.116
1783269832,113548.83,113545.48,113552.18,1783269832.153
1783269833,113548.07,113544.72,113551.42,1783269833.124
1783269834,113544.81,113541.46,113548.16,1783269834.154
1783269835,113538.5,113535.15,113541.84,1783269835.127
1783269836,113538.46,113535.11,113541.8,1783269836.159
1783269837,113531.62,113528.27,113534.97,1783269837.121
1783269838,113533.35,113530,113536.7,1783269838.165
1783269839,113532.81,113529.46,113536.16,1783269839.134
1783269840,113535.69,113532.34,113539.04,1783269840.158
1783269841,113526.65,113523.3,113529.99,1783269841.127
1783269842,113522.97,113519.62,113526.31,1783269842.177
1783269843,113529.6,113526.25,113532.95,1783269843.150
1783269844,113522.27,113518.92,113525.62,1783269844.171
1783269845,113524.97,113521.62,113528.32,1783269845.130
1783269846,113526,113522.65,113529.34,1783269846.165
1783269847,113531.74,113528.39,113535.09,1783269847.124
1783269848,113528.87,113525.52,113532.22,1783269848.204
1783269849,113541.23,113537.88,113544.58,1783269849.133
1783269850,113549.53,113546.18,113552.88,1783269850.162
1783269851,113547.49,113544.14,113550.84,1783269851.138
1783269852,113538.48,113535.13,113541.83,1783269852.174
1783269853,113536.49,113533.14,113539.83,1783269853.118
1783269854,113536.6,113533.25,113539.95,1783269854.304
1783269855,113530.9,113527.55,113534.24,1783269855.122
1783269856,113522.98,113519.63,113526.33,1783269856.157
1783269857,113515.61,113512.26,113518.96,1783269857.120
1783269858,113511.83,113508.48,113515.18,1783269858.164
1783269859,113505.75,113502.4,113509.1,1783269859.122
1783269860,113501.73,113498.38,113505.08,1783269860.152
1783269861,113500.72,113497.37,113504.07,1783269861.122
1783269862,113509.99,113506.64,113513.34,1783269862.161
1783269863,113515.54,113512.19,113518.89,1783269863.119
1783269864,113518.13,113514.78,113521.48,1783269864.155
1783269865,113519.17,113515.82,113522.52,1783269865.118
1783269866,113524.79,113521.44,113528.14,1783269866.157
1783269867,113530.3,113526.95,113533.65,1783269867.130
1783269868,113535.87,113532.52,113539.22,1783269868.150
1783269869,113535.42,113532.08,113538.77,1783269869.125
1783269870,113528.07,113524.73,113531.42,1783269870.137
1783269871,113525.56,113522.21,113528.91,1783269871.116
1783269872,113534.57,113531.22,113537.92,1783269872.160
1783269873,113534.27,113530.93,113537.62,1783269873.140
1783269874,113535.77,113532.42,113539.12,1783269874.247
1783269875,113540.25,113536.9,113543.6,1783269875.128
1783269876,113539.65,113536.3,113543,1783269876.146
1783269877,113544.56,113541.21,113547.91,1783269877.121
1783269878,113539.95,113536.6,113543.3,1783269878.202
1783269879,113537.64,113534.29,113540.99,1783269879.136
1783269880,113545.06,113541.71,113548.41,1783269880.147
1783269881,113539.95,113536.6,113543.3,1783269881.138
1783269882,113543.23,113539.88,113546.58,1783269882.162
1783269883,113546.65,113543.3,113550,1783269883.125
1783269884,113547.65,113544.3,113551,1783269884.153
1783269885,113555.59,113552.24,113558.94,1783269885.118
1783269886,113557.86,113554.51,113561.21,1783269886.151
1783269887,113556.96,113553.61,113560.31,1783269887.120
1783269888,113553.56,113550.21,113556.91,1783269888.166
1783269889,113548.05,113544.7,113551.4,1783269889.122
1783269890,113548.38,113545.03,113551.73,1783269890.147
1783269891,113546.77,113543.42,113550.11,1783269891.126
1783269892,113545.72,113542.37,113549.07,1783269892.155
1783269893,113551.24,113547.89,113554.59,1783269893.117
1783269894,113541.79,113538.44,113545.14,1783269894.143
1783269895,113541.25,113537.9,113544.6,1783269895.121
1783269896,113546.77,113543.42,113550.12,1783269896.154
1783269897,113547.11,113543.76,113550.45,1783269897.123
1783269898,113545.17,113541.82,113548.52,1783269898.154
1783269899,113544.85,113541.5,113548.2,1783269899.116
1783269900,113546.49,113543.14,113549.84,1783269900.162
1783269901,113554.25,113550.9,113557.6,1783269901.136
1783269902,113553.15,113549.8,113556.5,1783269902.222
1783269903,113556.79,113553.44,113560.14,1783269903.331
1783269904,113550.55,113547.2,113553.9,1783269904.201
1783269905,113552.89,113549.54,113556.24,1783269905.127
1783269906,113551.39,113548.04,113554.74,1783269906.154
1783269907,113550.88,113547.53,113554.23,1783269907.151
1783269908,113540.73,113537.38,113544.08,1783269908.245
1783269909,113545.25,113541.9,113548.59,1783269909.140
1783269910,113554.11,113550.76,113557.46,1783269910.157
1783269911,113550.71,113547.36,113554.06,1783269911.127
1783269912,113549.11,113545.77,113552.46,1783269912.155
1783269913,113556.24,113552.89,113559.59,1783269913.124
1783269914,113560.5,113557.15,113563.85,1783269914.162
1783269915,113556.83,113553.48,113560.18,1783269915.123
1783269916,113553.9,113550.55,113557.25,1783269916.158
1783269917,113564.61,113561.26,113567.96,1783269917.126
1783269918,113559.83,113556.48,113563.18,1783269918.156
1783269919,113551.33,113547.98,113554.68,1783269919.124
1783269920,113551.64,113548.29,113554.99,1783269920.154
1783269921,113559.99,113556.64,113563.34,1783269921.130
1783269922,113562.31,113558.96,113565.66,1783269922.159
1783269923,113558.39,113555.04,113561.74,1783269923.115
1783269924,113560.13,113556.78,113563.48,1783269924.149
1783269925,113556.05,113552.7,113559.4,1783269925.116
1783269926,113555.43,113552.08,113558.78,1783269926.148
1783269927,113563.79,113560.44,113567.14,1783269927.121
1783269928,113568.2,113564.85,113571.55,1783269928.142
1783269929,113567.82,113564.47,113571.17,1783269929.110
1783269930,113569.27,113565.92,113572.62,1783269930.158
1783269931,113568.11,113564.76,113571.47,1783269931.128
1783269932,113558.01,113554.66,113561.36,1783269932.171
1783269933,113556.01,113552.66,113559.36,1783269933.129
1783269934,113564.7,113561.35,113568.05,1783269934.154
1783269935,113560.19,113556.84,113563.54,1783269935.126
1783269936,113563.44,113560.09,113566.79,1783269936.159
1783269937,113556.16,113552.81,113559.51,1783269937.127
1783269938,113569.9,113566.55,113573.25,1783269938.250
1783269939,113571.67,113568.32,113575.02,1783269939.125
1783269940,113565.13,113561.78,113568.48,1783269940.154
1783269941,113568.04,113564.69,113571.39,1783269941.138
1783269942,113571.06,113567.71,113574.41,1783269942.154
1783269943,113567.59,113564.24,113570.94,1783269943.122
1783269944,113572.77,113569.42,113576.12,1783269944.151
1783269945,113571.88,113568.53,113575.23,1783269945.125
1783269946,113570.93,113567.58,113574.28,1783269946.155
1783269947,113573.89,113570.54,113577.24,1783269947.119
1783269948,113576.21,113572.86,113579.56,1783269948.156
1783269949,113568.15,113564.8,113571.5,1783269949.118
1783269950,113569.82,113566.47,113573.17,1783269950.157
1783269951,113575.88,113572.53,113579.23,1783269951.114
1783269952,113572.54,113569.19,113575.89,1783269952.151
1783269953,113575.16,113571.81,113578.51,1783269953.117
1783269954,113580.11,113576.76,113583.46,1783269954.142
1783269955,113575.2,113571.85,113578.55,1783269955.126
1783269956,113579.76,113576.41,113583.12,1783269956.155
1783269957,113580.36,113577.01,113583.71,1783269957.108
1783269958,113580.4,113577.05,113583.75,1783269958.157
1783269959,113579.96,113576.61,113583.32,1783269959.114
1783269960,113580.6,113577.25,113583.95,1783269960.152
1783269961,113579.06,113575.71,113582.41,1783269961.122
1783269962,113581.23,113577.88,113584.58,1783269962.291
1783269963,113584.49,113581.14,113587.84,1783269963.165
1783269964,113581.98,113578.63,113585.33,1783269964.158
1783269965,113578.45,113575.1,113581.8,1783269965.127
1783269966,113578.35,113575,113581.7,1783269966.151
1783269967,113570.12,113566.77,113573.47,1783269967.127
1783269968,113568.01,113564.66,113571.36,1783269968.200
1783269969,113574.97,113571.62,113578.32,1783269969.116
1783269970,113573.29,113569.94,113576.64,1783269970.172
1783269971,113577.76,113574.41,113581.11,1783269971.124
1783269972,113568.66,113565.31,113572.01,1783269972.164
1783269973,113568.89,113565.54,113572.24,1783269973.134
1783269974,113572.64,113569.29,113575.99,1783269974.152
1783269975,113580.79,113577.44,113584.14,1783269975.124
1783269976,113579.52,113576.17,113582.87,1783269976.161
1783269977,113580.17,113576.82,113583.52,1783269977.123
1783269978,113579.87,113576.52,113583.22,1783269978.162
1783269979,113579.06,113575.7,113582.41,1783269979.130
1783269980,113579.81,113576.46,113583.16,1783269980.149
1783269981,113582.29,113578.94,113585.64,1783269981.120
1783269982,113587.35,113584,113590.7,1783269982.147
1783269983,113592.15,113588.8,113595.5,1783269983.128
1783269984,113593.11,113589.76,113596.46,1783269984.144
1783269985,113594.26,113590.91,113597.61,1783269985.126
1783269986,113591.84,113588.49,113595.19,1783269986.137
1783269987,113589.7,113586.35,113593.05,1783269987.124
1783269988,113595.43,113592.08,113598.78,1783269988.142
1783269989,113591.06,113587.71,113594.41,1783269989.122
1783269990,113581.93,113578.57,113585.28,1783269990.153
1783269991,113588.36,113585.01,113591.71,1783269991.122
1783269992,113598.68,113595.33,113602.03,1783269992.135
1783269993,113608.4,113605.05,113611.76,1783269993.114
1783269994,113609.65,113606.29,113613,1783269994.143
1783269995,113600.46,113597.11,113603.82,1783269995.116
1783269996,113607.78,113604.43,113611.13,1783269996.133
1783269997,113609.42,113606.07,113612.77,1783269997.111
1783269998,113616.21,113612.86,113619.57,1783269998.209
1783269999,113610.7,113607.35,113614.05,1783269999.114
1783270000,113618.61,113615.25,113621.96,1783270000.154
1783270001,113617.63,113614.28,113620.98,1783270001.117
1783270002,113617.42,113614.07,113620.77,1783270002.145
1783270003,113618.56,113615.21,113621.91,1783270003.118
1783270004,113624.39,113621.04,113627.74,1783270004.149
1783270005,113618.23,113614.88,113621.59,1783270005.122
1783270006,113613.95,113610.6,113617.31,1783270006.144
1783270007,113605.34,113601.99,113608.7,1783270007.115
1783270008,113611.67,113608.32,113615.02,1783270008.144
1783270009,113616.09,113612.73,113619.44,1783270009.119
1783270010,113615.51,113612.16,113618.86,1783270010.160
1783270011,113621.89,113618.54,113625.25,1783270011.122
1783270012,113627.61,113624.26,113630.96,1783270012.136
1783270013,113631.96,113628.61,113635.32,1783270013.121
1783270014,113637.48,113634.13,113640.83,1783270014.134
1783270015,113646.71,113643.36,113650.06,1783270015.118
1783270016,113651.19,113647.83,113654.54,1783270016.151
1783270017,113648.53,113645.18,113651.88,1783270017.129
1783270018,113654.12,113650.77,113657.48,1783270018.137
1783270019,113665.4,113662.04,113668.75,1783270019.122
1783270020,113656.45,113653.09,113659.8,1783270020.156
1783270021,113656.2,113652.85,113659.56,1783270021.122
1783270022,113662.33,113658.98,113665.69,1783270022.168
1783270023,113660.59,113657.23,113663.94,1783270023.206
1783270024,113652.9,113649.55,113656.25,1783270024.152
1783270025,113650.53,113647.18,113653.88,1783270025.113
1783270026,113646.3,113642.94,113649.65,1783270026.153
1783270027,113646,113642.64,113649.35,1783270027.119
1783270028,113650.96,113647.61,113654.31,1783270028.207
1783270029,113656.04,113652.69,113659.39,1783270029.117
1783270030,113656.93,113653.58,113660.28,1783270030.146
1783270031,113654.35,113650.99,113657.7,1783270031.116
1783270032,113652.4,113649.05,113655.76,1783270032.136
1783270033,113652.94,113649.59,113656.29,1783270033.120
1783270034,113661.42,113658.06,113664.77,1783270034.139
1783270035,113665.15,113661.8,113668.5,1783270035.125
1783270036,113660.82,113657.47,113664.17,1783270036.164
1783270037,113663.74,113660.39,113667.1,1783270037.116
1783270038,113667.19,113663.84,113670.54,1783270038.147
1783270039,113675.47,113672.12,113678.82,1783270039.112
1783270040,113677.05,113673.7,113680.41,1783270040.138
1783270041,113675.97,113672.62,113679.32,1783270041.124
1783270042,113684.09,113680.73,113687.44,1783270042.144
1783270043,113685.65,113682.29,113689,1783270043.123
1783270044,113681.34,113677.98,113684.69,1783270044.154
1783270045,113685.54,113682.19,113688.9,1783270045.138
1783270046,113684.27,113680.91,113687.62,1783270046.136
1783270047,113680.51,113677.16,113683.87,1783270047.206
1783270048,113680.41,113677.06,113683.76,1783270048.165
1783270049,113688.86,113685.51,113692.22,1783270049.116
1783270050,113690.97,113687.61,113694.32,1783270050.164
1783270051,113684.76,113681.41,113688.11,1783270051.126
1783270052,113679.5,113676.15,113682.86,1783270052.154
1783270053,113677.93,113674.57,113681.28,1783270053.116
1783270054,113679.36,113676,113682.71,1783270054.134
1783270055,113676.54,113673.18,113679.89,1783270055.122
1783270056,113683.78,113680.43,113687.14,1783270056.161
1783270057,113686.64,113683.29,113690,1783270057.126
1783270058,113689.89,113686.53,113693.24,1783270058.202
1783270059,113684.83,113681.48,113688.18,1783270059.125
1783270060,113689.51,113686.16,113692.87,1783270060.137
1783270061,113693.17,113689.81,113696.52,1783270061.116
1783270062,113702.02,113698.67,113705.38,1783270062.142
1783270063,113702.43,113699.08,113705.79,1783270063.120
1783270064,113697.13,113693.78,113700.49,1783270064.139
1783270065,113702.58,113699.22,113705.93,1783270065.126
1783270066,113697.98,113694.63,113701.34,1783270066.158
1783270067,113693.52,113690.16,113696.87,1783270067.118
1783270068,113691.95,113688.6,113695.31,1783270068.141
1783270069,113696.27,113692.92,113699.63,1783270069.125
1783270070,113692.6,113689.24,113695.95,1783270070.150
1783270071,113697.03,113693.67,113700.38,1783270071.112
1783270072,113709.46,113706.1,113712.81,1783270072.143
1783270073,113716.96,113713.6,113720.31,1783270073.114
1783270074,113722.76,113719.41,113726.12,1783270074.153
1783270075,113719.73,113716.38,113723.09,1783270075.117
1783270076,113721.59,113718.24,113724.95,1783270076.129
1783270077,113728.05,113724.7,113731.41,1783270077.110
1783270078,113722.92,113719.57,113726.28,1783270078.136
1783270079,113720.7,113717.34,113724.05,1783270079.129
1783270080,113715.74,113712.38,113719.09,1783270080.143
1783270081,113709.3,113705.94,113712.65,1783270081.135
1783270082,113704.94,113701.58,113708.29,1783270082.252
1783270083,113707.09,113703.74,113710.45,1783270083.120
1783270084,113707.95,113704.6,113711.31,1783270084.156
1783270085,113711.13,113707.78,113714.49,1783270085.115
1783270086,113709.09,113705.74,113712.45,1783270086.164
1783270087,113704.46,113701.11,113707.82,1783270087.119
1783270088,113710.7,113707.34,113714.05,1783270088.206
1783270089,113717.48,113714.13,113720.84,1783270089.114
1783270090,113723.71,113720.35,113727.06,1783270090.142
1783270091,113731.06,113727.71,113734.42,1783270091.124
1783270092,113732.01,113728.66,113735.37,1783270092.152
1783270093,113729.31,113725.95,113732.66,1783270093.125
1783270094,113731.22,113727.86,113734.57,1783270094.155
1783270095,113728.38,113725.03,113731.74,1783270095.119
1783270096,113736.14,113732.79,113739.5,1783270096.134
1783270097,113735.84,113732.48,113739.19,1783270097.121
1783270098,113729.87,113726.52,113733.23,1783270098.147
1783270099,113729.05,113725.69,113732.4,1783270099.110
1783270100,113729.5,113726.15,113732.86,1783270100.147
1783270101,113727.91,113724.55,113731.26,1783270101.115
1783270102,113717.07,113713.71,113720.42,1783270102.140
1783270103,113720.16,113716.8,113723.51,1783270103.114
1783270104,113720.4,113717.05,113723.76,1783270104.135
1783270105,113731.84,113728.49,113735.2,1783270105.112
1783270106,113727.27,113723.91,113730.62,1783270106.130
1783270107,113728.18,113724.82,113731.53,1783270107.123
1783270108,113724.05,113720.69,113727.4,1783270108.152
1783270109,113728.47,113725.12,113731.83,1783270109.117
1783270110,113724.43,113721.07,113727.78,1783270110.135
1783270111,113717.48,113714.13,113720.84,1783270111.112
1783270112,113719.96,113716.6,113723.31,1783270112.147
1783270113,113711.63,113708.27,113714.98,1783270113.130
1783270114,113703.73,113700.37,113707.08,1783270114.130
1783270115,113707.03,113703.67,113710.38,1783270115.121
1783270116,113702.11,113698.75,113705.46,1783270116.147
1783270117,113699.65,113696.29,113703,1783270117.111
1783270118,113701.09,113697.74,113704.44,1783270118.204
1783270119,113701.27,113697.92,113704.63,1783270119.136
1783270120,113705,113701.64,113708.35,1783270120.141
1783270121,113690.12,113686.77,113693.48,1783270121.108
1783270122,113684.35,113680.99,113687.7,1783270122.137
1783270123,113692.11,113688.76,113695.47,1783270123.118
1783270124,113694.99,113691.63,113698.34,1783270124.134
1783270125,113699.89,113696.53,113703.24,1783270125.122
1783270126,113697.96,113694.6,113701.31,1783270126.154
1783270127,113694.09,113690.74,113697.45,1783270127.113
1783270128,113690.33,113686.98,113693.69,1783270128.164
1783270129,113692.8,113689.45,113696.16,1783270129.113
1783270130,113694.99,113691.63,113698.34,1783270130.149
1783270131,113693.29,113689.94,113696.65,1783270131.115
1783270132,113696.28,113692.93,113699.64,1783270132.150
1783270133,113700.12,113696.77,113703.47,1783270133.116
1783270134,113699.41,113696.06,113702.76,1783270134.144
1783270135,113697.1,113693.74,113700.45,1783270135.114
1783270136,113694.55,113691.19,113697.9,1783270136.140
1783270137,113695.31,113691.95,113698.66,1783270137.114
1783270138,113696.45,113693.1,113699.8,1783270138.162
1783270139,113697.62,113694.26,113700.97,1783270139.112
1783270140,113696.1,113692.75,113699.46,1783270140.152
1783270141,113685.25,113681.89,113688.6,1783270141.119
1783270142,113685.03,113681.67,113688.38,1783270142.140
1783270143,113681.87,113678.52,113685.22,1783270143.122
1783270144,113680.21,113676.86,113683.56,1783270144.153
1783270145,113676.59,113673.24,113679.95,1783270145.134
1783270146,113671.13,113667.78,113674.49,1783270146.150
1783270147,113668.35,113665,113671.71,1783270147.125
1783270148,113663.08,113659.73,113666.44,1783270148.213
1783270149,113668.13,113664.77,113671.48,1783270149.115
1783270150,113661.3,113657.95,113664.66,1783270150.128
1783270151,113664.91,113661.55,113668.26,1783270151.123
1783270152,113667.59,113664.23,113670.94,1783270152.135
1783270153,113661.42,113658.06,113664.77,1783270153.131
1783270154,113660.59,113657.24,113663.94,1783270154.128
1783270155,113658.89,113655.53,113662.24,1783270155.132
1783270156,113655.06,113651.7,113658.41,1783270156.144
1783270157,113660.83,113657.48,113664.18,1783270157.119
1783270158,113655.54,113652.19,113658.9,1783270158.142
1783270159,113655.22,113651.87,113658.58,1783270159.134
1783270160,113656.07,113652.72,113659.42,1783270160.154
1783270161,113663.68,113660.32,113667.03,1783270161.113
1783270162,113658.3,113654.95,113661.65,1783270162.127
1783270163,113650.31,113646.96,113653.66,1783270163.113
1783270164,113654.76,113651.41,113658.11,1783270164.124
1783270165,113653.77,113650.42,113657.12,1783270165.120
1783270166,113655.44,113652.09,113658.8,1783270166.128
1783270167,113659.55,113656.2,113662.9,1783270167.106
1783270168,113660.99,113657.64,113664.34,1783270168.143
1783270169,113652.12,113648.77,113655.47,1783270169.113
1783270170,113653.95,113650.6,113657.3,1783270170.142
1783270171,113653.63,113650.28,113656.98,1783270171.121
1783270172,113658.08,113654.73,113661.43,1783270172.138
1783270173,113656.65,113653.3,113660.01,1783270173.119
1783270174,113656.65,113653.3,113660.01,1783270174.247
1783270175,113654.44,113651.08,113657.79,1783270175.116
1783270176,113652.8,113649.45,113656.15,1783270176.151
1783270177,113648.29,113644.94,113651.64,1783270177.110
1783270178,113646.74,113643.38,113650.09,1783270178.123
1783270179,113649.47,113646.12,113652.82,1783270179.129
1783270180,113652.18,113648.83,113655.54,1783270180.140
1783270181,113647.4,113644.05,113650.76,1783270181.111
1783270182,113639.11,113635.76,113642.46,1783270182.142
1783270183,113650.64,113647.28,113653.99,1783270183.119
1783270184,113654.9,113651.54,113658.25,1783270184.151
1783270185,113654.67,113651.32,113658.02,1783270185.122
1783270186,113657.5,113654.14,113660.85,1783270186.135
1783270187,113662.28,113658.92,113665.63,1783270187.111
1783270188,113670.51,113667.15,113673.86,1783270188.140
1783270189,113679.94,113676.58,113683.29,1783270189.126
1783270190,113687.93,113684.58,113691.28,1783270190.166
1783270191,113678,113674.65,113681.36,1783270191.103
1783270192,113682.44,113679.09,113685.8,1783270192.137
1783270193,113677.55,113674.2,113680.91,1783270193.109
1783270194,113680.89,113677.54,113684.24,1783270194.137
1783270195,113675.2,113671.85,113678.56,1783270195.110
1783270196,113668.89,113665.53,113672.24,1783270196.139
1783270197,113665.06,113661.71,113668.42,1783270197.117
1783270198,113659.8,113656.45,113663.16,1783270198.120
1783270199,113659.36,113656.01,113662.72,1783270199.128
1783270200,113656.3,113652.95,113659.65,1783270200.163
1783270201,113659.95,113656.6,113663.3,1783270201.149
1783270202,113664.24,113660.89,113667.6,1783270202.236
1783270203,113671.07,113667.72,113674.42,1783270203.196
1783270204,113667.51,113664.16,113670.87,1783270204.310
1783270205,113670.23,113666.87,113673.58,1783270205.160
1783270206,113667.72,113664.36,113671.07,1783270206.131
1783270207,113674.2,113670.85,113677.56,1783270207.119
1783270208,113678.72,113675.37,113682.08,1783270208.124
1783270209,113676.91,113673.56,113680.26,1783270209.121
1783270210,113682.3,113678.94,113685.65,1783270210.146
1783270211,113683.79,113680.44,113687.15,1783270211.113
1783270212,113682,113678.65,113685.35,1783270212.150
1783270213,113680.14,113676.79,113683.49,1783270213.122
1783270214,113681.91,113678.55,113685.26,1783270214.125
1783270215,113675.25,113671.9,113678.61,1783270215.120
1783270216,113673.56,113670.21,113676.92,1783270216.164
1783270217,113671.84,113668.49,113675.2,1783270217.115
1783270218,113664.74,113661.39,113668.1,1783270218.131
1783270219,113665.26,113661.91,113668.62,1783270219.115
1783270220,113668.83,113665.48,113672.18,1783270220.138
1783270221,113663.98,113660.63,113667.33,1783270221.116
1783270222,113656.6,113653.24,113659.95,1783270222.155
1783270223,113657.28,113653.93,113660.64,1783270223.121
1783270224,113663.82,113660.47,113667.18,1783270224.143
1783270225,113659.99,113656.64,113663.34,1783270225.127
1783270226,113662.52,113659.16,113665.87,1783270226.150
1783270227,113661.59,113658.24,113664.94,1783270227.118
1783270228,113660.24,113656.89,113663.59,1783270228.146
1783270229,113655.59,113652.24,113658.94,1783270229.118
1783270230,113663.86,113660.51,113667.21,1783270230.147
1783270231,113675.12,113671.77,113678.48,1783270231.119
1783270232,113668.87,113665.52,113672.23,1783270232.155
1783270233,113664.02,113660.66,113667.37,1783270233.118
1783270234,113665.45,113662.1,113668.81,1783270234.146
1783270235,113675.73,113672.38,113679.09,1783270235.118
1783270236,113670.77,113667.41,113674.12,1783270236.129
1783270237,113666.74,113663.39,113670.09,1783270237.112
1783270238,113656.57,113653.22,113659.92,1783270238.243
1783270239,113654.77,113651.42,113658.13,1783270239.113
1783270240,113662.11,113658.75,113665.46,1783270240.150
1783270241,113665.26,113661.9,113668.61,1783270241.113
1783270242,113669.34,113665.98,113672.69,1783270242.162
1783270243,113663,113659.65,113666.35,1783270243.128
1783270244,113655.18,113651.83,113658.54,1783270244.147
1783270245,113657.42,113654.06,113660.77,1783270245.111
1783270246,113657.51,113654.16,113660.87,1783270246.157
1783270247,113658.38,113655.03,113661.73,1783270247.109
1783270248,113658.11,113654.76,113661.47,1783270248.147
1783270249,113652.84,113649.48,113656.19,1783270249.139
1783270250,113649.17,113645.82,113652.53,1783270250.161
1783270251,113648.34,113644.99,113651.7,1783270251.129
1783270252,113648.1,113644.75,113651.46,1783270252.142
1783270253,113651.58,113648.22,113654.93,1783270253.124
1783270254,113647.98,113644.63,113651.34,1783270254.137
1783270255,113644.89,113641.54,113648.24,1783270255.104
1783270256,113653.64,113650.29,113657,1783270256.140
1783270257,113655.33,113651.98,113658.69,1783270257.113
1783270258,113659.73,113656.37,113663.08,1783270258.151
1783270259,113650.99,113647.64,113654.34,1783270259.118
1783270260,113652.36,113649.01,113655.71,1783270260.184
1783270261,113656.57,113653.22,113659.93,1783270261.127
1783270262,113652.92,113649.57,113656.27,1783270262.211
1783270263,113672.42,113669.07,113675.77,1783270263.141
1783270264,113671.24,113667.89,113674.6,1783270264.125
1783270265,113672.37,113669.02,113675.73,1783270265.113
1783270266,113676.58,113673.22,113679.93,1783270266.123
1783270267,113661.26,113657.91,113664.62,1783270267.106
1783270268,113646.63,113643.28,113649.98,1783270268.162
1783270269,113651.66,113648.3,113655.01,1783270269.123
1783270270,113653.05,113649.7,113656.4,1783270270.139
1783270271,113652.15,113648.8,113655.51,1783270271.132
1783270272,113649.1,113645.75,113652.46,1783270272.131
1783270273,113649.46,113646.11,113652.81,1783270273.155
1783270274,113641.99,113638.63,113645.34,1783270274.139
1783270275,113643.65,113640.3,113647.01,1783270275.119
1783270276,113637.88,113634.53,113641.23,1783270276.134
1783270277,113630,113626.65,113633.36,1783270277.106
1783270278,113630.45,113627.1,113633.8,1783270278.163
1783270279,113635.65,113632.3,113639,1783270279.109
1783270280,113637.73,113634.38,113641.09,1783270280.140
1783270281,113635.85,113632.5,113639.2,1783270281.113
1783270282,113636.91,113633.56,113640.26,1783270282.150
1783270283,113632.26,113628.91,113635.62,1783270283.114
1783270284,113626.38,113623.03,113629.73,1783270284.162
1783270285,113629.08,113625.73,113632.43,1783270285.118
1783270286,113626.51,113623.16,113629.86,1783270286.128
1783270287,113631.34,113627.99,113634.69,1783270287.114
1783270288,113626.62,113623.27,113629.97,1783270288.126
1783270289,113633.01,113629.66,113636.36,1783270289.162
1783270290,113636,113632.64,113639.35,1783270290.138
1783270291,113640.36,113637.01,113643.71,1783270291.116
1783270292,113641.72,113638.37,113645.08,1783270292.142
1783270293,113635.22,113631.87,113638.57,1783270293.120
1783270294,113628.81,113625.45,113632.16,1783270294.124
1783270295,113629.72,113626.37,113633.07,1783270295.128
1783270296,113626.75,113623.4,113630.1,1783270296.137
1783270297,113615.69,113612.34,113619.04,1783270297.114
1783270298,113620.25,113616.9,113623.61,1783270298.205
1783270299,113620.36,113617,113623.71,1783270299.108
1783270300,113621.69,113618.34,113625.04,1783270300.144
1783270301,113626.76,113623.41,113630.11,1783270301.109
1783270302,113629.37,113626.02,113632.73,1783270302.154
1783270303,113629.88,113626.52,113633.23,1783270303.107
1783270304,113634.5,113631.15,113637.86,1783270304.125
1783270305,113630.36,113627.01,113633.72,1783270305.119
1783270306,113632.33,113628.98,113635.68,1783270306.138
1783270307,113630.4,113627.05,113633.75,1783270307.104
1783270308,113631.68,113628.32,113635.03,1783270308.144
1783270309,113630.21,113626.86,113633.56,1783270309.121
1783270310,113622.56,113619.21,113625.91,1783270310.162
1783270311,113615.91,113612.56,113619.26,1783270311.121
1783270312,113608.93,113605.58,113612.28,1783270312.129
1783270313,113607.5,113604.15,113610.85,1783270313.113
1783270314,113612.97,113609.61,113616.32,1783270314.127
1783270315,113611.58,113608.23,113614.93,1783270315.117
1783270316,113610.14,113606.79,113613.49,1783270316.147
1783270317,113614.26,113610.91,113617.61,1783270317.119
1783270318,113615.61,113612.26,113618.97,1783270318.126
1783270319,113618.67,113615.32,113622.03,1783270319.116
1783270320,113620.02,113616.67,113623.37,1783270320.151
1783270321,113623.9,113620.55,113627.25,1783270321.112
1783270322,113616.25,113612.9,113619.6,1783270322.607
1783270323,113614.79,113611.44,113618.14,1783270323.468
1783270324,113618.56,113615.21,113621.91,1783270325.020
1783270325,113621.82,113618.47,113625.18,1783270325.882
1783270326,113622.11,113618.76,113625.47,1783270326.147
1783270327,113623.57,113620.21,113626.92,1783270327.109
1783270328,113626.42,113623.07,113629.77,1783270328.127
1783270329,113624.8,113621.44,113628.15,1783270329.108
1783270330,113628.3,113624.95,113631.66,1783270330.143
1783270331,113623.91,113620.56,113627.27,1783270331.137
1783270332,113625.16,113621.81,113628.51,1783270332.155
1783270333,113625.19,113621.84,113628.54,1783270333.123
1783270334,113633.8,113630.45,113637.15,1783270334.145
1783270335,113637.27,113633.92,113640.62,1783270335.107
1783270336,113640.6,113637.24,113643.95,1783270336.165
1783270337,113640.14,113636.79,113643.49,1783270337.106
1783270338,113647.12,113643.77,113650.47,1783270338.125
1783270339,113644,113640.65,113647.36,1783270339.108
1783270340,113635.14,113631.79,113638.49,1783270340.148
1783270341,113627.31,113623.96,113630.66,1783270341.115
1783270342,113628.9,113625.55,113632.26,1783270342.121
1783270343,113624.14,113620.79,113627.49,1783270343.119
1783270344,113624.99,113621.64,113628.34,1783270344.124
1783270345,113619.84,113616.49,113623.19,1783270345.108
1783270346,113615.36,113612.01,113618.71,1783270346.142
1783270347,113611.16,113607.81,113614.52,1783270347.110
1783270348,113609.73,113606.38,113613.09,1783270348.130
1783270349,113607.03,113603.68,113610.38,1783270349.115
1783270350,113606.92,113603.57,113610.27,1783270350.130
1783270351,113603.88,113600.53,113607.23,1783270351.108
1783270352,113603.11,113599.76,113606.46,1783270352.181
1783270353,113606.95,113603.6,113610.3,1783270353.127
1783270354,113606.84,113603.49,113610.2,1783270354.139
1783270355,113604.85,113601.5,113608.2,1783270355.113
1783270356,113611.03,113607.68,113614.38,1783270356.131
1783270357,113603.96,113600.61,113607.31,1783270357.147
1783270358,113610.56,113607.21,113613.91,1783270358.201
1783270359,113615.24,113611.89,113618.59,1783270359.116
1783270360,113611.92,113608.56,113615.27,1783270360.125
1783270361,113608.34,113604.99,113611.69,1783270361.118
1783270362,113598.43,113595.08,113601.78,1783270362.133
1783270363,113591.6,113588.25,113594.95,1783270363.117
1783270364,113593.06,113589.71,113596.41,1783270364.146
1783270365,113587.44,113584.09,113590.79,1783270365.116
1783270366,113594.67,113591.32,113598.02,1783270366.133
1783270367,113609.32,113605.97,113612.67,1783270367.117
1783270368,113608.93,113605.58,113612.28,1783270368.126
1783270369,113613.9,113610.55,113617.25,1783270369.119
1783270370,113620.95,113617.6,113624.3,1783270370.147
1783270371,113618.94,113615.59,113622.3,1783270371.121
1783270372,113620.43,113617.08,113623.78,1783270372.120
1783270373,113614.47,113611.12,113617.82,1783270373.111
1783270374,113614.24,113610.89,113617.6,1783270374.122
1783270375,113622.42,113619.07,113625.77,1783270375.114
1783270376,113627.1,113623.75,113630.45,1783270376.129
1783270377,113618.69,113615.34,113622.04,1783270377.106
1783270378,113614.81,113611.46,113618.16,1783270378.164
1783270379,113611.67,113608.32,113615.02,1783270379.111
1783270380,113614.51,113611.16,113617.86,1783270380.151
1783270381,113612.14,113608.78,113615.49,1783270381.147
1783270382,113608.65,113605.3,113612,1783270382.234
1783270383,113618.81,113615.46,113622.16,1783270383.273
1783270384,113620.95,113617.6,113624.3,1783270384.167
1783270385,113617.12,113613.77,113620.48,1783270385.120
1783270386,113610.29,113606.93,113613.64,1783270386.135
1783270387,113606.68,113603.33,113610.03,1783270387.112
1783270388,113608.58,113605.23,113611.94,1783270388.125
1783270389,113609.61,113606.26,113612.97,1783270389.112
1783270390,113610.29,113606.94,113613.64,1783270390.141
1783270391,113612.93,113609.57,113616.28,1783270391.113
1783270392,113615.13,113611.78,113618.49,1783270392.140
1783270393,113625.07,113621.72,113628.42,1783270393.106
1783270394,113623.26,113619.9,113626.61,1783270394.129
1783270395,113621.34,113617.98,113624.69,1783270395.127
1783270396,113620.08,113616.72,113623.43,1783270396.121
1783270397,113614.28,113610.93,113617.63,1783270397.113
1783270398,113609.46,113606.11,113612.81,1783270398.132
1783270399,113608.72,113605.37,113612.07,1783270399.102
1783270400,113614.16,113610.8,113617.51,1783270400.121
1783270401,113614.19,113610.84,113617.54,1783270401.108
1783270402,113623.18,113619.83,113626.53,1783270402.119
1783270403,113625.53,113622.17,113628.88,1783270403.108
1783270404,113619.81,113616.46,113623.16,1783270404.120
1783270405,113610.3,113606.95,113613.66,1783270405.110
1783270406,113614.46,113611.11,113617.81,1783270406.142
1783270407,113613.68,113610.33,113617.04,1783270407.105
1783270408,113613.47,113610.11,113616.82,1783270408.119
1783270409,113620.44,113617.09,113623.79,1783270409.110
1783270410,113629.53,113626.18,113632.88,1783270410.137
1783270411,113626.89,113623.53,113630.24,1783270411.108
1783270412,113620.64,113617.28,113623.99,1783270412.126
1783270413,113626.62,113623.27,113629.97,1783270413.117
1783270414,113636.64,113633.29,113640,1783270414.139
1783270415,113638.92,113635.57,113642.28,1783270415.105
1783270416,113649.53,113646.18,113652.89,1783270416.141
1783270417,113643.62,113640.27,113646.98,1783270417.122
1783270418,113648.3,113644.95,113651.66,1783270418.131
1783270419,113650.62,113647.27,113653.97,1783270419.111
1783270420,113647.47,113644.12,113650.83,1783270420.144
1783270421,113639.83,113636.48,113643.19,1783270421.116
1783270422,113639.54,113636.19,113642.89,1783270422.180
1783270423,113650.23,113646.87,113653.58,1783270423.119
1783270424,113651.49,113648.14,113654.84,1783270424.150
1783270425,113660.3,113656.95,113663.65,1783270425.121
1783270426,113659.89,113656.54,113663.24,1783270426.128
1783270427,113654.19,113650.84,113657.54,1783270427.119
1783270428,113649.07,113645.71,113652.42,1783270428.137
1783270429,113656.61,113653.26,113659.96,1783270429.114
1783270430,113656.44,113653.08,113659.79,1783270430.134
1783270431,113661.78,113658.43,113665.13,1783270431.113
1783270432,113658.09,113654.74,113661.45,1783270432.126
1783270433,113657.22,113653.87,113660.57,1783270433.118
1783270434,113653.21,113649.86,113656.56,1783270434.131
1783270435,113662.17,113658.81,113665.52,1783270435.119
1783270436,113665.49,113662.14,113668.85,1783270436.130
1783270437,113667.05,113663.69,113670.4,1783270437.119
1783270438,113669.04,113665.68,113672.39,1783270438.129
1783270439,113670.5,113667.14,113673.85,1783270439.114
1783270440,113666.64,113663.28,113669.99,1783270440.152
1783270441,113671.39,113668.03,113674.74,1783270441.123
1783270442,113668.14,113664.79,113671.5,1783270442.152
1783270443,113661.81,113658.45,113665.16,1783270443.196
1783270444,113667.69,113664.33,113671.04,1783270444.217
1783270445,113669.59,113666.24,113672.95,1783270445.116
1783270446,113667.51,113664.16,113670.87,1783270446.124
1783270447,113666.83,113663.47,113670.18,1783270447.108
1783270448,113662.89,113659.53,113666.24,1783270448.122
1783270449,113664.41,113661.06,113667.76,1783270449.130
1783270450,113663.61,113660.26,113666.96,1783270450.128
1783270451,113675.88,113672.52,113679.23,1783270451.113
1783270452,113671.85,113668.49,113675.2,1783270452.141
1783270453,113668.24,113664.88,113671.59,1783270453.121
1783270454,113663.18,113659.82,113666.53,1783270454.127
1783270455,113671.61,113668.25,113674.96,1783270455.109
1783270456,113671.41,113668.06,113674.76,1783270456.123
1783270457,113668.53,113665.17,113671.88,1783270457.105
1783270458,113667.72,113664.36,113671.07,1783270458.131
1783270459,113666.19,113662.84,113669.55,1783270459.126
1783270460,113659.64,113656.29,113662.99,1783270460.124
1783270461,113667.51,113664.15,113670.86,1783270461.106
1783270462,113661.02,113657.67,113664.38,1783270462.160
1783270463,113669.38,113666.03,113672.73,1783270463.115
1783270464,113676.98,113673.63,113680.33,1783270464.123
1783270465,113691.52,113688.16,113694.87,1783270465.126
1783270466,113697.89,113694.54,113701.25,1783270466.139
1783270467,113703.06,113699.7,113706.41,1783270467.124
1783270468,113705.57,113702.21,113708.92,1783270468.155
1783270469,113698.83,113695.48,113702.19,1783270469.112
1783270470,113692.9,113689.55,113696.26,1783270470.132
1783270471,113692.99,113689.63,113696.34,1783270471.104
1783270472,113694.79,113691.44,113698.15,1783270472.133
1783270473,113694.25,113690.9,113697.61,1783270473.109
1783270474,113699.37,113696.02,113702.72,1783270474.137
1783270475,113689.42,113686.06,113692.77,1783270475.123
1783270476,113685.14,113681.78,113688.49,1783270476.124
1783270477,113692.16,113688.81,113695.51,1783270477.109
1783270478,113686.37,113683.02,113689.73,1783270478.123
1783270479,113686.98,113683.62,113690.33,1783270479.107
1783270480,113690.96,113687.61,113694.32,1783270480.143
1783270481,113690.45,113687.1,113693.81,1783270481.109
1783270482,113687.56,113684.2,113690.91,1783270482.122
1783270483,113699.96,113696.6,113703.31,1783270483.120
1783270484,113696.48,113693.12,113699.83,1783270484.138
1783270485,113689.89,113686.53,113693.24,1783270485.107
1783270486,113686.39,113683.03,113689.74,1783270486.131
1783270487,113685.9,113682.55,113689.25,1783270487.112
1783270488,113685.8,113682.44,113689.15,1783270488.132
1783270489,113688.37,113685.02,113691.73,1783270489.106
1783270490,113694.59,113691.23,113697.94,1783270490.118
1783270491,113695.9,113692.54,113699.25,1783270491.118
1783270492,113685.73,113682.37,113689.08,1783270492.125
1783270493,113687.14,113683.78,113690.49,1783270493.110
1783270494,113686.88,113683.52,113690.23,1783270494.125
1783270495,113684.14,113680.79,113687.49,1783270495.128
1783270496,113686.3,113682.94,113689.65,1783270496.132
1783270497,113687.36,113684.01,113690.72,1783270497.109
1783270498,113688.1,113684.75,113691.45,1783270498.125
1783270499,113687.26,113683.91,113690.62,1783270499.128
1783270500,113687.24,113683.88,113690.59,1783270500.135
1783270501,113680.64,113677.28,113683.99,1783270501.105
1783270502,113683.9,113680.55,113687.25,1783270502.150
1783270503,113682.86,113679.5,113686.21,1783270503.119
1783270504,113693.65,113690.3,113697.01,1783270504.182
1783270505,113691.55,113688.2,113694.91,1783270505.138
1783270506,113690.93,113687.57,113694.28,1783270506.123
1783270507,113681.83,113678.48,113685.19,1783270507.115
1783270508,113685.07,113681.72,113688.43,1783270508.126
1783270509,113688.81,113685.46,113692.16,1783270509.112
1783270510,113690.5,113687.14,113693.85,1783270510.124
1783270511,113697,113693.65,113700.36,1783270511.104
1783270512,113693.01,113689.65,113696.36,1783270512.129
1783270513,113684.61,113681.25,113687.96,1783270513.111
1783270514,113693.64,113690.29,113697,1783270514.141
1783270515,113689.35,113686,113692.71,1783270515.115
1783270516,113689.09,113685.73,113692.44,1783270516.128
1783270517,113691.05,113687.7,113694.41,1783270517.116
1783270518,113699.07,113695.72,113702.42,1783270518.124
1783270519,113702.88,113699.53,113706.24,1783270519.128
1783270520,113695.36,113692,113698.71,1783270520.119
1783270521,113692.01,113688.66,113695.37,1783270521.113
1783270522,113696.87,113693.51,113700.22,1783270522.128
1783270523,113690.13,113686.77,113693.48,1783270523.124
1783270524,113693.94,113690.58,113697.29,1783270524.134
1783270525,113696.15,113692.79,113699.5,1783270525.143
1783270526,113696.7,113693.35,113700.06,1783270526.147
1783270527,113691.25,113687.9,113694.61,1783270527.105
1783270528,113682.51,113679.16,113685.87,1783270528.131
1783270529,113682.73,113679.38,113686.08,1783270529.107
1783270530,113679.63,113676.28,113682.98,1783270530.142
1783270531,113676.09,113672.73,113679.44,1783270531.111
1783270532,113677.08,113673.72,113680.43,1783270532.123
1783270533,113676.08,113672.73,113679.44,1783270533.113
1783270534,113676.49,113673.14,113679.85,1783270534.133
1783270535,113673.62,113670.27,113676.97,1783270535.107
1783270536,113678.17,113674.82,113681.52,1783270536.119
1783270537,113681.12,113677.76,113684.47,1783270537.115
1783270538,113690.73,113687.37,113694.08,1783270538.245
1783270539,113687.62,113684.27,113690.98,1783270539.115
1783270540,113689.78,113686.43,113693.14,1783270540.142
1783270541,113690.7,113687.35,113694.06,1783270541.127
1783270542,113693.77,113690.42,113697.12,1783270542.123
1783270543,113695.61,113692.25,113698.96,1783270543.106
1783270544,113695.56,113692.2,113698.91,1783270544.128
1783270545,113702.15,113698.8,113705.51,1783270545.114
1783270546,113703.01,113699.66,113706.36,1783270546.127
1783270547,113705.89,113702.53,113709.24,1783270547.103
1783270548,113703.04,113699.69,113706.4,1783270548.123
1783270549,113703.76,113700.41,113707.12,1783270549.102
1783270550,113703.59,113700.23,113706.94,1783270550.128
1783270551,113707.67,113704.32,113711.03,1783270551.115
1783270552,113709.14,113705.79,113712.5,1783270552.122
1783270553,113700.72,113697.37,113704.08,1783270553.104
1783270554,113701.83,113698.48,113705.18,1783270554.137
1783270555,113694.87,113691.51,113698.22,1783270555.109
1783270556,113699.28,113695.92,113702.63,1783270556.123
1783270557,113702.74,113699.38,113706.09,1783270557.117
1783270558,113706.91,113703.55,113710.26,1783270558.128
1783270559,113703.33,113699.97,113706.68,1783270559.119
1783270560,113703.85,113700.49,113707.2,1783270560.163
1783270561,113704.24,113700.88,113707.59,1783270561.117
1783270562,113706.4,113703.05,113709.76,1783270562.279
1783270563,113704.91,113701.56,113708.26,1783270563.305
1783270564,113707.89,113704.53,113711.24,1783270564.143
1783270565,113709.56,113706.2,113712.91,1783270565.112
1783270566,113700.97,113697.62,113704.33,1783270566.117
1783270567,113699.94,113696.58,113703.29,1783270567.107
1783270568,113708.95,113705.6,113712.3,1783270568.118
1783270569,113714.4,113711.04,113717.75,1783270569.107
1783270570,113711.51,113708.15,113714.86,1783270570.121
1783270571,113707,113703.64,113710.35,1783270571.106
1783270572,113708.83,113705.47,113712.18,1783270572.120
1783270573,113712.87,113709.51,113716.22,1783270573.120
1783270574,113719.7,113716.35,113723.06,1783270574.123
1783270575,113719.68,113716.32,113723.03,1783270575.108
1783270576,113828.89,113825.53,113832.25,1783270576.167
1783270577,113836.64,113833.28,113840,1783270577.113
1783270578,113838.25,113834.89,113841.61,1783270578.139
1783270579,113838.63,113835.27,113841.99,1783270579.106
1783270580,113841.04,113837.68,113844.4,1783270580.121
1783270581,113840.67,113837.31,113844.03,1783270581.107
1783270582,113842.92,113839.56,113846.28,1783270582.126
1783270583,113837.59,113834.23,113840.95,1783270583.119
1783270584,113833.12,113829.76,113836.47,1783270584.122
1783270585,113819.05,113815.69,113822.4,1783270585.110
1783270586,113816.86,113813.5,113820.22,1783270586.128
1783270587,113810.36,113807,113813.71,1783270587.112
1783270588,113812.03,113808.67,113815.39,1783270588.182
1783270589,113813.36,113810.01,113816.72,1783270589.116
1783270590,113817.51,113814.15,113820.87,1783270590.124
1783270591,113822.16,113818.81,113825.52,1783270591.110
1783270592,113815.4,113812.05,113818.76,1783270592.127
1783270593,113807.89,113804.53,113811.25,1783270593.118
1783270594,113817.95,113814.6,113821.31,1783270594.130
1783270595,113818.42,113815.07,113821.78,1783270595.110
1783270596,113826.5,113823.14,113829.86,1783270596.133
1783270597,113824.32,113820.96,113827.68,1783270597.127
1783270598,113819.83,113816.47,113823.19,1783270598.201
1783270599,113816.86,113813.5,113820.22,1783270599.118
1783270600,113815.66,113812.3,113819.01,1783270600.125
1783270601,113819.22,113815.87,113822.58,1783270601.108
1783270602,113819.77,113816.41,113823.13,1783270602.131
1783270603,113814.6,113811.24,113817.95,1783270603.121
1783270604,113810.13,113806.78,113813.49,1783270604.131
1783270605,113814.71,113811.35,113818.07,1783270605.111
1783270606,113806.13,113802.77,113809.49,1783270606.122
1783270607,113802.77,113799.41,113806.12,1783270607.106
1783270608,113803.17,113799.81,113806.53,1783270608.140
1783270609,113807.5,113804.15,113810.86,1783270609.120
1783270610,113806.23,113802.87,113809.58,1783270610.146
1783270611,113808.99,113805.63,113812.35,1783270611.112
1783270612,113816.34,113812.99,113819.7,1783270612.124
1783270613,113822.84,113819.49,113826.2,1783270613.109
1783270614,113818.33,113814.98,113821.69,1783270614.127
1783270615,113814.88,113811.52,113818.24,1783270615.127
1783270616,113813.9,113810.54,113817.26,1783270616.132
1783270617,113808.28,113804.92,113811.64,1783270617.114
1783270618,113804.01,113800.65,113807.36,1783270618.135
1783270619,113814.94,113811.58,113818.3,1783270619.126
1783270620,113813.73,113810.37,113817.09,1783270620.130
1783270621,113811.28,113807.92,113814.64,1783270621.112
1783270622,113802.51,113799.15,113805.86,1783270622.231
1783270623,113799.63,113796.27,113802.99,1783270623.129
1783270624,113807.11,113803.76,113810.47,1783270624.141
1783270625,113810.97,113807.61,113814.32,1783270625.128
1783270626,113804.68,113801.33,113808.04,1783270626.128
1783270627,113810.34,113806.99,113813.7,1783270627.163
1783270628,113807.4,113804.04,113810.75,1783270628.244
1783270629,113806.91,113803.55,113810.27,1783270629.119
1783270630,113804,113800.65,113807.36,1783270630.147
1783270631,113803.12,113799.76,113806.48,1783270631.116
1783270632,113798.6,113795.24,113801.96,1783270632.125
1783270633,113798.08,113794.72,113801.43,1783270633.112
1783270634,113798.14,113794.78,113801.49,1783270634.133
1783270635,113805.47,113802.11,113808.82,1783270635.121
1783270636,113800.28,113796.92,113803.63,1783270636.136
1783270637,113805.32,113801.97,113808.68,1783270637.112
1783270638,113804.5,113801.15,113807.86,1783270638.130
1783270639,113799.75,113796.4,113803.11,1783270639.128
1783270640,113795.57,113792.21,113798.92,1783270640.138
1783270641,113792.9,113789.54,113796.26,1783270641.114
1783270642,113787.95,113784.59,113791.3,1783270642.138
1783270643,113784.5,113781.14,113787.86,1783270643.117
1783270644,113779.95,113776.59,113783.3,1783270644.162
1783270645,113786.55,113783.2,113789.91,1783270645.122
1783270646,113783.07,113779.71,113786.43,1783270646.130
1783270647,113768.61,113765.26,113771.97,1783270647.125
1783270648,113772.88,113769.53,113776.24,1783270648.145
1783270649,113765.77,113762.42,113769.13,1783270649.132
1783270650,113767.51,113764.15,113770.86,1783270650.155
1783270651,113770.76,113767.41,113774.12,1783270651.116
1783270652,113775.49,113772.13,113778.84,1783270652.131
1783270653,113781.93,113778.58,113785.29,1783270653.112
1783270654,113783.42,113780.06,113786.77,1783270654.128
1783270655,113782.04,113778.69,113785.4,1783270655.118
1783270656,113783.41,113780.06,113786.77,1783270656.133
1783270657,113770.51,113767.15,113773.86,1783270657.123
1783270658,113779.79,113776.44,113783.15,1783270658.203
1783270659,113777.03,113773.67,113780.38,1783270659.125
1783270660,113781.65,113778.3,113785.01,1783270660.480
1783270661,113793.21,113789.85,113796.56,1783270661.543
1783270662,113790.24,113786.88,113793.59,1783270662.130
1783270663,113799.86,113796.5,113803.22,1783270663.113
1783270664,113804.85,113801.5,113808.21,1783270664.136
1783270665,113806.19,113802.83,113809.54,1783270665.112
1783270666,113813.14,113809.78,113816.5,1783270666.123
1783270667,113814.98,113811.62,113818.33,1783270667.122
1783270668,113805.17,113801.81,113808.53,1783270668.139
1783270669,113800.24,113796.88,113803.6,1783270669.118
1783270670,113802.11,113798.75,113805.47,1783270670.166
1783270671,113799.01,113795.66,113802.37,1783270671.118
1783270672,113795.69,113792.33,113799.05,1783270672.149
1783270673,113786.08,113782.72,113789.44,1783270673.118
1783270674,113781.97,113778.61,113785.33,1783270674.144
1783270675,113777.68,113774.32,113781.03,1783270675.120
1783270676,113768.39,113765.03,113771.75,1783270676.132
1783270677,113766.79,113763.44,113770.15,1783270677.114
1783270678,113767.44,113764.08,113770.8,1783270678.150
1783270679,113767.02,113763.67,113770.38,1783270679.123
1783270680,113766.41,113763.05,113769.76,1783270680.151
1783270681,113768.97,113765.61,113772.32,1783270681.116
1783270682,113768.49,113765.14,113771.85,1783270682.142
1783270683,113776.79,113773.43,113780.14,1783270683.173
1783270684,113775.45,113772.09,113778.81,1783270684.175
1783270685,113777.45,113774.1,113780.81,1783270685.110
1783270686,113781.45,113778.09,113784.81,1783270686.133
1783270687,113780.51,113777.15,113783.86,1783270687.114
1783270688,113777.44,113774.08,113780.79,1783270688.201
1783270689,113773.55,113770.19,113776.91,1783270689.123
1783270690,113777.94,113774.58,113781.3,1783270690.150
1783270691,113774.65,113771.29,113778.01,1783270691.113
1783270692,113771.17,113767.82,113774.53,1783270692.142
1783270693,113776.51,113773.15,113779.86,1783270693.120
1783270694,113773.97,113770.62,113777.33,1783270694.146
1783270695,113782.88,113779.52,113786.24,1783270695.116
1783270696,113784.71,113781.35,113788.07,1783270696.163
1783270697,113790.45,113787.1,113793.81,1783270697.113
1783270698,113796.06,113792.71,113799.42,1783270698.204
1783270699,113804.22,113800.86,113807.57,1783270699.119
1783270700,113804.61,113801.25,113807.97,1783270700.128
1783270701,113806.02,113802.66,113809.37,1783270701.124
1783270702,113807.21,113803.85,113810.57,1783270702.148
1783270703,113810.85,113807.49,113814.2,1783270703.114
1783270704,113814.9,113811.54,113818.26,1783270704.161
1783270705,113815.28,113811.92,113818.64,1783270705.112
1783270706,113821.62,113818.26,113824.97,1783270706.136
1783270707,113816.08,113812.72,113819.44,1783270707.122
1783270708,113818.33,113814.97,113821.69,1783270708.139
1783270709,113816.44,113813.08,113819.79,1783270709.114
1783270710,113819.64,113816.28,113822.99,1783270710.148
1783270711,113819.57,113816.21,113822.92,1783270711.116
1783270712,113819,113815.64,113822.36,1783270712.138
1783270713,113823.24,113819.88,113826.6,1783270713.117
1783270714,113819.42,113816.07,113822.78,1783270714.149
1783270715,113819.03,113815.67,113822.39,1783270715.121
1783270716,113817.05,113813.7,113820.41,1783270716.127
1783270717,113818.91,113815.56,113822.27,1783270717.121
1783270718,113814.27,113810.91,113817.63,1783270718.202
1783270719,113813.67,113810.31,113817.02,1783270719.121
1783270720,113821.12,113817.76,113824.48,1783270720.125
1783270721,113817.86,113814.5,113821.21,1783270721.125
1783270722,113809.36,113806,113812.72,1783270722.136
1783270723,113812.03,113808.68,113815.39,1783270723.129
1783270724,113811.47,113808.11,113814.83,1783270724.135
1783270725,113802.66,113799.31,113806.02,1783270725.118
1783270726,113798.2,113794.84,113801.55,1783270726.133
1783270727,113798.89,113795.53,113802.24,1783270727.120
1783270728,113798.95,113795.6,113802.31,1783270728.134
1783270729,113808.44,113805.08,113811.8,1783270729.118
1783270730,113802.49,113799.14,113805.85,1783270730.145
1783270731,113805.45,113802.09,113808.81,1783270731.127
1783270732,113808.91,113805.55,113812.26,1783270732.151
1783270733,113813.93,113810.58,113817.29,1783270733.118
1783270734,113818.36,113815,113821.72,1783270734.151
1783270735,113821.96,113818.61,113825.32,1783270735.129
1783270736,113823.32,113819.96,113826.67,1783270736.163
1783270737,113826.27,113822.91,113829.62,1783270737.126
1783270738,113831.62,113828.26,113834.97,1783270738.166
1783270739,113839.07,113835.71,113842.42,1783270739.129
1783270740,113840.7,113837.35,113844.06,1783270740.151
1783270741,113840.99,113837.63,113844.35,1783270741.113
1783270742,113840.04,113836.68,113843.4,1783270742.363
1783270743,113838.16,113834.8,113841.52,1783270743.162
1783270744,113830.24,113826.89,113833.6,1783270744.145
1783270745,113830.43,113827.07,113833.79,1783270745.118
1783270746,113833.27,113829.92,113836.63,1783270746.134
1783270747,113824.58,113821.23,113827.94,1783270747.124
1783270748,113823.96,113820.6,113827.32,1783270748.153
1783270749,113825.18,113821.82,113828.53,1783270749.124
1783270750,113819.54,113816.18,113822.9,1783270750.132
1783270751,113809.61,113806.25,113812.96,1783270751.121
1783270752,113803.89,113800.53,113807.24,1783270752.157
1783270753,113803.22,113799.87,113806.58,1783270753.122
1783270754,113803.29,113799.93,113806.64,1783270754.141
1783270755,113799.12,113795.77,113802.48,1783270755.119
1783270756,113794.28,113790.93,113797.64,1783270756.142
1783270757,113791.8,113788.44,113795.15,1783270757.129
1783270758,113792.11,113788.75,113795.46,1783270758.136
1783270759,113793.97,113790.61,113797.33,1783270759.128
1783270760,113793.71,113790.35,113797.07,1783270760.139
1783270761,113796.08,113792.73,113799.44,1783270761.123
1783270762,113801.17,113797.81,113804.53,1783270762.162
1783270763,113814.83,113811.47,113818.19,1783270763.127
1783270764,113811.15,113807.79,113814.5,1783270764.162
1783270765,113798.23,113794.88,113801.59,1783270765.132
1783270766,113789.24,113785.88,113792.59,1783270766.142
1783270767,113792.07,113788.71,113795.42,1783270767.126
1783270768,113789.16,113785.81,113792.52,1783270768.149
1783270769,113783.19,113779.83,113786.54,1783270769.119
1783270770,113789.18,113785.82,113792.54,1783270770.139
1783270771,113792.63,113789.27,113795.98,1783270771.119
1783270772,113787.75,113784.39,113791.11,1783270772.148
1783270773,113779.35,113775.99,113782.7,1783270773.114
1783270774,113776.04,113772.69,113779.4,1783270774.247
1783270775,113775.2,113771.85,113778.56,1783270775.134
1783270776,113771.38,113768.02,113774.73,1783270776.136
1783270777,113777.19,113773.84,113780.55,1783270777.124
1783270778,113769.65,113766.3,113773.01,1783270778.201
1783270779,113777.88,113774.52,113781.24,1783270779.125
1783270780,113782.57,113779.21,113785.92,1783270780.147
1783270781,113774.13,113770.78,113777.49,1783270781.115
1783270782,113778.89,113775.53,113782.24,1783270782.147
1783270783,113781.55,113778.19,113784.91,1783270783.114
1783270784,113776.35,113772.99,113779.7,1783270784.146
1783270785,113777.04,113773.68,113780.4,1783270785.126
1783270786,113772.97,113769.61,113776.33,1783270786.139
1783270787,113774.95,113771.59,113778.31,1783270787.116
1783270788,113779.96,113776.6,113783.32,1783270788.135
1783270789,113779.53,113776.18,113782.89,1783270789.121
1783270790,113780.11,113776.76,113783.47,1783270790.148
1783270791,113777.6,113774.25,113780.96,1783270791.105
1783270792,113770.78,113767.42,113774.14,1783270792.137
1783270793,113771.57,113768.22,113774.93,1783270793.116
1783270794,113779.71,113776.35,113783.06,1783270794.143
1783270795,113777.7,113774.35,113781.06,1783270795.119
1783270796,113775.15,113771.79,113778.51,1783270796.156
1783270797,113777.26,113773.9,113780.62,1783270797.115
1783270798,113775.7,113772.34,113779.05,1783270798.148
1783270799,113783.58,113780.22,113786.93,1783270799.111
1783270800,113785.87,113782.51,113789.23,1783270800.174
1783270801,113784.94,113781.58,113788.3,1783270801.122
1783270802,113793.45,113790.1,113796.81,1783270802.192
1783270803,113794.59,113791.23,113797.95,1783270803.319
1783270804,113800.7,113797.34,113804.06,1783270804.238
1783270805,113801.23,113797.87,113804.58,1783270805.150
1783270806,113801.86,113798.5,113805.22,1783270806.192
1783270807,113796.27,113792.91,113799.63,1783270807.128
1783270808,113793.38,113790.02,113796.73,1783270808.200
1783270809,113793.28,113789.93,113796.64,1783270809.129
1783270810,113792.01,113788.65,113795.36,1783270810.143
1783270811,113797.23,113793.87,113800.58,1783270811.124
1783270812,113787.5,113784.15,113790.86,1783270812.152
1783270813,113789.23,113785.87,113792.58,1783270813.123
1783270814,113791.99,113788.63,113795.34,1783270814.137
1783270815,113788.58,113785.22,113791.93,1783270815.124
1783270816,113790.22,113786.86,113793.57,1783270816.128
1783270817,113786.21,113782.86,113789.57,1783270817.113
1783270818,113783.98,113780.62,113787.33,1783270818.144
1783270819,113788.15,113784.79,113791.5,1783270819.113
1783270820,113789.76,113786.4,113793.12,1783270820.144
1783270821,113782.79,113779.44,113786.15,1783270821.121
1783270822,113773.81,113770.46,113777.17,1783270822.143
1783270823,113778.17,113774.81,113781.52,1783270823.120
1783270824,113785.82,113782.46,113789.17,1783270824.170
1783270825,113787.14,113783.78,113790.49,1783270825.131
1783270826,113787.37,113784.02,113790.73,1783270826.160
1783270827,113775.28,113771.92,113778.63,1783270827.127
1783270828,113778.94,113775.58,113782.29,1783270828.136
1783270829,113773.48,113770.13,113776.84,1783270829.118
1783270830,113766.68,113763.32,113770.04,1783270830.145
1783270831,113766.32,113762.96,113769.68,1783270831.116
1783270832,113765.01,113761.66,113768.37,1783270832.145
1783270833,113762.94,113759.58,113766.3,1783270833.112
1783270834,113761.42,113758.06,113764.77,1783270834.158
1783270835,113757.93,113754.57,113761.29,1783270835.137
1783270836,113761.01,113757.66,113764.37,1783270836.150
1783270837,113758.18,113754.83,113761.54,1783270837.123
1783270838,113763.55,113760.19,113766.9,1783270838.248
1783270839,113773.04,113769.69,113776.4,1783270839.124
1783270840,113774.73,113771.37,113778.08,1783270840.136
1783270841,113776.62,113773.26,113779.97,1783270841.124
1783270842,113775.9,113772.54,113779.25,1783270842.146
1783270843,113783.94,113780.59,113787.3,1783270843.113
1783270844,113784.14,113780.79,113787.5,1783270844.161
1783270845,113795.63,113792.27,113798.98,1783270845.130
1783270846,113785.14,113781.79,113788.5,1783270846.152
1783270847,113777.67,113774.31,113781.03,1783270847.124
1783270848,113784.68,113781.33,113788.04,1783270848.166
1783270849,113773.15,113769.79,113776.5,1783270849.124
1783270850,113775.44,113772.09,113778.8,1783270850.139
1783270851,113772.76,113769.4,113776.12,1783270851.126
1783270852,113778.96,113775.6,113782.31,1783270852.133
1783270853,113778.11,113774.75,113781.46,1783270853.111
1783270854,113780.12,113776.76,113783.47,1783270854.183
1783270855,113781.7,113778.35,113785.06,1783270855.132
1783270856,113780.43,113777.07,113783.78,1783270856.142
1783270857,113775.19,113771.83,113778.55,1783270857.116
1783270858,113782.71,113779.35,113786.07,1783270858.128
1783270859,113787.39,113784.04,113790.75,1783270859.122
1783270860,113796.16,113792.8,113799.51,1783270860.158
1783270861,113797.57,113794.21,113800.93,1783270861.162
1783270862,113801.85,113798.49,113805.21,1783270862.271
1783270863,113793.97,113790.62,113797.33,1783270863.183
1783270864,113791.02,113787.67,113794.38,1783270864.156
1783270865,113792.22,113788.86,113795.57,1783270865.132
1783270866,113785.13,113781.77,113788.48,1783270866.173
1783270867,113787.42,113784.07,113790.78,1783270867.137
1783270868,113787.28,113783.92,113790.63,1783270868.202
1783270869,113798.64,113795.28,113802,1783270869.128
1783270870,113786.77,113783.41,113790.13,1783270870.152
1783270871,113785.78,113782.42,113789.13,1783270871.126
1783270872,113784.34,113780.98,113787.69,1783270872.160
1783270873,113786.77,113783.41,113790.13,1783270873.114
1783270874,113783.26,113779.9,113786.62,1783270874.165
1783270875,113787.5,113784.15,113790.86,1783270875.123
1783270876,113792.78,113789.42,113796.13,1783270876.133
1783270877,113792.16,113788.8,113795.52,1783270877.121
1783270878,113787.8,113784.45,113791.16,1783270878.169
1783270879,113783.4,113780.04,113786.76,1783270879.122
1783270880,113784.42,113781.06,113787.77,1783270880.138
1783270881,113788.06,113784.71,113791.42,1783270881.147
1783270882,113783.8,113780.44,113787.15,1783270882.151
1783270883,113779.69,113776.34,113783.05,1783270883.125
1783270884,113783.45,113780.09,113786.81,1783270884.144
1783270885,113776.68,113773.33,113780.04,1783270885.118
1783270886,113773.85,113770.5,113777.21,1783270886.157
1783270887,113774.25,113770.89,113777.6,1783270887.128
1783270888,113780.23,113776.87,113783.58,1783270888.133
1783270889,113776.6,113773.25,113779.96,1783270889.116
1783270890,113774.53,113771.17,113777.88,1783270890.134
1783270891,113766.34,113762.98,113769.69,1783270891.119
1783270892,113765.87,113762.52,113769.23,1783270892.157
1783270893,113764.8,113761.45,113768.16,1783270893.131
1783270894,113773.9,113770.54,113777.25,1783270894.156
1783270895,113776.52,113773.17,113779.88,1783270895.119
1783270896,113767,113763.65,113770.36,1783270896.147
1783270897,113765.47,113762.11,113768.83,1783270897.122
1783270898,113756.42,113753.06,113759.77,1783270898.202
1783270899,113772.31,113768.95,113775.66,1783270899.119
1783270900,113771.54,113768.18,113774.89,1783270900.163
1783270901,113774.95,113771.59,113778.31,1783270901.127
1783270902,113774.39,113771.03,113777.75,1783270902.146
1783270903,113772.49,113769.13,113775.84,1783270903.117
1783270904,113768.36,113765.01,113771.72,1783270904.141
1783270905,113763.07,113759.71,113766.42,1783270905.118
1783270906,113757.32,113753.96,113760.67,1783270906.150
1783270907,113763.16,113759.8,113766.51,1783270907.126
1783270908,113758.34,113754.99,113761.7,1783270908.146
1783270909,113756.21,113752.86,113759.57,1783270909.116
1783270910,113751.66,113748.3,113755.01,1783270910.152
1783270911,113756.37,113753.01,113759.72,1783270911.120
1783270912,113754.7,113751.34,113758.05,1783270912.169
1783270913,113746.4,113743.04,113749.76,1783270913.114
1783270914,113749.13,113745.78,113752.49,1783270914.149
1783270915,113749.37,113746.01,113752.72,1783270915.118
1783270916,113749.3,113745.94,113752.65,1783270916.142
1783270917,113750.68,113747.33,113754.04,1783270917.114
1783270918,113753.86,113750.51,113757.22,1783270918.136
1783270919,113760.46,113757.1,113763.81,1783270919.119
1783270920,113760.82,113757.46,113764.18,1783270920.154
1783270921,113764.1,113760.74,113767.46,1783270921.130
1783270922,113766.71,113763.36,113770.07,1783270922.383
1783270923,113771.83,113768.47,113775.18,1783270923.122
1783270924,113779.91,113776.55,113783.26,1783270924.139
1783270925,113782.27,113778.91,113785.63,1783270925.122
1783270926,113783.75,113780.39,113787.11,1783270926.143
1783270927,113777.7,113774.34,113781.05,1783270927.117
1783270928,113771.24,113767.88,113774.6,1783270928.212
1783270929,113763.26,113759.9,113766.61,1783270929.117
1783270930,113764.03,113760.68,113767.39,1783270930.160
1783270931,113763.51,113760.16,113766.87,1783270931.116
1783270932,113761.61,113758.25,113764.97,1783270932.157
1783270933,113757.63,113754.28,113760.99,1783270933.135
1783270934,113758.14,113754.78,113761.5,1783270934.128
1783270935,113753.56,113750.2,113756.91,1783270935.126
1783270936,113758.24,113754.88,113761.59,1783270936.146
1783270937,113747.91,113744.56,113751.27,1783270937.128
1783270938,113747.05,113743.69,113750.4,1783270938.130
1783270939,113751.94,113748.59,113755.3,1783270939.115
1783270940,113757.91,113754.56,113761.27,1783270940.146
1783270941,113760.2,113756.84,113763.55,1783270941.115
1783270942,113768.91,113765.56,113772.27,1783270942.162
1783270943,113767.96,113764.6,113771.32,1783270943.113
1783270944,113769.03,113765.68,113772.39,1783270944.126
1783270945,113757.03,113753.68,113760.39,1783270945.122
1783270946,113752.6,113749.24,113755.95,1783270946.156
1783270947,113751.26,113747.9,113754.61,1783270947.117
1783270948,113748.66,113745.31,113752.02,1783270948.165
1783270949,113748.63,113745.28,113751.99,1783270949.110
1783270950,113742.91,113739.56,113746.27,1783270950.139
1783270951,113752.53,113749.17,113755.89,1783270951.134
1783270952,113741.12,113737.76,113744.47,1783270952.147
1783270953,113734.47,113731.11,113737.82,1783270953.128
1783270954,113733.05,113729.7,113736.41,1783270954.133
1783270955,113733.61,113730.26,113736.97,1783270955.164
1783270956,113735.59,113732.24,113738.95,1783270956.170
1783270957,113738.27,113734.92,113741.63,1783270957.119
1783270958,113734.27,113730.91,113737.62,1783270958.248
1783270959,113734.43,113731.08,113737.79,1783270959.113
1783270960,113733.64,113730.29,113737,1783270960.142
1783270961,113739.97,113736.62,113743.33,1783270961.134
1783270962,113742.18,113738.83,113745.54,1783270962.159
1783270963,113743.36,113740.01,113746.72,1783270963.126
1783270964,113746.93,113743.57,113750.28,1783270964.156
1783270965,113748.03,113744.67,113751.38,1783270965.143
1783270966,113749.92,113746.56,113753.28,1783270966.154
1783270967,113744.79,113741.43,113748.14,1783270967.125
1783270968,113750.15,113746.79,113753.5,1783270968.162
1783270969,113745.64,113742.28,113748.99,1783270969.122
1783270970,113742.76,113739.4,113746.11,1783270970.160
1783270971,113745.26,113741.9,113748.62,1783270971.127
1783270972,113746.33,113742.97,113749.68,1783270972.134
1783270973,113739.07,113735.71,113742.42,1783270973.116
1783270974,113746.15,113742.8,113749.51,1783270974.145
1783270975,113744.12,113740.76,113747.47,1783270975.120
1783270976,113745.95,113742.59,113749.3,1783270976.144
1783270977,113747.86,113744.51,113751.22,1783270977.121
1783270978,113743.22,113739.87,113746.58,1783270978.152
1783270979,113747.12,113743.76,113750.48,1783270979.119
1783270980,113750.2,113746.84,113753.55,1783270980.167
1783270981,113747.81,113744.45,113751.16,1783270981.163
1783270982,113751.88,113748.53,113755.24,1783270982.198
1783270983,113744.31,113740.95,113747.66,1783270983.203
1783270984,113752.4,113749.05,113755.76,1783270984.192
1783270985,113755.83,113752.48,113759.19,1783270985.118
1783270986,113761.81,113758.46,113765.17,1783270986.149
1783270987,113762.38,113759.02,113765.73,1783270987.126
1783270988,113758.51,113755.16,113761.87,1783270988.248
1783270989,113760.48,113757.13,113763.84,1783270989.121
1783270990,113761.61,113758.26,113764.97,1783270990.155
1783270991,113759.52,113756.16,113762.87,1783270991.110
1783270992,113760.42,113757.06,113763.77,1783270992.142
1783270993,113754.51,113751.15,113757.86,1783270993.113
1783270994,113750.09,113746.73,113753.44,1783270994.162
1783270995,113762.79,113759.44,113766.15,1783270995.148
1783270996,113768.37,113765.01,113771.72,1783270996.150
1783270997,113774.19,113770.83,113777.55,1783270997.118
1783270998,113765.36,113762,113768.71,1783270998.147
1783270999,113769.36,113766,113772.72,1783270999.118
1783271000,113771.03,113767.67,113774.39,1783271000.150
1783271001,113769.05,113765.69,113772.41,1783271001.116
1783271002,113770.63,113767.28,113773.99,1783271002.151
1783271003,113763.82,113760.46,113767.17,1783271003.119
1783271004,113762.77,113759.41,113766.13,1783271004.174
1783271005,113773.41,113770.06,113776.77,1783271005.115
1783271006,113776.91,113773.56,113780.27,1783271006.149
1783271007,113772.09,113768.73,113775.45,1783271007.205
1783271008,113768.41,113765.06,113771.77,1783271008.136
1783271009,113773.95,113770.59,113777.3,1783271009.119
1783271010,113781.78,113778.42,113785.13,1783271010.165
1783271011,113773.73,113770.38,113777.09,1783271011.118
1783271012,113779.92,113776.56,113783.27,1783271012.148
1783271013,113780.32,113776.96,113783.68,1783271013.117
1783271014,113773.82,113770.46,113777.17,1783271014.163
1783271015,113770.52,113767.16,113773.88,1783271015.136
1783271016,113770.94,113767.58,113774.29,1783271016.150
1783271017,113769.46,113766.11,113772.82,1783271017.128
1783271018,113764.75,113761.4,113768.11,1783271018.212
1783271019,113759.44,113756.08,113762.8,1783271019.125
1783271020,113761.47,113758.12,113764.83,1783271020.152
1783271021,113762.66,113759.3,113766.01,1783271021.136
1783271022,113759.88,113756.53,113763.24,1783271022.165
1783271023,113761.1,113757.75,113764.46,1783271023.120
1783271024,113759.42,113756.07,113762.78,1783271024.145
1783271025,113761.27,113757.91,113764.62,1783271025.123
1783271026,113750.18,113746.82,113753.54,1783271026.148
1783271027,113754.17,113750.81,113757.52,1783271027.121
1783271028,113758.77,113755.41,113762.13,1783271028.155
1783271029,113764.63,113761.28,113767.99,1783271029.125
1783271030,113764.64,113761.29,113768,1783271030.136
1783271031,113762.93,113759.57,113766.28,1783271031.123
1783271032,113768.16,113764.8,113771.51,1783271032.139
1783271033,113768.51,113765.15,113771.86,1783271033.123
1783271034,113768,113764.64,113771.36,1783271034.160
1783271035,113761.37,113758.02,113764.73,1783271035.118
1783271036,113761.68,113758.32,113765.04,1783271036.165
1783271037,113753.9,113750.55,113757.26,1783271037.139
1783271038,113752.73,113749.37,113756.08,1783271038.155
1783271039,113751.58,113748.22,113754.94,1783271039.130
1783271040,113747.68,113744.32,113751.03,1783271040.159
1783271041,113742.96,113739.6,113746.31,1783271041.137
1783271042,113741.75,113738.39,113745.1,1783271042.158
1783271043,113739.72,113736.36,113743.07,1783271043.125
1783271044,113745.35,113741.99,113748.7,1783271044.179
1783271045,113752.76,113749.4,113756.12,1783271045.112
1783271046,113751.73,113748.37,113755.08,1783271046.150
1783271047,113748.14,113744.78,113751.49,1783271047.121
1783271048,113745.81,113742.45,113749.16,1783271048.204
1783271049,113748.24,113744.89,113751.6,1783271049.164
1783271050,113753.81,113750.46,113757.17,1783271050.135
1783271051,113751.77,113748.41,113755.12,1783271051.124
1783271052,113753.27,113749.91,113756.62,1783271052.132
1783271053,113749.82,113746.46,113753.17,1783271053.127
1783271054,113753.06,113749.7,113756.41,1783271054.135
1783271055,113747.24,113743.89,113750.6,1783271055.119
1783271056,113751.24,113747.88,113754.6,1783271056.131
1783271057,113749.94,113746.58,113753.29,1783271057.120
1783271058,113746.99,113743.64,113750.35,1783271058.124
1783271059,113745.49,113742.14,113748.85,1783271059.121
1783271060,113741.82,113738.46,113745.18,1783271060.151
1783271061,113743.35,113739.99,113746.7,1783271061.114
1783271062,113741.32,113737.97,113744.68,1783271062.163
1783271063,113738.71,113735.36,113742.07,1783271063.117
1783271064,113732.36,113729,113735.72,1783271064.147
1783271065,113740.36,113737.01,113743.72,1783271065.147
1783271066,113734.8,113731.45,113738.16,1783271066.153
1783271067,113737.78,113734.43,113741.14,1783271067.120
1783271068,113739.47,113736.12,113742.83,1783271068.142
1783271069,113739.69,113736.34,113743.05,1783271069.125
1783271070,113730.32,113726.96,113733.67,1783271070.143
1783271071,113723.61,113720.26,113726.96,1783271071.127
1783271072,113732.76,113729.41,113736.12,1783271072.246
1783271073,113727.35,113723.99,113730.7,1783271073.130
1783271074,113733.2,113729.85,113736.56,1783271074.130
1783271075,113729.76,113726.4,113733.11,1783271075.115
1783271076,113731.21,113727.86,113734.57,1783271076.151
1783271077,113735.82,113732.47,113739.18,1783271077.118
1783271078,113733.2,113729.84,113736.55,1783271078.201
1783271079,113730.72,113727.36,113734.07,1783271079.138
1783271080,113733.5,113730.14,113736.85,1783271080.124
1783271081,113738.42,113735.06,113741.77,1783271081.143
1783271082,113735.97,113732.62,113739.33,1783271082.148
1783271083,113729.06,113725.7,113732.41,1783271083.133
1783271084,113726.38,113723.03,113729.74,1783271084.138
1783271085,113724.61,113721.25,113727.96,1783271085.137
1783271086,113725.32,113721.96,113728.67,1783271086.147
1783271087,113733.42,113730.07,113736.78,1783271087.111
1783271088,113724.99,113721.63,113728.34,1783271088.126
1783271089,113722.24,113718.89,113725.6,1783271089.112
1783271090,113727.03,113723.68,113730.39,1783271090.148
1783271091,113723.6,113720.25,113726.96,1783271091.123
1783271092,113717.14,113713.79,113720.49,1783271092.157
1783271093,113713.67,113710.31,113717.02,1783271093.122
1783271094,113709.66,113706.3,113713.01,1783271094.162
1783271095,113709.05,113705.69,113712.4,1783271095.137
1783271096,113708.13,113704.78,113711.49,1783271096.142
1783271097,113717.02,113713.67,113720.38,1783271097.127
1783271098,113725.26,113721.9,113728.61,1783271098.150
1783271099,113721.83,113718.48,113725.19,1783271099.129
1783271100,113715.83,113712.48,113719.19,1783271100.155
1783271101,113718.92,113715.56,113722.27,1783271101.134
1783271102,113716.23,113712.87,113719.58,1783271102.224
1783271103,113714.94,113711.59,113718.29,1783271103.220
1783271104,113719.99,113716.64,113723.35,1783271104.234
1783271105,113725.62,113722.26,113728.97,1783271105.134
1783271106,113721.9,113718.55,113725.26,1783271106.144
1783271107,113720.61,113717.25,113723.96,1783271107.123
1783271108,113722.96,113719.61,113726.32,1783271108.134
1783271109,113723.57,113720.21,113726.92,1783271109.158
1783271110,113718.51,113715.16,113721.87,1783271110.144
1783271111,113728.4,113725.05,113731.76,1783271111.118
1783271112,113728.76,113725.41,113732.12,1783271112.133
1783271113,113722.34,113718.98,113725.69,1783271113.112
1783271114,113721.78,113718.42,113725.13,1783271114.125
1783271115,113727.56,113724.2,113730.91,1783271115.123
1783271116,113716.69,113713.34,113720.05,1783271116.129
1783271117,113712.72,113709.37,113716.08,1783271117.113
1783271118,113710.75,113707.4,113714.11,1783271118.141
1783271119,113705.67,113702.32,113709.03,1783271119.117
1783271120,113711.02,113707.66,113714.37,1783271120.144
1783271121,113713.92,113710.56,113717.27,1783271121.122
1783271122,113709.65,113706.29,113713,1783271122.197
1783271123,113707.9,113704.55,113711.26,1783271123.123
1783271124,113706.05,113702.7,113709.41,1783271124.147
1783271125,113704.33,113700.97,113707.68,1783271125.111
1783271126,113700.72,113697.37,113704.07,1783271126.155
1783271127,113693.87,113690.52,113697.23,1783271127.108
1783271128,113693.12,113689.76,113696.47,1783271128.149
1783271129,113694.99,113691.64,113698.34,1783271129.122
1783271130,113691.05,113687.69,113694.4,1783271130.172
1783271131,113688.18,113684.83,113691.53,1783271131.135
1783271132,113689.12,113685.77,113692.48,1783271132.151
1783271133,113693.25,113689.9,113696.6,1783271133.127
1783271134,113691.39,113688.04,113694.74,1783271134.141
1783271135,113693.78,113690.43,113697.13,1783271135.111
1783271136,113695.43,113692.08,113698.78,1783271136.120
1783271137,113696.42,113693.07,113699.78,1783271137.114
1783271138,113694.53,113691.18,113697.88,1783271138.203
1783271139,113694.89,113691.53,113698.24,1783271139.125
1783271140,113692.98,113689.63,113696.34,1783271140.123
1783271141,113702.13,113698.77,113705.48,1783271141.118
1783271142,113695.61,113692.25,113698.96,1783271142.149
1783271143,113697.96,113694.61,113701.31,1783271143.115
1783271144,113700.2,113696.84,113703.55,1783271144.134
1783271145,113696.47,113693.12,113699.82,1783271145.125
1783271146,113696.34,113692.99,113699.7,1783271146.125
1783271147,113695.5,113692.15,113698.86,1783271147.109
1783271148,113691.53,113688.18,113694.89,1783271148.128
1783271149,113691.2,113687.84,113694.55,1783271149.123
1783271150,113691.14,113687.79,113694.5,1783271150.146
1783271151,113682.34,113678.99,113685.69,1783271151.126
1783271152,113681.25,113677.89,113684.6,1783271152.128
1783271153,113678.53,113675.17,113681.88,1783271153.127
1783271154,113681.11,113677.75,113684.46,1783271154.131
1783271155,113672,113668.65,113675.36,1783271155.117
1783271156,113673.26,113669.91,113676.62,1783271156.132
1783271157,113674.31,113670.96,113677.67,1783271157.118
1783271158,113671.23,113667.88,113674.58,1783271158.151
1783271159,113668.15,113664.79,113671.5,1783271159.123
1783271160,113660.77,113657.42,113664.12,1783271160.146
1783271161,113650.8,113647.44,113654.15,1783271161.162
1783271162,113656.14,113652.79,113659.5,1783271162.171
1783271163,113668.35,113665,113671.71,1783271163.127
1783271164,113670.82,113667.47,113674.18,1783271164.163
1783271165,113673.03,113669.68,113676.38,1783271165.141
1783271166,113679.09,113675.73,113682.44,1783271166.139
1783271167,113675.94,113672.58,113679.29,1783271167.119
1783271168,113685.37,113682.02,113688.73,1783271168.213
1783271169,113675.16,113671.81,113678.52,1783271169.162
1783271170,113673.8,113670.45,113677.16,1783271170.156
1783271171,113672.88,113669.52,113676.23,1783271171.124
1783271172,113671.95,113668.59,113675.3,1783271172.152
1783271173,113675.96,113672.61,113679.31,1783271173.126
1783271174,113673.69,113670.34,113677.04,1783271174.148
1783271175,113670.76,113667.41,113674.11,1783271175.135
1783271176,113665.63,113662.27,113668.98,1783271176.146
1783271177,113671.88,113668.53,113675.24,1783271177.129
1783271178,113671.46,113668.11,113674.82,1783271178.158
1783271179,113676.59,113673.24,113679.95,1783271179.129
1783271180,113674.65,113671.3,113678.01,1783271180.131
1783271181,113670.95,113667.59,113674.3,1783271181.125
1783271182,113663.81,113660.46,113667.17,1783271182.145
1783271183,113666.85,113663.5,113670.2,1783271183.152
1783271184,113674.49,113671.14,113677.85,1783271184.138
1783271185,113679.83,113676.48,113683.19,1783271185.139
1783271186,113679.32,113675.96,113682.67,1783271186.144
1783271187,113671.57,113668.22,113674.93,1783271187.117
1783271188,113672.1,113668.74,113675.45,1783271188.130
1783271189,113672.35,113668.99,113675.7,1783271189.126
1783271190,113670.12,113666.76,113673.47,1783271190.155
1783271191,113671.2,113667.85,113674.55,1783271191.122
1783271192,113673.5,113670.15,113676.86,1783271192.143
1783271193,113679.11,113675.76,113682.46,1783271193.139
1783271194,113670.17,113666.82,113673.52,1783271194.146
1783271195,113673.53,113670.18,113676.89,1783271195.114
1783271196,113675.06,113671.71,113678.42,1783271196.151
1783271197,113669.61,113666.26,113672.96,1783271197.121
1783271198,113678.39,113675.04,113681.75,1783271198.149
1783271199,113672.46,113669.1,113675.81,1783271199.127
1783271200,113677.76,113674.4,113681.11,1783271200.136
1783271201,113677.37,113674.01,113680.72,1783271201.123
1783271202,113673.15,113669.8,113676.51,1783271202.135
1783271203,113671.5,113668.15,113674.86,1783271203.125
1783271204,113668.8,113665.44,113672.15,1783271204.155
1783271205,113674.84,113671.49,113678.19,1783271205.114
1783271206,113682.08,113678.72,113685.43,1783271206.141
1783271207,113690.77,113687.42,113694.12,1783271207.120
1783271208,113697.46,113694.11,113700.81,1783271208.163
1783271209,113693.54,113690.18,113696.89,1783271209.121
1783271210,113697.88,113694.52,113701.23,1783271210.135
1783271211,113696.17,113692.81,113699.52,1783271211.125
1783271212,113703.23,113699.88,113706.59,1783271212.160
1783271213,113705.4,113702.05,113708.76,1783271213.119
1783271214,113711.26,113707.9,113714.61,1783271214.146
1783271215,113710.58,113707.22,113713.93,1783271215.116
1783271216,113711.02,113707.66,113714.37,1783271216.171
1783271217,113704.9,113701.54,113708.25,1783271217.116
1783271218,113701.47,113698.12,113704.83,1783271218.142
1783271219,113694.58,113691.22,113697.93,1783271219.116
1783271220,113683.88,113680.53,113687.23,1783271220.135
1783271221,113676.04,113672.69,113679.39,1783271221.118
1783271222,113669.97,113666.62,113673.32,1783271222.273
1783271223,113670.46,113667.11,113673.81,1783271223.272
1783271224,113676.72,113673.36,113680.07,1783271224.138
1783271225,113677.23,113673.87,113680.58,1783271225.128
1783271226,113680.02,113676.66,113683.37,1783271226.152
1783271227,113681.52,113678.16,113684.87,1783271227.123
1783271228,113685.51,113682.15,113688.86,1783271228.246
1783271229,113688.05,113684.7,113691.4,1783271229.135
1783271230,113684.07,113680.72,113687.43,1783271230.153
1783271231,113682.71,113679.36,113686.06,1783271231.126
1783271232,113676.38,113673.03,113679.73,1783271232.125
1783271233,113678.04,113674.69,113681.4,1783271233.119
1783271234,113682.52,113679.17,113685.88,1783271234.164
1783271235,113680.77,113677.41,113684.12,1783271235.125
1783271236,113688.92,113685.56,113692.27,1783271236.145
1783271237,113693.85,113690.5,113697.21,1783271237.121
1783271238,113695.32,113691.96,113698.67,1783271238.140
1783271239,113692.5,113689.15,113695.86,1783271239.127
1783271240,113691.51,113688.16,113694.87,1783271240.149
1783271241,113686.46,113683.11,113689.81,1783271241.123
1783271242,113684.57,113681.22,113687.92,1783271242.138
1783271243,113680.53,113677.18,113683.89,1783271243.117
1783271244,113682.37,113679.02,113685.72,1783271244.203
1783271245,113678.04,113674.69,113681.4,1783271245.134
1783271246,113673.77,113670.42,113677.13,1783271246.129
1783271247,113677.63,113674.28,113680.98,1783271247.117
1783271248,113678.32,113674.97,113681.67,1783271248.147
1783271249,113676,113672.64,113679.35,1783271249.113
1783271250,113679.96,113676.61,113683.32,1783271250.134
1783271251,113676.59,113673.24,113679.94,1783271251.127
1783271252,113669.48,113666.13,113672.83,1783271252.149
1783271253,113671.48,113668.13,113674.83,1783271253.120
1783271254,113672.81,113669.46,113676.16,1783271254.143
1783271255,113668.59,113665.24,113671.94,1783271255.120
1783271256,113671.76,113668.4,113675.11,1783271256.145
1783271257,113677.51,113674.15,113680.86,1783271257.121
1783271258,113675.26,113671.91,113678.62,1783271258.205
1783271259,113672.59,113669.24,113675.95,1783271259.142
1783271260,113678.4,113675.05,113681.76,1783271260.162
1783271261,113677.9,113674.54,113681.25,1783271261.137
1783271262,113679.71,113676.36,113683.06,1783271262.160
1783271263,113676.73,113673.38,113680.09,1783271263.118
1783271264,113674.46,113671.11,113677.81,1783271264.153
1783271265,113668.57,113665.22,113671.92,1783271265.115
1783271266,113671.38,113668.03,113674.73,1783271266.155
1783271267,113670.8,113667.45,113674.15,1783271267.120
1783271268,113668.73,113665.38,113672.08,1783271268.260
1783271269,113670.34,113666.99,113673.69,1783271269.134
1783271270,113672.33,113668.98,113675.68,1783271270.150
1783271271,113675.18,113671.82,113678.53,1783271271.117
1783271272,113676.35,113672.99,113679.7,1783271272.144
1783271273,113667.56,113664.21,113670.91,1783271273.125
1783271274,113663.93,113660.58,113667.28,1783271274.143
1783271275,113670.42,113667.07,113673.77,1783271275.116
1783271276,113669.6,113666.25,113672.96,1783271276.132
1783271277,113662.88,113659.53,113666.24,1783271277.132
1783271278,113667.41,113664.06,113670.76,1783271278.154
1783271279,113668.37,113665.02,113671.72,1783271279.108
1783271280,113667.8,113664.44,113671.15,1783271280.158
1783271281,113665.72,113662.36,113669.07,1783271281.166
1783271282,113666.81,113663.46,113670.17,1783271282.147
1783271283,113666.1,113662.75,113669.45,1783271283.163
1783271284,113673.61,113670.26,113676.97,1783271284.218
1783271285,113678.13,113674.78,113681.48,1783271285.122
1783271286,113671.92,113668.57,113675.27,1783271286.164
1783271287,113665.17,113661.82,113668.52,1783271287.125
1783271288,113665.59,113662.24,113668.94,1783271288.206
1783271289,113664.5,113661.15,113667.86,1783271289.125
1783271290,113669.79,113666.43,113673.14,1783271290.155
1783271291,113671.12,113667.77,113674.48,1783271291.120
1783271292,113666.49,113663.13,113669.84,1783271292.145
1783271293,113662.28,113658.92,113665.63,1783271293.127
1783271294,113664.98,113661.63,113668.33,1783271294.155
1783271295,113659.46,113656.11,113662.82,1783271295.112
1783271296,113654.37,113651.01,113657.72,1783271296.140
1783271297,113650.93,113647.58,113654.28,1783271297.120
1783271298,113647.93,113644.58,113651.28,1783271298.146
1783271299,113648.11,113644.75,113651.46,1783271299.161
1783271300,113649.22,113645.86,113652.57,1783271300.141
1783271301,113652.21,113648.86,113655.57,1783271301.119
1783271302,113648.43,113645.08,113651.79,1783271302.136
1783271303,113649.99,113646.64,113653.35,1783271303.115
1783271304,113639.6,113636.24,113642.95,1783271304.137
1783271305,113637.21,113633.85,113640.56,1783271305.121
1783271306,113635.32,113631.97,113638.67,1783271306.133
1783271307,113634.22,113630.86,113637.57,1783271307.113
1783271308,113635.69,113632.34,113639.05,1783271308.155
1783271309,113645.57,113642.22,113648.92,1783271309.113
1783271310,113644.57,113641.21,113647.92,1783271310.128
1783271311,113653.16,113649.8,113656.51,1783271311.120
1783271312,113651.02,113647.66,113654.37,1783271312.161
1783271313,113655.28,113651.93,113658.63,1783271313.116
1783271314,113650.82,113647.47,113654.17,1783271314.133
1783271315,113652.1,113648.74,113655.45,1783271315.127
1783271316,113652.3,113648.95,113655.65,1783271316.160
1783271317,113651.09,113647.74,113654.44,1783271317.128
1783271318,113648.51,113645.16,113651.86,1783271318.239
1783271319,113635.99,113632.63,113639.34,1783271319.137
1783271320,113634.46,113631.11,113637.81,1783271320.145
1783271321,113633.38,113630.03,113636.73,1783271321.140
1783271322,113630.45,113627.1,113633.8,1783271322.139
1783271323,113629.66,113626.31,113633.01,1783271323.125
1783271324,113626.68,113623.33,113630.04,1783271324.149
1783271325,113628.03,113624.68,113631.38,1783271325.112
1783271326,113627.8,113624.45,113631.16,1783271326.174
1783271327,113625.63,113622.27,113628.98,1783271327.125
1783271328,113626.89,113623.53,113630.24,1783271328.132
1783271329,113626.16,113622.81,113629.51,1783271329.123
1783271330,113631.66,113628.31,113635.01,1783271330.121
1783271331,113632.22,113628.87,113635.58,1783271331.128
1783271332,113630.19,113626.84,113633.54,1783271332.145
1783271333,113630.38,113627.02,113633.73,1783271333.131
1783271334,113632.46,113629.1,113635.81,1783271334.136
1783271335,113631.96,113628.61,113635.32,1783271335.110
1783271336,113627.11,113623.75,113630.46,1783271336.131
1783271337,113633.89,113630.54,113637.25,1783271337.119
1783271338,113633.07,113629.72,113636.42,1783271338.157
1783271339,113628.98,113625.62,113632.33,1783271339.125
1783271340,113634.34,113630.98,113637.69,1783271340.158
1783271341,113638.57,113635.22,113641.92,1783271341.162
1783271342,113642.8,113639.45,113646.16,1783271342.194
1783271343,113640.15,113636.79,113643.5,1783271343.124
1783271344,113635.63,113632.27,113638.98,1783271344.167
1783271345,113625.96,113622.61,113629.32,1783271345.130
1783271346,113631.74,113628.39,113635.09,1783271346.149
1783271347,113634.19,113630.84,113637.54,1783271347.126
1783271348,113638.42,113635.07,113641.77,1783271348.204
1783271349,113637.78,113634.42,113641.13,1783271349.137
1783271350,113633.27,113629.92,113636.62,1783271350.155
1783271351,113638.81,113635.45,113642.16,1783271351.125
1783271352,113650.49,113647.14,113653.85,1783271352.144
1783271353,113652.61,113649.26,113655.96,1783271353.111
1783271354,113651.99,113648.63,113655.34,1783271354.169
1783271355,113653.78,113650.43,113657.13,1783271355.138
1783271356,113655.24,113651.89,113658.59,1783271356.153
1783271357,113664.76,113661.41,113668.11,1783271357.129
1783271358,113665.33,113661.98,113668.68,1783271358.155
1783271359,113669.68,113666.32,113673.03,1783271359.124
1783271360,113660.46,113657.11,113663.81,1783271360.142
1783271361,113659.03,113655.67,113662.38,1783271361.135
1783271362,113656.4,113653.04,113659.75,1783271362.138
1783271363,113647.72,113644.37,113651.08,1783271363.117
1783271364,113652.23,113648.87,113655.58,1783271364.153
1783271365,113657.2,113653.84,113660.55,1783271365.125
1783271366,113658.98,113655.63,113662.34,1783271366.156
1783271367,113668.25,113664.9,113671.6,1783271367.131
1783271368,113665.49,113662.14,113668.85,1783271368.126
1783271369,113664.04,113660.69,113667.39,1783271369.131
1783271370,113658.15,113654.8,113661.5,1783271370.139
1783271371,113659.06,113655.71,113662.42,1783271371.119
1783271372,113656.32,113652.97,113659.67,1783271372.135
1783271373,113655.51,113652.16,113658.87,1783271373.111
1783271374,113649.13,113645.78,113652.48,1783271374.133
1783271375,113639.17,113635.82,113642.52,1783271375.116
1783271376,113641.27,113637.92,113644.63,1783271376.157
1783271377,113650.7,113647.35,113654.05,1783271377.115
1783271378,113651.12,113647.76,113654.47,1783271378.204
1783271379,113655.47,113652.12,113658.82,1783271379.113
1783271380,113659.46,113656.11,113662.82,1783271380.165
1783271381,113659.38,113656.02,113662.73,1783271381.128
1783271382,113660.93,113657.58,113664.28,1783271382.150
1783271383,113655.37,113652.01,113658.72,1783271383.122
1783271384,113651.65,113648.29,113655,1783271384.127
1783271385,113659.35,113656,113662.7,1783271385.115
1783271386,113661.73,113658.37,113665.08,1783271386.145
1783271387,113660.62,113657.27,113663.98,1783271387.117
1783271388,113660.22,113656.87,113663.58,1783271388.159
1783271389,113660.5,113657.15,113663.85,1783271389.117
1783271390,113659.55,113656.19,113662.9,1783271390.153
1783271391,113658.92,113655.57,113662.28,1783271391.122
1783271392,113650.03,113646.68,113653.38,1783271392.132
1783271393,113643.8,113640.45,113647.16,1783271393.122
1783271394,113641.73,113638.38,113645.08,1783271394.136
1783271395,113630.76,113627.41,113634.11,1783271395.121
1783271396,113634.52,113631.17,113637.87,1783271396.139
1783271397,113635.68,113632.33,113639.03,1783271397.125
1783271398,113633.53,113630.18,113636.88,1783271398.133
1783271399,113636.19,113632.84,113639.55,1783271399.134
1783271400,113628.39,113625.04,113631.74,1783271400.152
1783271401,113628.74,113625.39,113632.09,1783271401.273
1783271402,113632.92,113629.57,113636.28,1783271402.208
1783271403,113630.88,113627.53,113634.23,1783271403.332
1783271404,113638.18,113634.83,113641.54,1783271404.139
1783271405,113636.04,113632.68,113639.39,1783271405.131
1783271406,113633.98,113630.63,113637.33,1783271406.134
1783271407,113628.7,113625.35,113632.05,1783271407.144
1783271408,113626.31,113622.96,113629.66,1783271408.205
1783271409,113621.65,113618.3,113625,1783271409.129
1783271410,113622.91,113619.56,113626.26,1783271410.148
1783271411,113619.87,113616.52,113623.22,1783271411.120
1783271412,113619.38,113616.03,113622.73,1783271412.132
1783271413,113617.32,113613.96,113620.67,1783271413.123
1783271414,113622.61,113619.26,113625.97,1783271414.168
1783271415,113626.18,113622.83,113629.53,1783271415.131
1783271416,113625.03,113621.68,113628.38,1783271416.141
1783271417,113624.63,113621.28,113627.98,1783271417.127
1783271418,113621.73,113618.38,113625.08,1783271418.136
1783271419,113621.57,113618.22,113624.92,1783271419.125
1783271420,113625.48,113622.13,113628.83,1783271420.156
1783271421,113621.97,113618.62,113625.32,1783271421.118
1783271422,113622.63,113619.27,113625.98,1783271422.166
1783271423,113620.83,113617.48,113624.18,1783271423.113
1783271424,113620.41,113617.06,113623.76,1783271424.154
1783271425,113620.79,113617.44,113624.14,1783271425.143
1783271426,113619.9,113616.55,113623.25,1783271426.144
1783271427,113615.23,113611.88,113618.58,1783271427.113
1783271428,113618.39,113615.04,113621.75,1783271428.153
1783271429,113626.24,113622.89,113629.6,1783271429.113
1783271430,113627.12,113623.77,113630.47,1783271430.138
1783271431,113629.98,113626.63,113633.34,1783271431.116
1783271432,113637.3,113633.95,113640.65,1783271432.162
1783271433,113635.58,113632.23,113638.93,1783271433.120
1783271434,113636.06,113632.71,113639.41,1783271434.177
1783271435,113635.29,113631.93,113638.64,1783271435.129
1783271436,113634.78,113631.43,113638.13,1783271436.148
1783271437,113641.44,113638.09,113644.8,1783271437.124
1783271438,113642.51,113639.16,113645.86,1783271438.247
1783271439,113634.95,113631.6,113638.3,1783271439.116
1783271440,113627.02,113623.67,113630.37,1783271440.135
1783271441,113631.14,113627.79,113634.5,1783271441.117
1783271442,113617.26,113613.91,113620.61,1783271442.129
1783271443,113611.35,113608,113614.7,1783271443.121
1783271444,113605.1,113601.75,113608.45,1783271444.145
1783271445,113607.17,113603.82,113610.53,1783271445.161
1783271446,113600.15,113596.79,113603.5,1783271446.145
1783271447,113601.18,113597.83,113604.53,1783271447.110
1783271448,113605.09,113601.74,113608.44,1783271448.155
1783271449,113602.96,113599.61,113606.31,1783271449.132
1783271450,113611.66,113608.31,113615.02,1783271450.156
1783271451,113617.15,113613.8,113620.5,1783271451.128
1783271452,113621.93,113618.58,113625.28,1783271452.149
1783271453,113618.25,113614.89,113621.6,1783271453.122
1783271454,113611.92,113608.57,113615.27,1783271454.149
1783271455,113612.21,113608.86,113615.56,1783271455.126
1783271456,113614.89,113611.54,113618.25,1783271456.164
1783271457,113613.73,113610.37,113617.08,1783271457.124
1783271458,113617.81,113614.46,113621.16,1783271458.142
1783271459,113616.09,113612.74,113619.44,1783271459.120
1783271460,113613.57,113610.22,113616.92,1783271460.156
1783271461,113604.51,113601.16,113607.86,1783271461.119
1783271462,113596.47,113593.12,113599.83,1783271462.253
1783271463,113593.81,113590.46,113597.16,1783271463.145
1783271464,113590.06,113586.71,113593.41,1783271464.151
1783271465,113592.21,113588.86,113595.56,1783271465.121
1783271466,113578.78,113575.43,113582.13,1783271466.159
1783271467,113586.76,113583.41,113590.11,1783271467.126
1783271468,113593,113589.65,113596.35,1783271468.244
1783271469,113586.27,113582.92,113589.62,1783271469.125
1783271470,113588.49,113585.14,113591.85,1783271470.158
1783271471,113589.79,113586.44,113593.14,1783271471.162
1783271472,113587.08,113583.73,113590.43,1783271472.147
1783271473,113586.45,113583.09,113589.8,1783271473.124
1783271474,113592.48,113589.13,113595.84,1783271474.153
1783271475,113589.51,113586.16,113592.86,1783271475.117
1783271476,113593.59,113590.24,113596.94,1783271476.153
1783271477,113594.62,113591.27,113597.97,1783271477.117
1783271478,113594.91,113591.55,113598.26,1783271478.146
1783271479,113598.1,113594.75,113601.45,1783271479.112
1783271480,113601.67,113598.31,113605.02,1783271480.137
1783271481,113597.35,113594,113600.7,1783271481.116
1783271482,113599.4,113596.04,113602.75,1783271482.136
1783271483,113594.53,113591.18,113597.88,1783271483.125
1783271484,113592.43,113589.08,113595.78,1783271484.168
1783271485,113595.26,113591.91,113598.61,1783271485.124
1783271486,113595.91,113592.56,113599.26,1783271486.149
1783271487,113601.08,113597.72,113604.43,1783271487.123
1783271488,113596.08,113592.73,113599.44,1783271488.138
1783271489,113596.19,113592.84,113599.54,1783271489.112
1783271490,113592.21,113588.86,113595.56,1783271490.149
1783271491,113596.56,113593.2,113599.91,1783271491.120
1783271492,113594.7,113591.34,113598.05,1783271492.150
1783271493,113603.04,113599.68,113606.39,1783271493.146
1783271494,113602.11,113598.76,113605.46,1783271494.163
1783271495,113610.63,113607.28,113613.98,1783271495.127
1783271496,113608.83,113605.48,113612.18,1783271496.157
1783271497,113613.15,113609.79,113616.5,1783271497.129
1783271498,113607.5,113604.15,113610.86,1783271498.203
1783271499,113600.3,113596.95,113603.65,1783271499.123
1783271500,113598.84,113595.49,113602.19,1783271500.173
1783271501,113598.54,113595.19,113601.89,1783271501.142
1783271502,113596.79,113593.44,113600.14,1783271502.142
1783271503,113604.19,113600.84,113607.54,1783271503.122
1783271504,113611.35,113608,113614.7,1783271504.159
1783271505,113616.6,113613.25,113619.95,1783271505.134
1783271506,113619.12,113615.76,113622.47,1783271506.149
1783271507,113623.43,113620.08,113626.79,1783271507.122
1783271508,113616.29,113612.94,113619.64,1783271508.158
1783271509,113614.28,113610.92,113617.63,1783271509.130
1783271510,113601.09,113597.74,113604.44,1783271510.146
1783271511,113605.04,113601.69,113608.39,1783271511.126
1783271512,113594.73,113591.38,113598.08,1783271512.138
1783271513,113595.28,113591.93,113598.63,1783271513.116
1783271514,113595.77,113592.42,113599.12,1783271514.153
1783271515,113599.01,113595.66,113602.37,1783271515.122
1783271516,113602.97,113599.62,113606.32,1783271516.135
1783271517,113610.25,113606.89,113613.6,1783271517.122
1783271518,113605.68,113602.33,113609.03,1783271518.142
1783271519,113611.06,113607.71,113614.41,1783271519.143
1783271520,113612.4,113609.05,113615.76,1783271520.182
1783271521,113616.94,113613.59,113620.29,1783271521.126
1783271522,113612.52,113609.17,113615.87,1783271522.212
1783271523,113605.03,113601.68,113608.38,1783271523.180
1783271524,113601.31,113597.96,113604.66,1783271524.244
1783271525,113596.89,113593.54,113600.24,1783271525.126
1783271526,113590.97,113587.62,113594.32,1783271526.133
1783271527,113581.31,113577.96,113584.66,1783271527.145
1783271528,113576.24,113572.89,113579.59,1783271528.203
1783271529,113581.77,113578.42,113585.12,1783271529.116
1783271530,113581.53,113578.18,113584.88,1783271530.151
1783271531,113587.95,113584.6,113591.3,1783271531.111
1783271532,113584.75,113581.4,113588.1,1783271532.135
1783271533,113583.85,113580.5,113587.2,1783271533.133
1783271534,113578.61,113575.25,113581.96,1783271534.137
1783271535,113576.01,113572.66,113579.36,1783271535.116
1783271536,113576.97,113573.62,113580.32,1783271536.132
1783271537,113571.62,113568.27,113574.97,1783271537.122
1783271538,113576.4,113573.04,113579.75,1783271538.147
1783271539,113578.13,113574.78,113581.48,1783271539.119
1783271540,113577.55,113574.2,113580.9,1783271540.151
1783271541,113577.19,113573.84,113580.54,1783271541.119
1783271542,113579.8,113576.45,113583.15,1783271542.132
1783271543,113566.32,113562.97,113569.67,1783271543.151
1783271544,113565.01,113561.66,113568.36,1783271544.136
1783271545,113562.08,113558.73,113565.43,1783271545.108
1783271546,113554.5,113551.15,113557.85,1783271546.162
1783271547,113548.08,113544.73,113551.43,1783271547.118
1783271548,113547.86,113544.51,113551.21,1783271548.145
1783271549,113552.66,113549.31,113556.01,1783271549.113
1783271550,113557.49,113554.14,113560.84,1783271550.139
1783271551,113546.14,113542.79,113549.49,1783271551.109
1783271552,113541.68,113538.33,113545.03,1783271552.126
1783271553,113535.57,113532.22,113538.92,1783271553.138
1783271554,113538.42,113535.07,113541.77,1783271554.149
1783271555,113528.48,113525.13,113531.83,1783271555.111
1783271556,113530.08,113526.73,113533.43,1783271556.137
1783271557,113530.02,113526.67,113533.37,1783271557.115
1783271558,113524.11,113520.77,113527.46,1783271558.202
1783271559,113513.85,113510.5,113517.2,1783271559.112
1783271560,113507.78,113504.43,113511.13,1783271560.138
1783271561,113509.76,113506.41,113513.11,1783271561.124
1783271562,113511.65,113508.3,113515,1783271562.131
1783271563,113510.44,113507.09,113513.79,1783271563.127
1783271564,113494.38,113491.03,113497.73,1783271564.144
1783271565,113493.13,113489.78,113496.48,1783271565.115
1783271566,113494.07,113490.72,113497.42,1783271566.132
1783271567,113493.3,113489.95,113496.64,1783271567.124
1783271568,113498.84,113495.49,113502.19,1783271568.124
1783271569,113500.72,113497.37,113504.07,1783271569.111
1783271570,113494.65,113491.3,113498,1783271570.148
1783271571,113489.48,113486.14,113492.83,1783271571.107
1783271572,113487.17,113483.82,113490.51,1783271572.158
1783271573,113491.27,113487.92,113494.62,1783271573.119
1783271574,113491.43,113488.08,113494.78,1783271574.144
1783271575,113492.34,113489,113495.69,1783271575.162
1783271576,113487.95,113484.61,113491.3,1783271576.156
1783271577,113492.17,113488.82,113495.52,1783271577.114
1783271578,113500.12,113496.78,113503.47,1783271578.164
1783271579,113495.17,113491.82,113498.51,1783271579.111
1783271580,113492.55,113489.2,113495.9,1783271580.144
1783271581,113494.94,113491.59,113498.29,1783271581.136
1783271582,113492.87,113489.52,113496.22,1783271582.166
1783271583,113489.15,113485.81,113492.5,1783271583.126
1783271584,113486.7,113483.35,113490.05,1783271584.171
1783271585,113487.36,113484.01,113490.71,1783271585.111
1783271586,113490.35,113487,113493.7,1783271586.136
1783271587,113490.01,113486.67,113493.36,1783271587.130
1783271588,113489.5,113486.16,113492.85,1783271588.168
1783271589,113495.04,113491.7,113498.39,1783271589.119
1783271590,113494.63,113491.28,113497.98,1783271590.127
1783271591,113496.22,113492.87,113499.56,1783271591.112
1783271592,113487.7,113484.35,113491.05,1783271592.143
1783271593,113489.61,113486.26,113492.96,1783271593.129
1783271594,113486.5,113483.16,113489.85,1783271594.128
1783271595,113487.36,113484.02,113490.71,1783271595.115
1783271596,113478.75,113475.4,113482.1,1783271596.130
1783271597,113474.06,113470.71,113477.4,1783271597.121
1783271598,113479.34,113475.99,113482.68,1783271598.134
1783271599,113479.86,113476.51,113483.21,1783271599.112
1783271600,113484.01,113480.66,113487.36,1783271600.156
1783271601,113487.62,113484.27,113490.96,1783271601.118
1783271602,113489.81,113486.46,113493.16,1783271602.125
1783271603,113489.31,113485.96,113492.65,1783271603.121
1783271604,113495.71,113492.36,113499.06,1783271604.127
1783271605,113499.79,113496.44,113503.14,1783271605.125
1783271606,113498.92,113495.57,113502.27,1783271606.140
1783271607,113494.35,113491,113497.7,1783271607.114
1783271608,113498.47,113495.12,113501.82,1783271608.130
1783271609,113486.87,113483.52,113490.22,1783271609.118
1783271610,113480.68,113477.33,113484.03,1783271610.148
1783271611,113485.48,113482.13,113488.82,1783271611.108
1783271612,113485.49,113482.14,113488.84,1783271612.130
1783271613,113481.6,113478.26,113484.95,1783271613.135
1783271614,113488.53,113485.19,113491.88,1783271614.162
1783271615,113489.01,113485.66,113492.36,1783271615.113
1783271616,113495.88,113492.53,113499.23,1783271616.131
1783271617,113495.32,113491.97,113498.67,1783271617.110
1783271618,113497.34,113493.99,113500.69,1783271618.206
1783271619,113497.54,113494.19,113500.89,1783271619.123
1783271620,113495.9,113492.56,113499.25,1783271620.157
1783271621,113493.23,113489.89,113496.58,1783271621.143
1783271622,113494.54,113491.19,113497.89,1783271622.148
1783271623,113491.97,113488.63,113495.32,1783271623.131
1783271624,113495.4,113492.05,113498.74,1783271624.145
1783271625,113499.83,113496.48,113503.18,1783271625.125
1783271626,113499.53,113496.18,113502.88,1783271626.135
1783271627,113501.43,113498.08,113504.78,1783271627.162
1783271628,113497.5,113494.15,113500.85,1783271628.127
1783271629,113491.61,113488.26,113494.96,1783271629.126
1783271630,113495.33,113491.98,113498.67,1783271630.170
1783271631,113494.69,113491.34,113498.04,1783271631.131
1783271632,113493.41,113490.06,113496.76,1783271632.124
1783271633,113498.08,113494.73,113501.42,1783271633.110
1783271634,113497.82,113494.47,113501.16,1783271634.133
1783271635,113503.09,113499.75,113506.44,1783271635.120
1783271636,113500.18,113496.83,113503.53,1783271636.148
1783271637,113499.92,113496.58,113503.27,1783271637.112
1783271638,113510.45,113507.11,113513.8,1783271638.129
1783271639,113509.3,113505.95,113512.64,1783271639.116
1783271640,113511.76,113508.41,113515.11,1783271640.140
1783271641,113510.24,113506.9,113513.59,1783271641.115
1783271642,113511.17,113507.82,113514.52,1783271642.185
1783271643,113495.35,113492,113498.69,1783271643.195
1783271644,113500.72,113497.37,113504.07,1783271644.224
1783271645,113499.64,113496.29,113502.98,1783271645.151
1783271646,113495.61,113492.26,113498.96,1783271646.138
1783271647,113497.2,113493.85,113500.55,1783271647.128
1783271648,113496.89,113493.55,113500.24,1783271648.250
1783271649,113493.34,113490,113496.69,1783271649.118
1783271650,113496.35,113493,113499.7,1783271650.161
1783271651,113498.24,113494.89,113501.58,1783271651.129
1783271652,113494.45,113491.1,113497.79,1783271652.131
1783271653,113497.63,113494.28,113500.98,1783271653.124
1783271654,113498.05,113494.7,113501.39,1783271654.144
1783271655,113495.8,113492.45,113499.14,1783271655.124
1783271656,113497.14,113493.79,113500.49,1783271656.138
1783271657,113490.93,113487.58,113494.28,1783271657.116
1783271658,113489.23,113485.88,113492.58,1783271658.128
1783271659,113490.16,113486.81,113493.51,1783271659.132
1783271660,113486.94,113483.6,113490.29,1783271660.140
1783271661,113496.85,113493.5,113500.2,1783271661.129
1783271662,113504.11,113500.76,113507.46,1783271662.159
1783271663,113496.56,113493.21,113499.91,1783271663.116
1783271664,113497.78,113494.43,113501.13,1783271664.142
1783271665,113502.28,113498.93,113505.63,1783271665.117
1783271666,113509.64,113506.29,113512.99,1783271666.152
1783271667,113512.63,113509.28,113515.98,1783271667.115
1783271668,113507.39,113504.05,113510.74,1783271668.133
1783271669,113509.18,113505.83,113512.53,1783271669.112
1783271670,113497.96,113494.62,113501.31,1783271670.156
1783271671,113501.89,113498.54,113505.24,1783271671.112
1783271672,113505.55,113502.2,113508.9,1783271672.128
1783271673,113501.39,113498.04,113504.74,1783271673.130
1783271674,113496.87,113493.52,113500.22,1783271674.205
1783271675,113495.88,113492.53,113499.23,1783271675.127
1783271676,113491.83,113488.48,113495.18,1783271676.134
1783271677,113480.83,113477.48,113484.17,1783271677.127
1783271678,113477.41,113474.06,113480.75,1783271678.205
1783271679,113479.15,113475.8,113482.5,1783271679.124
1783271680,113480.95,113477.61,113484.3,1783271680.134
1783271681,113474.74,113471.39,113478.09,1783271681.111
1783271682,113472.97,113469.62,113476.32,1783271682.140
1783271683,113472.04,113468.69,113475.39,1783271683.112
1783271684,113476.35,113473.01,113479.7,1783271684.146
1783271685,113475.86,113472.51,113479.2,1783271685.129
1783271686,113479.29,113475.94,113482.64,1783271686.127
1783271687,113484.2,113480.85,113487.55,1783271687.113
1783271688,113485.76,113482.41,113489.11,1783271688.168
1783271689,113491.52,113488.17,113494.86,1783271689.114
1783271690,113488.42,113485.07,113491.77,1783271690.151
1783271691,113487.17,113483.82,113490.52,1783271691.117
1783271692,113480.28,113476.93,113483.62,1783271692.143
1783271693,113485.58,113482.23,113488.92,1783271693.124
1783271694,113485.04,113481.69,113488.39,1783271694.132
1783271695,113489.33,113485.99,113492.68,1783271695.105
1783271696,113492.67,113489.33,113496.02,1783271696.153
1783271697,113502.73,113499.38,113506.08,1783271697.113
1783271698,113493.06,113489.71,113496.41,1783271698.131
1783271699,113503.45,113500.1,113506.8,1783271699.120
1783271700,113516.66,113513.31,113520,1783271700.144
1783271701,113515.94,113512.59,113519.29,1783271701.121
1783271702,113518.09,113514.74,113521.44,1783271702.202
1783271703,113521.63,113518.28,113524.98,1783271703.170
1783271704,113521.18,113517.83,113524.52,1783271704.141
1783271705,113516.02,113512.67,113519.36,1783271705.121
1783271706,113520.09,113516.74,113523.43,1783271706.136
1783271707,113516.71,113513.37,113520.06,1783271707.116
1783271708,113515.22,113511.87,113518.56,1783271708.201
1783271709,113512.54,113509.19,113515.88,1783271709.114
1783271710,113513.44,113510.09,113516.79,1783271710.126
1783271711,113508.41,113505.06,113511.76,1783271711.123
1783271712,113516.67,113513.32,113520.02,1783271712.145
1783271713,113515.73,113512.38,113519.08,1783271713.129
1783271714,113512.3,113508.96,113515.65,1783271714.158
1783271715,113516.8,113513.45,113520.14,1783271715.115
1783271716,113519.47,113516.12,113522.82,1783271716.156
1783271717,113519.2,113515.85,113522.54,1783271717.112
1783271718,113518.66,113515.31,113522.01,1783271718.166
1783271719,113521.06,113517.72,113524.41,1783271719.112
1783271720,113525.41,113522.07,113528.76,1783271720.140
1783271721,113515.2,113511.85,113518.54,1783271721.121
1783271722,113516.83,113513.48,113520.18,1783271722.142
1783271723,113520.12,113516.77,113523.46,1783271723.112
1783271724,113518.94,113515.59,113522.29,1783271724.133
1783271725,113523.22,113519.87,113526.57,1783271725.123
1783271726,113518.74,113515.39,113522.09,1783271726.135
1783271727,113511.43,113508.08,113514.78,1783271727.120
1783271728,113517.51,113514.16,113520.86,1783271728.131
1783271729,113521.79,113518.45,113525.14,1783271729.124
1783271730,113528.06,113524.71,113531.41,1783271730.152
1783271731,113522.06,113518.71,113525.41,1783271731.123
1783271732,113524.5,113521.15,113527.85,1783271732.147
1783271733,113526.9,113523.55,113530.25,1783271733.130
1783271734,113524.4,113521.05,113527.75,1783271734.141
1783271735,113517.21,113513.86,113520.56,1783271735.117
1783271736,113528.42,113525.07,113531.77,1783271736.135
1783271737,113528.36,113525.01,113531.71,1783271737.128
1783271738,113533.77,113530.42,113537.12,1783271738.245
1783271739,113529.74,113526.39,113533.09,1783271739.109
1783271740,113523.32,113519.97,113526.67,1783271740.141
1783271741,113519.7,113516.36,113523.05,1783271741.120
1783271742,113511.12,113507.77,113514.47,1783271742.150
1783271743,113510.93,113507.59,113514.28,1783271743.142
1783271744,113501.25,113497.91,113504.6,1783271744.135
1783271745,113498.88,113495.53,113502.23,1783271745.124
1783271746,113503.78,113500.43,113507.12,1783271746.146
1783271747,113507.67,113504.32,113511.02,1783271747.116
1783271748,113501.97,113498.62,113505.32,1783271748.152
1783271749,113498.34,113494.99,113501.69,1783271749.113
1783271750,113493.2,113489.85,113496.55,1783271750.139
1783271751,113493.42,113490.07,113496.77,1783271751.113
1783271752,113496.64,113493.29,113499.99,1783271752.141
1783271753,113502.07,113498.73,113505.42,1783271753.116
1783271754,113504.13,113500.78,113507.47,1783271754.146
1783271755,113497.02,113493.67,113500.37,1783271755.113
1783271756,113497.71,113494.36,113501.06,1783271756.131
1783271757,113494.5,113491.15,113497.85,1783271757.129
1783271758,113495.58,113492.23,113498.92,1783271758.145
1783271759,113493.87,113490.52,113497.22,1783271759.122
1783271760,113491.52,113488.18,113494.87,1783271760.131
1783271761,113501.75,113498.4,113505.1,1783271761.129
1783271762,113503.89,113500.54,113507.24,1783271762.181
1783271763,113499.88,113496.53,113503.23,1783271763.118
1783271764,113503.07,113499.72,113506.42,1783271764.193
1783271765,113509.4,113506.05,113512.75,1783271765.119
1783271766,113516.09,113512.74,113519.44,1783271766.140
1783271767,113509.08,113505.73,113512.42,1783271767.120
1783271768,113502.12,113498.77,113505.47,1783271768.202
1783271769,113495.71,113492.36,113499.05,1783271769.123
1783271770,113502.54,113499.19,113505.89,1783271770.150
1783271771,113500.23,113496.88,113503.57,1783271771.112
1783271772,113492.74,113489.39,113496.08,1783271772.135
1783271773,113489.05,113485.71,113492.4,1783271773.126
1783271774,113481.47,113478.13,113484.82,1783271774.143
1783271775,113481.79,113478.44,113485.14,1783271775.121
1783271776,113481.39,113478.04,113484.74,1783271776.158
1783271777,113477.51,113474.16,113480.86,1783271777.117
1783271778,113480.47,113477.13,113483.82,1783271778.131
1783271779,113478.58,113475.23,113481.92,1783271779.119
1783271780,113484.6,113481.25,113487.95,1783271780.137
1783271781,113485.2,113481.85,113488.55,1783271781.144
1783271782,113480.51,113477.16,113483.86,1783271782.134
1783271783,113469.25,113465.9,113472.59,1783271783.111
1783271784,113464.99,113461.64,113468.33,1783271784.135
1783271785,113460.98,113457.63,113464.32,1783271785.113
1783271786,113460.4,113457.05,113463.75,1783271786.166
1783271787,113468.09,113464.74,113471.43,1783271787.110
1783271788,113470.69,113467.34,113474.04,1783271788.130
1783271789,113467.73,113464.38,113471.08,1783271789.148
1783271790,113473.06,113469.72,113476.41,1783271790.138
1783271791,113467.19,113463.84,113470.53,1783271791.113
1783271792,113465.58,113462.23,113468.92,1783271792.131
1783271793,113459.13,113455.79,113462.48,1783271793.123
1783271794,113454.15,113450.8,113457.5,1783271794.133
1783271795,113458.86,113455.51,113462.21,1783271795.109
1783271796,113458.65,113455.31,113462,1783271796.150
1783271797,113458.73,113455.39,113462.08,1783271797.121
1783271798,113461.27,113457.93,113464.62,1783271798.134
1783271799,113463.11,113459.77,113466.46,1783271799.162
1783271800,113460.5,113457.16,113463.85,1783271800.144
1783271801,113467.45,113464.11,113470.8,1783271801.119
1783271802,113468.65,113465.3,113472,1783271802.133
1783271803,113470.9,113467.55,113474.25,1783271803.114
1783271804,113469.21,113465.86,113472.56,1783271804.146
1783271805,113467.28,113463.93,113470.62,1783271805.109
1783271806,113471.66,113468.31,113475.01,1783271806.133
1783271807,113468.81,113465.46,113472.15,1783271807.123
1783271808,113467.88,113464.53,113471.23,1783271808.141
1783271809,113475.07,113471.73,113478.42,1783271809.120
1783271810,113548.58,113545.23,113551.93,1783271810.135
1783271811,113561.64,113558.29,113564.99,1783271811.115
1783271812,113558.77,113555.42,113562.12,1783271812.146
1783271813,113544.32,113540.97,113547.67,1783271813.113
1783271814,113542.49,113539.14,113545.84,1783271814.149
1783271815,113538.64,113535.29,113541.99,1783271815.115
1783271816,113537.83,113534.48,113541.18,1783271816.153
1783271817,113536.81,113533.46,113540.15,1783271817.122
1783271818,113538.07,113534.72,113541.42,1783271818.139
1783271819,113540.43,113537.08,113543.78,1783271819.119
1783271820,113538.4,113535.05,113541.75,1783271820.187
1783271821,113532.25,113528.9,113535.6,1783271821.120
1783271822,113521.87,113518.52,113525.22,1783271822.192
1783271823,113518.04,113514.69,113521.39,1783271823.233
1783271824,113510.65,113507.3,113514,1783271824.152
1783271825,113513.11,113509.76,113516.46,1783271825.162
1783271826,113503.33,113499.98,113506.68,1783271826.153
1783271827,113507.68,113504.34,113511.03,1783271827.122
1783271828,113507.58,113504.24,113510.93,1783271828.136
1783271829,113499.5,113496.15,113502.84,1783271829.119
1783271830,113502.05,113498.7,113505.4,1783271830.130
1783271831,113503.71,113500.36,113507.05,1783271831.111
1783271832,113506.73,113503.38,113510.08,1783271832.152
1783271833,113503.65,113500.31,113507,1783271833.117
1783271834,113508.31,113504.96,113511.66,1783271834.128
1783271835,113509.26,113505.91,113512.6,1783271835.117
1783271836,113511.33,113507.98,113514.68,1783271836.142
1783271837,113513.38,113510.03,113516.73,1783271837.126
1783271838,113512.68,113509.33,113516.03,1783271838.136
1783271839,113517.1,113513.75,113520.45,1783271839.124
1783271840,113513.28,113509.94,113516.63,1783271840.133
1783271841,113515.05,113511.71,113518.4,1783271841.118
1783271842,113514.68,113511.33,113518.03,1783271842.151
1783271843,113510.75,113507.4,113514.1,1783271843.119
1783271844,113522.99,113519.65,113526.34,1783271844.141
1783271845,113527.82,113524.47,113531.17,1783271845.121
1783271846,113536.12,113532.77,113539.47,1783271846.144
1783271847,113540.66,113537.31,113544.01,1783271847.149
1783271848,113547.45,113544.11,113550.8,1783271848.137
1783271849,113553.32,113549.97,113556.67,1783271849.110
1783271850,113561.72,113558.37,113565.07,1783271850.134
1783271851,113557.52,113554.17,113560.87,1783271851.163
1783271852,113548.97,113545.63,113552.32,1783271852.165
1783271853,113552.63,113549.28,113555.98,1783271853.115
1783271854,113558.44,113555.09,113561.79,1783271854.157
1783271855,113570.93,113567.58,113574.28,1783271855.118
1783271856,113571.02,113567.67,113574.37,1783271856.140
1783271857,113575.71,113572.36,113579.06,1783271857.123
1783271858,113577.7,113574.35,113581.05,1783271858.203
1783271859,113576.98,113573.63,113580.33,1783271859.121
1783271860,113581.72,113578.37,113585.07,1783271860.151
1783271861,113575.91,113572.56,113579.26,1783271861.123
1783271862,113580.7,113577.35,113584.05,1783271862.147
1783271863,113577.39,113574.03,113580.74,1783271863.114
1783271864,113581.93,113578.58,113585.28,1783271864.143
1783271865,113579.89,113576.54,113583.24,1783271865.115
1783271866,113575.54,113572.19,113578.89,1783271866.135
1783271867,113580.43,113577.08,113583.78,1783271867.112
1783271868,113579.27,113575.92,113582.63,1783271868.138
1783271869,113578.97,113575.62,113582.32,1783271869.124
1783271870,113582.4,113579.05,113585.75,1783271870.140
1783271871,113576.41,113573.06,113579.76,1783271871.137
1783271872,113568.38,113565.03,113571.73,1783271872.138
1783271873,113568.01,113564.66,113571.36,1783271873.109
1783271874,113560.84,113557.49,113564.19,1783271874.147
1783271875,113563.05,113559.7,113566.4,1783271875.128
1783271876,113562.93,113559.58,113566.28,1783271876.148
1783271877,113559.23,113555.88,113562.58,1783271877.113
1783271878,113558.15,113554.8,113561.5,1783271878.146
1783271879,113560.06,113556.71,113563.41,1783271879.144
1783271880,113560.76,113557.41,113564.11,1783271880.164
1783271881,113565.8,113562.45,113569.15,1783271881.134
1783271882,113571.47,113568.12,113574.82,1783271882.265
1783271883,113568.46,113565.11,113571.81,1783271883.138
1783271884,113572.62,113569.27,113575.97,1783271884.321
1783271885,113577.69,113574.34,113581.04,1783271885.129
1783271886,113583.68,113580.33,113587.03,1783271886.156
1783271887,113582.83,113579.48,113586.18,1783271887.116
1783271888,113584.05,113580.7,113587.4,1783271888.126
1783271889,113581.15,113577.8,113584.5,1783271889.118
1783271890,113583.62,113580.27,113586.97,1783271890.145
1783271891,113582.91,113579.56,113586.26,1783271891.114
1783271892,113578.65,113575.3,113582,1783271892.131
1783271893,113571.22,113567.87,113574.57,1783271893.164
1783271894,113572.45,113569.1,113575.8,1783271894.146
1783271895,113567.07,113563.72,113570.42,1783271895.129
1783271896,113568.05,113564.7,113571.4,1783271896.143
1783271897,113562.01,113558.66,113565.36,1783271897.118
1783271898,113558.22,113554.87,113561.57,1783271898.138
1783271899,113558.2,113554.85,113561.55,1783271899.112
1783271900,113558.57,113555.22,113561.92,1783271900.125
1783271901,113563.75,113560.4,113567.1,1783271901.113
1783271902,113575.36,113572.01,113578.71,1783271902.146
1783271903,113576.25,113572.9,113579.6,1783271903.120
1783271904,113581.35,113577.99,113584.7,1783271904.159
1783271905,113581.96,113578.61,113585.31,1783271905.113
1783271906,113573.28,113569.93,113576.63,1783271906.162
1783271907,113580.68,113577.33,113584.03,1783271907.131
1783271908,113582.73,113579.38,113586.08,1783271908.132
1783271909,113588.36,113585.01,113591.72,1783271909.114
1783271910,113581.28,113577.92,113584.63,1783271910.144
1783271911,113584.65,113581.3,113588,1783271911.114
1783271912,113582.49,113579.14,113585.84,1783271912.139
1783271913,113582.66,113579.31,113586.01,1783271913.117
1783271914,113573.98,113570.63,113577.33,1783271914.143
1783271915,113569.44,113566.09,113572.79,1783271915.128
1783271916,113570.75,113567.4,113574.1,1783271916.144
1783271917,113564.74,113561.39,113568.09,1783271917.114
1783271918,113567.97,113564.62,113571.32,1783271918.242
1783271919,113570.56,113567.21,113573.91,1783271919.117
1783271920,113569.8,113566.45,113573.16,1783271920.164
1783271921,113564.98,113561.63,113568.33,1783271921.117
1783271922,113563.14,113559.79,113566.49,1783271922.145
1783271923,113552.2,113548.85,113555.54,1783271923.112
1783271924,113545.42,113542.07,113548.77,1783271924.128
1783271925,113544.71,113541.36,113548.06,1783271925.122
1783271926,113545.46,113542.11,113548.81,1783271926.135
1783271927,113545.12,113541.77,113548.47,1783271927.113
1783271928,113543.9,113540.55,113547.25,1783271928.145
1783271929,113547.49,113544.14,113550.84,1783271929.109
1783271930,113544.27,113540.92,113547.62,1783271930.151
1783271931,113536.91,113533.57,113540.26,1783271931.109
1783271932,113539.91,113536.56,113543.26,1783271932.173
1783271933,113534.96,113531.61,113538.31,1783271933.124
1783271934,113532.44,113529.09,113535.79,1783271934.157
1783271935,113529.83,113526.49,113533.18,1783271935.113
1783271936,113528.27,113524.92,113531.62,1783271936.153
1783271937,113527.48,113524.13,113530.83,1783271937.124
1783271938,113520.12,113516.77,113523.47,1783271938.132
1783271939,113515.44,113512.09,113518.79,1783271939.124
1783271940,113510.6,113507.25,113513.95,1783271940.165
1783271941,113508.07,113504.72,113511.42,1783271941.123
1783271942,113514.82,113511.47,113518.17,1783271942.266
1783271943,113511.35,113508,113514.7,1783271943.128
1783271944,113509.99,113506.64,113513.34,1783271944.162
1783271945,113511.1,113507.75,113514.45,1783271945.113
1783271946,113513.85,113510.5,113517.2,1783271946.142
1783271947,113507.15,113503.8,113510.5,1783271947.124
1783271948,113510.09,113506.75,113513.44,1783271948.201
1783271949,113512.35,113509,113515.69,1783271949.126
1783271950,113511.26,113507.91,113514.61,1783271950.134
1783271951,113503.33,113499.98,113506.68,1783271951.117
1783271952,113501.46,113498.12,113504.81,1783271952.148
1783271953,113496.86,113493.51,113500.21,1783271953.126
1783271954,113496.76,113493.41,113500.1,1783271954.142
1783271955,113501.59,113498.24,113504.94,1783271955.116
1783271956,113500.71,113497.36,113504.06,1783271956.157
1783271957,113489.23,113485.88,113492.58,1783271957.111
1783271958,113482.11,113478.76,113485.46,1783271958.162
1783271959,113488,113484.65,113491.35,1783271959.117
1783271960,113486.09,113482.74,113489.43,1783271960.133
1783271961,113498.48,113495.13,113501.83,1783271961.110
1783271962,113494.35,113491,113497.7,1783271962.124
1783271963,113488.04,113484.69,113491.39,1783271963.115
1783271964,113494.9,113491.55,113498.24,1783271964.128
1783271965,113495.94,113492.59,113499.29,1783271965.111
1783271966,113493.14,113489.79,113496.49,1783271966.206
1783271967,113486.84,113483.5,113490.19,1783271967.116
1783271968,113489.62,113486.27,113492.96,1783271968.165
1783271969,113484.27,113480.93,113487.62,1783271969.141
1783271970,113484.15,113480.8,113487.5,1783271970.153
1783271971,113488.74,113485.39,113492.09,1783271971.111
1783271972,113491.67,113488.32,113495.02,1783271972.132
1783271973,113487.72,113484.37,113491.07,1783271973.127
1783271974,113494.42,113491.07,113497.77,1783271974.154
1783271975,113489.16,113485.82,113492.51,1783271975.116
1783271976,113497.64,113494.3,113500.99,1783271976.134
1783271977,113496.13,113492.78,113499.48,1783271977.131
1783271978,113493.27,113489.92,113496.62,1783271978.255
1783271979,113489.14,113485.79,113492.48,1783271979.114
1783271980,113489.3,113485.95,113492.65,1783271980.128
1783271981,113482.29,113478.94,113485.64,1783271981.116
1783271982,113481.22,113477.88,113484.57,1783271982.143
1783271983,113477.65,113474.3,113480.99,1783271983.128
1783271984,113478.41,113475.06,113481.76,1783271984.130
1783271985,113472.03,113468.69,113475.38,1783271985.117
1783271986,113466.11,113462.76,113469.46,1783271986.152
1783271987,113469.64,113466.29,113472.99,1783271987.119
1783271988,113472.99,113469.64,113476.34,1783271988.148
1783271989,113476.98,113473.63,113480.33,1783271989.112
1783271990,113467.66,113464.31,113471,1783271990.144
1783271991,113461.19,113457.84,113464.54,1783271991.127
1783271992,113460.01,113456.66,113463.36,1783271992.161
1783271993,113460.07,113456.73,113463.42,1783271993.119
1783271994,113458.21,113454.86,113461.55,1783271994.128
1783271995,113455.33,113451.98,113458.68,1783271995.114
1783271996,113462.32,113458.98,113465.67,1783271996.137
1783271997,113452.55,113449.2,113455.9,1783271997.116
1783271998,113455.83,113452.48,113459.17,1783271998.150
1783271999,113452.64,113449.29,113455.98,1783271999.115
1783272000,113454.79,113451.45,113458.14,1783272000.146
1783272001,113459.12,113455.77,113462.47,1783272001.121
1783272002,113454.55,113451.2,113457.9,1783272002.219
1783272003,113451.49,113448.14,113454.83,1783272003.155
1783272004,113457.53,113454.18,113460.88,1783272004.200
1783272005,113448.38,113445.03,113451.73,1783272005.128
1783272006,113450.51,113447.16,113453.85,1783272006.128
1783272007,113454.09,113450.74,113457.44,1783272007.111
1783272008,113456.9,113453.56,113460.25,1783272008.209
1783272009,113465.88,113462.53,113469.22,1783272009.130
1783272010,113469.95,113466.6,113473.29,1783272010.162
1783272011,113471.25,113467.9,113474.6,1783272011.113
1783272012,113470.7,113467.35,113474.05,1783272012.134
1783272013,113471.1,113467.76,113474.45,1783272013.126
1783272014,113467.77,113464.43,113471.12,1783272014.142
1783272015,113467.69,113464.34,113471.04,1783272015.115
1783272016,113461.19,113457.84,113464.54,1783272016.160
1783272017,113465.39,113462.04,113468.74,1783272017.110
1783272018,113472.39,113469.04,113475.74,1783272018.129
1783272019,113478.84,113475.49,113482.19,1783272019.112
1783272020,113475.08,113471.73,113478.43,1783272020.133
1783272021,113478.43,113475.09,113481.78,1783272021.114
1783272022,113486.12,113482.77,113489.47,1783272022.131
1783272023,113480.91,113477.56,113484.25,1783272023.113
1783272024,113481.96,113478.62,113485.31,1783272024.144
1783272025,113480.94,113477.59,113484.28,1783272025.113
1783272026,113488.76,113485.41,113492.11,1783272026.131
1783272027,113483.57,113480.22,113486.92,1783272027.111
1783272028,113487.52,113484.17,113490.86,1783272028.130
1783272029,113486.63,113483.29,113489.98,1783272029.119
1783272030,113497.42,113494.07,113500.77,1783272030.147
1783272031,113497.57,113494.22,113500.92,1783272031.111
1783272032,113499.42,113496.07,113502.77,1783272032.136
1783272033,113493.13,113489.78,113496.47,1783272033.117
1783272034,113494.93,113491.58,113498.28,1783272034.155
1783272035,113496.05,113492.7,113499.39,1783272035.109
1783272036,113495.2,113491.86,113498.55,1783272036.134
1783272037,113508.35,113505,113511.7,1783272037.109
1783272038,113509.62,113506.27,113512.97,1783272038.244
1783272039,113514.86,113511.51,113518.21,1783272039.113
1783272040,113523.23,113519.88,113526.58,1783272040.133
1783272041,113524.91,113521.56,113528.26,1783272041.121
1783272042,113525.56,113522.21,113528.91,1783272042.136
1783272043,113521.92,113518.57,113525.27,1783272043.124
1783272044,113510.33,113506.99,113513.68,1783272044.129
1783272045,113509.65,113506.3,113513,1783272045.110
1783272046,113504.6,113501.25,113507.95,1783272046.155
1783272047,113502.97,113499.63,113506.32,1783272047.117
1783272048,113497.84,113494.49,113501.19,1783272048.134
1783272049,113497.68,113494.33,113501.03,1783272049.165
1783272050,113499.39,113496.04,113502.74,1783272050.143
1783272051,113504.35,113501,113507.7,1783272051.112
1783272052,113500.54,113497.19,113503.89,1783272052.151
1783272053,113508.54,113505.19,113511.89,1783272053.131
1783272054,113505.5,113502.16,113508.85,1783272054.132
1783272055,113505,113501.65,113508.34,1783272055.115
1783272056,113508.58,113505.23,113511.93,1783272056.121
1783272057,113509.46,113506.11,113512.81,1783272057.103
1783272058,113508.2,113504.85,113511.55,1783272058.117
1783272059,113510.57,113507.22,113513.92,1783272059.107
1783272060,113501.49,113498.15,113504.84,1783272060.123
1783272061,113508.26,113504.91,113511.6,1783272061.116
1783272062,113508.2,113504.86,113511.55,1783272062.189
1783272063,113504.3,113500.95,113507.65,1783272063.116
1783272064,113508.93,113505.58,113512.28,1783272064.134
1783272065,113506.7,113503.35,113510.05,1783272065.109
1783272066,113511.71,113508.36,113515.06,1783272066.135
1783272067,113505.87,113502.52,113509.21,1783272067.110
1783272068,113506.6,113503.25,113509.95,1783272068.200
1783272069,113504.2,113500.86,113507.55,1783272069.110
1783272070,113509.07,113505.72,113512.42,1783272070.117
1783272071,113505.85,113502.5,113509.19,1783272071.100
1783272072,113505.24,113501.9,113508.59,1783272072.117
1783272073,113509.31,113505.97,113512.66,1783272073.108
1783272074,113501.73,113498.38,113505.07,1783272074.164
1783272075,113496.67,113493.32,113500.02,1783272075.112
1783272076,113492.64,113489.29,113495.98,1783272076.127
1783272077,113492.85,113489.5,113496.2,1783272077.110
1783272078,113493.92,113490.58,113497.27,1783272078.120
1783272079,113491.09,113487.74,113494.43,1783272079.122
1783272080,113490.02,113486.67,113493.37,1783272080.124
1783272081,113499.9,113496.55,113503.25,1783272081.109
1783272082,113495.58,113492.24,113498.93,1783272082.113
1783272083,113492.93,113489.59,113496.28,1783272083.106
1783272084,113497.32,113493.97,113500.67,1783272084.144
1783272085,113501.88,113498.53,113505.22,1783272085.107
1783272086,113503.52,113500.17,113506.87,1783272086.122
1783272087,113505.57,113502.22,113508.92,1783272087.106
1783272088,113506.85,113503.5,113510.2,1783272088.154
1783272089,113512.77,113509.43,113516.12,1783272089.104
1783272090,113509.05,113505.7,113512.4,1783272090.139
1783272091,113508.53,113505.19,113511.88,1783272091.163
1783272092,113510.01,113506.66,113513.36,1783272092.127
1783272093,113512.5,113509.15,113515.84,1783272093.107
1783272094,113522.85,113519.5,113526.2,1783272094.129
1783272095,113520.96,113517.61,113524.31,1783272095.105
1783272096,113521.92,113518.57,113525.27,1783272096.128
1783272097,113520.79,113517.44,113524.14,1783272097.112
1783272098,113521.01,113517.66,113524.36,1783272098.120
1783272099,113509.67,113506.32,113513.02,1783272099.108
1783272100,113515.69,113512.34,113519.03,1783272100.126
1783272101,113515.97,113512.62,113519.32,1783272101.117
1783272102,113517.42,113514.08,113520.77,1783272102.133
1783272103,113515.54,113512.19,113518.89,1783272103.112
1783272104,113518.75,113515.4,113522.1,1783272104.125
1783272105,113519.37,113516.02,113522.72,1783272105.110
1783272106,113512.41,113509.07,113515.76,1783272106.121
1783272107,113515.32,113511.98,113518.67,1783272107.109
1783272108,113509.87,113506.52,113513.22,1783272108.128
1783272109,113509.05,113505.7,113512.39,1783272109.114
1783272110,113507.54,113504.19,113510.88,1783272110.124
1783272111,113512.45,113509.1,113515.8,1783272111.112
1783272112,113511.85,113508.5,113515.2,1783272112.249
1783272113,113506.04,113502.69,113509.38,1783272113.111
1783272114,113509.93,113506.58,113513.28,1783272114.131
1783272115,113513.62,113510.27,113516.97,1783272115.113
1783272116,113511.63,113508.28,113514.98,1783272116.127
1783272117,113508.74,113505.39,113512.09,1783272117.108
1783272118,113510.51,113507.16,113513.86,1783272118.133
1783272119,113516.46,113513.11,113519.81,1783272119.107
1783272120,113515.01,113511.66,113518.36,1783272120.138
1783272121,113530.46,113527.11,113533.81,1783272121.112
1783272122,113522.83,113519.48,113526.18,1783272122.148
1783272123,113520.7,113517.35,113524.05,1783272123.200
1783272124,113523.03,113519.68,113526.38,1783272124.149
1783272125,113525.28,113521.93,113528.63,1783272125.112
1783272126,113534.43,113531.08,113537.78,1783272126.134
1783272127,113537.78,113534.43,113541.13,1783272127.119
1783272128,113531.7,113528.35,113535.04,1783272128.123
1783272129,113525.11,113521.76,113528.46,1783272129.123
1783272130,113524.88,113521.53,113528.23,1783272130.166
1783272131,113518.89,113515.54,113522.24,1783272131.110
1783272132,113512.59,113509.24,113515.94,1783272132.125
1783272133,113505.1,113501.75,113508.44,1783272133.109
1783272134,113495.46,113492.11,113498.81,1783272134.142
1783272135,113488.64,113485.29,113491.99,1783272135.114
1783272136,113488.26,113484.91,113491.6,1783272136.122
1783272137,113489.1,113485.75,113492.44,1783272137.127
1783272138,113490.25,113486.9,113493.6,1783272138.130
1783272139,113493.98,113490.63,113497.33,1783272139.108
1783272140,113491.91,113488.56,113495.26,1783272140.163
1783272141,113486.43,113483.08,113489.78,1783272141.114
1783272142,113494.52,113491.17,113497.86,1783272142.125
1783272143,113489,113485.66,113492.35,1783272143.113
1783272144,113485.54,113482.19,113488.89,1783272144.128
1783272145,113495.36,113492.01,113498.71,1783272145.108
1783272146,113495.91,113492.56,113499.26,1783272146.128
1783272147,113499.17,113495.83,113502.52,1783272147.114
1783272148,113494.25,113490.9,113497.6,1783272148.245
1783272149,113488.8,113485.45,113492.14,1783272149.105
1783272150,113495.08,113491.73,113498.43,1783272150.132
1783272151,113493.56,113490.22,113496.91,1783272151.117
1783272152,113493.43,113490.08,113496.78,1783272152.127
1783272153,113496.57,113493.22,113499.92,1783272153.106
1783272154,113492.67,113489.32,113496.02,1783272154.126
1783272155,113491.47,113488.12,113494.82,1783272155.107
1783272156,113489.79,113486.44,113493.14,1783272156.130
1783272157,113479.91,113476.56,113483.25,1783272157.107
1783272158,113480.26,113476.91,113483.61,1783272158.204
1783272159,113482.78,113479.43,113486.13,1783272159.108
1783272160,113483.38,113480.03,113486.73,1783272160.140
1783272161,113490.62,113487.27,113493.97,1783272161.113
1783272162,113488.73,113485.38,113492.08,1783272162.120
1783272163,113491.9,113488.55,113495.25,1783272163.106
1783272164,113489.92,113486.57,113493.27,1783272164.128
1783272165,113488.62,113485.28,113491.97,1783272165.110
1783272166,113492.19,113488.84,113495.53,1783272166.164
1783272167,113490.41,113487.06,113493.76,1783272167.112
1783272168,113491.62,113488.27,113494.97,1783272168.125
1783272169,113481.77,113478.42,113485.12,1783272169.112
1783272170,113484.5,113481.15,113487.85,1783272170.133
1783272171,113489.02,113485.68,113492.37,1783272171.113
1783272172,113488.33,113484.98,113491.68,1783272172.131
1783272173,113492.05,113488.71,113495.4,1783272173.106
1783272174,113498.93,113495.58,113502.28,1783272174.127
1783272175,113504.15,113500.8,113507.5,1783272175.110
1783272176,113495.16,113491.81,113498.51,1783272176.139
1783272177,113497.3,113493.95,113500.65,1783272177.113
1783272178,113498.7,113495.35,113502.05,1783272178.129
1783272179,113486.87,113483.52,113490.22,1783272179.106
1783272180,113494.01,113490.66,113497.36,1783272180.140
1783272181,113487.12,113483.77,113490.46,1783272181.108
1783272182,113479.31,113475.96,113482.66,1783272182.162
1783272183,113479.65,113476.31,113483,1783272183.168
1783272184,113478.83,113475.48,113482.18,1783272184.138
1783272185,113478.58,113475.23,113481.92,1783272185.115
1783272186,113477.33,113473.98,113480.68,1783272186.121
1783272187,113479.04,113475.69,113482.39,1783272187.111
1783272188,113476.6,113473.25,113479.94,1783272188.154
1783272189,113477.28,113473.93,113480.63,1783272189.104
1783272190,113470.23,113466.88,113473.58,1783272190.128
1783272191,113466.11,113462.76,113469.45,1783272191.114
1783272192,113463.36,113460.01,113466.71,1783272192.125
1783272193,113465.67,113462.32,113469.02,1783272193.127
1783272194,113460.01,113456.66,113463.35,1783272194.122
1783272195,113457.65,113454.3,113461,1783272195.107
1783272196,113461.72,113458.38,113465.07,1783272196.134
1783272197,113462.95,113459.6,113466.3,1783272197.106
1783272198,113461.57,113458.22,113464.92,1783272198.133
1783272199,113459.12,113455.77,113462.46,1783272199.105
1783272200,113458.35,113455.01,113461.7,1783272200.120
1783272201,113464.74,113461.39,113468.09,1783272201.117
1783272202,113465.49,113462.14,113468.84,1783272202.138
1783272203,113465.85,113462.5,113469.2,1783272203.106
1783272204,113464.55,113461.2,113467.9,1783272204.122
1783272205,113461.13,113457.79,113464.48,1783272205.114
1783272206,113459.18,113455.83,113462.53,1783272206.145
1783272207,113447.7,113444.35,113451.04,1783272207.111
1783272208,113452.49,113449.15,113455.84,1783272208.136
1783272209,113448.45,113445.1,113451.79,1783272209.113
1783272210,113449.74,113446.39,113453.08,1783272210.131
1783272211,113447.86,113444.52,113451.21,1783272211.106
1783272212,113445.91,113442.57,113449.26,1783272212.136
1783272213,113439.36,113436.02,113442.71,1783272213.110
1783272214,113443.61,113440.26,113446.96,1783272214.135
1783272215,113448.95,113445.61,113452.3,1783272215.112
1783272216,113446.73,113443.39,113450.08,1783272216.154
1783272217,113440.71,113437.37,113444.06,1783272217.104
1783272218,113441.49,113438.14,113444.84,1783272218.204
1783272219,113446.25,113442.9,113449.6,1783272219.115
1783272220,113456.1,113452.75,113459.44,1783272220.140
1783272221,113454.67,113451.33,113458.02,1783272221.121
1783272222,113451.32,113447.97,113454.67,1783272222.129
1783272223,113453.88,113450.53,113457.23,1783272223.105
1783272224,113460.55,113457.2,113463.9,1783272224.135
1783272225,113456.51,113453.16,113459.86,1783272225.135
1783272226,113454.71,113451.36,113458.05,1783272226.137
1783272227,113453.51,113450.17,113456.86,1783272227.113
1783272228,113452.76,113449.42,113456.11,1783272228.166
1783272229,113441.74,113438.4,113445.09,1783272229.113
1783272230,113444.46,113441.11,113447.8,1783272230.127
1783272231,113437.39,113434.05,113440.74,1783272231.115
1783272232,113427.45,113424.1,113430.79,1783272232.135
1783272233,113432.46,113429.11,113435.8,1783272233.107
1783272234,113439.75,113436.4,113443.09,1783272234.203
1783272235,113435.58,113432.23,113438.93,1783272235.114
1783272236,113432.94,113429.59,113436.28,1783272236.127
1783272237,113445.57,113442.22,113448.92,1783272237.112
1783272238,113447.89,113444.54,113451.24,1783272238.136
1783272239,113448.86,113445.51,113452.21,1783272239.106
1783272240,113448.87,113445.52,113452.21,1783272240.148
1783272241,113452.91,113449.56,113456.26,1783272241.109
1783272242,113450.89,113447.54,113454.24,1783272242.165
1783272243,113453.02,113449.67,113456.36,1783272243.198
1783272244,113449.47,113446.12,113452.81,1783272244.133
1783272245,113455.95,113452.6,113459.29,1783272245.123
1783272246,113450.58,113447.24,113453.93,1783272246.129
1783272247,113449.72,113446.38,113453.07,1783272247.116
1783272248,113457.42,113454.07,113460.76,1783272248.205
1783272249,113463.61,113460.26,113466.96,1783272249.115
1783272250,113466.51,113463.16,113469.86,1783272250.144
1783272251,113470.54,113467.19,113473.89,1783272251.116
1783272252,113470.35,113467.01,113473.7,1783272252.129
1783272253,113466.02,113462.67,113469.37,1783272253.111
1783272254,113465.08,113461.74,113468.43,1783272254.131
1783272255,113463.06,113459.72,113466.41,1783272255.107
1783272256,113464.82,113461.47,113468.16,1783272256.124
1783272257,113469.4,113466.05,113472.75,1783272257.115
1783272258,113468.2,113464.86,113471.55,1783272258.142
1783272259,113482.37,113479.02,113485.71,1783272259.111
1783272260,113482.05,113478.7,113485.39,1783272260.129
1783272261,113480.98,113477.63,113484.32,1783272261.112
1783272262,113478.85,113475.5,113482.2,1783272262.129
1783272263,113478.24,113474.89,113481.59,1783272263.114
1783272264,113481.11,113477.77,113484.46,1783272264.130
1783272265,113489.93,113486.58,113493.28,1783272265.114
1783272266,113483.25,113479.9,113486.59,1783272266.133
1783272267,113484.59,113481.24,113487.94,1783272267.115
1783272268,113486.57,113483.22,113489.92,1783272268.131
1783272269,113486.9,113483.55,113490.25,1783272269.112
1783272270,113480.44,113477.09,113483.78,1783272270.138
1783272271,113476.48,113473.13,113479.83,1783272271.111
1783272272,113479.91,113476.56,113483.26,1783272272.132
1783272273,113479.53,113476.18,113482.88,1783272273.129
1783272274,113485.72,113482.37,113489.07,1783272274.145
1783272275,113491.82,113488.47,113495.17,1783272275.115
1783272276,113483.67,113480.32,113487.02,1783272276.136
1783272277,113483.41,113480.06,113486.75,1783272277.118
1783272278,113480.63,113477.29,113483.98,1783272278.134
1783272279,113481.29,113477.94,113484.64,1783272279.103
1783272280,113481.12,113477.77,113484.47,1783272280.142
1783272281,113481.7,113478.36,113485.05,1783272281.114
1783272282,113482.05,113478.71,113485.4,1783272282.146
1783272283,113478.2,113474.86,113481.55,1783272283.111
1783272284,113471.52,113468.17,113474.86,1783272284.134
1783272285,113472.02,113468.68,113475.37,1783272285.131
1783272286,113462.34,113459,113465.69,1783272286.133
1783272287,113456.53,113453.18,113459.87,1783272287.115
1783272288,113457.3,113453.95,113460.64,1783272288.130
1783272289,113451.33,113447.98,113454.68,1783272289.113
1783272290,113455.77,113452.43,113459.12,1783272290.169
1783272291,113452.03,113448.68,113455.38,1783272291.118
1783272292,113444.5,113441.15,113447.85,1783272292.204
1783272293,113449.28,113445.93,113452.63,1783272293.109
1783272294,113446,113442.65,113449.34,1783272294.132
1783272295,113444.1,113440.75,113447.44,1783272295.108
1783272296,113444.88,113441.53,113448.23,1783272296.138
1783272297,113453.04,113449.7,113456.39,1783272297.109
1783272298,113453.1,113449.75,113456.45,1783272298.137
1783272299,113454.86,113451.52,113458.21,1783272299.114
1783272300,113461.27,113457.92,113464.62,1783272300.133
1783272301,113454.42,113451.07,113457.77,1783272301.109
1783272302,113457.06,113453.71,113460.4,1783272302.138
1783272303,113449.47,113446.13,113452.82,1783272303.169
1783272304,113452.64,113449.3,113455.99,1783272304.133
1783272305,113446.83,113443.48,113450.18,1783272305.203
1783272306,113450.55,113447.21,113453.9,1783272306.123
1783272307,113450.84,113447.49,113454.19,1783272307.140
1783272308,113454.63,113451.28,113457.98,1783272308.201
1783272309,113457.28,113453.94,113460.63,1783272309.108
1783272310,113461.07,113457.72,113464.42,1783272310.134
1783272311,113464.23,113460.89,113467.58,1783272311.112
1783272312,113471.77,113468.43,113475.12,1783272312.135
1783272313,113473.11,113469.76,113476.45,1783272313.112
1783272314,113474.78,113471.43,113478.12,1783272314.144
1783272315,113468.98,113465.63,113472.32,1783272315.108
1783272316,113466.27,113462.93,113469.62,1783272316.127
1783272317,113471.31,113467.96,113474.66,1783272317.123
1783272318,113465.08,113461.74,113468.43,1783272318.128
1783272319,113467.05,113463.7,113470.4,1783272319.111
1783272320,113473.61,113470.26,113476.95,1783272320.146
1783272321,113475.19,113471.85,113478.54,1783272321.142
1783272322,113481.1,113477.75,113484.44,1783272322.135
1783272323,113486.53,113483.18,113489.88,1783272323.131
1783272324,113490.21,113486.86,113493.56,1783272324.142
1783272325,113485.89,113482.54,113489.24,1783272325.150
1783272326,113493.49,113490.14,113496.84,1783272326.120
1783272327,113491.89,113488.55,113495.24,1783272327.109
1783272328,113500.32,113496.97,113503.67,1783272328.134
1783272329,113508.19,113504.84,113511.53,1783272329.125
1783272330,113505.13,113501.78,113508.48,1783272330.136
1783272331,113507.44,113504.09,113510.79,1783272331.116
1783272332,113503.22,113499.87,113506.57,1783272332.124
1783272333,113500.93,113497.58,113504.27,1783272333.110
1783272334,113495.44,113492.09,113498.79,1783272334.134
1783272335,113502.71,113499.36,113506.06,1783272335.118
1783272336,113500.99,113497.65,113504.34,1783272336.119
1783272337,113496.7,113493.35,113500.05,1783272337.104
1783272338,113502.05,113498.7,113505.4,1783272338.244
1783272339,113500.27,113496.92,113503.62,1783272339.106
1783272340,113501.13,113497.78,113504.48,1783272340.130
1783272341,113493.02,113489.67,113496.37,1783272341.109
1783272342,113493.73,113490.38,113497.08,1783272342.162
1783272343,113492.15,113488.81,113495.5,1783272343.108
1783272344,113488.39,113485.04,113491.74,1783272344.134
1783272345,113480.43,113477.08,113483.77,1783272345.104
1783272346,113483.56,113480.21,113486.91,1783272346.140
1783272347,113482.22,113478.88,113485.57,1783272347.113
1783272348,113484.27,113480.92,113487.62,1783272348.138
1783272349,113484.22,113480.87,113487.57,1783272349.108
1783272350,113488.3,113484.95,113491.65,1783272350.140
1783272351,113495.31,113491.97,113498.66,1783272351.118
1783272352,113509.54,113506.19,113512.89,1783272352.201
1783272353,113506.1,113502.75,113509.45,1783272353.119
1783272354,113507.9,113504.55,113511.25,1783272354.135
1783272355,113507.38,113504.03,113510.73,1783272355.112
1783272356,113509.3,113505.95,113512.65,1783272356.141
1783272357,113508.7,113505.35,113512.05,1783272357.126
1783272358,113508.29,113504.94,113511.64,1783272358.200
1783272359,113507.44,113504.09,113510.78,1783272359.111
1783272360,113507.43,113504.09,113510.78,1783272360.142
1783272361,113501.71,113498.36,113505.06,1783272361.119
1783272362,113501.72,113498.37,113505.07,1783272362.236
1783272363,113503.18,113499.83,113506.53,1783272363.118
1783272364,113502.55,113499.2,113505.9,1783272364.139
1783272365,113512.51,113509.16,113515.86,1783272365.117
1783272366,113521.69,113518.34,113525.03,1783272366.122
1783272367,113519.88,113516.54,113523.23,1783272367.111
1783272368,113525.01,113521.66,113528.36,1783272368.121
1783272369,113522.83,113519.48,113526.18,1783272369.111
1783272370,113526.66,113523.31,113530.01,1783272370.146
1783272371,113533.26,113529.91,113536.61,1783272371.103
1783272372,113533.46,113530.12,113536.81,1783272372.133
1783272373,113526.87,113523.52,113530.22,1783272373.110
1783272374,113532.36,113529.01,113535.71,1783272374.126
1783272375,113537.61,113534.27,113540.96,1783272375.107
1783272376,113531.03,113527.68,113534.38,1783272376.119
1783272377,113536.69,113533.34,113540.04,1783272377.108
1783272378,113532.67,113529.33,113536.02,1783272378.130
1783272379,113530.81,113527.46,113534.16,1783272379.112
1783272380,113522.1,113518.76,113525.45,1783272380.146
1783272381,113520.06,113516.71,113523.41,1783272381.115
1783272382,113535.72,113532.37,113539.07,1783272382.141
1783272383,113526.19,113522.84,113529.54,1783272383.109
1783272384,113526.86,113523.51,113530.21,1783272384.142
1783272385,113532.91,113529.57,113536.26,1783272385.112
1783272386,113530.89,113527.54,113534.24,1783272386.140
1783272387,113528.71,113525.36,113532.06,1783272387.115
1783272388,113526.01,113522.66,113529.36,1783272388.128
1783272389,113518.54,113515.19,113521.89,1783272389.116
1783272390,113521.67,113518.32,113525.02,1783272390.138
1783272391,113523.64,113520.29,113526.99,1783272391.109
1783272392,113527.91,113524.56,113531.26,1783272392.135
1783272393,113523.15,113519.8,113526.49,1783272393.116
1783272394,113523.44,113520.09,113526.79,1783272394.129
1783272395,113534.03,113530.68,113537.38,1783272395.113
1783272396,113534.82,113531.47,113538.17,1783272396.129
1783272397,113537.38,113534.03,113540.73,1783272397.103
1783272398,113529.13,113525.78,113532.48,1783272398.126
1783272399,113532.26,113528.91,113535.61,1783272399.113
1783272400,113531.03,113527.68,113534.38,1783272400.145
1783272401,113530,113526.65,113533.35,1783272401.114
1783272402,113530.29,113526.94,113533.64,1783272402.131
1783272403,113538.81,113535.46,113542.16,1783272403.108
1783272404,113535.52,113532.17,113538.86,1783272404.126
1783272405,113541.76,113538.41,113545.11,1783272405.153
1783272406,113541.88,113538.53,113545.23,1783272406.121
1783272407,113543.82,113540.48,113547.17,1783272407.101
1783272408,113550.58,113547.23,113553.93,1783272408.134
1783272409,113554.62,113551.27,113557.97,1783272409.111
1783272410,113552.24,113548.89,113555.59,1783272410.121
1783272411,113544.41,113541.06,113547.76,1783272411.123
1783272412,113540.49,113537.14,113543.84,1783272412.128
1783272413,113535.94,113532.59,113539.29,1783272413.105
1783272414,113537.67,113534.32,113541.02,1783272414.122
1783272415,113538.22,113534.87,113541.57,1783272415.116
1783272416,113547.24,113543.89,113550.58,1783272416.121
1783272417,113552.46,113549.11,113555.81,1783272417.113
1783272418,113549.52,113546.17,113552.87,1783272418.134
1783272419,113542.71,113539.36,113546.06,1783272419.106
1783272420,113543.57,113540.22,113546.92,1783272420.137
1783272421,113541.49,113538.14,113544.84,1783272421.105
1783272422,113546.75,113543.4,113550.1,1783272422.199
1783272423,113546.6,113543.25,113549.95,1783272423.106
1783272424,113549.72,113546.37,113553.06,1783272424.137
1783272425,113543.69,113540.34,113547.04,1783272425.126
1783272426,113542.77,113539.42,113546.12,1783272426.132
1783272427,113545.31,113541.96,113548.66,1783272427.109
1783272428,113540.23,113536.88,113543.58,1783272428.117
1783272429,113537.45,113534.11,113540.8,1783272429.114
1783272430,113530.94,113527.59,113534.29,1783272430.163
1783272431,113534.3,113530.95,113537.65,1783272431.108
1783272432,113529.94,113526.59,113533.29,1783272432.135
1783272433,113526.67,113523.32,113530.02,1783272433.109
1783272434,113530.57,113527.22,113533.92,1783272434.132
1783272435,113527.19,113523.84,113530.54,1783272435.105
1783272436,113531.38,113528.03,113534.73,1783272436.140
1783272437,113519.55,113516.2,113522.9,1783272437.107
1783272438,113520.21,113516.86,113523.56,1783272438.140
1783272439,113514.49,113511.14,113517.84,1783272439.110
1783272440,113513.27,113509.92,113516.62,1783272440.135
1783272441,113510.47,113507.12,113513.82,1783272441.107
1783272442,113509.42,113506.07,113512.77,1783272442.128
1783272443,113516.63,113513.28,113519.97,1783272443.108
1783272444,113513.77,113510.42,113517.12,1783272444.139
1783272445,113507.14,113503.79,113510.49,1783272445.106
1783272446,113511.02,113507.67,113514.36,1783272446.132
1783272447,113515.1,113511.76,113518.45,1783272447.111
1783272448,113513.72,113510.37,113517.07,1783272448.122
1783272449,113509.29,113505.94,113512.64,1783272449.109
1783272450,113503.81,113500.46,113507.16,1783272450.127
1783272451,113503.72,113500.37,113507.06,1783272451.101
1783272452,113498.89,113495.54,113502.24,1783272452.137
1783272453,113501.46,113498.11,113504.8,1783272453.109
1783272454,113502.9,113499.55,113506.25,1783272454.130
1783272455,113495.38,113492.03,113498.73,1783272455.104
1783272456,113507.22,113503.87,113510.57,1783272456.123
1783272457,113499.16,113495.81,113502.51,1783272457.120
1783272458,113490.72,113487.37,113494.07,1783272458.134
1783272459,113505.35,113502,113508.7,1783272459.107
1783272460,113505.84,113502.49,113509.18,1783272460.127
1783272461,113503.45,113500.1,113506.8,1783272461.115
1783272462,113499.8,113496.45,113503.15,1783272462.128
1783272463,113498.26,113494.91,113501.61,1783272463.102
1783272464,113508.91,113505.56,113512.26,1783272464.131
1783272465,113510.43,113507.09,113513.78,1783272465.119
1783272466,113506.3,113502.95,113509.65,1783272466.124
1783272467,113503.95,113500.6,113507.3,1783272467.109
1783272468,113506.18,113502.83,113509.53,1783272468.138
1783272469,113514.15,113510.8,113517.5,1783272469.115
1783272470,113518,113514.65,113521.35,1783272470.147
1783272471,113521.72,113518.37,113525.07,1783272471.116
1783272472,113518.15,113514.8,113521.5,1783272472.134
1783272473,113522.81,113519.46,113526.15,1783272473.115
1783272474,113517.31,113513.96,113520.66,1783272474.127
1783272475,113517.48,113514.13,113520.83,1783272475.107
1783272476,113515.2,113511.85,113518.54,1783272476.142
1783272477,113519.64,113516.29,113522.99,1783272477.112
1783272478,113523.31,113519.96,113526.66,1783272478.135
1783272479,113525.86,113522.51,113529.21,1783272479.109
1783272480,113519.22,113515.87,113522.57,1783272480.144
1783272481,113516.06,113512.72,113519.41,1783272481.124
1783272482,113517.23,113513.88,113520.57,1783272482.130
1783272483,113517.27,113513.92,113520.62,1783272483.123
1783272484,113514.35,113511,113517.69,1783272484.145
1783272485,113512.15,113508.8,113515.49,1783272485.109
1783272486,113514.86,113511.51,113518.21,1783272486.132
1783272487,113518.08,113514.73,113521.43,1783272487.111
1783272488,113521.1,113517.75,113524.45,1783272488.125
1783272489,113528.23,113524.88,113531.58,1783272489.120
1783272490,113525.33,113521.98,113528.68,1783272490.133
1783272491,113520.45,113517.1,113523.8,1783272491.115
1783272492,113517.18,113513.83,113520.53,1783272492.131
1783272493,113509.4,113506.06,113512.75,1783272493.118
1783272494,113505.3,113501.95,113508.65,1783272494.140
1783272495,113505.54,113502.19,113508.88,1783272495.116
1783272496,113510.52,113507.17,113513.87,1783272496.133
1783272497,113510.83,113507.49,113514.18,1783272497.117
1783272498,113519.49,113516.14,113522.84,1783272498.134
1783272499,113514.18,113510.83,113517.53,1783272499.114
1783272500,113519.97,113516.62,113523.32,1783272500.128
1783272501,113527.52,113524.17,113530.87,1783272501.111
1783272502,113524.48,113521.13,113527.83,1783272502.132
1783272503,113518.7,113515.35,113522.05,1783272503.113
1783272504,113516.8,113513.45,113520.14,1783272504.129
1783272505,113523.1,113519.75,113526.45,1783272505.114
1783272506,113519.58,113516.23,113522.92,1783272506.128
1783272507,113514.86,113511.51,113518.21,1783272507.117
1783272508,113518.65,113515.3,113521.99,1783272508.135
1783272509,113510.97,113507.62,113514.32,1783272509.106
1783272510,113502.95,113499.6,113506.3,1783272510.140
1783272511,113509.4,113506.05,113512.75,1783272511.117
1783272512,113510.88,113507.53,113514.23,1783272512.138
1783272513,113518.95,113515.6,113522.3,1783272513.113
1783272514,113514.07,113510.72,113517.42,1783272514.131
1783272515,113517.01,113513.66,113520.36,1783272515.115
1783272516,113515.35,113512,113518.7,1783272516.127
1783272517,113515.19,113511.84,113518.54,1783272517.120
1783272518,113513.01,113509.66,113516.36,1783272518.265
1783272519,113518.53,113515.18,113521.88,1783272519.105
1783272520,113521.51,113518.16,113524.86,1783272520.134
1783272521,113524.18,113520.83,113527.53,1783272521.107
1783272522,113527.33,113523.98,113530.68,1783272522.135
1783272523,113527.27,113523.92,113530.62,1783272523.107
1783272524,113532.42,113529.07,113535.77,1783272524.126
1783272525,113527.67,113524.32,113531.01,1783272525.113
1783272526,113525.9,113522.55,113529.24,1783272526.129
1783272527,113529.82,113526.47,113533.17,1783272527.101
1783272528,113532.68,113529.33,113536.03,1783272528.126
1783272529,113532.04,113528.69,113535.39,1783272529.161
1783272530,113538.7,113535.35,113542.05,1783272530.125
1783272531,113540.35,113537,113543.7,1783272531.110
1783272532,113541.12,113537.77,113544.47,1783272532.127
1783272533,113539.12,113535.78,113542.47,1783272533.110
1783272534,113540.02,113536.68,113543.37,1783272534.123
1783272535,113539.79,113536.44,113543.14,1783272535.102
1783272536,113539.81,113536.46,113543.16,1783272536.120
1783272537,113546.32,113542.97,113549.67,1783272537.110
1783272538,113546.49,113543.14,113549.84,1783272538.126
1783272539,113544.3,113540.96,113547.65,1783272539.105
1783272540,113548.55,113545.2,113551.9,1783272540.126
1783272541,113540.98,113537.63,113544.33,1783272541.107
1783272542,113542.37,113539.02,113545.72,1783272542.204
1783272543,113540.64,113537.29,113543.99,1783272543.137
1783272544,113539.94,113536.59,113543.29,1783272544.123
1783272545,113542.28,113538.94,113545.63,1783272545.115
1783272546,113540.64,113537.3,113543.99,1783272546.129
1783272547,113540.81,113537.46,113544.16,1783272547.109
1783272548,113546.96,113543.61,113550.31,1783272548.203
1783272549,113548.38,113545.03,113551.73,1783272549.111
1783272550,113554.04,113550.69,113557.39,1783272550.123
1783272551,113554.94,113551.59,113558.29,1783272551.108
1783272552,113556.16,113552.81,113559.51,1783272552.125
1783272553,113552.07,113548.72,113555.42,1783272553.102
1783272554,113550.05,113546.7,113553.4,1783272554.119
1783272555,113549.12,113545.77,113552.47,1783272555.108
1783272556,113555.21,113551.86,113558.56,1783272556.127
1783272557,113563.76,113560.41,113567.11,1783272557.105
1783272558,113566.85,113563.5,113570.2,1783272558.117
1783272559,113569.63,113566.28,113572.98,1783272559.128
1783272560,113574,113570.65,113577.35,1783272560.121
1783272561,113580.25,113576.9,113583.6,1783272561.110
1783272562,113587.04,113583.69,113590.39,1783272562.128
1783272563,113583.53,113580.18,113586.88,1783272563.109
1783272564,113586.21,113582.86,113589.56,1783272564.134
1783272565,113586.59,113583.24,113589.94,1783272565.106
1783272566,113578.71,113575.36,113582.06,1783272566.120
1783272567,113583.1,113579.75,113586.45,1783272567.111
1783272568,113591.49,113588.14,113594.84,1783272568.124
1783272569,113593.37,113590.02,113596.72,1783272569.108
1783272570,113592.16,113588.81,113595.51,1783272570.129
1783272571,113596.04,113592.69,113599.39,1783272571.104
1783272572,113593.24,113589.89,113596.59,1783272572.124
1783272573,113587.29,113583.94,113590.64,1783272573.107
1783272574,113592.08,113588.73,113595.44,1783272574.131
1783272575,113586.37,113583.02,113589.72,1783272575.106
1783272576,113594.42,113591.07,113597.77,1783272576.120
1783272577,113595.93,113592.58,113599.29,1783272577.108
1783272578,113598.46,113595.11,113601.81,1783272578.131
1783272579,113602.05,113598.7,113605.4,1783272579.115
1783272580,113605.03,113601.68,113608.38,1783272580.128
1783272581,113605.29,113601.94,113608.65,1783272581.105
1783272582,113610.17,113606.81,113613.52,1783272582.135
1783272583,113609.78,113606.43,113613.14,1783272583.117
1783272584,113616.79,113613.43,113620.14,1783272584.135
1783272585,113612.61,113609.26,113615.96,1783272585.106
1783272586,113608.96,113605.61,113612.31,1783272586.120
1783272587,113604.74,113601.38,113608.09,1783272587.108
1783272588,113612.97,113609.62,113616.32,1783272588.128
1783272589,113615.11,113611.76,113618.46,1783272589.101
1783272590,113614.41,113611.06,113617.76,1783272590.194
1783272591,113614.32,113610.97,113617.67,1783272591.107
1783272592,113616.65,113613.3,113620,1783272592.118
1783272593,113619.36,113616.01,113622.71,1783272593.104
1783272594,113348.89,113345.54,113352.23,1783272594.130
1783272595,113349.58,113346.24,113352.93,1783272595.112
1783272596,113358.64,113355.3,113361.98,1783272596.128
1783272597,113355.86,113352.51,113359.2,1783272597.103
1783272598,113360.28,113356.93,113363.62,1783272598.123
1783272599,113362.3,113358.96,113365.65,1783272599.105
1783272600,113363.43,113360.09,113366.77,1783272600.129
1783272601,113359.56,113356.22,113362.91,1783272601.119
1783272602,113358.69,113355.34,113362.03,1783272602.205
1783272603,113359.79,113356.45,113363.14,1783272603.122
1783272604,113363.2,113359.86,113366.54,1783272604.133
1783272605,113360.61,113357.27,113363.96,1783272605.126
1783272606,113359.49,113356.15,113362.84,1783272606.188
1783272607,113373.08,113369.74,113376.43,1783272607.102
1783272608,113363.49,113360.14,113366.83,1783272608.134
1783272609,113368.47,113365.12,113371.81,1783272609.110
1783272610,113366.37,113363.03,113369.71,1783272610.141
1783272611,113365.63,113362.28,113368.97,1783272611.110
1783272612,113373.25,113369.91,113376.6,1783272612.128
1783272613,113368.89,113365.55,113372.24,1783272613.104
1783272614,113364.17,113360.83,113367.51,1783272614.125
1783272615,113374.81,113371.46,113378.15,1783272615.116
1783272616,113373.96,113370.62,113377.31,1783272616.127
1783272617,113382.97,113379.62,113386.31,1783272617.119
1783272618,113380,113376.66,113383.35,1783272618.128
1783272619,113377.97,113374.63,113381.32,1783272619.111
1783272620,113373.98,113370.63,113377.32,1783272620.152
1783272621,113375.25,113371.9,113378.59,1783272621.103
1783272622,113366.36,113363.02,113369.71,1783272622.135
1783272623,113366.52,113363.18,113369.87,1783272623.112
1783272624,113370.14,113366.8,113373.49,1783272624.136
1783272625,113366.81,113363.46,113370.15,1783272625.104
1783272626,113366.25,113362.9,113369.59,1783272626.130
1783272627,113368.76,113365.41,113372.1,1783272627.107
1783272628,113375.05,113371.7,113378.39,1783272628.131
1783272629,113378.99,113375.64,113382.33,1783272629.107
1783272630,113373.52,113370.17,113376.86,1783272630.132
1783272631,113384.29,113380.94,113387.63,1783272631.124
1783272632,113384.81,113381.47,113388.16,1783272632.135
1783272633,113391.92,113388.58,113395.27,1783272633.110
1783272634,113388.45,113385.1,113391.79,1783272634.135
1783272635,113399.24,113395.89,113402.58,1783272635.103
1783272636,113400.17,113396.83,113403.52,1783272636.133
1783272637,113400.86,113397.51,113404.2,1783272637.106
1783272638,113403.96,113400.61,113407.3,1783272638.248
1783272639,113403.2,113399.85,113406.54,1783272639.104
1783272640,113407.03,113403.68,113410.37,1783272640.144
1783272641,113409.95,113406.61,113413.3,1783272641.114
1783272642,113411.01,113407.66,113414.35,1783272642.163
1783272643,113415.81,113412.46,113419.16,1783272643.118
1783272644,113421.37,113418.02,113424.72,1783272644.130
1783272645,113422.99,113419.64,113426.34,1783272645.107
1783272646,113423.84,113420.49,113427.18,1783272646.135
1783272647,113424.08,113420.74,113427.43,1783272647.108
1783272648,113421.6,113418.26,113424.95,1783272648.126
1783272649,113424.94,113421.59,113428.28,1783272649.113
1783272650,113424.34,113420.99,113427.68,1783272650.126
1783272651,113428.67,113425.33,113432.02,1783272651.105
1783272652,113428.77,113425.42,113432.11,1783272652.134
1783272653,113432,113428.65,113435.34,1783272653.114
1783272654,113439.29,113435.95,113442.64,1783272654.128
1783272655,113432.44,113429.09,113435.79,1783272655.102
1783272656,113437.9,113434.55,113441.24,1783272656.128
1783272657,113437.19,113433.84,113440.53,1783272657.107
1783272658,113436.84,113433.49,113440.18,1783272658.134
1783272659,113439.85,113436.51,113443.2,1783272659.107
1783272660,113431.48,113428.13,113434.82,1783272660.129
1783272661,113441.14,113437.8,113444.49,1783272661.111
1783272662,113445.83,113442.48,113449.18,1783272662.170
1783272663,113448.56,113445.21,113451.91,1783272663.299
1783272664,113443.94,113440.6,113447.29,1783272664.226
1783272665,113445.76,113442.42,113449.11,1783272665.107
1783272666,113451.04,113447.69,113454.39,1783272666.146
1783272667,113458.64,113455.29,113461.98,1783272667.100
1783272668,113460.21,113456.86,113463.56,1783272668.133
1783272669,113453.07,113449.73,113456.42,1783272669.106
1783272670,113450.83,113447.48,113454.17,1783272670.129
1783272671,113445.14,113441.8,113448.49,1783272671.109
1783272672,113439.57,113436.23,113442.92,1783272672.142
1783272673,113439.49,113436.15,113442.84,1783272673.103
1783272674,113443.11,113439.77,113446.46,1783272674.129
1783272675,113440.07,113436.72,113443.42,1783272675.112
1783272676,113435.02,113431.67,113438.37,1783272676.126
1783272677,113437.37,113434.02,113440.72,1783272677.113
1783272678,113430.12,113426.77,113433.46,1783272678.164
1783272679,113432.1,113428.76,113435.45,1783272679.115
1783272680,113433.44,113430.1,113436.79,1783272680.121
1783272681,113439.5,113436.16,113442.85,1783272681.111
1783272682,113434.03,113430.68,113437.37,1783272682.211
1783272683,113441.83,113438.48,113445.17,1783272683.116
1783272684,113441.48,113438.13,113444.82,1783272684.135
1783272685,113433.13,113429.78,113436.47,1783272685.108
1783272686,113441.31,113437.97,113444.66,1783272686.147
1783272687,113444.08,113440.73,113447.42,1783272687.109
1783272688,113439.38,113436.04,113442.73,1783272688.129
1783272689,113439.84,113436.49,113443.18,1783272689.114
1783272690,113441.32,113437.98,113444.67,1783272690.138
1783272691,113439.62,113436.27,113442.96,1783272691.124
1783272692,113441.41,113438.07,113444.76,1783272692.122
1783272693,113438.05,113434.71,113441.4,1783272693.105
1783272694,113437.03,113433.68,113440.38,1783272694.129
1783272695,113431.35,113428.01,113434.7,1783272695.110
1783272696,113423.4,113420.06,113426.75,1783272696.124
1783272697,113427.94,113424.6,113431.29,1783272697.102
1783272698,113435.6,113432.25,113438.94,1783272698.245
1783272699,113431.73,113428.38,113435.08,1783272699.116
1783272700,113423.63,113420.28,113426.97,1783272700.133
1783272701,113428.93,113425.58,113432.28,1783272701.113
1783272702,113423.61,113420.27,113426.96,1783272702.134
1783272703,113421.1,113417.76,113424.45,1783272703.109
1783272704,113418.93,113415.58,113422.27,1783272704.165
1783272705,113421.89,113418.54,113425.24,1783272705.113
1783272706,113423.85,113420.5,113427.19,1783272706.124
1783272707,113430.97,113427.62,113434.32,1783272707.116
1783272708,113429.31,113425.97,113432.66,1783272708.124
1783272709,113430.25,113426.9,113433.6,1783272709.124
1783272710,113433.19,113429.85,113436.54,1783272710.132
1783272711,113430.93,113427.58,113434.27,1783272711.122
1783272712,113427.73,113424.39,113431.08,1783272712.135
1783272713,113432.44,113429.09,113435.79,1783272713.117
1783272714,113439.4,113436.06,113442.75,1783272714.135
1783272715,113446.01,113442.66,113449.36,1783272715.114
1783272716,113432.98,113429.63,113436.32,1783272716.125
1783272717,113425.54,113422.19,113428.88,1783272717.113
1783272718,113424.34,113421,113427.69,1783272718.136
1783272719,113423.92,113420.58,113427.27,1783272719.114
1783272720,113423.04,113419.7,113426.39,1783272720.147
1783272721,113417.97,113414.62,113421.31,1783272721.114
1783272722,113413.65,113410.3,113417,1783272722.167
1783272723,113418.51,113415.16,113421.85,1783272723.119
1783272724,113426.13,113422.79,113429.48,1783272724.156
1783272725,113423.89,113420.55,113427.24,1783272725.109
1783272726,113427.51,113424.16,113430.85,1783272726.136
1783272727,113420.13,113416.78,113423.48,1783272727.114
1783272728,113424.67,113421.32,113428.01,1783272728.244
1783272729,113415.43,113412.08,113418.77,1783272729.109
1783272730,113424.9,113421.55,113428.24,1783272730.137
1783272731,113420.35,113417.01,113423.7,1783272731.108
1783272732,113422.82,113419.47,113426.16,1783272732.130
1783272733,113416.86,113413.52,113420.21,1783272733.117
1783272734,113418.97,113415.62,113422.31,1783272734.141
1783272735,113417.65,113414.3,113421,1783272735.111
1783272736,113421.35,113418,113424.69,1783272736.131
1783272737,113412.07,113408.72,113415.41,1783272737.110
1783272738,113415.7,113412.36,113419.05,1783272738.145
1783272739,113417.28,113413.93,113420.62,1783272739.106
1783272740,113414.22,113410.88,113417.57,1783272740.163
1783272741,113417.36,113414.02,113420.71,1783272741.122
1783272742,113424.22,113420.88,113427.57,1783272742.138
1783272743,113422.97,113419.62,113426.31,1783272743.112
1783272744,113428.25,113424.9,113431.59,1783272744.128
1783272745,113430.07,113426.72,113433.42,1783272745.102
1783272746,113426.02,113422.68,113429.37,1783272746.146
1783272747,113420.22,113416.88,113423.57,1783272747.105
1783272748,113413.68,113410.33,113417.02,1783272748.133
1783272749,113415.38,113412.03,113418.73,1783272749.110
1783272750,113419.08,113415.74,113422.43,1783272750.124
1783272751,113423.41,113420.06,113426.76,1783272751.110
1783272752,113411.25,113407.9,113414.59,1783272752.139
1783272753,113409.67,113406.32,113413.02,1783272753.115
1783272754,113409.39,113406.05,113412.74,1783272754.143
1783272755,113402.56,113399.22,113405.91,1783272755.113
1783272756,113405.58,113402.23,113408.92,1783272756.132
1783272757,113408.52,113405.18,113411.87,1783272757.108
1783272758,113406.68,113403.33,113410.02,1783272758.202
1783272759,113410.39,113407.05,113413.74,1783272759.116
1783272760,113410.33,113406.99,113413.68,1783272760.132
1783272761,113409.41,113406.06,113412.75,1783272761.121
1783272762,113413.83,113410.48,113417.17,1783272762.136
1783272763,113409.75,113406.4,113413.09,1783272763.108
1783272764,113404.54,113401.19,113407.88,1783272764.134
1783272765,113402.05,113398.7,113405.39,1783272765.114
1783272766,113405.5,113402.16,113408.85,1783272766.134
1783272767,113402.01,113398.66,113405.35,1783272767.109
1783272768,113403.21,113399.86,113406.55,1783272768.124
1783272769,113408.24,113404.89,113411.59,1783272769.106
1783272770,113417.28,113413.93,113420.62,1783272770.135
1783272771,113412.98,113409.63,113416.32,1783272771.112
1783272772,113404.92,113401.58,113408.27,1783272772.127
1783272773,113400.09,113396.75,113403.44,1783272773.113
1783272774,113401.89,113398.55,113405.24,1783272774.122
1783272775,113401.27,113397.92,113404.61,1783272775.114
1783272776,113408.24,113404.9,113411.59,1783272776.134
1783272777,113412.56,113409.22,113415.91,1783272777.137
1783272778,113415.15,113411.81,113418.5,1783272778.154
1783272779,113411.5,113408.15,113414.84,1783272779.107
1783272780,113416.38,113413.03,113419.72,1783272780.138
1783272781,113409.45,113406.11,113412.8,1783272781.104
1783272782,113415.78,113412.44,113419.13,1783272782.149
1783272783,113412.44,113409.1,113415.79,1783272783.149
1783272784,113419.92,113416.58,113423.27,1783272784.176
1783272785,113411.96,113408.61,113415.3,1783272785.123
1783272786,113407.02,113403.68,113410.37,1783272786.150
1783272787,113400.26,113396.91,113403.6,1783272787.112
1783272788,113395.9,113392.55,113399.24,1783272788.200
1783272789,113390.74,113387.39,113394.08,1783272789.120
1783272790,113382.49,113379.14,113385.83,1783272790.133
1783272791,113381.41,113378.07,113384.76,1783272791.106
1783272792,113383.19,113379.85,113386.54,1783272792.127
1783272793,113379.04,113375.7,113382.39,1783272793.112
1783272794,113373.27,113369.93,113376.62,1783272794.133
1783272795,113377.97,113374.62,113381.31,1783272795.105
1783272796,113386.35,113383,113389.69,1783272796.137
1783272797,113386.41,113383.07,113389.76,1783272797.105
1783272798,113385.92,113382.58,113389.27,1783272798.128
1783272799,113382.09,113378.75,113385.44,1783272799.112
1783272800,113377.85,113374.51,113381.2,1783272800.143
1783272801,113383.62,113380.28,113386.97,1783272801.113
1783272802,113382.87,113379.52,113386.21,1783272802.136
1783272803,113391.93,113388.58,113395.27,1783272803.121
1783272804,113394.2,113390.85,113397.54,1783272804.134
1783272805,113385.6,113382.26,113388.95,1783272805.108
1783272806,113389.68,113386.34,113393.03,1783272806.134
1783272807,113400.72,113397.38,113404.07,1783272807.121
1783272808,113397.74,113394.39,113401.08,1783272808.136
1783272809,113408.04,113404.69,113411.39,1783272809.117
1783272810,113412.27,113408.92,113415.61,1783272810.131
1783272811,113419.4,113416.05,113422.74,1783272811.117
1783272812,113430.05,113426.7,113433.39,1783272812.162
1783272813,113428.51,113425.17,113431.86,1783272813.109
1783272814,113429.69,113426.34,113433.03,1783272814.129
1783272815,113424.39,113421.05,113427.74,1783272815.111
1783272816,113421.06,113417.72,113424.41,1783272816.130
1783272817,113416.49,113413.14,113419.83,1783272817.105
1783272818,113412.78,113409.43,113416.12,1783272818.133
1783272819,113404.69,113401.34,113408.03,1783272819.113
1783272820,113407.23,113403.89,113410.58,1783272820.128
1783272821,113420.51,113417.16,113423.86,1783272821.106
1783272822,113416.86,113413.51,113420.2,1783272822.199
1783272823,113404.59,113401.24,113407.93,1783272823.111
1783272824,113404.32,113400.98,113407.67,1783272824.131
1783272825,113403.08,113399.74,113406.43,1783272825.108
1783272826,113405.23,113401.89,113408.58,1783272826.156
1783272827,113412.93,113409.58,113416.27,1783272827.118
1783272828,113413.43,113410.08,113416.77,1783272828.142
1783272829,113415.75,113412.41,113419.1,1783272829.119
1783272830,113416.62,113413.28,113419.97,1783272830.141
1783272831,113425.99,113422.65,113429.34,1783272831.113
1783272832,113415.85,113412.5,113419.2,1783272832.147
1783272833,113418.16,113414.82,113421.51,1783272833.123
1783272834,113412.52,113409.17,113415.86,1783272834.165
1783272835,113403.94,113400.59,113407.28,1783272835.129
1783272836,113404.58,113401.23,113407.92,1783272836.136
1783272837,113404.59,113401.25,113407.94,1783272837.122
1783272838,113406.87,113403.52,113410.21,1783272838.148
1783272839,113413.1,113409.75,113416.44,1783272839.132
1783272840,113414.18,113410.84,113417.53,1783272840.160
1783272841,113417.13,113413.79,113420.48,1783272841.114
1783272842,113420.75,113417.4,113424.09,1783272842.239
1783272843,113423.39,113420.05,113426.74,1783272843.148
1783272844,113424.19,113420.84,113427.53,1783272844.155
1783272845,113416.81,113413.46,113420.15,1783272845.125
1783272846,113412.77,113409.42,113416.11,1783272846.139
1783272847,113411.27,113407.92,113414.62,1783272847.125
1783272848,113408.59,113405.24,113411.93,1783272848.205
1783272849,113399.95,113396.6,113403.29,1783272849.140
1783272850,113393.57,113390.22,113396.91,1783272850.148
1783272851,113393.53,113390.19,113396.88,1783272851.124
1783272852,113392.81,113389.47,113396.16,1783272852.144
1783272853,113393.81,113390.47,113397.16,1783272853.128
1783272854,113389.55,113386.2,113392.89,1783272854.144
1783272855,113398.24,113394.89,113401.58,1783272855.134
1783272856,113398.35,113395.01,113401.7,1783272856.151
1783272857,113394.78,113391.44,113398.13,1783272857.117
1783272858,113398.5,113395.16,113401.85,1783272858.139
1783272859,113403.82,113400.48,113407.17,1783272859.118
1783272860,113409.86,113406.52,113413.21,1783272860.140
1783272861,113395.87,113392.52,113399.21,1783272861.129
1783272862,113386.91,113383.56,113390.25,1783272862.162
1783272863,113385.33,113381.98,113388.67,1783272863.125
1783272864,113381.07,113377.72,113384.41,1783272864.140
1783272865,113381.01,113377.67,113384.36,1783272865.115
1783272866,113373.49,113370.15,113376.84,1783272866.168
1783272867,113368.54,113365.2,113371.89,1783272867.114
1783272868,113367.09,113363.75,113370.44,1783272868.141
1783272869,113376.62,113373.28,113379.96,1783272869.119
1783272870,113379.05,113375.71,113382.4,1783272870.138
1783272871,113376.26,113372.92,113379.61,1783272871.162
1783272872,113376.94,113373.6,113380.29,1783272872.147
1783272873,113380.34,113376.99,113383.68,1783272873.130
1783272874,113379.2,113375.86,113382.55,1783272874.150
1783272875,113383.35,113380.01,113386.7,1783272875.111
1783272876,113379.76,113376.41,113383.1,1783272876.144
1783272877,113387.94,113384.6,113391.29,1783272877.134
1783272878,113381.38,113378.03,113384.72,1783272878.245
1783272879,113380.54,113377.19,113383.88,1783272879.115
1783272880,113379.52,113376.18,113382.87,1783272880.139
1783272881,113381.87,113378.52,113385.21,1783272881.115
1783272882,113377.99,113374.65,113381.34,1783272882.153
1783272883,113381.96,113378.62,113385.31,1783272883.117
1783272884,113382.23,113378.89,113385.58,1783272884.162
1783272885,113379.7,113376.36,113383.05,1783272885.122
1783272886,113385.65,113382.31,113389,1783272886.139
1783272887,113389.98,113386.63,113393.32,1783272887.128
1783272888,113386.21,113382.86,113389.55,1783272888.152
1783272889,113385.18,113381.83,113388.52,1783272889.136
1783272890,113387.22,113383.88,113390.57,1783272890.154
1783272891,113381.64,113378.3,113384.99,1783272891.118
1783272892,113385.07,113381.72,113388.41,1783272892.138
1783272893,113388.54,113385.19,113391.88,1783272893.109
1783272894,113389.6,113386.25,113392.94,1783272894.148
1783272895,113380.63,113377.28,113383.97,1783272895.105
1783272896,113383.63,113380.28,113386.97,1783272896.136
1783272897,113381.58,113378.23,113384.92,1783272897.106
1783272898,113386.68,113383.33,113390.02,1783272898.134
1783272899,113379.87,113376.53,113383.22,1783272899.101
1783272900,113373.84,113370.5,113377.18,1783272900.136
1783272901,113368.07,113364.73,113371.41,1783272901.108
1783272902,113369.13,113365.78,113372.47,1783272902.227
1783272903,113365.79,113362.45,113369.14,1783272903.198
1783272904,113370.66,113367.32,113374.01,1783272904.266
1783272905,113361.38,113358.03,113364.72,1783272905.126
1783272906,113362.53,113359.19,113365.88,1783272906.138
1783272907,113359.54,113356.2,113362.89,1783272907.115
1783272908,113356.28,113352.93,113359.62,1783272908.204
1783272909,113356.41,113353.07,113359.76,1783272909.110
1783272910,113357.97,113354.62,113361.31,1783272910.126
1783272911,113352.93,113349.59,113356.28,1783272911.113
1783272912,113356.83,113353.49,113360.18,1783272912.124
1783272913,113353.75,113350.4,113357.09,1783272913.108
1783272914,113353.19,113349.85,113356.54,1783272914.125
1783272915,113351.56,113348.21,113354.9,1783272915.115
1783272916,113352.14,113348.79,113355.48,1783272916.135
1783272917,113369.01,113365.67,113372.36,1783272917.118
1783272918,113368.73,113365.38,113372.07,1783272918.124
1783272919,113375.84,113372.49,113379.18,1783272919.109
1783272920,113379.04,113375.7,113382.39,1783272920.130
1783272921,113372.13,113368.78,113375.47,1783272921.114
1783272922,113371.86,113368.52,113375.21,1783272922.136
1783272923,113375.37,113372.03,113378.72,1783272923.108
1783272924,113382.85,113379.5,113386.19,1783272924.139
1783272925,113384.64,113381.29,113387.98,1783272925.112
1783272926,113389.01,113385.67,113392.36,1783272926.137
1783272927,113388.42,113385.07,113391.76,1783272927.104
1783272928,113379.87,113376.52,113383.21,1783272928.127
1783272929,113379.71,113376.36,113383.05,1783272929.108
1783272930,113379.51,113376.16,113382.85,1783272930.141
1783272931,113371.52,113368.17,113374.86,1783272931.125
1783272932,113371.34,113368,113374.68,1783272932.138
1783272933,113362.61,113359.27,113365.96,1783272933.110
1783272934,113359.16,113355.82,113362.51,1783272934.138
1783272935,113354.82,113351.47,113358.16,1783272935.108
1783272936,113357.15,113353.8,113360.49,1783272936.126
1783272937,113354.71,113351.37,113358.05,1783272937.108
1783272938,113353.85,113350.5,113357.19,1783272938.242
1783272939,113351.95,113348.61,113355.3,1783272939.114
1783272940,113350.02,113346.68,113353.36,1783272940.133
1783272941,113357.99,113354.65,113361.34,1783272941.112
1783272942,113361.34,113358,113364.69,1783272942.137
1783272943,113364.29,113360.95,113367.64,1783272943.113
1783272944,113370.15,113366.81,113373.5,1783272944.130
1783272945,113375.35,113372.01,113378.7,1783272945.109
1783272946,113364.31,113360.97,113367.66,1783272946.167
1783272947,113360.47,113357.12,113363.81,1783272947.118
1783272948,113355.79,113352.44,113359.13,1783272948.133
1783272949,113359.19,113355.84,113362.53,1783272949.111
1783272950,113359.4,113356.05,113362.74,1783272950.130
1783272951,113359.96,113356.61,113363.3,1783272951.101
1783272952,113362.94,113359.6,113366.29,1783272952.126
1783272953,113357.5,113354.16,113360.85,1783272953.107
1783272954,113370.15,113366.8,113373.49,1783272954.129
1783272955,113369.56,113366.22,113372.91,1783272955.106
1783272956,113372.24,113368.89,113375.58,1783272956.124
1783272957,113367.75,113364.41,113371.1,1783272957.105
1783272958,113364.95,113361.6,113368.29,1783272958.125
1783272959,113361.27,113357.92,113364.61,1783272959.105
1783272960,113361.8,113358.45,113365.14,1783272960.129
1783272961,113365.51,113362.17,113368.86,1783272961.117
1783272962,113362.39,113359.04,113365.73,1783272962.222
1783272963,113359.25,113355.91,113362.6,1783272963.108
1783272964,113352.51,113349.17,113355.86,1783272964.156
1783272965,113350.83,113347.49,113354.18,1783272965.117
1783272966,113356.44,113353.1,113359.79,1783272966.136
1783272967,113356.56,113353.22,113359.9,1783272967.102
1783272968,113356.92,113353.57,113360.26,1783272968.130
1783272969,113368.43,113365.09,113371.78,1783272969.105
1783272970,113360.66,113357.32,113364.01,1783272970.122
1783272971,113360.21,113356.87,113363.55,1783272971.111
1783272972,113364.89,113361.55,113368.24,1783272972.118
1783272973,113366.08,113362.73,113369.42,1783272973.113
1783272974,113366.41,113363.06,113369.75,1783272974.130
1783272975,113363.96,113360.61,113367.3,1783272975.107
1783272976,113364.75,113361.4,113368.09,1783272976.130
1783272977,113373.41,113370.06,113376.75,1783272977.108
1783272978,113378.36,113375.02,113381.71,1783272978.128
1783272979,113376.07,113372.72,113379.41,1783272979.102
1783272980,113384.33,113380.99,113387.68,1783272980.121
1783272981,113387.71,113384.37,113391.06,1783272981.117
1783272982,113388.1,113384.75,113391.44,1783272982.121
1783272983,113384.36,113381.01,113387.7,1783272983.106
1783272984,113382.99,113379.65,113386.34,1783272984.122
1783272985,113382.13,113378.79,113385.48,1783272985.102
1783272986,113380.29,113376.95,113383.64,1783272986.127
1783272987,113371.26,113367.91,113374.6,1783272987.107
1783272988,113376.22,113372.88,113379.56,1783272988.123
1783272989,113376.44,113373.09,113379.78,1783272989.108
1783272990,113370.07,113366.73,113373.42,1783272990.132
1783272991,113368.92,113365.57,113372.26,1783272991.110
1783272992,113365.41,113362.07,113368.75,1783272992.124
1783272993,113372.02,113368.68,113375.37,1783272993.117
1783272994,113370.16,113366.81,113373.5,1783272994.143
1783272995,113370.41,113367.07,113373.75,1783272995.105
1783272996,113376.37,113373.02,113379.71,1783272996.129
1783272997,113372.07,113368.72,113375.41,1783272997.109
1783272998,113375.77,113372.42,113379.11,1783272998.124
1783272999,113374.07,113370.72,113377.41,1783272999.109
1783273000,113374.97,113371.63,113378.32,1783273000.133
1783273001,113371.39,113368.04,113374.73,1783273001.109
1783273002,113370.82,113367.47,113374.16,1783273002.122
1783273003,113379.77,113376.43,113383.12,1783273003.105
1783273004,113380.84,113377.5,113384.19,1783273004.138
1783273005,113377.56,113374.21,113380.9,1783273005.110
1783273006,113376.64,113373.29,113379.98,1783273006.131
1783273007,113376.55,113373.2,113379.89,1783273007.107
1783273008,113375.3,113371.96,113378.65,1783273008.119
1783273009,113382.18,113378.84,113385.53,1783273009.118
1783273010,113385.35,113382,113388.69,1783273010.129
1783273011,113379.37,113376.03,113382.72,1783273011.121
1783273012,113378.52,113375.18,113381.87,1783273012.144
1783273013,113379.54,113376.2,113382.89,1783273013.107
1783273014,113376.43,113373.08,113379.77,1783273014.134
1783273015,113366.63,113363.28,113369.97,1783273015.106
1783273016,113367.3,113363.96,113370.65,1783273016.130
1783273017,113370.05,113366.7,113373.39,1783273017.105
1783273018,113373.06,113369.72,113376.4,1783273018.128
1783273019,113366.67,113363.33,113370.02,1783273019.105
1783273020,113356.07,113352.72,113359.41,1783273020.134
1783273021,113352.86,113349.52,113356.2,1783273021.102
1783273022,113347.22,113343.88,113350.57,1783273022.130
1783273023,113343.2,113339.86,113346.55,1783273023.144
1783273024,113341.73,113338.39,113345.07,1783273024.125
1783273025,113337.84,113334.5,113341.18,1783273025.105
1783273026,113338.73,113335.38,113342.07,1783273026.117
1783273027,113338.64,113335.3,113341.98,1783273027.106
1783273028,113339.5,113336.16,113342.84,1783273028.125
1783273029,113336.83,113333.48,113340.17,1783273029.107
1783273030,113337.99,113334.65,113341.33,1783273030.124
1783273031,113337.61,113334.27,113340.96,1783273031.109
1783273032,113342.2,113338.85,113345.54,1783273032.128
1783273033,113343.82,113340.48,113347.17,1783273033.110
1783273034,113345.96,113342.62,113349.31,1783273034.120
1783273035,113335.35,113332.01,113338.69,1783273035.107
1783273036,113327.96,113324.62,113331.31,1783273036.131
1783273037,113338.57,113335.22,113341.91,1783273037.106
1783273038,113345.19,113341.85,113348.53,1783273038.131
1783273039,113347.45,113344.11,113350.8,1783273039.108
1783273040,113351.78,113348.44,113355.13,1783273040.138
1783273041,113352.29,113348.95,113355.63,1783273041.109
1783273042,113346.55,113343.21,113349.9,1783273042.136
1783273043,113359.96,113356.61,113363.3,1783273043.111
1783273044,113367.13,113363.79,113370.48,1783273044.131
1783273045,113372.77,113369.42,113376.11,1783273045.114
1783273046,113370.4,113367.06,113373.75,1783273046.128
1783273047,113374.53,113371.19,113377.88,1783273047.113
1783273048,113373.2,113369.85,113376.54,1783273048.128
1783273049,113369.17,113365.83,113372.51,1783273049.111
1783273050,113367.38,113364.04,113370.73,1783273050.124
1783273051,113379.7,113376.36,113383.05,1783273051.105
1783273052,113382.46,113379.12,113385.81,1783273052.122
1783273053,113379.81,113376.46,113383.15,1783273053.105
1783273054,113374.32,113370.97,113377.66,1783273054.129
1783273055,113376.38,113373.04,113379.73,1783273055.107
1783273056,113382.64,113379.3,113385.98,1783273056.136
1783273057,113383.01,113379.66,113386.35,1783273057.106
1783273058,113385.38,113382.04,113388.73,1783273058.133
1783273059,113395.81,113392.46,113399.15,1783273059.112
1783273060,113401.6,113398.26,113404.95,1783273060.162
1783273061,113400.59,113397.24,113403.93,1783273061.115
1783273062,113399.81,113396.46,113403.15,1783273062.132
1783273063,113404.92,113401.57,113408.26,1783273063.118
1783273064,113409.27,113405.92,113412.61,1783273064.140
1783273065,113409.51,113406.16,113412.85,1783273065.121
1783273066,113408.69,113405.34,113412.03,1783273066.136
1783273067,113412.48,113409.13,113415.82,1783273067.127
1783273068,113416.84,113413.5,113420.19,1783273068.138
1783273069,113423.71,113420.36,113427.05,1783273069.110
1783273070,113419.81,113416.46,113423.15,1783273070.135
1783273071,113416.57,113413.23,113419.92,1783273071.105
1783273072,113411.04,113407.69,113414.38,1783273072.121
1783273073,113405.5,113402.16,113408.85,1783273073.107
1783273074,113411.75,113408.4,113415.1,1783273074.128
1783273075,113417.69,113414.34,113421.04,1783273075.113
1783273076,113417.88,113414.53,113421.23,1783273076.128
1783273077,113422.42,113419.08,113425.77,1783273077.107
1783273078,113427.73,113424.38,113431.07,1783273078.129
1783273079,113431.74,113428.39,113435.08,1783273079.101
1783273080,113435.43,113432.09,113438.78,1783273080.138
1783273081,113442.52,113439.18,113445.87,1783273081.126
1783273082,113444.15,113440.8,113447.49,1783273082.184
1783273083,113445.79,113442.45,113449.14,1783273083.164
1783273084,113445.8,113442.45,113449.15,1783273084.128
1783273085,113450.66,113447.31,113454,1783273085.104
1783273086,113456.17,113452.82,113459.52,1783273086.134
1783273087,113450.62,113447.27,113453.97,1783273087.112
1783273088,113454.03,113450.69,113457.38,1783273088.134
1783273089,113454.66,113451.31,113458.01,1783273089.102
1783273090,113452.55,113449.21,113455.9,1783273090.136
1783273091,113457.79,113454.44,113461.13,1783273091.117
1783273092,113460.29,113456.95,113463.64,1783273092.129
1783273093,113458.53,113455.18,113461.87,1783273093.106
1783273094,113462.23,113458.88,113465.58,1783273094.129
1783273095,113465.01,113461.67,113468.36,1783273095.109
1783273096,113465.37,113462.03,113468.72,1783273096.162
1783273097,113462,113458.65,113465.35,1783273097.111
1783273098,113459.27,113455.92,113462.62,1783273098.147
1783273099,113463.39,113460.05,113466.74,1783273099.108
1783273100,113459.09,113455.74,113462.44,1783273100.121
1783273101,113459.69,113456.34,113463.04,1783273101.113
1783273102,113457.84,113454.49,113461.19,1783273102.153
1783273103,113460.53,113457.18,113463.88,1783273103.110
1783273104,113459.37,113456.03,113462.72,1783273104.121
1783273105,113457.27,113453.92,113460.62,1783273105.104
1783273106,113451.23,113447.88,113454.58,1783273106.126
1783273107,113448.89,113445.54,113452.24,1783273107.112
1783273108,113440.81,113437.47,113444.16,1783273108.123
1783273109,113446.37,113443.02,113449.71,1783273109.117
1783273110,113445.21,113441.86,113448.55,1783273110.124
1783273111,113451.21,113447.87,113454.56,1783273111.106
1783273112,113455.52,113452.17,113458.86,1783273112.129
1783273113,113442.46,113439.11,113445.81,1783273113.106
1783273114,113438.37,113435.03,113441.72,1783273114.129
1783273115,113430.52,113427.17,113433.86,1783273115.108
1783273116,113419.95,113416.6,113423.3,1783273116.142
1783273117,113419.94,113416.59,113423.28,1783273117.105
1783273118,113417.25,113413.9,113420.59,1783273118.126
1783273119,113412.98,113409.63,113416.32,1783273119.106
1783273120,113406.09,113402.75,113409.44,1783273120.139
1783273121,113394.61,113391.27,113397.96,1783273121.120
1783273122,113396.28,113392.94,113399.63,1783273122.126
1783273123,113402.77,113399.42,113406.11,1783273123.110
1783273124,113397.02,113393.68,113400.37,1783273124.134
1783273125,113387.54,113384.2,113390.89,1783273125.111
1783273126,113385.85,113382.5,113389.19,1783273126.131
1783273127,113391.1,113387.76,113394.45,1783273127.101
1783273128,113391.79,113388.44,113395.13,1783273128.134
1783273129,113386.05,113382.7,113389.39,1783273129.104
1783273130,113386.09,113382.75,113389.44,1783273130.127
1783273131,113382.68,113379.33,113386.02,1783273131.110
1783273132,113382.3,113378.96,113385.65,1783273132.166
1783273133,113383.67,113380.33,113387.02,1783273133.108
1783273134,113376.52,113373.18,113379.87,1783273134.123
1783273135,113377.82,113374.47,113381.16,1783273135.102
1783273136,113379.3,113375.96,113382.65,1783273136.137
1783273137,113378.58,113375.23,113381.92,1783273137.111
1783273138,113371.44,113368.1,113374.79,1783273138.130
1783273139,113361.93,113358.59,113365.27,1783273139.104
1783273140,113356.74,113353.4,113360.09,1783273140.125
1783273141,113356.88,113353.54,113360.23,1783273141.115
1783273142,113364.21,113360.87,113367.56,1783273142.176
1783273143,113356.25,113352.91,113359.6,1783273143.128
1783273144,113356.75,113353.4,113360.09,1783273144.136
1783273145,113362.68,113359.34,113366.03,1783273145.113
1783273146,113361.48,113358.14,113364.83,1783273146.123
1783273147,113364.07,113360.73,113367.41,1783273147.123
1783273148,113372.5,113369.16,113375.85,1783273148.121
1783273149,113374.19,113370.85,113377.54,1783273149.112
1783273150,113374.09,113370.75,113377.44,1783273150.125
1783273151,113370.94,113367.6,113374.29,1783273151.108
1783273152,113373.5,113370.16,113376.85,1783273152.127
1783273153,113370.88,113367.54,113374.23,1783273153.117
1783273154,113371.82,113368.47,113375.16,1783273154.127
1783273155,113368.69,113365.34,113372.03,1783273155.113
1783273156,113371.38,113368.04,113374.73,1783273156.127
1783273157,113373.93,113370.59,113377.28,1783273157.105
1783273158,113369.24,113365.89,113372.58,1783273158.163
1783273159,113371.03,113367.68,113374.37,1783273159.110
1783273160,113371.43,113368.09,113374.78,1783273160.130
1783273161,113373.34,113370,113376.69,1783273161.109
1783273162,113384.3,113380.95,113387.64,1783273162.134
1783273163,113381.67,113378.33,113385.01,1783273163.108
1783273164,113379.21,113375.87,113382.56,1783273164.132
1783273165,113377.79,113374.45,113381.14,1783273165.128
1783273166,113380.75,113377.41,113384.1,1783273166.132
1783273167,113382.67,113379.33,113386.02,1783273167.121
1783273168,113388.19,113384.85,113391.54,1783273168.127
1783273169,113394.97,113391.62,113398.31,1783273169.105
1783273170,113395.5,113392.15,113398.84,1783273170.125
1783273171,113394.78,113391.44,113398.13,1783273171.110
1783273172,113405.75,113402.41,113409.1,1783273172.138
1783273173,113411.36,113408.02,113414.71,1783273173.109
1783273174,113411.27,113407.93,113414.62,1783273174.123
1783273175,113409.8,113406.46,113413.15,1783273175.108
1783273176,113404.71,113401.37,113408.06,1783273176.128
1783273177,113410.31,113406.97,113413.66,1783273177.109
1783273178,113412.32,113408.97,113415.66,1783273178.202
1783273179,113412.27,113408.92,113415.61,1783273179.127
1783273180,113408.68,113405.33,113412.02,1783273180.131
1783273181,113398.65,113395.3,113401.99,1783273181.103
1783273182,113415.96,113412.62,113419.31,1783273182.132
1783273183,113410.4,113407.05,113413.74,1783273183.113
1783273184,113418.57,113415.23,113421.92,1783273184.137
1783273185,113411.05,113407.7,113414.39,1783273185.114
1783273186,113404.93,113401.58,113408.28,1783273186.130
1783273187,113403.27,113399.92,113406.61,1783273187.107
1783273188,113392.46,113389.12,113395.81,1783273188.126
1783273189,113392.04,113388.69,113395.38,1783273189.106
1783273190,113389.38,113386.03,113392.72,1783273190.129
1783273191,113394.54,113391.19,113397.88,1783273191.123
1783273192,113398.61,113395.26,113401.95,1783273192.131
1783273193,113410.62,113407.27,113413.96,1783273193.120
1783273194,113416.76,113413.41,113420.1,1783273194.163
1783273195,113416.09,113412.74,113419.43,1783273195.113
1783273196,113422.93,113419.58,113426.27,1783273196.152
1783273197,113421.16,113417.81,113424.51,1783273197.128
1783273198,113429.59,113426.25,113432.94,1783273198.134
1783273199,113432.53,113429.18,113435.88,1783273199.109
1783273200,113426.7,113423.36,113430.05,1783273200.145
1783273201,113420.15,113416.81,113423.5,1783273201.121
1783273202,113424,113420.65,113427.35,1783273202.238
1783273203,113416.39,113413.04,113419.73,1783273203.500
1783273204,113410.2,113406.85,113413.54,1783273204.168
1783273205,113409.94,113406.59,113413.28,1783273205.119
1783273206,113402.96,113399.62,113406.31,1783273206.124
1783273207,113406.06,113402.72,113409.41,1783273207.119
1783273208,113397.85,113394.5,113401.19,1783273208.129
1783273209,113396.54,113393.2,113399.89,1783273209.117
1783273210,113398.87,113395.53,113402.22,1783273210.129
1783273211,113396.21,113392.86,113399.55,1783273211.112
1783273212,113397.16,113393.82,113400.51,1783273212.145
1783273213,113394.38,113391.04,113397.73,1783273213.113
1783273214,113394.8,113391.45,113398.15,1783273214.124
1783273215,113397.59,113394.24,113400.93,1783273215.107
1783273216,113408.43,113405.08,113411.78,1783273216.127
1783273217,113409.85,113406.51,113413.2,1783273217.112
1783273218,113411.28,113407.94,113414.63,1783273218.134
1783273219,113404.7,113401.35,113408.04,1783273219.113
1783273220,113404.44,113401.09,113407.78,1783273220.162
1783273221,113405.07,113401.73,113408.42,1783273221.124
1783273222,113408.98,113405.63,113412.32,1783273222.137
1783273223,113405.1,113401.76,113408.45,1783273223.116
1783273224,113406.02,113402.67,113409.37,1783273224.246
1783273225,113407.79,113404.45,113411.14,1783273225.172
1783273226,113409.44,113406.09,113412.78,1783273226.130
1783273227,113413.09,113409.75,113416.44,1783273227.113
1783273228,113415.14,113411.79,113418.48,1783273228.148
1783273229,113412.66,113409.31,113416.01,1783273229.121
1783273230,113416.39,113413.04,113419.73,1783273230.141
1783273231,113426.44,113423.1,113429.79,1783273231.114
1783273232,113430.11,113426.76,113433.45,1783273232.135
1783273233,113435.88,113432.54,113439.23,1783273233.119
1783273234,113434.64,113431.29,113437.99,1783273234.131
1783273235,113435.32,113431.98,113438.67,1783273235.107
1783273236,113437.3,113433.95,113440.64,1783273236.134
1783273237,113433.55,113430.2,113436.89,1783273237.115
1783273238,113430.59,113427.24,113433.93,1783273238.247
1783273239,113427.37,113424.02,113430.72,1783273239.118
1783273240,113429.14,113425.79,113432.48,1783273240.141
1783273241,113433.73,113430.38,113437.08,1783273241.146
1783273242,113439.1,113435.75,113442.45,1783273242.141
1783273243,113441.6,113438.25,113444.94,1783273243.114
1783273244,113445.15,113441.8,113448.5,1783273244.130
1783273245,113451.45,113448.11,113454.8,1783273245.110
1783273246,113441.76,113438.41,113445.1,1783273246.162
1783273247,113440.64,113437.29,113443.99,1783273247.113
1783273248,113445.75,113442.41,113449.1,1783273248.121
1783273249,113448.49,113445.14,113451.84,1783273249.122
1783273250,113441.02,113437.68,113444.37,1783273250.141
1783273251,113438.35,113435,113441.7,1783273251.121
1783273252,113444.15,113440.81,113447.5,1783273252.128
1783273253,113438.64,113435.3,113441.99,1783273253.114
1783273254,113440.02,113436.68,113443.37,1783273254.136
1783273255,113445.08,113441.73,113448.43,1783273255.115
1783273256,113443.63,113440.28,113446.98,1783273256.141
1783273257,113427.29,113423.95,113430.64,1783273257.109
1783273258,113428.62,113425.28,113431.97,1783273258.124
1783273259,113426.95,113423.61,113430.3,1783273259.114
1783273260,113424.13,113420.79,113427.48,1783273260.146
1783273261,113423.98,113420.63,113427.32,1783273261.107
1783273262,113429.21,113425.86,113432.55,1783273262.155
1783273263,113431.66,113428.31,113435.01,1783273263.137
1783273264,113430.94,113427.59,113434.29,1783273264.154
1783273265,113432.96,113429.61,113436.3,1783273265.116
1783273266,113436.51,113433.17,113439.86,1783273266.124
1783273267,113437.65,113434.3,113441,1783273267.128
1783273268,113443.93,113440.59,113447.28,1783273268.202
1783273269,113446.27,113442.93,113449.62,1783273269.115
1783273270,113446.45,113443.1,113449.8,1783273270.130
1783273271,113452.68,113449.33,113456.02,1783273271.109
1783273272,113452.33,113448.99,113455.68,1783273272.129
1783273273,113450.52,113447.17,113453.86,1783273273.122
1783273274,113447.26,113443.92,113450.61,1783273274.135
1783273275,113448.13,113444.79,113451.48,1783273275.115
1783273276,113449.63,113446.28,113452.97,1783273276.129
1783273277,113439.93,113436.58,113443.28,1783273277.109
1783273278,113434.92,113431.57,113438.26,1783273278.169
1783273279,113438.47,113435.12,113441.81,1783273279.116
1783273280,113441.75,113438.41,113445.1,1783273280.134
1783273281,113444.19,113440.85,113447.54,1783273281.112
1783273282,113437.33,113433.99,113440.68,1783273282.120
1783273283,113433.81,113430.46,113437.15,1783273283.114
1783273284,113433.01,113429.66,113436.36,1783273284.148
1783273285,113436.75,113433.4,113440.1,1783273285.113
1783273286,113430.2,113426.86,113433.55,1783273286.130
1783273287,113427.84,113424.49,113431.18,1783273287.123
1783273288,113431.87,113428.52,113435.22,1783273288.131
1783273289,113428.48,113425.13,113431.82,1783273289.115
1783273290,113430.12,113426.77,113433.46,1783273290.311
1783273291,113433.6,113430.26,113436.95,1783273291.119
1783273292,113437.13,113433.78,113440.47,1783273292.137
1783273293,113429.13,113425.78,113432.47,1783273293.106
1783273294,113418.14,113414.8,113421.49,1783273294.144
1783273295,113410.37,113407.02,113413.72,1783273295.121
1783273296,113408.93,113405.58,113412.27,1783273296.134
1783273297,113409.27,113405.93,113412.62,1783273297.111
1783273298,113408.46,113405.11,113411.8,1783273298.128
1783273299,113411.71,113408.37,113415.06,1783273299.114
1783273300,113411.62,113408.27,113414.96,1783273300.141
1783273301,113403.51,113400.17,113406.86,1783273301.110
1783273302,113395.24,113391.89,113398.58,1783273302.140
1783273303,113392.64,113389.3,113395.99,1783273303.111
1783273304,113388.55,113385.21,113391.9,1783273304.143
1783273305,113388.87,113385.52,113392.21,1783273305.108
1783273306,113391.2,113387.86,113394.55,1783273306.132
1783273307,113389.01,113385.66,113392.35,1783273307.115
1783273308,113392.72,113389.38,113396.07,1783273308.131
1783273309,113394.75,113391.4,113398.09,1783273309.137
1783273310,113385.06,113381.71,113388.4,1783273310.144
1783273311,113389.12,113385.77,113392.46,1783273311.112
1783273312,113392.59,113389.24,113395.93,1783273312.131
1783273313,113401.28,113397.93,113404.62,1783273313.106
1783273314,113404.05,113400.7,113407.39,1783273314.148
1783273315,113406.6,113403.26,113409.95,1783273315.113
1783273316,113406.21,113402.86,113409.56,1783273316.145
1783273317,113407.61,113404.26,113410.95,1783273317.123
1783273318,113405.87,113402.52,113409.21,1783273318.141
1783273319,113400.66,113397.32,113404.01,1783273319.108
1783273320,113404.13,113400.79,113407.48,1783273320.140
1783273321,113402.89,113399.55,113406.24,1783273321.179
1783273322,113394.32,113390.98,113397.67,1783273322.177
1783273323,113393.82,113390.47,113397.16,1783273323.120
1783273324,113390.14,113386.8,113393.49,1783273324.216
1783273325,113394.49,113391.14,113397.83,1783273325.111
1783273326,113403.75,113400.41,113407.1,1783273326.125
1783273327,113407.44,113404.1,113410.79,1783273327.112
1783273328,113414.62,113411.28,113417.97,1783273328.206
1783273329,113414.6,113411.25,113417.94,1783273329.114
1783273330,113413.52,113410.17,113416.87,1783273330.132
1783273331,113422.13,113418.78,113425.47,1783273331.119
1783273332,113422.9,113419.55,113426.24,1783273332.138
1783273333,113420.02,113416.68,113423.37,1783273333.112
1783273334,113426.05,113422.7,113429.4,1783273334.161
1783273335,113429.25,113425.9,113432.59,1783273335.108
1783273336,113426.93,113423.58,113430.27,1783273336.129
1783273337,113428.64,113425.3,113431.99,1783273337.122
1783273338,113425.56,113422.22,113428.91,1783273338.173
1783273339,113423.62,113420.27,113426.96,1783273339.114
1783273340,113427.41,113424.07,113430.76,1783273340.134
1783273341,113427,113423.65,113430.34,1783273341.111
1783273342,113427.43,113424.09,113430.78,1783273342.141
1783273343,113429.93,113426.59,113433.28,1783273343.113
1783273344,113428.54,113425.2,113431.89,1783273344.132
1783273345,113430.46,113427.11,113433.8,1783273345.114
1783273346,113432.75,113429.4,113436.1,1783273346.133
1783273347,113432.18,113428.83,113435.52,1783273347.110
1783273348,113422.35,113419,113425.7,1783273348.135
1783273349,113416.28,113412.93,113419.63,1783273349.130
1783273350,113416.42,113413.07,113419.76,1783273350.135
1783273351,113414.05,113410.7,113417.39,1783273351.113
1783273352,113420.31,113416.97,113423.66,1783273352.132
1783273353,113412.2,113408.86,113415.55,1783273353.108
1783273354,113412.51,113409.17,113415.86,1783273354.149
1783273355,113417,113413.66,113420.35,1783273355.110
1783273356,113420.59,113417.25,113423.94,1783273356.202
1783273357,113416.91,113413.57,113420.26,1783273357.107
1783273358,113420.71,113417.36,113424.05,1783273358.202
1783273359,113417.79,113414.45,113421.14,1783273359.113
1783273360,113412.41,113409.07,113415.76,1783273360.162
1783273361,113419.62,113416.28,113422.97,1783273361.111
1783273362,113425.84,113422.5,113429.19,1783273362.131
1783273363,113425.17,113421.82,113428.51,1783273363.117
1783273364,113415.72,113412.38,113419.07,1783273364.129
1783273365,113419.67,113416.32,113423.01,1783273365.109
1783273366,113420.56,113417.21,113423.9,1783273366.141
1783273367,113418.38,113415.04,113421.73,1783273367.117
1783273368,113412.97,113409.63,113416.32,1783273368.136
1783273369,113410.41,113407.06,113413.75,1783273369.113
1783273370,113410.9,113407.56,113414.25,1783273370.157
1783273371,113403.94,113400.6,113407.29,1783273371.133
1783273372,113402.55,113399.21,113405.9,1783273372.136
1783273373,113399.32,113395.98,113402.67,1783273373.122
1783273374,113399.37,113396.02,113402.72,1783273374.160
1783273375,113397.65,113394.31,113401,1783273375.113
1783273376,113402,113398.66,113405.35,1783273376.150
1783273377,113395.64,113392.3,113398.99,1783273377.129
1783273378,113390.74,113387.4,113394.09,1783273378.145
1783273379,113383.43,113380.08,113386.77,1783273379.137
1783273380,113378.36,113375.02,113381.71,1783273380.142
1783273381,113376.02,113372.67,113379.36,1783273381.125
1783273382,113378.08,113374.73,113381.42,1783273382.193
1783273383,113380.37,113377.02,113383.71,1783273383.246
1783273384,113373.65,113370.31,113377,1783273384.242
1783273385,113385.29,113381.95,113388.64,1783273385.111
1783273386,113379.54,113376.2,113382.89,1783273386.163
1783273387,113385.27,113381.93,113388.62,1783273387.126
1783273388,113381.03,113377.68,113384.37,1783273388.243
1783273389,113373.23,113369.89,113376.58,1783273389.120
1783273390,113373.02,113369.68,113376.37,1783273390.140
1783273391,113366.9,113363.55,113370.24,1783273391.125
1783273392,113371.59,113368.24,113374.93,1783273392.154
1783273393,113363.74,113360.4,113367.09,1783273393.117
1783273394,113359.34,113356,113362.68,1783273394.153
1783273395,113349.56,113346.22,113352.9,1783273395.119
1783273396,113344.04,113340.69,113347.38,1783273396.142
1783273397,113342.7,113339.35,113346.04,1783273397.116
1783273398,113345.84,113342.5,113349.18,1783273398.153
1783273399,113339.54,113336.19,113342.88,1783273399.111
1783273400,113343.9,113340.55,113347.24,1783273400.147
1783273401,113351.35,113348,113354.69,1783273401.122
1783273402,113351.93,113348.59,113355.27,1783273402.153
1783273403,113337.91,113334.56,113341.25,1783273403.117
1783273404,113346.69,113343.34,113350.03,1783273404.133
1783273405,113343.49,113340.14,113346.83,1783273405.116
1783273406,113342.47,113339.13,113345.82,1783273406.137
1783273407,113343.8,113340.45,113347.14,1783273407.117
1783273408,113341.45,113338.11,113344.79,1783273408.143
1783273409,113345.51,113342.16,113348.85,1783273409.118
1783273410,113354.59,113351.25,113357.94,1783273410.136
1783273411,113363.9,113360.56,113367.25,1783273411.116
1783273412,113362.71,113359.37,113366.06,1783273412.152
1783273413,113361.91,113358.57,113365.26,1783273413.136
1783273414,113367.39,113364.04,113370.73,1783273414.143
1783273415,113375.66,113372.32,113379.01,1783273415.125
1783273416,113376.64,113373.3,113379.99,1783273416.151
1783273417,113375.42,113372.07,113378.76,1783273417.107
1783273418,113376.99,113373.64,113380.33,1783273418.200
1783273419,113373.56,113370.21,113376.9,1783273419.116
1783273420,113368.52,113365.18,113371.87,1783273420.144
1783273421,113371.97,113368.63,113375.32,1783273421.112
1783273422,113368.64,113365.29,113371.98,1783273422.143
1783273423,113371.33,113367.98,113374.67,1783273423.118
1783273424,113378.87,113375.53,113382.21,1783273424.142
1783273425,113379.74,113376.4,113383.09,1783273425.127
1783273426,113385.81,113382.46,113389.15,1783273426.141
1783273427,113386.01,113382.66,113389.35,1783273427.115
1783273428,113389.95,113386.6,113393.29,1783273428.166
1783273429,113376.79,113373.45,113380.14,1783273429.143
1783273430,113383.05,113379.71,113386.4,1783273430.155
1783273431,113388.46,113385.12,113391.81,1783273431.114
1783273432,113390.95,113387.6,113394.3,1783273432.145
1783273433,113395.75,113392.41,113399.1,1783273433.115
1783273434,113390.27,113386.93,113393.62,1783273434.149
1783273435,113389.73,113386.38,113393.07,1783273435.111
1783273436,113401.21,113397.86,113404.56,1783273436.146
1783273437,113396.12,113392.77,113399.46,1783273437.120
1783273438,113399.4,113396.06,113402.75,1783273438.161
1783273439,113401.21,113397.86,113404.55,1783273439.123
1783273440,113410.84,113407.49,113414.19,1783273440.156
1783273441,113409.16,113405.81,113412.5,1783273441.114
1783273442,113410.27,113406.92,113413.61,1783273442.264
1783273443,113405.96,113402.61,113409.31,1783273443.112
1783273444,113416.36,113413.02,113419.71,1783273444.260
1783273445,113413.51,113410.16,113416.85,1783273445.127
1783273446,113410.92,113407.57,113414.26,1783273446.159
1783273447,113409.88,113406.54,113413.23,1783273447.118
1783273448,113414.66,113411.32,113418.01,1783273448.208
1783273449,113410.69,113407.34,113414.03,1783273449.120
1783273450,113404.28,113400.94,113407.63,1783273450.148
1783273451,113402.17,113398.82,113405.51,1783273451.128
1783273452,113401.32,113397.97,113404.66,1783273452.152
1783273453,113393.26,113389.91,113396.6,1783273453.117
1783273454,113400.57,113397.22,113403.91,1783273454.163
1783273455,113410.39,113407.05,113413.74,1783273455.136
1783273456,113411.76,113408.42,113415.11,1783273456.144
1783273457,113407.43,113404.09,113410.78,1783273457.114
1783273458,113405.02,113401.67,113408.36,1783273458.156
1783273459,113404.19,113400.85,113407.54,1783273459.117
1783273460,113395.03,113391.69,113398.38,1783273460.155
1783273461,113405.25,113401.91,113408.6,1783273461.122
1783273462,113402.74,113399.39,113406.09,1783273462.133
1783273463,113398.6,113395.26,113401.95,1783273463.114
1783273464,113401.86,113398.51,113405.2,1783273464.139
1783273465,113410.12,113406.78,113413.47,1783273465.108
1783273466,113414.87,113411.53,113418.22,1783273466.142
1783273467,113407.08,113403.73,113410.42,1783273467.108
1783273468,113399.89,113396.55,113403.24,1783273468.149
1783273469,113401.5,113398.16,113404.85,1783273469.112
1783273470,113402.93,113399.58,113406.27,1783273470.152
1783273471,113406.89,113403.55,113410.24,1783273471.120
1783273472,113406.25,113402.91,113409.6,1783273472.130
1783273473,113406.67,113403.33,113410.02,1783273473.111
1783273474,113396.51,113393.16,113399.85,1783273474.245
1783273475,113402.06,113398.71,113405.4,1783273475.117
1783273476,113404.41,113401.07,113407.76,1783273476.137
1783273477,113407.1,113403.75,113410.44,1783273477.112
1783273478,113402.22,113398.87,113405.56,1783273478.242
1783273479,113401.06,113397.71,113404.4,1783273479.117
1783273480,113401.31,113397.96,113404.65,1783273480.162
1783273481,113392.67,113389.33,113396.02,1783273481.119
1783273482,113391,113387.66,113394.35,1783273482.134
1783273483,113389.88,113386.54,113393.23,1783273483.131
1783273484,113386.53,113383.19,113389.88,1783273484.145
1783273485,113385.93,113382.59,113389.28,1783273485.109
1783273486,113381.5,113378.16,113384.84,1783273486.143
1783273487,113371.25,113367.91,113374.59,1783273487.130
1783273488,113364.15,113360.8,113367.49,1783273488.138
1783273489,113361.28,113357.94,113364.62,1783273489.102
1783273490,113364.02,113360.68,113367.36,1783273490.133
1783273491,113361.38,113358.04,113364.73,1783273491.112
1783273492,113366.39,113363.04,113369.73,1783273492.134
1783273493,113365.61,113362.27,113368.95,1783273493.162
1783273494,113372.71,113369.37,113376.06,1783273494.143
1783273495,113374.13,113370.79,113377.47,1783273495.119
1783273496,113371.31,113367.97,113374.66,1783273496.309
1783273497,113370.5,113367.15,113373.84,1783273497.113
1783273498,113370.36,113367.02,113373.7,1783273498.140
1783273499,113373.72,113370.37,113377.06,1783273499.110
1783273500,113368.59,113365.25,113371.94,1783273500.151
1783273501,113369.32,113365.97,113372.66,1783273501.109
1783273502,113361.84,113358.49,113365.18,1783273502.462
1783273503,113364.98,113361.63,113368.32,1783273503.134
1783273504,113366.81,113363.47,113370.16,1783273504.189
1783273505,113364.39,113361.04,113367.73,1783273505.124
1783273506,113371.45,113368.11,113374.79,1783273506.144
1783273507,113370.59,113367.24,113373.93,1783273507.116
1783273508,113374.6,113371.25,113377.94,1783273508.243
1783273509,113373.99,113370.64,113377.33,1783273509.109
1783273510,113362.85,113359.51,113366.2,1783273510.139
1783273511,113364.13,113360.79,113367.47,1783273511.109
1783273512,113372.84,113369.5,113376.19,1783273512.135
1783273513,113374.96,113371.62,113378.31,1783273513.118
1783273514,113372.11,113368.77,113375.46,1783273514.135
1783273515,113375.7,113372.36,113379.04,1783273515.118
1783273516,113379.22,113375.87,113382.56,1783273516.138
1783273517,113371.53,113368.19,113374.88,1783273517.110
1783273518,113371.02,113367.67,113374.36,1783273518.132
1783273519,113367.84,113364.49,113371.18,1783273519.112
1783273520,113364.93,113361.58,113368.27,1783273520.144
1783273521,113366.26,113362.92,113369.61,1783273521.113
1783273522,113371.76,113368.41,113375.1,1783273522.125
1783273523,113375.75,113372.41,113379.1,1783273523.111
1783273524,113378.26,113374.91,113381.6,1783273524.136
1783273525,113384.35,113381.01,113387.7,1783273525.112
1783273526,113381.13,113377.79,113384.48,1783273526.145
1783273527,113377.78,113374.44,113381.13,1783273527.117
1783273528,113380.64,113377.29,113383.98,1783273528.141
1783273529,113380.97,113377.63,113384.32,1783273529.118
1783273530,113388.37,113385.02,113391.71,1783273530.142
1783273531,113394.69,113391.34,113398.03,1783273531.116
1783273532,113399.05,113395.7,113402.39,1783273532.154
1783273533,113398.28,113394.94,113401.63,1783273533.123
1783273534,113400.17,113396.83,113403.52,1783273534.162
1783273535,113395.41,113392.06,113398.75,1783273535.164
1783273536,113393.02,113389.67,113396.36,1783273536.141
1783273537,113396.37,113393.03,113399.72,1783273537.119
1783273538,113397.02,113393.67,113400.36,1783273538.206
1783273539,113397.95,113394.6,113401.29,1783273539.122
1783273540,113403.96,113400.62,113407.31,1783273540.158
1783273541,113415.08,113411.73,113418.42,1783273541.123
1783273542,113418.1,113414.76,113421.45,1783273542.144
1783273543,113425.96,113422.61,113429.3,1783273543.130
1783273544,113421.6,113418.25,113424.95,1783273544.141
1783273545,113423.71,113420.37,113427.06,1783273545.132
1783273546,113422.38,113419.03,113425.72,1783273546.141
1783273547,113424.83,113421.48,113428.17,1783273547.124
1783273548,113420,113416.66,113423.35,1783273548.163
1783273549,113418.33,113414.99,113421.68,1783273549.124
1783273550,113415.25,113411.91,113418.6,1783273550.151
1783273551,113410.71,113407.37,113414.06,1783273551.117
1783273552,113403.29,113399.95,113406.64,1783273552.147
1783273553,113413.25,113409.9,113416.59,1783273553.133
1783273554,113405.37,113402.02,113408.71,1783273554.243
1783273555,113405.71,113402.37,113409.06,1783273555.135
1783273556,113414.48,113411.14,113417.83,1783273556.145
1783273557,113420.37,113417.03,113423.72,1783273557.113
1783273558,113424.27,113420.92,113427.62,1783273558.163
1783273559,113423.56,113420.22,113426.91,1783273559.204
1783273560,113426.52,113423.18,113429.87,1783273560.154
1783273561,113421.65,113418.3,113424.99,1783273561.127
1783273562,113418.15,113414.8,113421.49,1783273562.216
1783273563,113410.88,113407.53,113414.22,1783273563.132
1783273564,113406.46,113403.12,113409.81,1783273564.182
1783273565,113418.55,113415.21,113421.9,1783273565.123
1783273566,113415.91,113412.57,113419.26,1783273566.143
1783273567,113412.17,113408.83,113415.52,1783273567.119
1783273568,113412.89,113409.54,113416.23,1783273568.257
1783273569,113415.78,113412.43,113419.12,1783273569.123
1783273570,113423.48,113420.14,113426.83,1783273570.143
1783273571,113419.59,113416.24,113422.93,1783273571.117
1783273572,113418.01,113414.67,113421.36,1783273572.155
1783273573,113414.94,113411.59,113418.28,1783273573.115
1783273574,113422.64,113419.29,113425.98,1783273574.158
1783273575,113417.46,113414.12,113420.81,1783273575.120
1783273576,113407.38,113404.04,113410.73,1783273576.148
1783273577,113407.87,113404.53,113411.22,1783273577.124
1783273578,113414.15,113410.81,113417.5,1783273578.146
1783273579,113407.95,113404.6,113411.29,1783273579.118
1783273580,113408.26,113404.91,113411.6,1783273580.160
1783273581,113408.21,113404.87,113411.56,1783273581.129
1783273582,113408.23,113404.88,113411.57,1783273582.145
1783273583,113402.23,113398.88,113405.57,1783273583.124
1783273584,113406.76,113403.42,113410.11,1783273584.155
1783273585,113401.98,113398.63,113405.32,1783273585.124
1783273586,113412.67,113409.33,113416.02,1783273586.147
1783273587,113414.09,113410.75,113417.44,1783273587.125
1783273588,113423.47,113420.12,113426.81,1783273588.142
1783273589,113422.39,113419.05,113425.74,1783273589.115
1783273590,113416.5,113413.15,113419.84,1783273590.163
1783273591,113417.45,113414.11,113420.8,1783273591.129
1783273592,113417.19,113413.84,113420.53,1783273592.139
1783273593,113413.28,113409.93,113416.63,1783273593.116
1783273594,113413.45,113410.1,113416.79,1783273594.149
1783273595,113417.19,113413.84,113420.53,1783273595.124
1783273596,113416.48,113413.14,113419.83,1783273596.137
1783273597,113412.31,113408.97,113415.66,1783273597.120
1783273598,113408.29,113404.95,113411.64,1783273598.244
1783273599,113407.91,113404.57,113411.26,1783273599.123
1783273600,113409.23,113405.88,113412.57,1783273600.167
1783273601,113407.63,113404.29,113410.98,1783273601.114
1783273602,113408.47,113405.12,113411.82,1783273602.160
1783273603,113408.33,113404.99,113411.68,1783273603.118
1783273604,113410.32,113406.97,113413.66,1783273604.154
1783273605,113419.35,113416.01,113422.7,1783273605.115
1783273606,113413.72,113410.37,113417.07,1783273606.161
1783273607,113418.7,113415.36,113422.05,1783273607.116
1783273608,113413.85,113410.5,113417.19,1783273608.136
1783273609,113418.65,113415.3,113422,1783273609.118
1783273610,113417.86,113414.52,113421.21,1783273610.131
1783273611,113410.77,113407.42,113414.11,1783273611.113
1783273612,113411.48,113408.13,113414.82,1783273612.128
1783273613,113414.83,113411.49,113418.18,1783273613.110
1783273614,113410.31,113406.96,113413.66,1783273614.141
1783273615,113406.67,113403.33,113410.02,1783273615.119
1783273616,113406.76,113403.42,113410.11,1783273616.165
1783273617,113418.94,113415.59,113422.28,1783273617.117
1783273618,113426.39,113423.04,113429.74,1783273618.158
1783273619,113434.37,113431.02,113437.72,1783273619.116
1783273620,113427.29,113423.95,113430.64,1783273620.142
1783273621,113431.17,113427.82,113434.51,1783273621.164
1783273622,113435.36,113432.01,113438.7,1783273622.192
1783273623,113435.2,113431.85,113438.54,1783273623.113
1783273624,113438.91,113435.57,113442.26,1783273624.214
1783273625,113439.26,113435.92,113442.61,1783273625.115
1783273626,113442.97,113439.62,113446.32,1783273626.244
1783273627,113443.93,113440.58,113447.28,1783273627.108
1783273628,113434.55,113431.2,113437.89,1783273628.206
1783273629,113437.68,113434.33,113441.02,1783273629.113
1783273630,113433.21,113429.87,113436.56,1783273630.139
1783273631,113432.98,113429.64,113436.33,1783273631.114
1783273632,113431.31,113427.96,113434.65,1783273632.137
1783273633,113428.6,113425.25,113431.95,1783273633.115
1783273634,113432.44,113429.1,113435.79,1783273634.135
1783273635,113436.24,113432.9,113439.59,1783273635.109
1783273636,113434.39,113431.04,113437.74,1783273636.136
1783273637,113430.98,113427.63,113434.32,1783273637.118
1783273638,113422.32,113418.98,113425.67,1783273638.137
1783273639,113420.81,113417.47,113424.16,1783273639.111
1783273640,113423.46,113420.11,113426.8,1783273640.138
1783273641,113421.65,113418.31,113425,1783273641.117
1783273642,113421.16,113417.81,113424.5,1783273642.134
1783273643,113423,113419.65,113426.35,1783273643.113
1783273644,113414.97,113411.63,113418.32,1783273644.147
1783273645,113411.94,113408.59,113415.28,1783273645.114
1783273646,113411.24,113407.9,113414.59,1783273646.142
1783273647,113412.38,113409.03,113415.72,1783273647.114
1783273648,113410.76,113407.42,113414.11,1783273648.146
1783273649,113416.08,113412.73,113419.42,1783273649.113
1783273650,113412.69,113409.35,113416.04,1783273650.131
1783273651,113408.87,113405.53,113412.22,1783273651.115
1783273652,113413.88,113410.54,113417.23,1783273652.140
1783273653,113409.68,113406.34,113413.03,1783273653.107
1783273654,113404.6,113401.25,113407.94,1783273654.136
1783273655,113402.98,113399.64,113406.33,1783273655.109
1783273656,113400.23,113396.89,113403.58,1783273656.142
1783273657,113391.96,113388.61,113395.3,1783273657.107
1783273658,113384.67,113381.33,113388.02,1783273658.262
1783273659,113386.42,113383.08,113389.77,1783273659.111
1783273660,113387.37,113384.03,113390.72,1783273660.138
1783273661,113389.83,113386.48,113393.17,1783273661.124
1783273662,113393.83,113390.49,113397.18,1783273662.138
1783273663,113394.88,113391.54,113398.23,1783273663.116
1783273664,113389.3,113385.95,113392.64,1783273664.142
1783273665,113386.74,113383.39,113390.08,1783273665.118
1783273666,113382.62,113379.27,113385.96,1783273666.152
1783273667,113388.11,113384.77,113391.46,1783273667.122
1783273668,113386.98,113383.64,113390.33,1783273668.136
1783273669,113393.74,113390.39,113397.08,1783273669.120
1783273670,113391.75,113388.4,113395.09,1783273670.136
1783273671,113398.01,113394.67,113401.36,1783273671.116
1783273672,113399.06,113395.72,113402.41,1783273672.143
1783273673,113405.35,113402,113408.69,1783273673.115
1783273674,113402.64,113399.3,113405.99,1783273674.156
1783273675,113409.61,113406.26,113412.95,1783273675.127
1783273676,113404.55,113401.21,113407.9,1783273676.143
1783273677,113412.06,113408.72,113415.41,1783273677.113
1783273678,113418.93,113415.58,113422.27,1783273678.135
1783273679,113419.93,113416.59,113423.28,1783273679.122
1783273680,113419.7,113416.35,113423.04,1783273680.153
1783273681,113417.08,113413.73,113420.42,1783273681.142
1783273682,113423.11,113419.76,113426.45,1783273682.366
1783273683,113428.19,113424.84,113431.53,1783273683.151
1783273684,113428.08,113424.74,113431.43,1783273684.162
1783273685,113426.97,113423.63,113430.32,1783273685.241
1783273686,113428.2,113424.85,113431.54,1783273686.144
1783273687,113425.48,113422.14,113428.83,1783273687.111
1783273688,113419.28,113415.94,113422.63,1783273688.246
1783273689,113419.31,113415.96,113422.66,1783273689.117
1783273690,113419.52,113416.18,113422.87,1783273690.148
1783273691,113421.44,113418.09,113424.79,1783273691.114
1783273692,113406.6,113403.25,113409.94,1783273692.145
1783273693,113402.47,113399.12,113405.81,1783273693.112
1783273694,113402.41,113399.06,113405.75,1783273694.152
1783273695,113401.71,113398.37,113405.06,1783273695.113
1783273696,113406.52,113403.18,113409.87,1783273696.127
1783273697,113411.99,113408.64,113415.33,1783273697.118
1783273698,113410.46,113407.12,113413.81,1783273698.137
1783273699,113414.74,113411.39,113418.08,1783273699.128
1783273700,113416.05,113412.71,113419.4,1783273700.147
1783273701,113411.35,113408,113414.69,1783273701.118
1783273702,113413.44,113410.1,113416.79,1783273702.147
1783273703,113407.03,113403.68,113410.38,1783273703.114
1783273704,113409.62,113406.27,113412.96,1783273704.132
1783273705,113413.05,113409.71,113416.4,1783273705.129
1783273706,113414.54,113411.19,113417.88,1783273706.148
1783273707,113413.96,113410.62,113417.31,1783273707.130
1783273708,113413.34,113409.99,113416.68,1783273708.142
1783273709,113411.28,113407.93,113414.62,1783273709.112
1783273710,113412.9,113409.55,113416.24,1783273710.165
1783273711,113412.51,113409.16,113415.85,1783273711.129
1783273712,113412.2,113408.86,113415.55,1783273712.150
1783273713,113411.32,113407.98,113414.67,1783273713.120
1783273714,113411.63,113408.28,113414.97,1783273714.148
1783273715,113411.72,113408.38,113415.07,1783273715.118
1783273716,113407.81,113404.47,113411.16,1783273716.149
1783273717,113412.67,113409.32,113416.02,1783273717.119
1783273718,113413.96,113410.61,113417.31,1783273718.203
1783273719,113411.01,113407.67,113414.36,1783273719.122
1783273720,113410.57,113407.22,113413.91,1783273720.154
1783273721,113416.33,113412.99,113419.68,1783273721.118
1783273722,113428.82,113425.48,113432.17,1783273722.149
1783273723,113413.33,113409.99,113416.68,1783273723.164
1783273724,113411.37,113408.03,113414.72,1783273724.147
1783273725,113409.33,113405.98,113412.67,1783273725.127
1783273726,113410.75,113407.41,113414.1,1783273726.188
1783273727,113409.02,113405.68,113412.37,1783273727.128
1783273728,113400.58,113397.23,113403.93,1783273728.157
1783273729,113397.63,113394.28,113400.97,1783273729.129
1783273730,113403.15,113399.8,113406.49,1783273730.164
1783273731,113404.99,113401.65,113408.34,1783273731.120
1783273732,113403.9,113400.55,113407.24,1783273732.148
1783273733,113399.76,113396.41,113403.1,1783273733.126
1783273734,113398.89,113395.55,113402.24,1783273734.141
1783273735,113409.71,113406.36,113413.05,1783273735.125
1783273736,113398.07,113394.72,113401.41,1783273736.157
1783273737,113399.73,113396.38,113403.07,1783273737.115
1783273738,113401.07,113397.73,113404.42,1783273738.147
1783273739,113401.99,113398.64,113405.33,1783273739.129
1783273740,113404.92,113401.57,113408.26,1783273740.160
1783273741,113405.98,113402.64,113409.33,1783273741.121
1783273742,113411.67,113408.32,113415.02,1783273742.250
1783273743,113407.08,113403.73,113410.42,1783273743.163
1783273744,113415.36,113412.01,113418.7,1783273744.201
1783273745,113409.03,113405.68,113412.37,1783273745.109
1783273746,113404.89,113401.54,113408.23,1783273746.144
1783273747,113401.07,113397.73,113404.42,1783273747.112
1783273748,113394.89,113391.55,113398.24,1783273748.201
1783273749,113388.2,113384.86,113391.55,1783273749.130
1783273750,113382.66,113379.32,113386.01,1783273750.145
1783273751,113381.91,113378.57,113385.26,1783273751.124
1783273752,113378.82,113375.47,113382.16,1783273752.140
1783273753,113383.16,113379.81,113386.5,1783273753.110
1783273754,113388.27,113384.93,113391.62,1783273754.168
1783273755,113386.94,113383.6,113390.29,1783273755.118
1783273756,113389.96,113386.61,113393.3,1783273756.146
1783273757,113393.04,113389.69,113396.38,1783273757.115
1783273758,113386.6,113383.26,113389.95,1783273758.139
1783273759,113383.79,113380.45,113387.14,1783273759.114
1783273760,113381.88,113378.53,113385.22,1783273760.141
1783273761,113390.45,113387.1,113393.79,1783273761.116
1783273762,113390.28,113386.94,113393.63,1783273762.161
1783273763,113388.21,113384.86,113391.55,1783273763.124
1783273764,113381.16,113377.82,113384.51,1783273764.147
1783273765,113382.87,113379.52,113386.21,1783273765.118
1783273766,113376.43,113373.08,113379.77,1783273766.141
1783273767,113370.66,113367.32,113374.01,1783273767.105
1783273768,113372.11,113368.77,113375.45,1783273768.130
1783273769,113383.18,113379.84,113386.53,1783273769.112
1783273770,113380.23,113376.88,113383.57,1783273770.149
1783273771,113383.83,113380.48,113387.17,1783273771.119
1783273772,113377.52,113374.18,113380.87,1783273772.151
1783273773,113375.94,113372.59,113379.28,1783273773.109
1783273774,113388.12,113384.78,113391.47,1783273774.149
1783273775,113395.72,113392.37,113399.06,1783273775.112
1783273776,113400.56,113397.21,113403.9,1783273776.145
1783273777,113396.54,113393.19,113399.88,1783273777.113
1783273778,113395.54,113392.19,113398.88,1783273778.204
1783273779,113392.79,113389.44,113396.13,1783273779.117
1783273780,113393.95,113390.61,113397.3,1783273780.129
1783273781,113394.36,113391.02,113397.71,1783273781.113
1783273782,113403.47,113400.12,113406.81,1783273782.132
1783273783,113410.6,113407.25,113413.94,1783273783.107
1783273784,113403.97,113400.63,113407.32,1783273784.149
1783273785,113411.45,113408.1,113414.8,1783273785.118
1783273786,113408.9,113405.56,113412.25,1783273786.146
1783273787,113403.77,113400.43,113407.12,1783273787.105
1783273788,113403.01,113399.66,113406.35,1783273788.126
1783273789,113412.4,113409.05,113415.75,1783273789.105
1783273790,113416.25,113412.91,113419.6,1783273790.132
1783273791,113413.51,113410.16,113416.85,1783273791.114
1783273792,113406.17,113402.83,113409.52,1783273792.133
1783273793,113411.63,113408.29,113414.98,1783273793.112
1783273794,113400.35,113397.01,113403.7,1783273794.125
1783273795,113397.03,113393.69,113400.38,1783273795.113
1783273796,113399.22,113395.87,113402.57,1783273796.134
1783273797,113400.38,113397.03,113403.72,1783273797.109
1783273798,113396.34,113392.99,113399.68,1783273798.137
1783273799,113400.78,113397.43,113404.12,1783273799.114
1783273800,113404.57,113401.23,113407.92,1783273800.145
1783273801,113397.32,113393.97,113400.66,1783273801.128
1783273802,113396.63,113393.28,113399.98,1783273802.150
1783273803,113398.65,113395.3,113401.99,1783273803.255
1783273804,113407.19,113403.84,113410.53,1783273804.200
1783273805,113408.42,113405.07,113411.76,1783273805.162
1783273806,113404.65,113401.3,113408,1783273806.142
1783273807,113397.28,113393.93,113400.62,1783273807.120
1783273808,113396.51,113393.17,113399.86,1783273808.204
1783273809,113393.5,113390.15,113396.84,1783273809.118
1783273810,113392.55,113389.2,113395.89,1783273810.130
1783273811,113384.14,113380.8,113387.49,1783273811.127
1783273812,113384.22,113380.87,113387.56,1783273812.132
1783273813,113378.19,113374.84,113381.53,1783273813.112
1783273814,113378.15,113374.8,113381.49,1783273814.165
1783273815,113378.36,113375.01,113381.7,1783273815.127
1783273816,113383.38,113380.03,113386.72,1783273816.134
1783273817,113378.27,113374.93,113381.62,1783273817.115
1783273818,113375.84,113372.49,113379.18,1783273818.153
1783273819,113386,113382.65,113389.34,1783273819.109
1783273820,113385.48,113382.14,113388.83,1783273820.146
1783273821,113385.05,113381.7,113388.39,1783273821.121
1783273822,113392.66,113389.31,113396,1783273822.143
1783273823,113384.98,113381.63,113388.32,1783273823.112
1783273824,113384.32,113380.98,113387.67,1783273824.138
1783273825,113378.51,113375.17,113381.86,1783273825.113
1783273826,113384.88,113381.54,113388.23,1783273826.140
1783273827,113383.39,113380.05,113386.74,1783273827.106
1783273828,113385.54,113382.2,113388.89,1783273828.145
1783273829,113385.46,113382.11,113388.8,1783273829.118
1783273830,113386.77,113383.43,113390.12,1783273830.133
1783273831,113395.47,113392.13,113398.82,1783273831.115
1783273832,113395.19,113391.84,113398.53,1783273832.143
1783273833,113392.96,113389.62,113396.31,1783273833.121
1783273834,113400.22,113396.88,113403.57,1783273834.146
1783273835,113400.27,113396.93,113403.62,1783273835.109
1783273836,113402.7,113399.36,113406.05,1783273836.143
1783273837,113400.21,113396.86,113403.55,1783273837.119
1783273838,113399.1,113395.76,113402.45,1783273838.203
1783273839,113399.83,113396.48,113403.17,1783273839.109
1783273840,113409.03,113405.68,113412.38,1783273840.134
1783273841,113402.03,113398.68,113405.37,1783273841.111
1783273842,113398.11,113394.77,113401.46,1783273842.136
1783273843,113401.61,113398.27,113404.96,1783273843.110
1783273844,113398.45,113395.1,113401.79,1783273844.144
1783273845,113403.34,113400,113406.69,1783273845.112
1783273846,113395.19,113391.85,113398.54,1783273846.136
1783273847,113390.99,113387.64,113394.33,1783273847.111
1783273848,113395.36,113392.01,113398.7,1783273848.125
1783273849,113395.81,113392.47,113399.16,1783273849.115
1783273850,113394.99,113391.65,113398.34,1783273850.163
1783273851,113386.25,113382.9,113389.59,1783273851.113
1783273852,113398.25,113394.91,113401.6,1783273852.124
1783273853,113403.76,113400.42,113407.11,1783273853.126
1783273854,113401.69,113398.34,113405.03,1783273854.135
1783273855,113400.88,113397.53,113404.22,1783273855.117
1783273856,113400.05,113396.71,113403.4,1783273856.126
1783273857,113390.28,113386.93,113393.62,1783273857.152
1783273858,113390.81,113387.47,113394.16,1783273858.123
1783273859,113390.31,113386.97,113393.66,1783273859.125
1783273860,113382.04,113378.7,113385.39,1783273860.130
1783273861,113381.94,113378.59,113385.28,1783273861.113
1783273862,113389.29,113385.95,113392.64,1783273862.321
1783273863,113389.88,113386.53,113393.22,1783273863.193
1783273864,113385.18,113381.83,113388.52,1783273864.154
1783273865,113387.47,113384.13,113390.82,1783273865.109
1783273866,113392.04,113388.69,113395.38,1783273866.129
1783273867,113390.92,113387.58,113394.27,1783273867.104
1783273868,113389.57,113386.22,113392.91,1783273868.251
1783273869,113395.44,113392.1,113398.79,1783273869.129
1783273870,113403.68,113400.34,113407.03,1783273870.132
1783273871,113392.45,113389.1,113395.79,1783273871.115
1783273872,113392.21,113388.87,113395.56,1783273872.141
1783273873,113396.05,113392.7,113399.39,1783273873.111
1783273874,113399.29,113395.94,113402.64,1783273874.138
1783273875,113396.68,113393.33,113400.02,1783273875.106
1783273876,113395.96,113392.61,113399.3,1783273876.154
1783273877,113401.62,113398.27,113404.96,1783273877.115
1783273878,113407.43,113404.09,113410.78,1783273878.152
1783273879,113408.37,113405.02,113411.71,1783273879.130
1783273880,113402.12,113398.78,113405.47,1783273880.147
1783273881,113396.84,113393.5,113400.19,1783273881.103
1783273882,113399.68,113396.34,113403.03,1783273882.134
1783273883,113400.04,113396.7,113403.39,1783273883.110
1783273884,113401.76,113398.41,113405.1,1783273884.140
1783273885,113395.32,113391.97,113398.66,1783273885.125
1783273886,113400.76,113397.41,113404.1,1783273886.128
1783273887,113402.42,113399.07,113405.76,1783273887.124
1783273888,113410.75,113407.4,113414.09,1783273888.140
1783273889,113417.31,113413.96,113420.65,1783273889.114
1783273890,113419.75,113416.41,113423.1,1783273890.133
1783273891,113420.65,113417.3,113423.99,1783273891.116
1783273892,113423.66,113420.31,113427.01,1783273892.136
1783273893,113430,113426.65,113433.34,1783273893.110
1783273894,113434.72,113431.37,113438.06,1783273894.139
1783273895,113434.73,113431.38,113438.08,1783273895.123
1783273896,113447.9,113444.56,113451.25,1783273896.134
1783273897,113443.34,113440,113446.69,1783273897.116
1783273898,113443.25,113439.91,113446.6,1783273898.246
1783273899,113438.95,113435.61,113442.3,1783273899.111
1783273900,113440.24,113436.9,113443.59,1783273900.137
1783273901,113440.58,113437.24,113443.93,1783273901.183
1783273902,113435.02,113431.68,113438.37,1783273902.122
1783273903,113433.85,113430.51,113437.2,1783273903.154
1783273904,113434.14,113430.8,113437.49,1783273904.134
1783273905,113430.91,113427.56,113434.25,1783273905.114
1783273906,113432.05,113428.71,113435.4,1783273906.134
1783273907,113436.66,113433.31,113440,1783273907.116
1783273908,113435.99,113432.64,113439.34,1783273908.142
1783273909,113432.66,113429.31,113436,1783273909.109
1783273910,113429.17,113425.82,113432.52,1783273910.138
1783273911,113426.76,113423.42,113430.11,1783273911.112
1783273912,113424.5,113421.15,113427.84,1783273912.132
1783273913,113421.02,113417.67,113424.36,1783273913.112
1783273914,113426.75,113423.41,113430.1,1783273914.140
1783273915,113429.58,113426.23,113432.93,1783273915.108
1783273916,113427.26,113423.91,113430.61,1783273916.142
1783273917,113422.25,113418.9,113425.59,1783273917.111
1783273918,113419.32,113415.98,113422.67,1783273918.140
1783273919,113427.07,113423.72,113430.42,1783273919.131
1783273920,113424.75,113421.41,113428.1,1783273920.150
1783273921,113429.82,113426.47,113433.17,1783273921.120
1783273922,113427.47,113424.12,113430.81,1783273922.204
1783273923,113427.18,113423.84,113430.53,1783273923.173
1783273924,113429.81,113426.46,113433.15,1783273924.160
1783273925,113424.9,113421.56,113428.25,1783273925.129
1783273926,113424.07,113420.72,113427.41,1783273926.135
1783273927,113424.25,113420.9,113427.59,1783273927.118
1783273928,113432.79,113429.44,113436.13,1783273928.202
1783273929,113438.8,113435.45,113442.14,1783273929.118
1783273930,113440.66,113437.32,113444.01,1783273930.142
1783273931,113433.7,113430.36,113437.05,1783273931.115
1783273932,113433.47,113430.12,113436.81,1783273932.147
1783273933,113431.41,113428.06,113434.75,1783273933.122
1783273934,113436.68,113433.33,113440.02,1783273934.163
1783273935,113428.66,113425.32,113432.01,1783273935.127
1783273936,113428.89,113425.54,113432.23,1783273936.137
1783273937,113430.52,113427.18,113433.87,1783273937.118
1783273938,113430.62,113427.28,113433.97,1783273938.143
1783273939,113433.05,113429.71,113436.4,1783273939.125
1783273940,113435.32,113431.98,113438.67,1783273940.145
1783273941,113438.98,113435.64,113442.33,1783273941.119
1783273942,113441.53,113438.18,113444.87,1783273942.140
1783273943,113438.7,113435.35,113442.04,1783273943.114
1783273944,113442.18,113438.83,113445.53,1783273944.152
1783273945,113450.55,113447.21,113453.9,1783273945.152
1783273946,113455.32,113451.98,113458.67,1783273946.137
1783273947,113455.6,113452.25,113458.95,1783273947.114
1783273948,113451.68,113448.33,113455.03,1783273948.150
1783273949,113455.38,113452.03,113458.72,1783273949.113
1783273950,113454.19,113450.84,113457.54,1783273950.141
1783273951,113454.15,113450.8,113457.5,1783273951.116
1783273952,113449.92,113446.58,113453.27,1783273952.138
1783273953,113451.83,113448.49,113455.18,1783273953.114
1783273954,113454.96,113451.61,113458.31,1783273954.244
1783273955,113449.56,113446.22,113452.91,1783273955.129
1783273956,113463.89,113460.55,113467.24,1783273956.144
1783273957,113464.58,113461.23,113467.93,1783273957.126
1783273958,113463.03,113459.68,113466.37,1783273958.249
1783273959,113454.87,113451.52,113458.22,1783273959.126
1783273960,113450.63,113447.28,113453.97,1783273960.142
1783273961,113451.45,113448.11,113454.8,1783273961.117
1783273962,113449.26,113445.92,113452.61,1783273962.151
1783273963,113444.63,113441.29,113447.98,1783273963.121
1783273964,113447.85,113444.5,113451.19,1783273964.164
1783273965,113439.42,113436.07,113442.76,1783273965.118
1783273966,113440.05,113436.71,113443.4,1783273966.151
1783273967,113442.45,113439.11,113445.8,1783273967.114
1783273968,113432.07,113428.73,113435.42,1783273968.136
1783273969,113441.56,113438.22,113444.91,1783273969.129
1783273970,113449.19,113445.84,113452.54,1783273970.194
1783273971,113440.78,113437.43,113444.13,1783273971.190
1783273972,113437.56,113434.22,113440.91,1783273972.157
1783273973,113433.02,113429.68,113436.37,1783273973.117
1783273974,113433.29,113429.94,113436.64,1783273974.139
1783273975,113431.09,113427.74,113434.44,1783273975.121
1783273976,113422.68,113419.34,113426.03,1783273976.148
1783273977,113421.54,113418.19,113424.88,1783273977.167
1783273978,113417.93,113414.58,113421.27,1783273978.164
1783273979,113407.24,113403.89,113410.58,1783273979.119
1783273980,113411.6,113408.26,113414.95,1783273980.147
1783273981,113410.78,113407.43,113414.12,1783273981.123
1783273982,113419.65,113416.3,113422.99,1783273982.189
1783273983,113419.98,113416.64,113423.33,1783273983.157
1783273984,113422.4,113419.05,113425.74,1783273984.153
1783273985,113421.19,113417.84,113424.54,1783273985.134
1783273986,113421.65,113418.31,113425,1783273986.149
1783273987,113425.56,113422.21,113428.9,1783273987.117
1783273988,113418.25,113414.9,113421.59,1783273988.203
1783273989,113417.21,113413.87,113420.56,1783273989.132
1783273990,113414.1,113410.75,113417.44,1783273990.164
1783273991,113423.62,113420.28,113426.97,1783273991.130
1783273992,113424.31,113420.97,113427.66,1783273992.147
1783273993,113431.38,113428.03,113434.72,1783273993.131
1783273994,113428,113424.66,113431.35,1783273994.154
1783273995,113433.8,113430.46,113437.15,1783273995.137
1783273996,113438.27,113434.93,113441.62,1783273996.160
1783273997,113440.2,113436.85,113443.54,1783273997.134
1783273998,113448.05,113444.7,113451.39,1783273998.169
1783273999,113446.04,113442.69,113449.39,1783273999.119
1783274000,113443.99,113440.65,113447.34,1783274000.150
1783274001,113436.94,113433.59,113440.28,1783274001.121
1783274002,113445.8,113442.46,113449.15,1783274002.146
1783274003,113439.12,113435.78,113442.47,1783274003.122
1783274004,113449.12,113445.77,113452.47,1783274004.158
1783274005,113443.42,113440.07,113446.77,1783274005.117
1783274006,113451.26,113447.92,113454.61,1783274006.146
1783274007,113449.52,113446.17,113452.86,1783274007.117
1783274008,113446.19,113442.84,113449.53,1783274008.139
1783274009,113446.22,113442.87,113449.57,1783274009.115
1783274010,113442.27,113438.93,113445.62,1783274010.150
1783274011,113438.64,113435.29,113441.99,1783274011.133
1783274012,113434.32,113430.97,113437.67,1783274012.137
1783274013,113431.66,113428.32,113435.01,1783274013.127
1783274014,113433.3,113429.96,113436.65,1783274014.150
1783274015,113431.38,113428.03,113434.73,1783274015.118
1783274016,113438.58,113435.23,113441.93,1783274016.142
1783274017,113440.7,113437.35,113444.04,1783274017.127
1783274018,113448.54,113445.19,113451.89,1783274018.207
1783274019,113448.91,113445.56,113452.25,1783274019.118
1783274020,113452.12,113448.77,113455.46,1783274020.150
1783274021,113445.9,113442.55,113449.25,1783274021.119
1783274022,113445.45,113442.1,113448.79,1783274022.143
1783274023,113443.44,113440.09,113446.79,1783274023.115
1783274024,113442.36,113439.02,113445.71,1783274024.141
1783274025,113440.16,113436.81,113443.51,1783274025.123
1783274026,113443.68,113440.34,113447.03,1783274026.162
1783274027,113440.49,113437.15,113443.84,1783274027.165
1783274028,113448.08,113444.74,113451.43,1783274028.147
1783274029,113443.36,113440.01,113446.71,1783274029.120
1783274030,113441.2,113437.85,113444.55,1783274030.144
1783274031,113441.77,113438.43,113445.12,1783274031.114
1783274032,113439.11,113435.77,113442.46,1783274032.165
1783274033,113446.28,113442.94,113449.63,1783274033.123
1783274034,113437.66,113434.31,113441.01,1783274034.145
1783274035,113431.67,113428.33,113435.02,1783274035.115
1783274036,113426.16,113422.81,113429.51,1783274036.150
1783274037,113431.46,113428.11,113434.81,1783274037.114
1783274038,113425.4,113422.05,113428.75,1783274038.146
1783274039,113420.8,113417.45,113424.14,1783274039.125
1783274040,113419.2,113415.85,113422.54,1783274040.153
1783274041,113421.35,113418,113424.69,1783274041.118
1783274042,113420.49,113417.15,113423.84,1783274042.264
1783274043,113417.65,113414.3,113420.99,1783274043.136
1783274044,113420.68,113417.33,113424.02,1783274044.146
1783274045,113426.57,113423.22,113429.92,1783274045.112
1783274046,113426.88,113423.53,113430.22,1783274046.146
1783274047,113424.93,113421.58,113428.28,1783274047.126
1783274048,113424.28,113420.93,113427.62,1783274048.244
1783274049,113427.55,113424.2,113430.89,1783274049.114
1783274050,113427.02,113423.67,113430.37,1783274050.123
1783274051,113425.95,113422.61,113429.3,1783274051.109
1783274052,113429.1,113425.75,113432.45,1783274052.122
1783274053,113438.45,113435.1,113441.79,1783274053.108
1783274054,113436.86,113433.51,113440.21,1783274054.137
1783274055,113433.03,113429.69,113436.38,1783274055.117
1783274056,113431.89,113428.55,113435.24,1783274056.139
1783274057,113437.53,113434.18,113440.88,1783274057.125
1783274058,113436.05,113432.71,113439.4,1783274058.144
1783274059,113437.84,113434.5,113441.19,1783274059.108
1783274060,113449.38,113446.03,113452.72,1783274060.131
1783274061,113453.5,113450.15,113456.84,1783274061.125
1783274062,113460.13,113456.79,113463.48,1783274062.132
1783274063,113460.51,113457.16,113463.86,1783274063.116
1783274064,113461.85,113458.5,113465.19,1783274064.129
1783274065,113454.12,113450.77,113457.47,1783274065.172
1783274066,113460.15,113456.8,113463.5,1783274066.137
1783274067,113461.09,113457.75,113464.44,1783274067.140
1783274068,113467.17,113463.83,113470.52,1783274068.161
1783274069,113463.29,113459.94,113466.64,1783274069.114
1783274070,113459.89,113456.54,113463.24,1783274070.140
1783274071,113458.07,113454.72,113461.42,1783274071.116
1783274072,113467.91,113464.57,113471.26,1783274072.142
1783274073,113470.13,113466.78,113473.48,1783274073.120
1783274074,113462.33,113458.98,113465.67,1783274074.131
1783274075,113459.85,113456.5,113463.19,1783274075.111
1783274076,113458.71,113455.36,113462.06,1783274076.136
1783274077,113455.67,113452.32,113459.02,1783274077.133
1783274078,113455.23,113451.88,113458.58,1783274078.132
1783274079,113446.54,113443.2,113449.89,1783274079.118
1783274080,113445.76,113442.41,113449.1,1783274080.137
1783274081,113448.85,113445.5,113452.19,1783274081.116
1783274082,113454.54,113451.19,113457.88,1783274082.147
1783274083,113458.32,113454.97,113461.67,1783274083.132
1783274084,113460.96,113457.62,113464.31,1783274084.146
1783274085,113455.25,113451.9,113458.6,1783274085.119
1783274086,113450.95,113447.61,113454.3,1783274086.138
1783274087,113447.95,113444.6,113451.3,1783274087.116
1783274088,113449.05,113445.7,113452.4,1783274088.150
1783274089,113440.94,113437.6,113444.29,1783274089.115
1783274090,113444.37,113441.03,113447.72,1783274090.133
1783274091,113447.37,113444.03,113450.72,1783274091.111
1783274092,113447.4,113444.06,113450.75,1783274092.135
1783274093,113448.48,113445.13,113451.82,1783274093.118
1783274094,113445.17,113441.83,113448.52,1783274094.136
1783274095,113437.79,113434.45,113441.14,1783274095.115
1783274096,113438.46,113435.11,113441.8,1783274096.133
1783274097,113434.77,113431.42,113438.12,1783274097.114
1783274098,113430.24,113426.9,113433.59,1783274098.137
1783274099,113433.7,113430.35,113437.04,1783274099.114
1783274100,113437.9,113434.56,113441.25,1783274100.146
1783274101,113431.67,113428.33,113435.02,1783274101.120
1783274102,113433.86,113430.51,113437.21,1783274102.830
1783274103,113429.81,113426.46,113433.15,1783274103.212
1783274104,113429.6,113426.25,113432.94,1783274104.174
1783274105,113428.47,113425.13,113431.82,1783274105.134
1783274106,113429.46,113426.12,113432.81,1783274106.140
1783274107,113433.66,113430.32,113437.01,1783274107.170
1783274108,113430.15,113426.81,113433.5,1783274108.200
1783274109,113435.24,113431.9,113438.59,1783274109.109
1783274110,113438.96,113435.62,113442.31,1783274110.164
1783274111,113441.65,113438.31,113445,1783274111.110
1783274112,113445.47,113442.12,113448.81,1783274112.133
1783274113,113445.23,113441.88,113448.57,1783274113.118
1783274114,113443.6,113440.25,113446.95,1783274114.156
1783274115,113443.68,113440.33,113447.03,1783274115.112
1783274116,113446.51,113443.16,113449.86,1783274116.145
1783274117,113450.48,113447.13,113453.83,1783274117.116
1783274118,113459.26,113455.91,113462.6,1783274118.152
1783274119,113455.07,113451.72,113458.41,1783274119.113
1783274120,113456.53,113453.19,113459.88,1783274120.131
1783274121,113457.53,113454.18,113460.87,1783274121.115
1783274122,113459.04,113455.69,113462.38,1783274122.146
1783274123,113454.36,113451.01,113457.7,1783274123.116
1783274124,113454.98,113451.63,113458.33,1783274124.143
1783274125,113456.77,113453.43,113460.12,1783274125.150
1783274126,113462.01,113458.67,113465.36,1783274126.159
1783274127,113469.95,113466.6,113473.3,1783274127.117
1783274128,113460.53,113457.19,113463.88,1783274128.144
1783274129,113457.58,113454.24,113460.93,1783274129.122
1783274130,113453.91,113450.56,113457.25,1783274130.132
1783274131,113445.41,113442.06,113448.76,1783274131.112
1783274132,113454.25,113450.9,113457.59,1783274132.137
1783274133,113449.65,113446.3,113453,1783274133.115
1783274134,113449.23,113445.88,113452.57,1783274134.147
1783274135,113447.94,113444.6,113451.29,1783274135.112
1783274136,113445.76,113442.41,113449.11,1783274136.162
1783274137,113442.06,113438.72,113445.41,1783274137.118
1783274138,113443.56,113440.21,113446.91,1783274138.248
1783274139,113439.53,113436.19,113442.88,1783274139.115
1783274140,113445.92,113442.58,113449.27,1783274140.125
1783274141,113454.52,113451.17,113457.87,1783274141.106
1783274142,113449.77,113446.42,113453.12,1783274142.154
1783274143,113454.77,113451.43,113458.12,1783274143.120
1783274144,113456.38,113453.03,113459.73,1783274144.145
1783274145,113451.35,113448.01,113454.7,1783274145.171
1783274146,113456.28,113452.94,113459.63,1783274146.161
1783274147,113447.13,113443.78,113450.48,1783274147.137
1783274148,113443.2,113439.85,113446.54,1783274148.143
1783274149,113444.66,113441.31,113448.01,1783274149.166
1783274150,113449.51,113446.17,113452.86,1783274150.145
1783274151,113450.11,113446.76,113453.45,1783274151.117
1783274152,113439.87,113436.52,113443.21,1783274152.156
1783274153,113444.13,113440.78,113447.47,1783274153.122
1783274154,113443.32,113439.98,113446.67,1783274154.144
1783274155,113442.85,113439.5,113446.2,1783274155.199
1783274156,113442.05,113438.71,113445.4,1783274156.140
1783274157,113442.7,113439.35,113446.04,1783274157.117
1783274158,113445.46,113442.11,113448.81,1783274158.153
1783274159,113449.23,113445.88,113452.58,1783274159.122
1783274160,113451.39,113448.05,113454.74,1783274160.153
1783274161,113451.49,113448.14,113454.83,1783274161.138
1783274162,113457.82,113454.47,113461.17,1783274162.269
1783274163,113460.52,113457.18,113463.87,1783274163.139
1783274164,113458.36,113455.01,113461.71,1783274164.139
1783274165,113466.66,113463.32,113470.01,1783274165.125
1783274166,113473.33,113469.99,113476.68,1783274166.144
1783274167,113484.62,113481.27,113487.97,1783274167.126
1783274168,113481.27,113477.92,113484.61,1783274168.202
1783274169,113476.96,113473.62,113480.31,1783274169.119
1783274170,113480.08,113476.73,113483.43,1783274170.142
1783274171,113470.46,113467.11,113473.8,1783274171.117
1783274172,113478.3,113474.95,113481.64,1783274172.153
1783274173,113487.27,113483.93,113490.62,1783274173.123
1783274174,113497.85,113494.5,113501.2,1783274174.149
1783274175,113487.85,113484.51,113491.2,1783274175.162
1783274176,113488.34,113484.99,113491.69,1783274176.148
1783274177,113490.76,113487.41,113494.11,1783274177.124
1783274178,113491.41,113488.06,113494.76,1783274178.155
1783274179,113491.05,113487.7,113494.4,1783274179.120
1783274180,113492.06,113488.72,113495.41,1783274180.150
1783274181,113495.12,113491.78,113498.47,1783274181.135
1783274182,113499.26,113495.91,113502.61,1783274182.157
1783274183,113503.09,113499.74,113506.44,1783274183.115
1783274184,113505.28,113501.94,113508.63,1783274184.153
1783274185,113500.76,113497.41,113504.1,1783274185.155
1783274186,113501.98,113498.63,113505.33,1783274186.149
1783274187,113504.57,113501.22,113507.92,1783274187.119
1783274188,113503.28,113499.93,113506.62,1783274188.145
1783274189,113499.14,113495.79,113502.49,1783274189.128
1783274190,113494.65,113491.3,113497.99,1783274190.146
1783274191,113496.59,113493.25,113499.94,1783274191.123
1783274192,113496.15,113492.81,113499.5,1783274192.166
1783274193,113504.06,113500.71,113507.41,1783274193.134
1783274194,113506.02,113502.67,113509.37,1783274194.146
1783274195,113501.75,113498.4,113505.1,1783274195.129
1783274196,113502.66,113499.32,113506.01,1783274196.147
1783274197,113502.25,113498.9,113505.6,1783274197.123
1783274198,113507.97,113504.62,113511.32,1783274198.243
1783274199,113498.75,113495.41,113502.1,1783274199.117
1783274200,113499.91,113496.56,113503.26,1783274200.146
1783274201,113491.49,113488.15,113494.84,1783274201.121
1783274202,113493.81,113490.46,113497.16,1783274202.150
1783274203,113497.73,113494.38,113501.07,1783274203.120
1783274204,113491.34,113487.99,113494.69,1783274204.164
1783274205,113481.1,113477.75,113484.44,1783274205.118
1783274206,113476.45,113473.1,113479.8,1783274206.159
1783274207,113482.73,113479.38,113486.08,1783274207.124
1783274208,113486.54,113483.19,113489.89,1783274208.145
1783274209,113476.97,113473.62,113480.31,1783274209.127
1783274210,113479.16,113475.81,113482.51,1783274210.147
1783274211,113476.31,113472.96,113479.65,1783274211.118
1783274212,113481.25,113477.9,113484.6,1783274212.147
1783274213,113475.82,113472.47,113479.16,1783274213.115
1783274214,113470.86,113467.51,113474.2,1783274214.145
1783274215,113474.2,113470.85,113477.54,1783274215.118
1783274216,113484.3,113480.95,113487.64,1783274216.152
1783274217,113483.02,113479.67,113486.36,1783274217.118
1783274218,113479.09,113475.75,113482.44,1783274218.142
1783274219,113470.99,113467.65,113474.34,1783274219.112
1783274220,113469.59,113466.24,113472.94,1783274220.143
1783274221,113468.62,113465.28,113471.97,1783274221.127
1783274222,113477.53,113474.18,113480.88,1783274222.215
1783274223,113476.37,113473.02,113479.72,1783274223.150
1783274224,113472.18,113468.83,113475.53,1783274224.143
1783274225,113464.3,113460.95,113467.65,1783274225.120
1783274226,113459.97,113456.62,113463.32,1783274226.141
1783274227,113463.5,113460.15,113466.85,1783274227.120
1783274228,113465.85,113462.5,113469.2,1783274228.204
1783274229,113467.16,113463.81,113470.51,1783274229.180
1783274230,113460.99,113457.64,113464.34,1783274230.173
1783274231,113461.16,113457.81,113464.5,1783274231.121
1783274232,113454.6,113451.25,113457.94,1783274232.165
1783274233,113449.04,113445.69,113452.38,1783274233.122
1783274234,113455.77,113452.43,113459.12,1783274234.145
1783274235,113466.28,113462.93,113469.63,1783274235.122
1783274236,113470.36,113467.01,113473.71,1783274236.144
1783274237,113467.91,113464.56,113471.26,1783274237.123
1783274238,113465.66,113462.31,113469.01,1783274238.146
1783274239,113458.42,113455.07,113461.76,1783274239.115
1783274240,113467.4,113464.05,113470.75,1783274240.154
1783274241,113463.23,113459.88,113466.58,1783274241.118
1783274242,113451.88,113448.53,113455.22,1783274242.160
1783274243,113449.95,113446.6,113453.3,1783274243.164
1783274244,113444.17,113440.82,113447.51,1783274244.148
1783274245,113444.37,113441.02,113447.72,1783274245.124
1783274246,113443.52,113440.17,113446.87,1783274246.145
1783274247,113451.66,113448.32,113455.01,1783274247.110
1783274248,113452.27,113448.92,113455.62,1783274248.132
1783274249,113448.93,113445.59,113452.28,1783274249.123
1783274250,113447.93,113444.59,113451.28,1783274250.144
1783274251,113445.41,113442.07,113448.76,1783274251.125
1783274252,113444.46,113441.12,113447.81,1783274252.162
1783274253,113447.32,113443.97,113450.66,1783274253.121
1783274254,113447.28,113443.93,113450.63,1783274254.147
1783274255,113448.28,113444.94,113451.63,1783274255.114
1783274256,113450.97,113447.63,113454.32,1783274256.168
1783274257,113449.76,113446.41,113453.11,1783274257.118
1783274258,113450.92,113447.57,113454.26,1783274258.203
1783274259,113455.1,113451.75,113458.45,1783274259.120
1783274260,113461.16,113457.81,113464.5,1783274260.165
1783274261,113464.04,113460.7,113467.39,1783274261.115
1783274262,113468.76,113465.41,113472.11,1783274262.142
1783274263,113472.47,113469.12,113475.82,1783274263.122
1783274264,113472.86,113469.51,113476.2,1783274264.148
1783274265,113480.98,113477.63,113484.33,1783274265.118
1783274266,113472.74,113469.39,113476.08,1783274266.139
1783274267,113476.44,113473.1,113479.79,1783274267.122
1783274268,113478.85,113475.51,113482.2,1783274268.148
1783274269,113478.69,113475.34,113482.03,1783274269.124
1783274270,113481.4,113478.05,113484.75,1783274270.156
1783274271,113483.33,113479.98,113486.67,1783274271.131
1783274272,113485.03,113481.68,113488.37,1783274272.149
1783274273,113484.63,113481.28,113487.98,1783274273.209
1783274274,113482.19,113478.84,113485.54,1783274274.161
1783274275,113472.82,113469.47,113476.16,1783274275.126
1783274276,113462,113458.65,113465.35,1783274276.588
1783274277,113453.67,113450.32,113457.01,1783274277.125
1783274278,113456.54,113453.2,113459.89,1783274278.148
1783274279,113451.63,113448.28,113454.98,1783274279.122
1783274280,113458.06,113454.72,113461.41,1783274280.152
1783274281,113459.51,113456.16,113462.86,1783274281.123
1783274282,113463.49,113460.14,113466.84,1783274282.211
1783274283,113465.35,113462,113468.7,1783274283.157
1783274284,113468.33,113464.98,113471.68,1783274284.161
1783274285,113468.83,113465.48,113472.18,1783274285.136
1783274286,113472.4,113469.05,113475.74,1783274286.163
1783274287,113456.78,113453.43,113460.13,1783274287.132
1783274288,113454.73,113451.38,113458.08,1783274288.204
1783274289,113455.29,113451.94,113458.63,1783274289.119
1783274290,113458.65,113455.31,113462,1783274290.152
1783274291,113456.24,113452.89,113459.58,1783274291.117
1783274292,113451.1,113447.75,113454.44,1783274292.156
1783274293,113448.17,113444.82,113451.51,1783274293.117
1783274294,113450.16,113446.81,113453.5,1783274294.149
1783274295,113449.73,113446.38,113453.08,1783274295.124
1783274296,113445.21,113441.86,113448.56,1783274296.154
1783274297,113445.27,113441.92,113448.62,1783274297.129
1783274298,113439.84,113436.5,113443.19,1783274298.157
1783274299,113439.77,113436.42,113443.12,1783274299.123
1783274300,113424.07,113420.73,113427.42,1783274300.155
1783274301,113421.21,113417.87,113424.56,1783274301.127
1783274302,113413.86,113410.51,113417.2,1783274302.157
1783274303,113406.67,113403.33,113410.02,1783274303.122
1783274304,113409.16,113405.81,113412.5,1783274304.153
1783274305,113413.44,113410.09,113416.78,1783274305.118
1783274306,113416.63,113413.29,113419.98,1783274306.145
1783274307,113414.86,113411.52,113418.21,1783274307.123
1783274308,113403.4,113400.05,113406.75,1783274308.162
1783274309,113396.93,113393.58,113400.27,1783274309.136
1783274310,113399.53,113396.18,113402.87,1783274310.147
1783274311,113390.25,113386.9,113393.59,1783274311.122
1783274312,113383,113379.66,113386.35,1783274312.162
1783274313,113385.19,113381.85,113388.54,1783274313.121
1783274314,113389.92,113386.57,113393.26,1783274314.160
1783274315,113396.61,113393.26,113399.95,1783274315.124
1783274316,113385.92,113382.57,113389.26,1783274316.147
1783274317,113388.34,113385,113391.69,1783274317.159
1783274318,113388.43,113385.08,113391.77,1783274318.203
1783274319,113393.13,113389.79,113396.48,1783274319.195
1783274320,113396.26,113392.92,113399.61,1783274320.162
1783274321,113393.1,113389.75,113396.44,1783274321.117
1783274322,113389.48,113386.14,113392.83,1783274322.160
1783274323,113392.44,113389.09,113395.78,1783274323.133
1783274324,113390.21,113386.87,113393.56,1783274324.149
1783274325,113381.33,113377.98,113384.67,1783274325.162
1783274326,113389.32,113385.98,113392.67,1783274326.149
1783274327,113396.34,113392.99,113399.68,1783274327.124
1783274328,113402.22,113398.87,113405.56,1783274328.158
1783274329,113403.58,113400.23,113406.93,1783274329.129
1783274330,113395.63,113392.29,113398.98,1783274330.154
1783274331,113393.32,113389.98,113396.67,1783274331.119
1783274332,113390.18,113386.83,113393.52,1783274332.144
1783274333,113391.43,113388.09,113394.78,1783274333.122
1783274334,113392.08,113388.74,113395.43,1783274334.153
1783274335,113393.56,113390.22,113396.91,1783274335.127
1783274336,113391.24,113387.9,113394.59,1783274336.155
1783274337,113388.41,113385.07,113391.76,1783274337.125
1783274338,113385.21,113381.86,113388.55,1783274338.168
1783274339,113375.1,113371.75,113378.44,1783274339.120
1783274340,113374.78,113371.43,113378.12,1783274340.164
1783274341,113377.4,113374.05,113380.74,1783274341.124
1783274342,113379.53,113376.18,113382.87,1783274342.197
1783274343,113372.13,113368.79,113375.48,1783274343.216
1783274344,113366.65,113363.31,113370,1783274344.208
1783274345,113359.44,113356.1,113362.78,1783274345.129
1783274346,113360.39,113357.04,113363.73,1783274346.142
1783274347,113359.03,113355.68,113362.37,1783274347.140
1783274348,113364.6,113361.25,113367.94,1783274348.203
1783274349,113362.21,113358.87,113365.55,1783274349.121
1783274350,113352.95,113349.61,113356.3,1783274350.147
1783274351,113353.15,113349.81,113356.5,1783274351.121
1783274352,113351.11,113347.77,113354.45,1783274352.156
1783274353,113346.37,113343.03,113349.72,1783274353.119
1783274354,113349.16,113345.82,113352.5,1783274354.164
1783274355,113349.2,113345.86,113352.55,1783274355.120
1783274356,113352.54,113349.19,113355.88,1783274356.142
1783274357,113356.5,113353.15,113359.84,1783274357.122
1783274358,113358.14,113354.79,113361.48,1783274358.142
1783274359,113363.77,113360.43,113367.11,1783274359.148
1783274360,113358.4,113355.05,113361.74,1783274360.151
1783274361,112955.97,112952.63,112959.3,1783274361.134
1783274362,112955.63,112952.3,112958.96,1783274362.155
1783274363,112950.91,112947.58,112954.24,1783274363.202
1783274364,112948.65,112945.31,112951.98,1783274364.150
1783274365,112944.74,112941.41,112948.07,1783274365.196
1783274366,112948.85,112945.52,112952.18,1783274366.150
1783274367,112958.23,112954.9,112961.57,1783274367.190
1783274368,112953.56,112950.23,112956.89,1783274368.149
1783274369,112957.57,112954.24,112960.91,1783274369.127
1783274370,112962.75,112959.42,112966.09,1783274370.151
1783274371,112966.93,112963.6,112970.26,1783274371.127
1783274372,112970.87,112967.54,112974.2,1783274372.148
1783274373,112966.76,112963.43,112970.09,1783274373.124
1783274374,112963.78,112960.44,112967.11,1783274374.203
1783274375,112969.97,112966.64,112973.31,1783274375.127
1783274376,112970.11,112966.78,112973.44,1783274376.152
1783274377,112973.16,112969.82,112976.49,1783274377.117
1783274378,112970.91,112967.58,112974.25,1783274378.205
1783274379,112975.03,112971.7,112978.37,1783274379.120
1783274380,112976.58,112973.25,112979.92,1783274380.163
1783274381,112980.08,112976.74,112983.41,1783274381.123
1783274382,112972.49,112969.15,112975.82,1783274382.144
1783274383,112978.27,112974.93,112981.6,1783274383.122
1783274384,112976.3,112972.97,112979.63,1783274384.156
1783274385,112978.92,112975.59,112982.25,1783274385.137
1783274386,112978.78,112975.45,112982.11,1783274386.147
1783274387,112978.5,112975.17,112981.83,1783274387.135
1783274388,112979.07,112975.74,112982.4,1783274388.151
1783274389,112975.19,112971.86,112978.52,1783274389.127
1783274390,112973.72,112970.39,112977.05,1783274390.150
1783274391,112967.43,112964.1,112970.76,1783274391.129
1783274392,112969.17,112965.84,112972.51,1783274392.162
1783274393,112975.76,112972.42,112979.09,1783274393.162
1783274394,112970.25,112966.92,112973.58,1783274394.153
1783274395,112975.95,112972.62,112979.28,1783274395.131
1783274396,112966.82,112963.48,112970.15,1783274396.157
1783274397,112965.7,112962.37,112969.03,1783274397.126
1783274398,112958.66,112955.33,112961.99,1783274398.159
1783274399,112951.54,112948.21,112954.88,1783274399.128
1783274400,112953.39,112950.05,112956.72,1783274400.187
1783274401,112960.88,112957.55,112964.21,1783274401.149
1783274402,112961.41,112958.07,112964.74,1783274402.345
1783274403,112957.32,112953.99,112960.65,1783274403.165
1783274404,112957.76,112954.42,112961.09,1783274404.191
1783274405,112959.21,112955.88,112962.55,1783274405.178
1783274406,112954.83,112951.49,112958.16,1783274406.204
1783274407,112958.33,112954.99,112961.66,1783274407.150
1783274408,112958.07,112954.74,112961.4,1783274408.211
1783274409,112957.27,112953.94,112960.61,1783274409.222
1783274410,112953.97,112950.64,112957.3,1783274410.163
1783274411,112960.43,112957.1,112963.76,1783274411.123
1783274412,112955.37,112952.04,112958.7,1783274412.160
1783274413,112959.47,112956.14,112962.8,1783274413.128
1783274414,112958.75,112955.42,112962.08,1783274414.151
1783274415,112957.21,112953.88,112960.55,1783274415.144
1783274416,112957.66,112954.33,112960.99,1783274416.155
1783274417,112945.88,112942.55,112949.21,1783274417.134
1783274418,112940.12,112936.79,112943.46,1783274418.151
1783274419,112939.08,112935.75,112942.41,1783274419.164
1783274420,112931.68,112928.35,112935.01,1783274420.243
1783274421,112941.09,112937.76,112944.42,1783274421.131
1783274422,112935.57,112932.23,112938.9,1783274422.167
1783274423,112940.65,112937.32,112943.98,1783274423.132
1783274424,112947.82,112944.49,112951.15,1783274424.154
1783274425,112952.46,112949.12,112955.79,1783274425.134
1783274426,112955.12,112951.78,112958.45,1783274426.158
1783274427,112945.77,112942.44,112949.1,1783274427.167
1783274428,112944.28,112940.95,112947.61,1783274428.163
1783274429,112949.45,112946.12,112952.78,1783274429.129
1783274430,112945.02,112941.69,112948.36,1783274430.153
1783274431,112951.47,112948.14,112954.81,1783274431.129
1783274432,112946.26,112942.92,112949.59,1783274432.158
1783274433,112945.25,112941.92,112948.58,1783274433.124
1783274434,112942.48,112939.15,112945.81,1783274434.160
1783274435,112945.93,112942.6,112949.26,1783274435.173
1783274436,112944.12,112940.79,112947.45,1783274436.156
1783274437,112942.09,112938.76,112945.42,1783274437.125
1783274438,112941.91,112938.58,112945.24,1783274438.243
1783274439,112950.29,112946.96,112953.62,1783274439.132
1783274440,112951.84,112948.5,112955.17,1783274440.153
1783274441,112945,112941.66,112948.33,1783274441.133
1783274442,112946.93,112943.6,112950.26,1783274442.183
1783274443,112954.05,112950.72,112957.38,1783274443.138
1783274444,112947.64,112944.31,112950.97,1783274444.163
1783274445,112943.42,112940.09,112946.76,1783274445.130
1783274446,112937.12,112933.79,112940.45,1783274446.141
1783274447,112938.58,112935.25,112941.91,1783274447.118
1783274448,112938.11,112934.78,112941.44,1783274448.163
1783274449,112933.69,112930.36,112937.02,1783274449.122
1783274450,112936.01,112932.68,112939.34,1783274450.153
1783274451,112936.46,112933.12,112939.79,1783274451.153
1783274452,112932.45,112929.12,112935.79,1783274452.166
1783274453,112925.14,112921.81,112928.47,1783274453.152
1783274454,112917.69,112914.36,112921.02,1783274454.172
1783274455,112917.32,112913.99,112920.65,1783274455.142
1783274456,112908.01,112904.68,112911.34,1783274456.155
1783274457,112901.13,112897.8,112904.47,1783274457.143
1783274458,112907.75,112904.42,112911.08,1783274458.149
1783274459,112901.65,112898.32,112904.99,1783274459.243
1783274460,112898.3,112894.97,112901.63,1783274460.170
1783274461,112900.57,112897.24,112903.9,1783274461.162
1783274462,112904.53,112901.2,112907.86,1783274462.411
1783274463,112908.14,112904.81,112911.47,1783274463.213
1783274464,112903.02,112899.69,112906.35,1783274464.313
1783274465,112894.73,112891.4,112898.06,1783274465.141
1783274466,112893.21,112889.88,112896.54,1783274466.145
1783274467,112891.87,112888.54,112895.2,1783274467.127
1783274468,112888.5,112885.17,112891.83,1783274468.210
1783274469,112878.15,112874.82,112881.48,1783274469.138
1783274470,112882.14,112878.81,112885.47,1783274470.155
1783274471,112888.22,112884.89,112891.55,1783274471.127
1783274472,112883.82,112880.49,112887.15,1783274472.154
1783274473,112885.9,112882.57,112889.23,1783274473.145
1783274474,112876.69,112873.36,112880.02,1783274474.165
1783274475,112884.23,112880.9,112887.56,1783274475.134
1783274476,112888.83,112885.5,112892.16,1783274476.154
1783274477,112880.7,112877.37,112884.03,1783274477.123
1783274478,112883.49,112880.16,112886.82,1783274478.163
1783274479,112887.61,112884.28,112890.94,1783274479.143
1783274480,112888.07,112884.74,112891.4,1783274480.158
1783274481,112883.64,112880.31,112886.97,1783274481.223
1783274482,112888.33,112885,112891.67,1783274482.156
1783274483,112887.34,112884.01,112890.67,1783274483.140
1783274484,112881.58,112878.25,112884.91,1783274484.186
1783274485,112874.09,112870.76,112877.42,1783274485.137
1783274486,112877.91,112874.58,112881.24,1783274486.154
1783274487,112873.77,112870.44,112877.1,1783274487.129
1783274488,112877.66,112874.33,112880.99,1783274488.171
1783274489,112876.78,112873.45,112880.11,1783274489.141
1783274490,112880.29,112876.96,112883.62,1783274490.162
1783274491,112879.77,112876.44,112883.1,1783274491.129
1783274492,112882.22,112878.89,112885.55,1783274492.167
1783274493,112878.26,112874.93,112881.59,1783274493.139
1783274494,112887.17,112883.84,112890.5,1783274494.168
1783274495,112885.45,112882.12,112888.78,1783274495.136
1783274496,112877.23,112873.9,112880.56,1783274496.156
1783274497,112869.23,112865.9,112872.56,1783274497.139
1783274498,112870.89,112867.56,112874.22,1783274498.202
1783274499,112873.02,112869.69,112876.35,1783274499.219
1783274500,112877.93,112874.6,112881.26,1783274500.153
1783274501,112882.17,112878.84,112885.5,1783274501.128
1783274502,112883.57,112880.24,112886.9,1783274502.163
1783274503,112877.12,112873.79,112880.45,1783274503.163
1783274504,112885.81,112882.48,112889.14,1783274504.161
1783274505,112886.81,112883.48,112890.14,1783274505.128
1783274506,112891.12,112887.79,112894.45,1783274506.167
1783274507,112900.04,112896.71,112903.37,1783274507.127
1783274508,112889.81,112886.48,112893.14,1783274508.170
1783274509,112890.42,112887.09,112893.75,1783274509.136
1783274510,112882.98,112879.65,112886.31,1783274510.148
1783274511,112885.3,112881.97,112888.63,1783274511.131
1783274512,112887.12,112883.79,112890.45,1783274512.159
1783274513,112890.1,112886.77,112893.43,1783274513.162
1783274514,112885.86,112882.53,112889.19,1783274514.155
1783274515,112885.45,112882.12,112888.78,1783274515.129
1783274516,112885.77,112882.44,112889.1,1783274516.163
1783274517,112885.48,112882.15,112888.81,1783274517.127
1783274518,112886.77,112883.44,112890.1,1783274518.161
1783274519,112892.45,112889.12,112895.78,1783274519.127
1783274520,112888.73,112885.4,112892.06,1783274520.156
1783274521,112888.75,112885.42,112892.08,1783274521.141
1783274522,112899.81,112896.48,112903.14,1783274522.177
1783274523,112909.16,112905.83,112912.49,1783274523.128
1783274524,112910.13,112906.8,112913.46,1783274524.159
1783274525,112904.71,112901.38,112908.04,1783274525.130
1783274526,112907.73,112904.4,112911.06,1783274526.154
1783274527,112904.94,112901.6,112908.27,1783274527.126
1783274528,112893.65,112890.32,112896.98,1783274528.244
1783274529,112897.16,112893.83,112900.49,1783274529.166
1783274530,112901.72,112898.39,112905.05,1783274530.151
1783274531,112904.54,112901.21,112907.87,1783274531.138
1783274532,112912.01,112908.68,112915.34,1783274532.144
1783274533,112913.77,112910.44,112917.11,1783274533.134
1783274534,112913.83,112910.5,112917.16,1783274534.150
1783274535,112904.64,112901.31,112907.97,1783274535.126
1783274536,112905.11,112901.78,112908.44,1783274536.157
1783274537,112898.48,112895.15,112901.81,1783274537.149
1783274538,112901.88,112898.55,112905.21,1783274538.146
1783274539,112891.97,112888.64,112895.3,1783274539.143
1783274540,112893.36,112890.03,112896.69,1783274540.163
1783274541,112898.78,112895.45,112902.11,1783274541.155
1783274542,112898.62,112895.29,112901.95,1783274542.164
1783274543,112907.18,112903.85,112910.51,1783274543.150
1783274544,112918.82,112915.49,112922.15,1783274544.196
1783274545,112916.29,112912.95,112919.62,1783274545.215
1783274546,112920.93,112917.6,112924.26,1783274546.157
1783274547,112926.18,112922.85,112929.51,1783274547.204
1783274548,112931.42,112928.08,112934.75,1783274548.147
1783274549,112933.73,112930.39,112937.06,1783274549.129
1783274550,112935.8,112932.47,112939.14,1783274550.143
1783274551,112922.69,112919.36,112926.02,1783274551.130
1783274552,112928.2,112924.86,112931.53,1783274552.206
1783274553,112916.98,112913.65,112920.31,1783274553.127
1783274554,112922.75,112919.42,112926.08,1783274554.147
1783274555,112923.66,112920.33,112926.99,1783274555.123
1783274556,112930.43,112927.09,112933.76,1783274556.156
1783274557,112923.08,112919.75,112926.41,1783274557.130
1783274558,112925.82,112922.49,112929.15,1783274558.201
1783274559,112927.55,112924.22,112930.88,1783274559.128
1783274560,112921.08,112917.74,112924.41,1783274560.157
1783274561,112916.17,112912.84,112919.5,1783274561.126
1783274562,112909.76,112906.43,112913.09,1783274562.154
1783274563,112909.49,112906.16,112912.82,1783274563.131
1783274564,112910.58,112907.25,112913.91,1783274564.152
1783274565,112907.67,112904.34,112911,1783274565.128
1783274566,112910.55,112907.22,112913.88,1783274566.149
1783274567,112905.57,112902.24,112908.9,1783274567.126
1783274568,112905.9,112902.57,112909.23,1783274568.147
1783274569,112900.84,112897.51,112904.17,1783274569.126
1783274570,112900.53,112897.2,112903.86,1783274570.147
1783274571,112902.29,112898.96,112905.62,1783274571.132
1783274572,112905.94,112902.61,112909.27,1783274572.153
1783274573,112906.03,112902.7,112909.36,1783274573.131
1783274574,112912.31,112908.98,112915.64,1783274574.158
1783274575,112913.37,112910.04,112916.7,1783274575.133
1783274576,112901.75,112898.42,112905.08,1783274576.163
1783274577,112908.28,112904.95,112911.61,1783274577.132
1783274578,112901.8,112898.47,112905.13,1783274578.140
1783274579,112902.24,112898.91,112905.57,1783274579.141
1783274580,112898.65,112895.32,112901.98,1783274580.155
1783274581,112885.17,112881.84,112888.5,1783274581.161
1783274582,112888.52,112885.19,112891.85,1783274582.177
1783274583,112897.39,112894.06,112900.72,1783274583.196
1783274584,112898.3,112894.97,112901.63,1783274584.165
1783274585,112888.3,112884.97,112891.63,1783274585.140
1783274586,112891.48,112888.15,112894.81,1783274586.160
1783274587,112897.98,112894.65,112901.31,1783274587.155
1783274588,112890.1,112886.76,112893.43,1783274588.205
1783274589,112895.25,112891.92,112898.58,1783274589.242
1783274590,112894.37,112891.04,112897.7,1783274590.160
1783274591,112898.7,112895.37,112902.03,1783274591.185
1783274592,112906.47,112903.14,112909.8,1783274592.161
1783274593,112901.82,112898.49,112905.15,1783274593.128
1783274594,112894.09,112890.76,112897.42,1783274594.162
1783274595,112895.51,112892.18,112898.84,1783274595.130
1783274596,112880.12,112876.79,112883.45,1783274596.150
1783274597,112883.04,112879.71,112886.37,1783274597.132
1783274598,112879.46,112876.13,112882.79,1783274598.165
1783274599,112878.98,112875.65,112882.31,1783274599.130
1783274600,112871.7,112868.37,112875.02,1783274600.158
1783274601,112876.04,112872.71,112879.37,1783274601.131
1783274602,112880.62,112877.29,112883.95,1783274602.138
1783274603,112887.07,112883.74,112890.4,1783274603.134
1783274604,112888.06,112884.73,112891.39,1783274604.153
1783274605,112882.82,112879.49,112886.15,1783274605.131
1783274606,112883.83,112880.5,112887.16,1783274606.158
1783274607,112885.31,112881.98,112888.64,1783274607.131
1783274608,112880.73,112877.4,112884.06,1783274608.175
1783274609,112882.11,112878.78,112885.44,1783274609.126
1783274610,112877.92,112874.59,112881.25,1783274610.129
1783274611,112884.37,112881.04,112887.7,1783274611.132
1783274612,112885.57,112882.24,112888.9,1783274612.178
1783274613,112878.2,112874.87,112881.53,1783274613.132
1783274614,112877.58,112874.25,112880.91,1783274614.141
1783274615,112877.26,112873.93,112880.59,1783274615.137
1783274616,112866.27,112862.94,112869.6,1783274616.161
1783274617,112870.66,112867.33,112873.99,1783274617.135
1783274618,112876.24,112872.91,112879.57,1783274618.204
1783274619,112870.83,112867.5,112874.16,1783274619.132
1783274620,112870.84,112867.51,112874.17,1783274620.152
1783274621,112876.14,112872.81,112879.47,1783274621.139
1783274622,112874.32,112870.99,112877.65,1783274622.140
1783274623,112873.58,112870.25,112876.9,1783274623.161
1783274624,112876.2,112872.87,112879.53,1783274624.148
1783274625,112873.49,112870.16,112876.82,1783274625.150
1783274626,112871.21,112867.88,112874.54,1783274626.157
1783274627,112873.14,112869.81,112876.47,1783274627.242
1783274628,112865.08,112861.75,112868.41,1783274628.155
1783274629,112871.22,112867.89,112874.55,1783274629.134
1783274630,112875.44,112872.11,112878.77,1783274630.137
1783274631,112878.93,112875.6,112882.26,1783274631.135
1783274632,112876.93,112873.6,112880.26,1783274632.155
1783274633,112879.12,112875.79,112882.45,1783274633.135
1783274634,112883.24,112879.91,112886.57,1783274634.146
1783274635,112877.37,112874.04,112880.7,1783274635.138
1783274636,112877.1,112873.77,112880.43,1783274636.169
1783274637,112866.43,112863.1,112869.76,1783274637.135
1783274638,112857.61,112854.28,112860.94,1783274638.144
1783274639,112866.32,112862.99,112869.65,1783274639.116
1783274640,112870.74,112867.41,112874.07,1783274640.159
1783274641,112868.16,112864.83,112871.49,1783274641.137
1783274642,112878.59,112875.26,112881.92,1783274642.178
1783274643,112881.41,112878.08,112884.74,1783274643.163
1783274644,112889.54,112886.21,112892.87,1783274644.227
1783274645,112895.98,112892.65,112899.31,1783274645.138
1783274646,112895.79,112892.46,112899.12,1783274646.166
1783274647,112901.02,112897.69,112904.35,1783274647.135
1783274648,112897.78,112894.45,112901.11,1783274648.207
1783274649,112899.41,112896.08,112902.74,1783274649.139
1783274650,112900.82,112897.49,112904.15,1783274650.138
1783274651,112904.08,112900.75,112907.41,1783274651.147
1783274652,112898.24,112894.91,112901.57,1783274652.153
1783274653,112897.88,112894.55,112901.21,1783274653.142
1783274654,112895.13,112891.8,112898.46,1783274654.141
1783274655,112907.84,112904.51,112911.17,1783274655.138
1783274656,112907.6,112904.27,112910.93,1783274656.145
1783274657,112909.26,112905.93,112912.6,1783274657.119
1783274658,112905.11,112901.77,112908.44,1783274658.158
1783274659,112912.63,112909.3,112915.96,1783274659.122
1783274660,112924.06,112920.73,112927.39,1783274660.141
1783274661,112920.22,112916.89,112923.55,1783274661.158
1783274662,112904.36,112901.03,112907.69,1783274662.171
1783274663,112909.67,112906.34,112913.01,1783274663.121
1783274664,112911.93,112908.6,112915.26,1783274664.141
1783274665,112917.66,112914.33,112921,1783274665.116
1783274666,112917.82,112914.49,112921.15,1783274666.170
1783274667,112919.69,112916.36,112923.02,1783274667.126
1783274668,112917.03,112913.7,112920.36,1783274668.143
1783274669,112913.86,112910.53,112917.19,1783274669.166
1783274670,112920.19,112916.86,112923.52,1783274670.140
1783274671,112921.92,112918.59,112925.25,1783274671.145
1783274672,112923.16,112919.83,112926.49,1783274672.162
1783274673,112923.22,112919.89,112926.56,1783274673.115
1783274674,112915.58,112912.25,112918.91,1783274674.155
1783274675,112907.04,112903.71,112910.37,1783274675.123
1783274676,112907.23,112903.9,112910.56,1783274676.141
1783274677,112908.09,112904.76,112911.42,1783274677.123
1783274678,112916.14,112912.81,112919.47,1783274678.200
1783274679,112918.02,112914.68,112921.35,1783274679.118
1783274680,112920.12,112916.79,112923.45,1783274680.162
1783274681,112922.64,112919.31,112925.97,1783274681.123
1783274682,112924.21,112920.88,112927.54,1783274682.154
1783274683,112919.59,112916.26,112922.92,1783274683.142
1783274684,112913.23,112909.9,112916.56,1783274684.158
1783274685,112903.39,112900.06,112906.72,1783274685.137
1783274686,112903.89,112900.56,112907.22,1783274686.148
1783274687,112903.27,112899.94,112906.6,1783274687.149
1783274688,112903.25,112899.92,112906.58,1783274688.134
1783274689,112901.9,112898.57,112905.23,1783274689.123
1783274690,112915.17,112911.84,112918.51,1783274690.160
1783274691,112925.3,112921.97,112928.63,1783274691.121
1783274692,112929.92,112926.59,112933.25,1783274692.161
1783274693,112927.2,112923.87,112930.53,1783274693.130
1783274694,112928.15,112924.82,112931.48,1783274694.153
1783274695,112932.09,112928.76,112935.43,1783274695.124
1783274696,112925.55,112922.22,112928.89,1783274696.143
1783274697,112924.77,112921.43,112928.1,1783274697.132
1783274698,112923.07,112919.74,112926.4,1783274698.150
1783274699,112927.71,112924.38,112931.05,1783274699.125
1783274700,112918.26,112914.93,112921.59,1783274700.157
1783274701,112915.39,112912.06,112918.72,1783274701.132
1783274702,112919.59,112916.26,112922.92,1783274702.194
1783274703,112917.66,112914.33,112920.99,1783274703.247
1783274704,112916.86,112913.53,112920.19,1783274704.242
1783274705,112916.52,112913.19,112919.85,1783274705.151
1783274706,112921.07,112917.74,112924.4,1783274706.139
1783274707,112918.32,112914.99,112921.66,1783274707.130
1783274708,112914.27,112910.94,112917.6,1783274708.202
1783274709,112913.45,112910.12,112916.78,1783274709.124
1783274710,112912.27,112908.94,112915.6,1783274710.149
1783274711,112908.4,112905.07,112911.73,1783274711.121
1783274712,112916.67,112913.34,112920,1783274712.166
1783274713,112915.91,112912.58,112919.24,1783274713.131
1783274714,112913.54,112910.21,112916.87,1783274714.150
1783274715,112916.91,112913.58,112920.24,1783274715.119
1783274716,112921.32,112917.99,112924.65,1783274716.152
1783274717,112922.22,112918.89,112925.55,1783274717.148
1783274718,112928.13,112924.8,112931.46,1783274718.158
1783274719,112928.37,112925.04,112931.7,1783274719.132
1783274720,112934.74,112931.41,112938.07,1783274720.158
1783274721,112931.43,112928.1,112934.76,1783274721.162
1783274722,112934.21,112930.88,112937.54,1783274722.152
1783274723,112935.59,112932.26,112938.92,1783274723.123
1783274724,112930.21,112926.88,112933.54,1783274724.149
1783274725,112935.52,112932.19,112938.86,1783274725.112
1783274726,112936.57,112933.24,112939.9,1783274726.153
1783274727,112926.56,112923.23,112929.89,1783274727.121
1783274728,112927.39,112924.06,112930.72,1783274728.146
1783274729,112923.22,112919.89,112926.56,1783274729.131
1783274730,112935.31,112931.97,112938.64,1783274730.161
1783274731,112924.84,112921.5,112928.17,1783274731.117
1783274732,112926.68,112923.35,112930.02,1783274732.138
1783274733,112927.64,112924.31,112930.97,1783274733.130
1783274734,112922.46,112919.13,112925.79,1783274734.162
1783274735,112922.53,112919.19,112925.86,1783274735.123
1783274736,112923.32,112919.99,112926.65,1783274736.156
1783274737,112925.16,112921.83,112928.49,1783274737.130
1783274738,112924.62,112921.28,112927.95,1783274738.247
1783274739,112932.58,112929.25,112935.91,1783274739.118
1783274740,112929.83,112926.5,112933.16,1783274740.150
1783274741,112923.44,112920.11,112926.77,1783274741.121
1783274742,112931.75,112928.42,112935.08,1783274742.176
1783274743,112932.18,112928.85,112935.51,1783274743.124
1783274744,112918.95,112915.61,112922.28,1783274744.166
1783274745,112923.57,112920.24,112926.9,1783274745.254
1783274746,112919.08,112915.75,112922.41,1783274746.164
1783274747,112915.43,112912.1,112918.76,1783274747.122
1783274748,112914.52,112911.19,112917.85,1783274748.151
1783274749,112916.05,112912.72,112919.38,1783274749.116
1783274750,112914.71,112911.38,112918.04,1783274750.153
1783274751,112912.91,112909.58,112916.24,1783274751.126
1783274752,112911.08,112907.74,112914.41,1783274752.168
1783274753,112904.12,112900.79,112907.45,1783274753.205
1783274754,112905.87,112902.54,112909.2,1783274754.151
1783274755,112899.23,112895.9,112902.56,1783274755.121
1783274756,112897.52,112894.19,112900.85,1783274756.244
1783274757,112895.89,112892.56,112899.22,1783274757.161
1783274758,112890.56,112887.23,112893.89,1783274758.151
1783274759,112896.54,112893.21,112899.87,1783274759.114
1783274760,112896.24,112892.91,112899.57,1783274760.300
1783274761,112892.13,112888.8,112895.46,1783274761.132
1783274762,112897.25,112893.91,112900.58,1783274762.248
1783274763,112895.46,112892.13,112898.79,1783274763.123
1783274764,112899.07,112895.74,112902.4,1783274764.150
1783274765,112898.86,112895.53,112902.19,1783274765.123
1783274766,112900.42,112897.09,112903.75,1783274766.166
1783274767,112899.37,112896.04,112902.7,1783274767.117
1783274768,112896.01,112892.68,112899.34,1783274768.243
1783274769,112903.67,112900.34,112907.01,1783274769.115
1783274770,112893.71,112890.38,112897.04,1783274770.169
1783274771,112889.49,112886.16,112892.82,1783274771.119
1783274772,112893.15,112889.82,112896.48,1783274772.155
1783274773,112892.94,112889.61,112896.27,1783274773.118
1783274774,112896.33,112893,112899.66,1783274774.144
1783274775,112895.63,112892.3,112898.96,1783274775.128
1783274776,112899,112895.67,112902.33,1783274776.147
1783274777,112893.07,112889.74,112896.4,1783274777.117
1783274778,112888.97,112885.64,112892.3,1783274778.141
1783274779,112894.56,112891.23,112897.89,1783274779.122
1783274780,112888.39,112885.06,112891.72,1783274780.158
1783274781,112886.05,112882.72,112889.38,1783274781.124
1783274782,112882.25,112878.92,112885.58,1783274782.142
1783274783,112890.74,112887.41,112894.07,1783274783.125
1783274784,112889.65,112886.32,112892.98,1783274784.154
1783274785,112896.63,112893.3,112899.96,1783274785.124
1783274786,112893.77,112890.44,112897.1,1783274786.159
1783274787,112886.13,112882.8,112889.46,1783274787.118
1783274788,112887.79,112884.46,112891.12,1783274788.160
1783274789,112886.09,112882.76,112889.42,1783274789.117
1783274790,112879.43,112876.1,112882.76,1783274790.145
1783274791,112879.03,112875.7,112882.36,1783274791.114
1783274792,112876.7,112873.37,112880.03,1783274792.142
1783274793,112879.14,112875.81,112882.47,1783274793.128
1783274794,112884.81,112881.48,112888.14,1783274794.168
1783274795,112889.52,112886.19,112892.85,1783274795.120
1783274796,112885.04,112881.71,112888.37,1783274796.165
1783274797,112883.91,112880.58,112887.24,1783274797.117
1783274798,112888.83,112885.5,112892.16,1783274798.203
1783274799,112894.29,112890.96,112897.62,1783274799.136
1783274800,112892.4,112889.07,112895.73,1783274800.163
1783274801,112890.05,112886.72,112893.38,1783274801.128
1783274802,112885.93,112882.6,112889.26,1783274802.144
1783274803,112877.54,112874.21,112880.87,1783274803.120
1783274804,112868.35,112865.02,112871.68,1783274804.150
1783274805,112874.37,112871.04,112877.7,1783274805.127
1783274806,112869.65,112866.32,112872.98,1783274806.142
1783274807,112874.84,112871.51,112878.17,1783274807.119
1783274808,112874.23,112870.9,112877.56,1783274808.136
1783274809,112876.16,112872.83,112879.49,1783274809.124
1783274810,112869.66,112866.33,112872.99,1783274810.150
1783274811,112873.59,112870.26,112876.92,1783274811.117
1783274812,112869.79,112866.46,112873.12,1783274812.166
1783274813,112865.28,112861.96,112868.61,1783274813.124
1783274814,112866.75,112863.42,112870.08,1783274814.155
1783274815,112867.8,112864.47,112871.13,1783274815.127
1783274816,112876.33,112873,112879.66,1783274816.149
1783274817,112878.68,112875.35,112882.01,1783274817.120
1783274818,112877.49,112874.16,112880.82,1783274818.149
1783274819,112879.93,112876.6,112883.26,1783274819.120
1783274820,112877.07,112873.74,112880.4,1783274820.148
1783274821,112868.99,112865.67,112872.32,1783274821.122
1783274822,112866.67,112863.34,112870,1783274822.175
1783274823,112866.19,112862.86,112869.52,1783274823.124
1783274824,112867.97,112864.64,112871.3,1783274824.158
1783274825,112852.9,112849.57,112856.23,1783274825.124
1783274826,112856.85,112853.52,112860.18,1783274826.150
1783274827,112855.73,112852.4,112859.05,1783274827.121
1783274828,112860.4,112857.07,112863.73,1783274828.246
1783274829,112864.49,112861.16,112867.81,1783274829.126
1783274830,112862.19,112858.86,112865.52,1783274830.150
1783274831,112853.27,112849.95,112856.6,1783274831.125
1783274832,112856.91,112853.58,112860.24,1783274832.162
1783274833,112849.09,112845.76,112852.42,1783274833.120
1783274834,112845.23,112841.9,112848.56,1783274834.133
1783274835,112834.12,112830.79,112837.45,1783274835.125
1783274836,112836.5,112833.17,112839.83,1783274836.143
1783274837,112844.85,112841.52,112848.18,1783274837.125
1783274838,112837.29,112833.96,112840.62,1783274838.147
1783274839,112836.67,112833.34,112839.99,1783274839.130
1783274840,112833.7,112830.37,112837.03,1783274840.156
1783274841,112830.69,112827.37,112834.02,1783274841.127
1783274842,112838.22,112834.89,112841.54,1783274842.160
1783274843,112843.96,112840.63,112847.29,1783274843.129
1783274844,112852.71,112849.38,112856.04,1783274844.136
1783274845,112854.29,112850.96,112857.62,1783274845.132
1783274846,112858.15,112854.82,112861.48,1783274846.164
1783274847,112857.3,112853.97,112860.62,1783274847.129
1783274848,112862.93,112859.6,112866.26,1783274848.158
1783274849,112866.75,112863.42,112870.08,1783274849.119
1783274850,112865.63,112862.3,112868.96,1783274850.156
1783274851,112880.56,112877.23,112883.89,1783274851.125
1783274852,112886.64,112883.31,112889.97,1783274852.141
1783274853,112891.98,112888.65,112895.31,1783274853.120
1783274854,112897.41,112894.08,112900.74,1783274854.147
1783274855,112889.81,112886.48,112893.14,1783274855.124
1783274856,112883.04,112879.71,112886.37,1783274856.142
1783274857,112873.78,112870.45,112877.11,1783274857.134
1783274858,112879.13,112875.8,112882.46,1783274858.210
1783274859,112873.62,112870.29,112876.95,1783274859.128
1783274860,112867.79,112864.46,112871.12,1783274860.148
1783274861,112864.09,112860.76,112867.42,1783274861.114
1783274862,112867.89,112864.56,112871.22,1783274862.202
1783274863,112869.59,112866.26,112872.92,1783274863.132
1783274864,112872.89,112869.56,112876.22,1783274864.146
1783274865,112868.76,112865.43,112872.09,1783274865.131
1783274866,112864.28,112860.95,112867.61,1783274866.150
1783274867,112863.05,112859.72,112866.38,1783274867.134
1783274868,112860.62,112857.29,112863.95,1783274868.163
1783274869,112858.57,112855.24,112861.9,1783274869.142
1783274870,112862.59,112859.26,112865.92,1783274870.157
1783274871,112868.83,112865.5,112872.16,1783274871.133
1783274872,112866.82,112863.49,112870.14,1783274872.139
1783274873,112858.77,112855.44,112862.1,1783274873.124
1783274874,112868.4,112865.07,112871.73,1783274874.170
1783274875,112872.88,112869.55,112876.21,1783274875.116
1783274876,112872.28,112868.95,112875.61,1783274876.148
1783274877,112870.73,112867.4,112874.06,1783274877.127
1783274878,112865.35,112862.02,112868.68,1783274878.152
1783274879,112870.83,112867.5,112874.16,1783274879.125
1783274880,112890.63,112887.3,112893.96,1783274880.150
1783274881,112887.7,112884.37,112891.03,1783274881.134
1783274882,112884.18,112880.85,112887.51,1783274882.284
1783274883,112880.02,112876.69,112883.35,1783274883.145
1783274884,112875.36,112872.03,112878.69,1783274884.224
1783274885,112877.94,112874.61,112881.27,1783274885.151
1783274886,112875.21,112871.88,112878.54,1783274886.139
1783274887,112877.22,112873.89,112880.55,1783274887.122
1783274888,112881.38,112878.05,112884.71,1783274888.206
1783274889,112884,112880.67,112887.33,1783274889.137
1783274890,112885.73,112882.4,112889.06,1783274890.159
1783274891,112883.86,112880.53,112887.19,1783274891.120
1783274892,112886.92,112883.59,112890.25,1783274892.143
1783274893,112894.04,112890.71,112897.37,1783274893.118
1783274894,112894.15,112890.82,112897.48,1783274894.162
1783274895,112899.62,112896.28,112902.95,1783274895.124
1783274896,112886.7,112883.37,112890.03,1783274896.145
1783274897,112889.97,112886.64,112893.3,1783274897.121
1783274898,112887.48,112884.15,112890.81,1783274898.160
1783274899,112891.57,112888.24,112894.9,1783274899.116
1783274900,112895.88,112892.55,112899.21,1783274900.148
1783274901,112903.52,112900.19,112906.85,1783274901.124
1783274902,112907.19,112903.86,112910.52,1783274902.144
1783274903,112904.25,112900.92,112907.58,1783274903.127
1783274904,112906.03,112902.7,112909.36,1783274904.140
1783274905,112910.99,112907.66,112914.32,1783274905.143
1783274906,112913.18,112909.84,112916.51,1783274906.147
1783274907,112911.96,112908.63,112915.29,1783274907.121
1783274908,112912.4,112909.07,112915.73,1783274908.154
1783274909,112910.21,112906.88,112913.54,1783274909.130
1783274910,112910.07,112906.74,112913.4,1783274910.149
1783274911,112911.74,112908.41,112915.07,1783274911.128
1783274912,112903.09,112899.76,112906.42,1783274912.142
1783274913,112905.08,112901.75,112908.41,1783274913.127
1783274914,112899.62,112896.29,112902.96,1783274914.143
1783274915,112902.14,112898.81,112905.47,1783274915.139
1783274916,112897.19,112893.86,112900.52,1783274916.157
1783274917,112893.3,112889.97,112896.63,1783274917.165
1783274918,112896.34,112893.01,112899.67,1783274918.252
1783274919,112893.5,112890.17,112896.84,1783274919.131
1783274920,112890.72,112887.39,112894.05,1783274920.155
1783274921,112896.85,112893.52,112900.18,1783274921.118
1783274922,112888.57,112885.24,112891.9,1783274922.156
1783274923,112888.28,112884.95,112891.61,1783274923.123
1783274924,112881.47,112878.14,112884.8,1783274924.168
1783274925,112879.27,112875.94,112882.6,1783274925.135
1783274926,112870.15,112866.82,112873.48,1783274926.142
1783274927,112865.84,112862.51,112869.16,1783274927.126
1783274928,112865.55,112862.23,112868.88,1783274928.159
1783274929,112863.73,112860.4,112867.06,1783274929.130
1783274930,112862.59,112859.26,112865.92,1783274930.166
1783274931,112864.3,112860.97,112867.63,1783274931.128
1783274932,112863.25,112859.92,112866.58,1783274932.152
1783274933,112863.67,112860.34,112867,1783274933.126
1783274934,112858.63,112855.3,112861.96,1783274934.149
1783274935,112857.45,112854.12,112860.78,1783274935.117
1783274936,112856.67,112853.34,112859.99,1783274936.131
1783274937,112856.93,112853.6,112860.26,1783274937.139
1783274938,112857.85,112854.53,112861.18,1783274938.147
1783274939,112859.6,112856.27,112862.92,1783274939.119
1783274940,112862.69,112859.36,112866.02,1783274940.144
1783274941,112853.46,112850.13,112856.79,1783274941.124
1783274942,112861.15,112857.82,112864.48,1783274942.186
1783274943,112862.33,112859,112865.65,1783274943.233
1783274944,112865.12,112861.79,112868.45,1783274944.176
1783274945,112863.89,112860.56,112867.22,1783274945.126
1783274946,112860.11,112856.78,112863.44,1783274946.159
1783274947,112858.33,112855,112861.66,1783274947.114
1783274948,112861.28,112857.95,112864.61,1783274948.203
1783274949,112858.13,112854.8,112861.46,1783274949.118
1783274950,112858.23,112854.9,112861.55,1783274950.152
1783274951,112862.86,112859.53,112866.18,1783274951.113
1783274952,112866.69,112863.36,112870.02,1783274952.147
1783274953,112868.67,112865.34,112872,1783274953.118
1783274954,112866.89,112863.56,112870.22,1783274954.144
1783274955,112859.25,112855.92,112862.58,1783274955.119
1783274956,112858.65,112855.32,112861.98,1783274956.163
1783274957,112853.2,112849.88,112856.53,1783274957.117
1783274958,112854.71,112851.38,112858.04,1783274958.150
1783274959,112842.44,112839.11,112845.77,1783274959.119
1783274960,112842.68,112839.35,112846.01,1783274960.156
1783274961,112839.95,112836.62,112843.28,1783274961.126
1783274962,112836.29,112832.96,112839.62,1783274962.144
1783274963,112839.38,112836.05,112842.71,1783274963.126
1783274964,112837.89,112834.56,112841.22,1783274964.147
1783274965,112839.44,112836.11,112842.77,1783274965.126
1783274966,112839.3,112835.97,112842.63,1783274966.159
1783274967,112837.35,112834.02,112840.68,1783274967.131
1783274968,112829.03,112825.7,112832.36,1783274968.155
1783274969,112825.07,112821.75,112828.4,1783274969.119
1783274970,112837.07,112833.74,112840.4,1783274970.150
1783274971,112841.13,112837.8,112844.46,1783274971.121
1783274972,112846.19,112842.86,112849.52,1783274972.132
1783274973,112847.67,112844.34,112851,1783274973.119
1783274974,112838.44,112835.11,112841.77,1783274974.150
1783274975,112843.43,112840.1,112846.76,1783274975.133
1783274976,112845.57,112842.24,112848.9,1783274976.155
1783274977,112847.33,112844.01,112850.66,1783274977.122
1783274978,112848.49,112845.16,112851.82,1783274978.244
1783274979,112849.14,112845.81,112852.47,1783274979.118
1783274980,112846.07,112842.74,112849.39,1783274980.146
1783274981,112844.15,112840.83,112847.48,1783274981.125
1783274982,112853.95,112850.62,112857.28,1783274982.148
1783274983,112850.78,112847.45,112854.11,1783274983.128
1783274984,112860.09,112856.76,112863.42,1783274984.152
1783274985,112860.72,112857.39,112864.05,1783274985.119
1783274986,112856.32,112852.99,112859.65,1783274986.147
1783274987,112856.1,112852.78,112859.43,1783274987.136
1783274988,112863.61,112860.28,112866.94,1783274988.151
1783274989,112868.34,112865.01,112871.67,1783274989.122
1783274990,112865.18,112861.85,112868.51,1783274990.154
1783274991,112866.1,112862.78,112869.43,1783274991.133
1783274992,112864.32,112860.99,112867.65,1783274992.163
1783274993,112863.93,112860.6,112867.26,1783274993.122
1783274994,112867.06,112863.73,112870.39,1783274994.159
1783274995,112864.5,112861.17,112867.83,1783274995.128
1783274996,112868.91,112865.58,112872.24,1783274996.150
1783274997,112872.77,112869.44,112876.1,1783274997.127
1783274998,112870.21,112866.88,112873.54,1783274998.157
1783274999,112865.35,112862.02,112868.68,1783274999.124
1783275000,112863.76,112860.43,112867.09,1783275000.163
1783275001,112859.81,112856.48,112863.14,1783275001.134
1783275002,112865.61,112862.28,112868.94,1783275002.214
1783275003,112861.02,112857.69,112864.35,1783275003.159
1783275004,112855.34,112852.01,112858.67,1783275004.222
1783275005,112847.06,112843.73,112850.39,1783275005.277
1783275006,112850.31,112846.98,112853.64,1783275006.173
1783275007,112849.97,112846.64,112853.3,1783275007.125
1783275008,112843.52,112840.19,112846.85,1783275008.247
1783275009,112850.2,112846.87,112853.53,1783275009.131
1783275010,112853.68,112850.35,112857,1783275010.149
1783275011,112852.33,112849,112855.66,1783275011.118
1783275012,112850.04,112846.71,112853.37,1783275012.167
1783275013,112847.61,112844.29,112850.94,1783275013.131
1783275014,112838.83,112835.5,112842.16,1783275014.161
1783275015,112847.74,112844.41,112851.07,1783275015.121
1783275016,112838.63,112835.3,112841.96,1783275016.160
1783275017,112842.19,112838.86,112845.52,1783275017.122
1783275018,112841.55,112838.22,112844.88,1783275018.157
1783275019,112842.4,112839.07,112845.73,1783275019.126
1783275020,112845.29,112841.96,112848.62,1783275020.203
1783275021,112858.56,112855.23,112861.89,1783275021.134
1783275022,112851.5,112848.17,112854.83,1783275022.142
1783275023,112848.27,112844.94,112851.6,1783275023.130
1783275024,112840.14,112836.81,112843.47,1783275024.143
1783275025,112838.17,112834.84,112841.5,1783275025.153
1783275026,112841.13,112837.8,112844.46,1783275026.143
1783275027,112839.7,112836.37,112843.03,1783275027.127
1783275028,112847.53,112844.2,112850.85,1783275028.147
1783275029,112845.19,112841.86,112848.52,1783275029.129
1783275030,112839.26,112835.93,112842.59,1783275030.152
1783275031,112837.77,112834.44,112841.1,1783275031.130
1783275032,112844.61,112841.28,112847.94,1783275032.155
1783275033,112836.57,112833.24,112839.9,1783275033.130
1783275034,112842.23,112838.9,112845.55,1783275034.165
1783275035,112842.88,112839.55,112846.21,1783275035.127
1783275036,112840.18,112836.85,112843.51,1783275036.140
1783275037,112837.47,112834.14,112840.8,1783275037.119
1783275038,112833.33,112830.01,112836.66,1783275038.244
1783275039,112835.24,112831.91,112838.56,1783275039.134
1783275040,112828.37,112825.04,112831.7,1783275040.160
1783275041,112829.27,112825.94,112832.6,1783275041.117
1783275042,112832.29,112828.97,112835.62,1783275042.139
1783275043,112827.1,112823.77,112830.43,1783275043.120
1783275044,112817.98,112814.66,112821.31,1783275044.162
1783275045,112820.3,112816.97,112823.63,1783275045.121
1783275046,112823.75,112820.42,112827.08,1783275046.157
1783275047,112816.32,112812.99,112819.65,1783275047.125
1783275048,112819.12,112815.79,112822.45,1783275048.139
1783275049,112821.74,112818.42,112825.07,1783275049.128
1783275050,112816.38,112813.06,112819.71,1783275050.156
1783275051,112814.75,112811.42,112818.08,1783275051.135
1783275052,112817.81,112814.48,112821.14,1783275052.142
1783275053,112814.83,112811.5,112818.16,1783275053.130
1783275054,112827.45,112824.12,112830.78,1783275054.145
1783275055,112834.16,112830.83,112837.49,1783275055.123
1783275056,112837.02,112833.69,112840.35,1783275056.143
1783275057,112833.5,112830.17,112836.83,1783275057.118
1783275058,112836.78,112833.45,112840.11,1783275058.145
1783275059,112835.65,112832.33,112838.98,1783275059.125
1783275060,112840.45,112837.13,112843.78,1783275060.159
1783275061,112840.24,112836.91,112843.57,1783275061.137
1783275062,112834.45,112831.13,112837.78,1783275062.196
1783275063,112831.38,112828.05,112834.7,1783275063.207
1783275064,112821.69,112818.37,112825.02,1783275064.173
1783275065,112823.36,112820.03,112826.69,1783275065.133
1783275066,112827.6,112824.28,112830.93,1783275066.171
1783275067,112818.34,112815.01,112821.66,1783275067.140
1783275068,112817.88,112814.55,112821.2,1783275068.257
1783275069,112824.88,112821.55,112828.2,1783275069.121
1783275070,112830.96,112827.63,112834.29,1783275070.154
1783275071,112833.38,112830.05,112836.71,1783275071.119
1783275072,112837.56,112834.23,112840.89,1783275072.151
1783275073,112833,112829.67,112836.33,1783275073.127
1783275074,112828.46,112825.13,112831.79,1783275074.141
1783275075,112833.94,112830.61,112837.27,1783275075.118
1783275076,112836.59,112833.26,112839.92,1783275076.153
1783275077,112834.87,112831.54,112838.2,1783275077.128
1783275078,112834.18,112830.86,112837.51,1783275078.145
1783275079,112834.53,112831.21,112837.86,1783275079.133
1783275080,112846.79,112843.46,112850.12,1783275080.147
1783275081,112851.67,112848.34,112854.99,1783275081.128
1783275082,112843.87,112840.54,112847.2,1783275082.156
1783275083,112841.84,112838.51,112845.17,1783275083.128
1783275084,112842,112838.67,112845.33,1783275084.145
1783275085,112849.46,112846.13,112852.79,1783275085.129
1783275086,112848.64,112845.31,112851.97,1783275086.156
1783275087,112852.59,112849.26,112855.92,1783275087.123
1783275088,112846.88,112843.55,112850.21,1783275088.146
1783275089,112848.69,112845.36,112852.02,1783275089.118
1783275090,112851.62,112848.29,112854.95,1783275090.148
1783275091,112848.46,112845.13,112851.79,1783275091.129
1783275092,112846.27,112842.95,112849.6,1783275092.140
1783275093,112842.28,112838.95,112845.61,1783275093.136
1783275094,112838.44,112835.11,112841.77,1783275094.163
1783275095,112843.53,112840.21,112846.86,1783275095.122
1783275096,112847.97,112844.64,112851.3,1783275096.143
1783275097,112846.47,112843.14,112849.79,1783275097.126
1783275098,112841.36,112838.04,112844.69,1783275098.249
1783275099,112839.9,112836.57,112843.23,1783275099.121
1783275100,112842.66,112839.34,112845.99,1783275100.164
1783275101,112842,112838.67,112845.33,1783275101.118
1783275102,112843.1,112839.77,112846.43,1783275102.148
1783275103,112849.33,112846,112852.65,1783275103.132
1783275104,112851.25,112847.92,112854.57,1783275104.154
1783275105,112859.49,112856.17,112862.82,1783275105.117
1783275106,112860.43,112857.1,112863.76,1783275106.160
1783275107,112865.26,112861.93,112868.59,1783275107.118
1783275108,112872.54,112869.21,112875.87,1783275108.145
1783275109,112879.21,112875.88,112882.54,1783275109.116
1783275110,112893.13,112889.8,112896.46,1783275110.145
1783275111,112895.52,112892.19,112898.85,1783275111.126
1783275112,112888.07,112884.74,112891.4,1783275112.146
1783275113,112887.61,112884.28,112890.94,1783275113.122
1783275114,112888.07,112884.74,112891.4,1783275114.143
1783275115,112889.82,112886.49,112893.15,1783275115.122
1783275116,112879.91,112876.58,112883.24,1783275116.147
1783275117,112873.33,112870,112876.66,1783275117.119
1783275118,112875.81,112872.48,112879.14,1783275118.144
1783275119,112878.94,112875.61,112882.27,1783275119.125
1783275120,112881.39,112878.06,112884.72,1783275120.149
1783275121,112890.15,112886.82,112893.48,1783275121.120
1783275122,112894.14,112890.81,112897.47,1783275122.190
1783275123,112895.79,112892.46,112899.13,1783275123.202
1783275124,112897.78,112894.45,112901.11,1783275124.171
1783275125,112900.46,112897.13,112903.79,1783275125.120
1783275126,112890.34,112887.01,112893.67,1783275126.162
1783275127,112886.84,112883.51,112890.17,1783275127.127
1783275128,112880.81,112877.48,112884.14,1783275128.242
1783275129,112873.13,112869.8,112876.46,1783275129.126
1783275130,112860.68,112857.36,112864.01,1783275130.143
1783275131,112858.36,112855.03,112861.68,1783275131.124
1783275132,112846.69,112843.37,112850.02,1783275132.146
1783275133,112848.25,112844.93,112851.58,1783275133.123
1783275134,112847.17,112843.85,112850.5,1783275134.155
1783275135,112846.62,112843.29,112849.95,1783275135.122
1783275136,112844.42,112841.09,112847.75,1783275136.164
1783275137,112849.97,112846.64,112853.3,1783275137.133
1783275138,112844.82,112841.49,112848.14,1783275138.151
1783275139,112846.62,112843.29,112849.95,1783275139.124
1783275140,112851.74,112848.41,112855.07,1783275140.154
1783275141,112852.11,112848.78,112855.44,1783275141.120
1783275142,112852.32,112848.99,112855.65,1783275142.162
1783275143,112849.46,112846.13,112852.79,1783275143.133
1783275144,112855.85,112852.53,112859.18,1783275144.153
1783275145,112854.25,112850.92,112857.58,1783275145.132
1783275146,112850.48,112847.15,112853.8,1783275146.176
1783275147,112849.92,112846.59,112853.25,1783275147.129
1783275148,112847.32,112843.99,112850.65,1783275148.165
1783275149,112847.31,112843.98,112850.64,1783275149.138
1783275150,112841.12,112837.8,112844.45,1783275150.148
1783275151,112839.25,112835.92,112842.57,1783275151.132
1783275152,112831.19,112827.86,112834.52,1783275152.155
1783275153,112830.93,112827.6,112834.26,1783275153.128
1783275154,112833.63,112830.31,112836.96,1783275154.145
1783275155,112833.07,112829.75,112836.4,1783275155.141
1783275156,112829.25,112825.93,112832.58,1783275156.150
1783275157,112825.17,112821.84,112828.5,1783275157.123
1783275158,112824.69,112821.36,112828.01,1783275158.155
1783275159,112820.74,112817.41,112824.07,1783275159.223
1783275160,112822.4,112819.07,112825.72,1783275160.137
1783275161,112815.17,112811.84,112818.5,1783275161.115
1783275162,112807.58,112804.25,112810.91,1783275162.165
1783275163,112817.88,112814.55,112821.21,1783275163.121
1783275164,112822.81,112819.48,112826.14,1783275164.142
1783275165,112825.65,112822.33,112828.98,1783275165.125
1783275166,112821.23,112817.91,112824.56,1783275166.146
1783275167,112826.75,112823.43,112830.08,1783275167.127
1783275168,112824.09,112820.77,112827.42,1783275168.161
1783275169,112825.81,112822.48,112829.14,1783275169.120
1783275170,112821.56,112818.23,112824.89,1783275170.157
1783275171,112824.26,112820.93,112827.59,1783275171.139
1783275172,112825.23,112821.9,112828.55,1783275172.165
1783275173,112823.5,112820.17,112826.82,1783275173.121
1783275174,112825.1,112821.78,112828.43,1783275174.142
1783275175,112829.67,112826.34,112833,1783275175.119
1783275176,112838.09,112834.76,112841.42,1783275176.145
1783275177,112839.71,112836.38,112843.04,1783275177.126
1783275178,112842.72,112839.39,112846.05,1783275178.153
1783275179,112841.08,112837.75,112844.41,1783275179.120
1783275180,112841.18,112837.85,112844.51,1783275180.174
1783275181,112842.14,112838.81,112845.47,1783275181.133
1783275182,112841.46,112838.13,112844.79,1783275182.250
1783275183,112847.73,112844.4,112851.06,1783275183.121
1783275184,112841.79,112838.46,112845.12,1783275184.162
1783275185,112844.45,112841.13,112847.78,1783275185.128
1783275186,112842.46,112839.13,112845.79,1783275186.159
1783275187,112833.05,112829.72,112836.38,1783275187.120
1783275188,112834.65,112831.32,112837.98,1783275188.246
1783275189,112838.56,112835.23,112841.89,1783275189.121
1783275190,112845.95,112842.62,112849.28,1783275190.139
1783275191,112845.81,112842.48,112849.14,1783275191.121
1783275192,112846.04,112842.71,112849.37,1783275192.156
1783275193,112853.52,112850.19,112856.85,1783275193.121
1783275194,112858.13,112854.8,112861.46,1783275194.157
1783275195,112853.22,112849.89,112856.55,1783275195.118
1783275196,112856.22,112852.89,112859.55,1783275196.146
1783275197,112842.5,112839.18,112845.83,1783275197.118
1783275198,112843.05,112839.72,112846.38,1783275198.136
1783275199,112845.35,112842.02,112848.68,1783275199.132
1783275200,112844.3,112840.97,112847.63,1783275200.164
1783275201,112853.05,112849.73,112856.38,1783275201.125
1783275202,112849.5,112846.17,112852.83,1783275202.151
1783275203,112850.3,112846.97,112853.63,1783275203.123
1783275204,112856.37,112853.04,112859.7,1783275204.153
1783275205,112862.7,112859.37,112866.03,1783275205.128
1783275206,112870.96,112867.63,112874.29,1783275206.157
1783275207,112868.38,112865.05,112871.71,1783275207.142
1783275208,112869.68,112866.35,112873.01,1783275208.162
1783275209,112872.31,112868.98,112875.64,1783275209.133
1783275210,112874.66,112871.33,112877.99,1783275210.144
1783275211,112875.57,112872.24,112878.9,1783275211.118
1783275212,112877.06,112873.73,112880.39,1783275212.142
1783275213,112869.55,112866.22,112872.88,1783275213.128
1783275214,112867.92,112864.59,112871.25,1783275214.151
1783275215,112868.62,112865.29,112871.95,1783275215.120
1783275216,112872.28,112868.95,112875.61,1783275216.157
1783275217,112880.06,112876.73,112883.39,1783275217.122
1783275218,112872.59,112869.26,112875.92,1783275218.201
1783275219,112868.46,112865.13,112871.79,1783275219.124
1783275220,112869.88,112866.55,112873.21,1783275220.144
1783275221,112881.25,112877.92,112884.58,1783275221.126
1783275222,112879.15,112875.82,112882.48,1783275222.171
1783275223,112866.22,112862.89,112869.55,1783275223.126
1783275224,112868.63,112865.3,112871.96,1783275224.161
1783275225,112868.91,112865.58,112872.24,1783275225.132
1783275226,112874.46,112871.13,112877.79,1783275226.156
1783275227,112882.78,112879.45,112886.11,1783275227.127
1783275228,112882.07,112878.74,112885.4,1783275228.246
1783275229,112882.63,112879.3,112885.96,1783275229.121
1783275230,112885.38,112882.05,112888.71,1783275230.145
1783275231,112878.78,112875.45,112882.11,1783275231.122
1783275232,112878.92,112875.59,112882.25,1783275232.148
1783275233,112878.66,112875.33,112881.99,1783275233.126
1783275234,112879.03,112875.7,112882.36,1783275234.149
1783275235,112873.06,112869.73,112876.39,1783275235.175
1783275236,112884.43,112881.1,112887.76,1783275236.151
1783275237,112890.37,112887.04,112893.7,1783275237.124
1783275238,112889.24,112885.91,112892.57,1783275238.149
1783275239,112882.58,112879.25,112885.91,1783275239.133
1783275240,112890.38,112887.05,112893.71,1783275240.161
1783275241,112887.55,112884.22,112890.88,1783275241.121
1783275242,112883.77,112880.44,112887.1,1783275242.204
1783275243,112888.85,112885.52,112892.18,1783275243.179
1783275244,112885.94,112882.61,112889.27,1783275244.166
1783275245,112895.29,112891.96,112898.62,1783275245.157
1783275246,112895.75,112892.42,112899.08,1783275246.161
1783275247,112891.75,112888.42,112895.08,1783275247.118
1783275248,112894.14,112890.81,112897.47,1783275248.143
1783275249,112895.16,112891.83,112898.49,1783275249.115
1783275250,112895.26,112891.93,112898.59,1783275250.161
1783275251,112891.04,112887.71,112894.37,1783275251.119
1783275252,112886.69,112883.36,112890.02,1783275252.156
1783275253,112878.96,112875.63,112882.29,1783275253.118
1783275254,112873.26,112869.93,112876.59,1783275254.135
1783275255,112868.3,112864.97,112871.63,1783275255.145
1783275256,112882.97,112879.64,112886.3,1783275256.154
1783275257,112882.87,112879.54,112886.2,1783275257.116
1783275258,112884.66,112881.33,112887.99,1783275258.155
1783275259,112882.25,112878.92,112885.58,1783275259.124
1783275260,112884.87,112881.54,112888.2,1783275260.148
1783275261,112885.39,112882.06,112888.72,1783275261.117
1783275262,112887.73,112884.4,112891.06,1783275262.156
1783275263,112876.35,112873.02,112879.68,1783275263.124
1783275264,112884.88,112881.55,112888.21,1783275264.148
1783275265,112884.59,112881.26,112887.92,1783275265.115
1783275266,112881.62,112878.29,112884.95,1783275266.168
1783275267,112884.07,112880.74,112887.4,1783275267.165
1783275268,112881.59,112878.26,112884.92,1783275268.147
1783275269,112873.1,112869.77,112876.43,1783275269.137
1783275270,112880.97,112877.64,112884.3,1783275270.146
1783275271,112889.73,112886.4,112893.06,1783275271.123
1783275272,112890.76,112887.43,112894.09,1783275272.164
1783275273,112881.62,112878.29,112884.95,1783275273.119
1783275274,112877.9,112874.57,112881.23,1783275274.209
1783275275,112875.13,112871.8,112878.46,1783275275.121
1783275276,112883.2,112879.87,112886.53,1783275276.145
1783275277,112885.32,112881.99,112888.65,1783275277.126
1783275278,112889.57,112886.24,112892.9,1783275278.206
1783275279,112894.26,112890.93,112897.59,1783275279.126
1783275280,112891.32,112887.98,112894.65,1783275280.152
1783275281,112893.37,112890.04,112896.7,1783275281.118
1783275282,112897.48,112894.15,112900.81,1783275282.142
1783275283,112902.33,112899,112905.66,1783275283.133
1783275284,112909.27,112905.94,112912.6,1783275284.142
1783275285,112910.36,112907.03,112913.69,1783275285.116
1783275286,112901.83,112898.5,112905.16,1783275286.149
1783275287,112906.57,112903.24,112909.9,1783275287.117
1783275288,112901.13,112897.8,112904.46,1783275288.146
1783275289,112900.82,112897.49,112904.15,1783275289.116
1783275290,112904.9,112901.57,112908.23,1783275290.209
1783275291,112908.33,112904.99,112911.66,1783275291.119
1783275292,112914.81,112911.48,112918.14,1783275292.139
1783275293,112913.45,112910.12,112916.78,1783275293.126
1783275294,112909.6,112906.27,112912.93,1783275294.144
1783275295,112907.91,112904.58,112911.24,1783275295.116
1783275296,112905.27,112901.93,112908.6,1783275296.141
1783275297,112906.04,112902.71,112909.37,1783275297.118
1783275298,112904.02,112900.69,112907.36,1783275298.161
1783275299,112902.15,112898.82,112905.48,1783275299.122
1783275300,112887.56,112884.23,112890.89,1783275300.161
1783275301,112887.91,112884.58,112891.24,1783275301.114
1783275302,112870.6,112867.27,112873.93,1783275302.314
1783275303,112869.9,112866.57,112873.23,1783275303.130
1783275304,112871.81,112868.48,112875.14,1783275304.271
1783275305,112868.57,112865.24,112871.9,1783275305.178
1783275306,112865.44,112862.11,112868.76,1783275306.148
1783275307,112861.72,112858.39,112865.05,1783275307.128
1783275308,112858.12,112854.79,112861.45,1783275308.250
1783275309,112862.72,112859.39,112866.05,1783275309.121
1783275310,112871.03,112867.7,112874.36,1783275310.154
1783275311,112862.56,112859.23,112865.89,1783275311.110
1783275312,112863.04,112859.71,112866.36,1783275312.164
1783275313,112861.09,112857.76,112864.42,1783275313.124
1783275314,112859.8,112856.47,112863.13,1783275314.155
1783275315,112865.2,112861.87,112868.53,1783275315.130
1783275316,112867.03,112863.7,112870.36,1783275316.153
1783275317,112870.37,112867.04,112873.7,1783275317.156
1783275318,112865.2,112861.87,112868.53,1783275318.141
1783275319,112865.87,112862.54,112869.2,1783275319.123
1783275320,112862.86,112859.53,112866.19,1783275320.146
1783275321,112869.52,112866.19,112872.85,1783275321.127
1783275322,112873.45,112870.13,112876.78,1783275322.137
1783275323,112870.31,112866.98,112873.64,1783275323.128
1783275324,112867.75,112864.42,112871.08,1783275324.142
1783275325,112868.67,112865.34,112872,1783275325.125
1783275326,112869.83,112866.5,112873.16,1783275326.164
1783275327,112875.47,112872.14,112878.8,1783275327.120
1783275328,112873.5,112870.17,112876.83,1783275328.150
1783275329,112870.99,112867.66,112874.32,1783275329.123
1783275330,112868.27,112864.94,112871.6,1783275330.158
1783275331,112871.68,112868.35,112875.01,1783275331.115
1783275332,112873.42,112870.09,112876.75,1783275332.164
1783275333,112875.22,112871.89,112878.55,1783275333.124
1783275334,112877.06,112873.73,112880.39,1783275334.155
1783275335,112878.05,112874.72,112881.38,1783275335.142
1783275336,112879.54,112876.21,112882.87,1783275336.145
1783275337,112882.25,112878.92,112885.58,1783275337.133
1783275338,112889.55,112886.22,112892.88,1783275338.242
1783275339,112879.6,112876.27,112882.93,1783275339.128
1783275340,112873.74,112870.41,112877.07,1783275340.144
1783275341,112873.6,112870.27,112876.93,1783275341.114
1783275342,112877.53,112874.2,112880.86,1783275342.161
1783275343,112876.38,112873.05,112879.71,1783275343.122
1783275344,112877.82,112874.49,112881.15,1783275344.172
1783275345,112875.36,112872.03,112878.69,1783275345.124
1783275346,112878.57,112875.24,112881.9,1783275346.135
1783275347,112874.19,112870.86,112877.52,1783275347.110
1783275348,112869.53,112866.2,112872.86,1783275348.141
1783275349,112864.51,112861.18,112867.84,1783275349.120
1783275350,112873.41,112870.08,112876.74,1783275350.147
1783275351,112869.04,112865.71,112872.37,1783275351.122
1783275352,112877.38,112874.05,112880.71,1783275352.149
1783275353,112880.63,112877.3,112883.96,1783275353.118
1783275354,112883.01,112879.68,112886.34,1783275354.164
1783275355,112887.11,112883.78,112890.44,1783275355.113
1783275356,112888.88,112885.55,112892.21,1783275356.170
1783275357,112892.88,112889.55,112896.21,1783275357.186
1783275358,112887.16,112883.83,112890.49,1783275358.154
1783275359,112889.69,112886.36,112893.02,1783275359.121
1783275360,112893.41,112890.08,112896.74,1783275360.144
1783275361,112884.81,112881.48,112888.14,1783275361.121
1783275362,112883.94,112880.61,112887.27,1783275362.165
1783275363,112878.56,112875.23,112881.89,1783275363.136
1783275364,112882.41,112879.08,112885.74,1783275364.175
1783275365,112880.26,112876.93,112883.59,1783275365.130
1783275366,112876.31,112872.98,112879.64,1783275366.161
1783275367,112880.43,112877.1,112883.76,1783275367.112
1783275368,112875.7,112872.37,112879.02,1783275368.207
1783275369,112874.31,112870.98,112877.64,1783275369.128
1783275370,112881.97,112878.64,112885.3,1783275370.164
1783275371,112878.92,112875.59,112882.25,1783275371.117
1783275372,112882.57,112879.24,112885.9,1783275372.145
1783275373,112877.2,112873.87,112880.53,1783275373.123
1783275374,112884.81,112881.48,112888.14,1783275374.143
1783275375,112891.81,112888.48,112895.14,1783275375.126
1783275376,112890.63,112887.3,112893.96,1783275376.165
1783275377,112884.09,112880.76,112887.42,1783275377.123
1783275378,112881.75,112878.42,112885.08,1783275378.155
1783275379,112889.84,112886.51,112893.17,1783275379.121
1783275380,112891.3,112887.97,112894.63,1783275380.161
1783275381,112887.74,112884.41,112891.07,1783275381.118
1783275382,112891.16,112887.83,112894.49,1783275382.161
1783275383,112889.54,112886.21,112892.87,1783275383.129
1783275384,112880.79,112877.46,112884.12,1783275384.143
1783275385,112880.77,112877.44,112884.1,1783275385.129
1783275386,112876.78,112873.45,112880.11,1783275386.145
1783275387,112876.07,112872.74,112879.4,1783275387.123
1783275388,112881.24,112877.91,112884.57,1783275388.163
1783275389,112881.11,112877.78,112884.44,1783275389.122
1783275390,112888.06,112884.73,112891.39,1783275390.161
1783275391,112894.18,112890.85,112897.51,1783275391.123
1783275392,112890.88,112887.55,112894.21,1783275392.157
1783275393,112895.58,112892.25,112898.91,1783275393.116
1783275394,112896.37,112893.03,112899.7,1783275394.142
1783275395,112888.19,112884.86,112891.52,1783275395.130
1783275396,112894.76,112891.43,112898.09,1783275396.137
1783275397,112896.13,112892.8,112899.46,1783275397.118
1783275398,112901.68,112898.35,112905.01,1783275398.245
1783275399,112889.6,112886.27,112892.93,1783275399.121
1783275400,112895.37,112892.04,112898.7,1783275400.183
1783275401,112905.08,112901.75,112908.41,1783275401.159
1783275402,112912.17,112908.84,112915.5,1783275402.149
1783275403,112916.51,112913.18,112919.85,1783275403.116
1783275404,112920.36,112917.03,112923.69,1783275404.200
1783275405,112929.95,112926.62,112933.28,1783275405.120
1783275406,112926.42,112923.09,112929.76,1783275406.138
1783275407,112922.1,112918.77,112925.43,1783275407.118
1783275408,112928.67,112925.34,112932,1783275408.159
1783275409,112936.52,112933.19,112939.85,1783275409.126
1783275410,112930.6,112927.26,112933.93,1783275410.142
1783275411,113035.04,113031.71,113038.38,1783275411.114
1783275412,113042.35,113039.02,113045.69,1783275412.153
1783275413,113053.35,113050.01,113056.68,1783275413.127
1783275414,113053.77,113050.43,113057.1,1783275414.138
1783275415,113055.06,113051.72,113058.4,1783275415.117
1783275416,113048.83,113045.49,113052.16,1783275416.135
1783275417,113049.42,113046.09,113052.76,1783275417.126
1783275418,113053.73,113050.39,113057.06,1783275418.140
1783275419,113065.32,113061.99,113068.66,1783275419.125
1783275420,113057.86,113054.52,113061.19,1783275420.147
1783275421,113069.97,113066.63,113073.3,1783275421.122
1783275422,113057.11,113053.77,113060.44,1783275422.214
1783275423,113053.54,113050.21,113056.88,1783275423.121
1783275424,113048.71,113045.38,113052.05,1783275424.168
1783275425,113055.7,113052.36,113059.03,1783275425.128
1783275426,113058.53,113055.2,113061.87,1783275426.161
1783275427,113049.22,113045.88,113052.55,1783275427.119
1783275428,113054.52,113051.19,113057.86,1783275428.209
1783275429,113049.26,113045.93,113052.6,1783275429.120
1783275430,113044.21,113040.88,113047.55,1783275430.150
1783275431,113039.17,113035.83,113042.5,1783275431.119
1783275432,113041.78,113038.45,113045.12,1783275432.157
1783275433,113037.09,113033.76,113040.43,1783275433.116
1783275434,113035.94,113032.6,113039.27,1783275434.149
1783275435,113030.52,113027.19,113033.86,1783275435.127
1783275436,113036.39,113033.06,113039.73,1783275436.151
1783275437,113038.22,113034.88,113041.55,1783275437.128
1783275438,113052.77,113049.44,113056.11,1783275438.171
1783275439,113058.01,113054.68,113061.35,1783275439.135
1783275440,113055.34,113052.01,113058.68,1783275440.157
1783275441,113048.97,113045.64,113052.31,1783275441.123
1783275442,113041.52,113038.19,113044.86,1783275442.153
1783275443,113039.28,113035.95,113042.62,1783275443.118
1783275444,113041.93,113038.59,113045.26,1783275444.147
1783275445,113050.43,113047.1,113053.77,1783275445.124
1783275446,113057.07,113053.73,113060.41,1783275446.165
1783275447,113065.53,113062.2,113068.87,1783275447.126
1783275448,113058.72,113055.38,113062.05,1783275448.135
1783275449,113054.37,113051.03,113057.7,1783275449.125
1783275450,113053.57,113050.23,113056.9,1783275450.168
1783275451,113058.68,113055.35,113062.02,1783275451.130
1783275452,113071.99,113068.66,113075.33,1783275452.142
1783275453,113068.59,113065.26,113071.93,1783275453.129
1783275454,113055.35,113052.01,113058.68,1783275454.152
1783275455,113052.77,113049.43,113056.1,1783275455.118
1783275456,113049.01,113045.68,113052.35,1783275456.150
1783275457,113045.96,113042.62,113049.29,1783275457.145
1783275458,113042.07,113038.73,113045.4,1783275458.207
1783275459,113033.61,113030.28,113036.95,1783275459.138
1783275460,113021.52,113018.19,113024.85,1783275460.261
1783275461,113012.88,113009.55,113016.21,1783275461.123
1783275462,113005.86,113002.52,113009.19,1783275462.151
1783275463,113002.82,112999.49,113006.16,1783275463.131
1783275464,113008.86,113005.52,113012.19,1783275464.144
1783275465,113004.25,113000.91,113007.58,1783275465.117
1783275466,113013.43,113010.09,113016.76,1783275466.161
1783275467,113018.94,113015.61,113022.28,1783275467.119
1783275468,113029.21,113025.87,113032.54,1783275468.164
1783275469,113027.52,113024.19,113030.86,1783275469.131
1783275470,113028.95,113025.62,113032.29,1783275470.158
1783275471,113033.43,113030.1,113036.77,1783275471.137
1783275472,113029.79,113026.46,113033.13,1783275472.169
1783275473,113023.39,113020.06,113026.72,1783275473.121
1783275474,113028.26,113024.92,113031.59,1783275474.170
1783275475,113029.6,113026.27,113032.94,1783275475.119
1783275476,113041.79,113038.46,113045.13,1783275476.154
1783275477,113039.45,113036.12,113042.79,1783275477.135
1783275478,113031.24,113027.9,113034.57,1783275478.146
1783275479,113036.03,113032.7,113039.36,1783275479.116
1783275480,113040.91,113037.57,113044.24,1783275480.168
1783275481,113040.28,113036.94,113043.61,1783275481.130
1783275482,113036.53,113033.19,113039.86,1783275482.193
1783275483,113033.51,113030.17,113036.84,1783275483.138
1783275484,113041.79,113038.45,113045.12,1783275484.396
1783275485,113043.15,113039.82,113046.49,1783275485.190
1783275486,113040.06,113036.72,113043.39,1783275486.162
1783275487,113039.91,113036.58,113043.25,1783275487.127
1783275488,113048.06,113044.73,113051.4,1783275488.199
1783275489,113050.29,113046.95,113053.62,1783275489.123
1783275490,113049.2,113045.87,113052.54,1783275490.155
1783275491,113050.08,113046.75,113053.42,1783275491.125
1783275492,113051.09,113047.75,113054.43,1783275492.160
1783275493,113044.02,113040.68,113047.35,1783275493.162
1783275494,113042.08,113038.75,113045.41,1783275494.157
1783275495,113045.14,113041.8,113048.47,1783275495.130
1783275496,113049.54,113046.21,113052.88,1783275496.164
1783275497,113050.88,113047.55,113054.22,1783275497.129
1783275498,113046.76,113043.42,113050.09,1783275498.158
1783275499,113045.65,113042.32,113048.99,1783275499.124
1783275500,113051.74,113048.4,113055.07,1783275500.151
1783275501,113051.72,113048.39,113055.06,1783275501.123
1783275502,113044.62,113041.28,113047.95,1783275502.171
1783275503,113045.32,113041.99,113048.66,1783275503.127
1783275504,113049.97,113046.63,113053.3,1783275504.146
1783275505,113060.15,113056.81,113063.48,1783275505.123
1783275506,113055.36,113052.03,113058.7,1783275506.150
1783275507,113051.45,113048.12,113054.79,1783275507.122
1783275508,113042.75,113039.41,113046.08,1783275508.152
1783275509,113043.11,113039.77,113046.44,1783275509.124
1783275510,113027.38,113024.05,113030.72,1783275510.148
1783275511,113033.16,113029.83,113036.5,1783275511.133
1783275512,113036.97,113033.64,113040.31,1783275512.156
1783275513,113033.08,113029.74,113036.41,1783275513.137
1783275514,113035.47,113032.14,113038.8,1783275514.156
1783275515,113040.9,113037.57,113044.24,1783275515.117
1783275516,113044.01,113040.67,113047.34,1783275516.159
1783275517,113050.87,113047.54,113054.21,1783275517.124
1783275518,113055.33,113051.99,113058.66,1783275518.303
1783275519,113052.37,113049.04,113055.71,1783275519.211
1783275520,113051.21,113047.88,113054.55,1783275520.143
1783275521,113056.13,113052.8,113059.47,1783275521.124
1783275522,113059.51,113056.18,113062.85,1783275522.164
1783275523,113060.36,113057.02,113063.69,1783275523.127
1783275524,113061.96,113058.62,113065.3,1783275524.163
1783275525,113063.43,113060.09,113066.76,1783275525.149
1783275526,113060.53,113057.2,113063.87,1783275526.146
1783275527,113065.2,113061.87,113068.54,1783275527.130
1783275528,113067.52,113064.19,113070.86,1783275528.154
1783275529,113057.32,113053.98,113060.65,1783275529.125
1783275530,113052.73,113049.4,113056.07,1783275530.136
1783275531,113059.47,113056.14,113062.81,1783275531.134
1783275532,113062.19,113058.86,113065.53,1783275532.163
1783275533,113069.15,113065.82,113072.49,1783275533.119
1783275534,113075.41,113072.08,113078.75,1783275534.153
1783275535,113076.89,113073.55,113080.22,1783275535.120
1783275536,113073.43,113070.1,113076.77,1783275536.166
1783275537,113073.58,113070.24,113076.91,1783275537.125
1783275538,113083.01,113079.67,113086.35,1783275538.138
1783275539,113077.98,113074.64,113081.32,1783275539.121
1783275540,113070.98,113067.65,113074.32,1783275540.153
1783275541,113065.04,113061.7,113068.37,1783275541.122
1783275542,113063.17,113059.83,113066.51,1783275542.164
1783275543,113061.02,113057.68,113064.35,1783275543.150
1783275544,113061.82,113058.48,113065.15,1783275544.169
1783275545,113055.78,113052.45,113059.12,1783275545.114
1783275546,113049.29,113045.95,113052.62,1783275546.150
1783275547,113055.32,113051.99,113058.66,1783275547.120
1783275548,113057.34,113054.01,113060.68,1783275548.205
1783275549,113052.25,113048.92,113055.59,1783275549.114
1783275550,113056.75,113053.42,113060.09,1783275550.149
1783275551,113052.25,113048.92,113055.59,1783275551.128
1783275552,113048.48,113045.14,113051.81,1783275552.154
1783275553,113060.52,113057.19,113063.86,1783275553.126
1783275554,113059.38,113056.05,113062.72,1783275554.146
1783275555,113057.9,113054.56,113061.23,1783275555.128
1783275556,113055.44,113052.1,113058.77,1783275556.144
1783275557,113056.07,113052.74,113059.41,1783275557.128
1783275558,113064.14,113060.8,113067.47,1783275558.150
1783275559,113063.85,113060.51,113067.18,1783275559.127
1783275560,113058.88,113055.55,113062.22,1783275560.150
1783275561,113056.47,113053.14,113059.81,1783275561.121
1783275562,113057.61,113054.28,113060.95,1783275562.143
1783275563,113062.51,113059.18,113065.85,1783275563.133
1783275564,113066.82,113063.48,113070.15,1783275564.143
1783275565,113077,113073.67,113080.34,1783275565.132
1783275566,113070.02,113066.69,113073.36,1783275566.144
1783275567,113074.3,113070.96,113077.63,1783275567.127
1783275568,113078.98,113075.64,113082.32,1783275568.162
1783275569,113078,113074.66,113081.33,1783275569.125
1783275570,113075.57,113072.24,113078.91,1783275570.156
1783275571,113074.48,113071.15,113077.82,1783275571.122
1783275572,113080.64,113077.3,113083.97,1783275572.168
1783275573,113073.46,113070.13,113076.8,1783275573.137
1783275574,113079.54,113076.21,113082.88,1783275574.153
1783275575,113079.97,113076.63,113083.3,1783275575.118
1783275576,113073.61,113070.28,113076.95,1783275576.179
1783275577,113079.1,113075.77,113082.44,1783275577.115
1783275578,113078.93,113075.6,113082.27,1783275578.208
1783275579,113071.36,113068.03,113074.7,1783275579.116
1783275580,113071.38,113068.04,113074.71,1783275580.165
1783275581,113073.14,113069.8,113076.47,1783275581.124
1783275582,113066.07,113062.74,113069.41,1783275582.156
1783275583,113072.49,113069.15,113075.82,1783275583.134
1783275584,113071.33,113067.99,113074.66,1783275584.139
1783275585,113064.15,113060.81,113067.48,1783275585.119
1783275586,113056.38,113053.05,113059.72,1783275586.157
1783275587,113056.63,113053.3,113059.97,1783275587.124
1783275588,113056.07,113052.74,113059.41,1783275588.158
1783275589,113057,113053.67,113060.34,1783275589.125
1783275590,113049.22,113045.89,113052.56,1783275590.150
1783275591,113041.83,113038.49,113045.16,1783275591.120
1783275592,113046.84,113043.5,113050.17,1783275592.160
1783275593,113036.64,113033.3,113039.97,1783275593.128
1783275594,113047.65,113044.31,113050.98,1783275594.147
1783275595,113048.23,113044.9,113051.57,1783275595.129
1783275596,113047.47,113044.14,113050.81,1783275596.147
1783275597,113060.2,113056.86,113063.54,1783275597.131
1783275598,113067.09,113063.75,113070.43,1783275598.145
1783275599,113061.5,113058.16,113064.83,1783275599.135
1783275600,113062.05,113058.71,113065.38,1783275600.162
1783275601,113065.71,113062.38,113069.05,1783275601.192
1783275602,113059.64,113056.3,113062.97,1783275602.171
1783275603,113066.09,113062.75,113069.42,1783275603.212
1783275604,113056.45,113053.11,113059.78,1783275604.173
1783275605,113062.58,113059.25,113065.92,1783275605.191
1783275606,113062.45,113059.12,113065.79,1783275606.168
1783275607,113064.66,113061.32,113067.99,1783275607.119
1783275608,113069.24,113065.91,113072.58,1783275608.205
1783275609,113067.95,113064.61,113071.28,1783275609.130
1783275610,113062.94,113059.61,113066.28,1783275610.141
1783275611,113062.45,113059.11,113065.78,1783275611.117
1783275612,113056.11,113052.77,113059.45,1783275612.156
1783275613,113053.26,113049.93,113056.6,1783275613.128
1783275614,113055.89,113052.55,113059.22,1783275614.164
1783275615,113049.65,113046.31,113052.98,1783275615.122
1783275616,113049.06,113045.73,113052.4,1783275616.137
1783275617,113050.85,113047.51,113054.18,1783275617.128
1783275618,113048.28,113044.94,113051.61,1783275618.138
1783275619,113048.66,113045.32,113051.99,1783275619.117
1783275620,113050.17,113046.84,113053.51,1783275620.157
1783275621,113053.64,113050.3,113056.97,1783275621.121
1783275622,113045.97,113042.63,113049.3,1783275622.136
1783275623,113050.91,113047.58,113054.25,1783275623.125
1783275624,113048.46,113045.13,113051.8,1783275624.164
1783275625,113041.41,113038.07,113044.74,1783275625.131
1783275626,113040.09,113036.76,113043.43,1783275626.160
1783275627,113036.41,113033.07,113039.74,1783275627.123
1783275628,113042.88,113039.54,113046.21,1783275628.137
1783275629,113034.44,113031.11,113037.78,1783275629.131
1783275630,113043.29,113039.96,113046.63,1783275630.144
1783275631,113038.27,113034.93,113041.6,1783275631.129
1783275632,113034.39,113031.05,113037.72,1783275632.142
1783275633,113031.39,113028.05,113034.72,1783275633.124
1783275634,113033.93,113030.6,113037.27,1783275634.173
1783275635,113030.54,113027.21,113033.88,1783275635.126
1783275636,113031.52,113028.19,113034.86,1783275636.153
1783275637,113039.08,113035.75,113042.42,1783275637.130
1783275638,113042.12,113038.78,113045.45,1783275638.246
1783275639,113040.81,113037.48,113044.15,1783275639.205
1783275640,113046.96,113043.62,113050.29,1783275640.164
1783275641,113042.28,113038.95,113045.61,1783275641.131
1783275642,113040.73,113037.4,113044.06,1783275642.142
1783275643,113041.23,113037.89,113044.56,1783275643.119
1783275644,113038.92,113035.59,113042.26,1783275644.136
1783275645,113052.72,113049.39,113056.06,1783275645.125
1783275646,113049.71,113046.38,113053.05,1783275646.151
1783275647,113049.98,113046.64,113053.31,1783275647.130
1783275648,113045.48,113042.14,113048.81,1783275648.141
1783275649,113046.43,113043.1,113049.77,1783275649.122
1783275650,113044.97,113041.64,113048.31,1783275650.157
1783275651,113041.95,113038.62,113045.29,1783275651.126
1783275652,113039.97,113036.63,113043.3,1783275652.152
1783275653,113034.16,113030.82,113037.49,1783275653.134
1783275654,113029.78,113026.45,113033.12,1783275654.152
1783275655,113029.11,113025.77,113032.44,1783275655.116
1783275656,113030,113026.67,113033.34,1783275656.153
1783275657,113031.28,113027.94,113034.61,1783275657.118
1783275658,113019.19,113015.85,113022.52,1783275658.149
1783275659,113021.88,113018.55,113025.21,1783275659.124
1783275660,113027.66,113024.33,113031,1783275660.160
1783275661,113027.83,113024.49,113031.16,1783275661.125
1783275662,113016.16,113012.83,113019.49,1783275662.269
1783275663,113018.94,113015.61,113022.28,1783275663.204
1783275664,113020.79,113017.45,113024.12,1783275664.150
1783275665,113021.44,113018.1,113024.77,1783275665.120
1783275666,113021.32,113017.98,113024.65,1783275666.163
1783275667,113021.3,113017.97,113024.64,1783275667.146
1783275668,113015.07,113011.74,113018.4,1783275668.205
1783275669,113022.24,113018.9,113025.57,1783275669.133
1783275670,113022.18,113018.85,113025.52,1783275670.153
1783275671,113026.31,113022.98,113029.64,1783275671.125
1783275672,113028.72,113025.39,113032.06,1783275672.152
1783275673,113016.1,113012.77,113019.44,1783275673.127
1783275674,113018.78,113015.44,113022.11,1783275674.159
1783275675,113020.63,113017.3,113023.97,1783275675.128
1783275676,113015.88,113012.55,113019.22,1783275676.165
1783275677,113014.52,113011.19,113017.85,1783275677.121
1783275678,113008.41,113005.08,113011.74,1783275678.146
1783275679,113004.48,113001.14,113007.81,1783275679.136
1783275680,113003.75,113000.42,113007.08,1783275680.140
1783275681,113001.72,112998.38,113005.05,1783275681.123
1783275682,113002.19,112998.85,113005.52,1783275682.136
1783275683,112995.55,112992.21,112998.88,1783275683.122
1783275684,112988.82,112985.49,112992.15,1783275684.146
1783275685,112987.3,112983.96,112990.63,1783275685.126
1783275686,112988.17,112984.84,112991.51,1783275686.161
1783275687,112996.97,112993.64,113000.31,1783275687.121
1783275688,112991.71,112988.38,112995.05,1783275688.165
1783275689,112982.59,112979.26,112985.92,1783275689.131
1783275690,112990.14,112986.8,112993.47,1783275690.135
1783275691,112991.89,112988.55,112995.22,1783275691.125
1783275692,112989.05,112985.72,112992.38,1783275692.159
1783275693,112989.91,112986.57,112993.24,1783275693.121
1783275694,112993.48,112990.14,112996.81,1783275694.130
1783275695,112977.23,112973.89,112980.56,1783275695.122
1783275696,112975.24,112971.9,112978.57,1783275696.153
1783275697,112976.98,112973.64,112980.31,1783275697.125
1783275698,112978.6,112975.27,112981.93,1783275698.204
1783275699,112976.82,112973.49,112980.15,1783275699.129
1783275700,112970.52,112967.18,112973.85,1783275700.146
1783275701,112971.91,112968.58,112975.24,1783275701.151
1783275702,112965.31,112961.98,112968.64,1783275702.166
1783275703,112967.62,112964.29,112970.96,1783275703.136
1783275704,112959.51,112956.17,112962.84,1783275704.153
1783275705,112953.79,112950.46,112957.12,1783275705.119
1783275706,112953.12,112949.79,112956.45,1783275706.152
1783275707,112943.02,112939.69,112946.36,1783275707.122
1783275708,112939.22,112935.89,112942.56,1783275708.138
1783275709,112950.13,112946.8,112953.46,1783275709.135
1783275710,112953.48,112950.15,112956.81,1783275710.157
1783275711,112960.45,112957.12,112963.79,1783275711.124
1783275712,112958.63,112955.29,112961.96,1783275712.162
1783275713,112958.04,112954.71,112961.37,1783275713.129
1783275714,112947.07,112943.74,112950.41,1783275714.164
1783275715,112950.75,112947.42,112954.08,1783275715.121
1783275716,112945.84,112942.5,112949.17,1783275716.153
1783275717,112940.15,112936.82,112943.48,1783275717.125
1783275718,112932.74,112929.4,112936.07,1783275718.153
1783275719,112943.18,112939.84,112946.51,1783275719.127
1783275720,112950.55,112947.22,112953.88,1783275720.156
1783275721,112945,112941.67,112948.33,1783275721.150
1783275722,112941.17,112937.84,112944.51,1783275722.219
1783275723,112943.22,112939.89,112946.55,1783275723.303
1783275724,112950.97,112947.63,112954.3,1783275724.214
1783275725,112952.62,112949.28,112955.95,1783275725.165
1783275726,112954.21,112950.88,112957.55,1783275726.148
1783275727,112955.29,112951.96,112958.63,1783275727.127
1783275728,112965.19,112961.86,112968.53,1783275728.203
1783275729,112956.6,112953.26,112959.93,1783275729.118
1783275730,112957.61,112954.28,112960.94,1783275730.149
1783275731,112955.06,112951.73,112958.39,1783275731.122
1783275732,112964.21,112960.88,112967.54,1783275732.146
1783275733,112970.17,112966.83,112973.5,1783275733.118
1783275734,112977.01,112973.68,112980.35,1783275734.165
1783275735,112979.82,112976.49,112983.16,1783275735.123
1783275736,112974.55,112971.22,112977.89,1783275736.153
1783275737,112974.19,112970.85,112977.52,1783275737.123
1783275738,112980.23,112976.89,112983.56,1783275738.133
1783275739,112982.17,112978.83,112985.5,1783275739.134
1783275740,112986.84,112983.51,112990.17,1783275740.135
1783275741,112987.06,112983.72,112990.39,1783275741.122
1783275742,112989.88,112986.54,112993.21,1783275742.152
1783275743,112994.17,112990.84,112997.5,1783275743.121
1783275744,112986.93,112983.59,112990.26,1783275744.144
1783275745,112992.16,112988.83,112995.5,1783275745.127
1783275746,112998.29,112994.96,113001.62,1783275746.154
1783275747,112994.52,112991.19,112997.85,1783275747.134
1783275748,112995.22,112991.89,112998.56,1783275748.164
1783275749,112993.72,112990.39,112997.05,1783275749.132
1783275750,112993.13,112989.8,112996.47,1783275750.161
1783275751,112992.43,112989.1,112995.76,1783275751.138
1783275752,112987.92,112984.58,112991.25,1783275752.180
1783275753,112981.31,112977.97,112984.64,1783275753.130
1783275754,112980.33,112977,112983.67,1783275754.153
1783275755,112982.65,112979.31,112985.98,1783275755.120
1783275756,112985.61,112982.28,112988.95,1783275756.147
1783275757,112980.12,112976.79,112983.45,1783275757.125
1783275758,112971.06,112967.72,112974.39,1783275758.136
1783275759,112965.98,112962.65,112969.32,1783275759.127
1783275760,112970.33,112966.99,112973.66,1783275760.139
1783275761,112963.3,112959.97,112966.63,1783275761.120
1783275762,112960.64,112957.31,112963.97,1783275762.157
1783275763,112962.51,112959.18,112965.84,1783275763.120
1783275764,112958,112954.67,112961.33,1783275764.150
1783275765,112948.97,112945.64,112952.3,1783275765.137
1783275766,112946.25,112942.92,112949.58,1783275766.160
1783275767,112950.53,112947.2,112953.87,1783275767.130
1783275768,112958.63,112955.3,112961.96,1783275768.160
1783275769,112958.02,112954.69,112961.35,1783275769.143
1783275770,112947.59,112944.25,112950.92,1783275770.166
1783275771,112949.32,112945.99,112952.65,1783275771.121
1783275772,112945.47,112942.14,112948.8,1783275772.141
1783275773,112954.87,112951.54,112958.2,1783275773.130
1783275774,112951.69,112948.36,112955.02,1783275774.138
1783275775,112951.32,112947.99,112954.65,1783275775.126
1783275776,112964.41,112961.08,112967.74,1783275776.151
1783275777,112958.49,112955.16,112961.83,1783275777.118
1783275778,112957.17,112953.84,112960.51,1783275778.135
1783275779,112953.91,112950.58,112957.24,1783275779.121
1783275780,112958.21,112954.87,112961.54,1783275780.148
1783275781,112957.21,112953.88,112960.54,1783275781.137
1783275782,112962.57,112959.23,112965.9,1783275782.182
1783275783,112964.11,112960.78,112967.44,1783275783.133
1783275784,112958.61,112955.28,112961.94,1783275784.169
1783275785,112954.53,112951.2,112957.87,1783275785.124
1783275786,112952.69,112949.36,112956.02,1783275786.145
1783275787,112955.9,112952.57,112959.23,1783275787.125
1783275788,112948.54,112945.21,112951.87,1783275788.248
1783275789,112947.87,112944.54,112951.2,1783275789.136
1783275790,112946.59,112943.26,112949.92,1783275790.137
1783275791,112943.86,112940.53,112947.19,1783275791.128
1783275792,112935.61,112932.28,112938.94,1783275792.135
1783275793,112935.49,112932.16,112938.82,1783275793.121
1783275794,112933.48,112930.14,112936.81,1783275794.158
1783275795,112935.07,112931.74,112938.4,1783275795.121
1783275796,112929.32,112925.99,112932.65,1783275796.160
1783275797,112924.94,112921.61,112928.27,1783275797.162
1783275798,112930.43,112927.1,112933.76,1783275798.149
1783275799,112931.88,112928.54,112935.21,1783275799.127
1783275800,112933.71,112930.38,112937.04,1783275800.138
1783275801,112935.61,112932.28,112938.95,1783275801.119
1783275802,112930.88,112927.55,112934.21,1783275802.149
1783275803,112922.55,112919.21,112925.88,1783275803.127
1783275804,112921.75,112918.42,112925.08,1783275804.142
1783275805,112921.79,112918.46,112925.12,1783275805.116
1783275806,112919.72,112916.39,112923.05,1783275806.150
1783275807,112913.01,112909.68,112916.34,1783275807.125
1783275808,112911.13,112907.8,112914.47,1783275808.161
1783275809,112905.51,112902.18,112908.84,1783275809.118
1783275810,112910.4,112907.07,112913.73,1783275810.141
1783275811,112908.44,112905.11,112911.77,1783275811.116
1783275812,112912.72,112909.39,112916.05,1783275812.154
1783275813,112904.73,112901.4,112908.06,1783275813.117
1783275814,112903.75,112900.42,112907.08,1783275814.171
1783275815,112902.01,112898.67,112905.34,1783275815.123
1783275816,112898.88,112895.55,112902.21,1783275816.149
1783275817,112900.74,112897.41,112904.07,1783275817.121
1783275818,112901.51,112898.18,112904.84,1783275818.206
1783275819,112904.3,112900.97,112907.63,1783275819.123
1783275820,112911.53,112908.2,112914.87,1783275820.161
1783275821,112912.08,112908.75,112915.41,1783275821.135
1783275822,112908.79,112905.46,112912.12,1783275822.147
1783275823,112906.24,112902.91,112909.57,1783275823.123
1783275824,112899.06,112895.73,112902.39,1783275824.146
1783275825,112899.48,112896.15,112902.81,1783275825.123
1783275826,112898.05,112894.72,112901.38,1783275826.143
1783275827,112890.65,112887.32,112893.98,1783275827.122
1783275828,112885.9,112882.57,112889.23,1783275828.149
1783275829,112883.48,112880.15,112886.81,1783275829.133
1783275830,112885.96,112882.63,112889.29,1783275830.148
1783275831,112885.77,112882.44,112889.1,1783275831.124
1783275832,112880.61,112877.28,112883.94,1783275832.153
1783275833,112885.88,112882.55,112889.21,1783275833.126
1783275834,112885.2,112881.87,112888.53,1783275834.153
1783275835,112888.09,112884.75,112891.42,1783275835.132
1783275836,112891.6,112888.27,112894.93,1783275836.140
1783275837,112896.87,112893.54,112900.21,1783275837.129
1783275838,112902.71,112899.38,112906.04,1783275838.163
1783275839,112903.84,112900.51,112907.17,1783275839.123
1783275840,112894.89,112891.56,112898.23,1783275840.161
1783275841,112890.37,112887.04,112893.7,1783275841.156
1783275842,112891.11,112887.78,112894.44,1783275842.182
1783275843,112888.32,112884.99,112891.65,1783275843.144
1783275844,112884.82,112881.49,112888.15,1783275844.351
1783275845,112884.2,112880.87,112887.53,1783275845.126
1783275846,112893.12,112889.79,112896.45,1783275846.152
1783275847,112893.4,112890.07,112896.73,1783275847.128
1783275848,112892.13,112888.8,112895.46,1783275848.203
1783275849,112888.78,112885.45,112892.11,1783275849.126
1783275850,112891.61,112888.28,112894.94,1783275850.137
1783275851,112893.8,112890.47,112897.13,1783275851.125
1783275852,112891.42,112888.09,112894.75,1783275852.130
1783275853,112887.54,112884.21,112890.87,1783275853.141
1783275854,112885.74,112882.41,112889.07,1783275854.162
1783275855,112889.06,112885.73,112892.39,1783275855.133
1783275856,112892.82,112889.48,112896.15,1783275856.138
1783275857,112899.48,112896.15,112902.81,1783275857.119
1783275858,112903.7,112900.37,112907.04,1783275858.157
1783275859,112900.35,112897.02,112903.68,1783275859.118
1783275860,112901.87,112898.53,112905.2,1783275860.138
1783275861,112907.55,112904.22,112910.88,1783275861.127
1783275862,112903.21,112899.88,112906.54,1783275862.150
1783275863,112911.16,112907.83,112914.5,1783275863.119
1783275864,112903.87,112900.54,112907.2,1783275864.146
1783275865,112908.18,112904.84,112911.51,1783275865.128
1783275866,112915.05,112911.72,112918.38,1783275866.154
1783275867,112923.76,112920.43,112927.09,1783275867.129
1783275868,112923.16,112919.83,112926.5,1783275868.163
1783275869,112918.73,112915.4,112922.06,1783275869.162
1783275870,112926.02,112922.69,112929.36,1783275870.143
1783275871,112927.45,112924.12,112930.78,1783275871.128
1783275872,112927.48,112924.15,112930.81,1783275872.158
1783275873,112926.14,112922.81,112929.47,1783275873.123
1783275874,112927.01,112923.67,112930.34,1783275874.160
1783275875,112915.94,112912.61,112919.27,1783275875.125
1783275876,112916.23,112912.9,112919.56,1783275876.147
1783275877,112903.67,112900.34,112907,1783275877.206
1783275878,112904.77,112901.44,112908.1,1783275878.202
1783275879,112910.72,112907.39,112914.05,1783275879.144
1783275880,112920.68,112917.35,112924.01,1783275880.143
1783275881,112915.14,112911.81,112918.47,1783275881.120
1783275882,112912.13,112908.8,112915.46,1783275882.168
1783275883,112908.41,112905.08,112911.74,1783275883.117
1783275884,112906.63,112903.3,112909.96,1783275884.159
1783275885,112910.71,112907.38,112914.04,1783275885.118
1783275886,112901.56,112898.23,112904.89,1783275886.150
1783275887,112892.64,112889.31,112895.97,1783275887.120
1783275888,112889.19,112885.86,112892.52,1783275888.133
1783275889,112898.07,112894.74,112901.4,1783275889.135
1783275890,112899.24,112895.91,112902.57,1783275890.146
1783275891,112901.64,112898.31,112904.97,1783275891.128
1783275892,112902.91,112899.58,112906.24,1783275892.144
1783275893,112906.01,112902.68,112909.34,1783275893.120
1783275894,112902.16,112898.83,112905.49,1783275894.169
1783275895,112904.38,112901.05,112907.71,1783275895.129
1783275896,112893.62,112890.29,112896.95,1783275896.145
1783275897,112891.97,112888.64,112895.3,1783275897.123
1783275898,112893.89,112890.56,112897.22,1783275898.151
1783275899,112885.82,112882.49,112889.15,1783275899.127
1783275900,112882.87,112879.54,112886.2,1783275900.163
1783275901,112881.09,112877.76,112884.42,1783275901.136
1783275902,112878.47,112875.14,112881.8,1783275902.175
1783275903,112876.57,112873.24,112879.9,1783275903.152
1783275904,112868.38,112865.05,112871.71,1783275904.478
1783275905,112857.54,112854.21,112860.87,1783275905.165
1783275906,112870.41,112867.08,112873.74,1783275906.143
1783275907,112868.65,112865.32,112871.98,1783275907.126
1783275908,112861.7,112858.37,112865.03,1783275908.209
1783275909,112862.98,112859.65,112866.31,1783275909.116
1783275910,112866.8,112863.48,112870.13,1783275910.158
1783275911,112862.3,112858.97,112865.63,1783275911.122
1783275912,112862.62,112859.29,112865.95,1783275912.136
1783275913,112871.89,112868.56,112875.22,1783275913.124
1783275914,112866.91,112863.58,112870.24,1783275914.148
1783275915,112862.97,112859.64,112866.3,1783275915.162
1783275916,112867.65,112864.32,112870.97,1783275916.156
1783275917,112868.49,112865.16,112871.82,1783275917.125
1783275918,112868.67,112865.34,112872,1783275918.165
1783275919,112857.12,112853.8,112860.45,1783275919.118
1783275920,112863.14,112859.81,112866.47,1783275920.133
1783275921,112863.89,112860.56,112867.22,1783275921.114
1783275922,112865.96,112862.63,112869.29,1783275922.142
1783275923,112860.7,112857.37,112864.03,1783275923.133
1783275924,112856.31,112852.98,112859.64,1783275924.140
1783275925,112856.64,112853.31,112859.97,1783275925.149
1783275926,112857.3,112853.97,112860.63,1783275926.142
1783275927,112851.02,112847.69,112854.35,1783275927.126
1783275928,112851.99,112848.66,112855.32,1783275928.145
1783275929,112850.19,112846.86,112853.51,1783275929.122
1783275930,112844.47,112841.14,112847.79,1783275930.155
1783275931,112841.71,112838.38,112845.04,1783275931.163
1783275932,112837.31,112833.98,112840.64,1783275932.153
1783275933,112833.92,112830.59,112837.25,1783275933.120
1783275934,112829.78,112826.45,112833.11,1783275934.302
1783275935,112823.79,112820.46,112827.12,1783275935.121
1783275936,112819.83,112816.5,112823.16,1783275936.154
1783275937,112823.74,112820.42,112827.07,1783275937.119
1783275938,112819.5,112816.18,112822.83,1783275938.245
1783275939,112817.28,112813.95,112820.6,1783275939.121
1783275940,112809.02,112805.69,112812.35,1783275940.150
1783275941,112812.57,112809.24,112815.9,1783275941.126
1783275942,112811.9,112808.57,112815.23,1783275942.168
1783275943,112821.64,112818.31,112824.97,1783275943.142
1783275944,112826.29,112822.96,112829.62,1783275944.165
1783275945,112826.54,112823.22,112829.87,1783275945.115
1783275946,112824.25,112820.92,112827.58,1783275946.160
1783275947,112815.01,112811.68,112818.34,1783275947.128
1783275948,112810.96,112807.63,112814.29,1783275948.141
1783275949,112814.37,112811.04,112817.7,1783275949.128
1783275950,112811.23,112807.9,112814.55,1783275950.142
1783275951,112817.32,112813.99,112820.65,1783275951.126
1783275952,112811.65,112808.33,112814.98,1783275952.146
1783275953,112815.79,112812.46,112819.12,1783275953.131
1783275954,112814.31,112810.98,112817.64,1783275954.146
1783275955,112819.57,112816.25,112822.9,1783275955.127
1783275956,112821.64,112818.31,112824.96,1783275956.146
1783275957,112819.01,112815.68,112822.33,1783275957.162
1783275958,112809.06,112805.73,112812.39,1783275958.156
1783275959,112812.78,112809.45,112816.11,1783275959.145
1783275960,112817.4,112814.07,112820.73,1783275960.145
1783275961,112816.77,112813.45,112820.1,1783275961.127
1783275962,112806.77,112803.44,112810.1,1783275962.153
1783275963,112810,112806.67,112813.33,1783275963.137
1783275964,112814.42,112811.09,112817.75,1783275964.162
1783275965,112813.61,112810.28,112816.94,1783275965.119
1783275966,112818.33,112815.01,112821.66,1783275966.158
1783275967,112816.71,112813.38,112820.04,1783275967.115
1783275968,112818.39,112815.06,112821.72,1783275968.250
1783275969,112820.11,112816.78,112823.44,1783275969.135
1783275970,112832.96,112829.63,112836.28,1783275970.163
1783275971,112823.19,112819.87,112826.52,1783275971.119
1783275972,112825.69,112822.36,112829.01,1783275972.147
1783275973,112828.47,112825.14,112831.8,1783275973.120
1783275974,112826.68,112823.35,112830.01,1783275974.140
1783275975,112834.69,112831.36,112838.02,1783275975.127
1783275976,112833.79,112830.46,112837.12,1783275976.134
1783275977,112824.67,112821.34,112828,1783275977.128
1783275978,112824.53,112821.2,112827.86,1783275978.138
1783275979,112828.34,112825.01,112831.67,1783275979.120
1783275980,112835.72,112832.4,112839.05,1783275980.148
1783275981,112831.82,112828.49,112835.15,1783275981.119
1783275982,112828.52,112825.2,112831.85,1783275982.152
1783275983,112819,112815.67,112822.33,1783275983.163
1783275984,112829.17,112825.84,112832.5,1783275984.143
1783275985,112842.68,112839.35,112846.01,1783275985.115
1783275986,112842.85,112839.52,112846.18,1783275986.137
1783275987,112851.35,112848.02,112854.68,1783275987.121
1783275988,112846.24,112842.91,112849.57,1783275988.155
1783275989,112856.47,112853.14,112859.79,1783275989.121
1783275990,112854.6,112851.27,112857.92,1783275990.140
1783275991,112850.17,112846.84,112853.5,1783275991.128
1783275992,112858.54,112855.21,112861.87,1783275992.148
1783275993,112848.27,112844.95,112851.6,1783275993.133
1783275994,112840.71,112837.39,112844.04,1783275994.142
1783275995,112847.99,112844.66,112851.32,1783275995.121
1783275996,112854.55,112851.23,112857.88,1783275996.147
1783275997,112853.42,112850.09,112856.75,1783275997.118
1783275998,112854.62,112851.29,112857.95,1783275998.204
1783275999,112855.88,112852.55,112859.21,1783275999.119
1783276000,112858.74,112855.41,112862.07,1783276000.139
1783276001,112846.89,112843.56,112850.22,1783276001.115
1783276002,112849.94,112846.61,112853.27,1783276002.145
1783276003,112844.59,112841.26,112847.92,1783276003.116
1783276004,112843.09,112839.76,112846.42,1783276004.143
1783276005,112852.3,112848.97,112855.63,1783276005.122
1783276006,112854.28,112850.95,112857.61,1783276006.164
1783276007,112857.89,112854.56,112861.22,1783276007.120
1783276008,112856.56,112853.23,112859.88,1783276008.141
1783276009,112853.47,112850.14,112856.8,1783276009.120
1783276010,112854.05,112850.72,112857.38,1783276010.145
1783276011,112861.55,112858.22,112864.88,1783276011.130
1783276012,112857.47,112854.15,112860.8,1783276012.154
1783276013,112871.72,112868.39,112875.05,1783276013.121
1783276014,112872.1,112868.77,112875.43,1783276014.162
1783276015,112872.73,112869.4,112876.06,1783276015.120
1783276016,112873.81,112870.48,112877.14,1783276016.150
1783276017,112871.06,112867.73,112874.39,1783276017.125
1783276018,112867.68,112864.35,112871.01,1783276018.139
1783276019,112856.17,112852.84,112859.5,1783276019.117
1783276020,112864.48,112861.15,112867.81,1783276020.145
1783276021,112861.74,112858.41,112865.06,1783276021.127
1783276022,112866.17,112862.84,112869.5,1783276022.205
1783276023,112866.48,112863.15,112869.81,1783276023.185
1783276024,112863.35,112860.02,112866.68,1783276024.158
1783276025,112869.63,112866.3,112872.96,1783276025.112
1783276026,112868.93,112865.6,112872.26,1783276026.154
1783276027,112871.51,112868.18,112874.84,1783276027.118
1783276028,112871.6,112868.27,112874.93,1783276028.202
1783276029,112876.85,112873.52,112880.18,1783276029.118
1783276030,112880.27,112876.94,112883.6,1783276030.163
1783276031,112873.92,112870.59,112877.25,1783276031.129
1783276032,112871.44,112868.11,112874.77,1783276032.149
1783276033,112867.09,112863.76,112870.41,1783276033.128
1783276034,112867.92,112864.6,112871.25,1783276034.160
1783276035,112865.78,112862.45,112869.11,1783276035.140
1783276036,112862.51,112859.18,112865.83,1783276036.138
1783276037,112869.29,112865.96,112872.62,1783276037.121
1783276038,112875.31,112871.98,112878.64,1783276038.155
1783276039,112876.69,112873.36,112880.02,1783276039.121
1783276040,112872.3,112868.97,112875.63,1783276040.133
1783276041,112878.52,112875.19,112881.85,1783276041.122
1783276042,112879.29,112875.96,112882.62,1783276042.144
1783276043,112874.44,112871.11,112877.77,1783276043.129
1783276044,112874.79,112871.46,112878.12,1783276044.149
1783276045,112872.45,112869.12,112875.78,1783276045.164
1783276046,112876.53,112873.2,112879.86,1783276046.144
1783276047,112879.57,112876.24,112882.9,1783276047.120
1783276048,112874.99,112871.66,112878.32,1783276048.142
1783276049,112878.86,112875.53,112882.19,1783276049.122
1783276050,112882.86,112879.53,112886.19,1783276050.151
1783276051,112885.37,112882.04,112888.7,1783276051.123
1783276052,112886.74,112883.41,112890.07,1783276052.148
1783276053,112881.92,112878.59,112885.25,1783276053.134
1783276054,112873.4,112870.07,112876.73,1783276054.150
1783276055,112878.27,112874.94,112881.6,1783276055.134
1783276056,112880.27,112876.94,112883.6,1783276056.204
1783276057,112882.57,112879.24,112885.9,1783276057.130
1783276058,112890.69,112887.36,112894.02,1783276058.200
1783276059,112893.45,112890.12,112896.78,1783276059.122
1783276060,112896.62,112893.29,112899.95,1783276060.140
1783276061,112893.09,112889.76,112896.42,1783276061.129
1783276062,112896.7,112893.37,112900.03,1783276062.151
1783276063,112897.28,112893.95,112900.61,1783276063.125
1783276064,112896.8,112893.47,112900.13,1783276064.145
1783276065,112898.13,112894.8,112901.46,1783276065.119
1783276066,112903.08,112899.75,112906.41,1783276066.152
1783276067,112896.5,112893.17,112899.83,1783276067.137
1783276068,112900.39,112897.06,112903.72,1783276068.151
1783276069,112901.03,112897.7,112904.36,1783276069.128
1783276070,112901.8,112898.47,112905.13,1783276070.148
1783276071,112907.69,112904.36,112911.03,1783276071.130
1783276072,112914.93,112911.6,112918.26,1783276072.164
1783276073,112915.7,112912.37,112919.03,1783276073.133
1783276074,112912.84,112909.51,112916.17,1783276074.161
1783276075,112917.09,112913.76,112920.42,1783276075.132
1783276076,112918,112914.67,112921.34,1783276076.161
1783276077,112919.23,112915.9,112922.56,1783276077.122
1783276078,112913.4,112910.06,112916.73,1783276078.152
1783276079,112919.88,112916.55,112923.22,1783276079.123
1783276080,112922.33,112919,112925.66,1783276080.165
1783276081,112917.78,112914.45,112921.11,1783276081.127
1783276082,112914.34,112911.01,112917.67,1783276082.196
1783276083,112911.94,112908.61,112915.27,1783276083.123
1783276084,112911.71,112908.38,112915.05,1783276084.164
1783276085,112911.8,112908.47,112915.13,1783276085.125
1783276086,112919.51,112916.18,112922.84,1783276086.143
1783276087,112921.21,112917.88,112924.54,1783276087.120
1783276088,112926.4,112923.07,112929.73,1783276088.206
1783276089,112929.66,112926.33,112932.99,1783276089.127
1783276090,112927.66,112924.33,112930.99,1783276090.152
1783276091,112920.32,112916.99,112923.65,1783276091.115
1783276092,112918.65,112915.32,112921.98,1783276092.151
1783276093,112925.35,112922.02,112928.68,1783276093.118
1783276094,112921.85,112918.52,112925.18,1783276094.148
1783276095,112926.09,112922.76,112929.42,1783276095.116
1783276096,112924.22,112920.89,112927.55,1783276096.153
1783276097,112917.85,112914.52,112921.18,1783276097.118
1783276098,112917.41,112914.08,112920.75,1783276098.154
1783276099,112917.17,112913.84,112920.5,1783276099.127
1783276100,112912.02,112908.69,112915.35,1783276100.161
1783276101,112923.04,112919.71,112926.37,1783276101.125
1783276102,112923.97,112920.64,112927.3,1783276102.149
1783276103,112922.81,112919.48,112926.14,1783276103.113
1783276104,112922.41,112919.08,112925.74,1783276104.153
1783276105,112914.17,112910.84,112917.5,1783276105.128
1783276106,112925.31,112921.98,112928.64,1783276106.141
1783276107,112925.91,112922.58,112929.24,1783276107.121
1783276108,112921.5,112918.16,112924.83,1783276108.138
1783276109,112925.27,112921.94,112928.61,1783276109.118
1783276110,112924.37,112921.04,112927.71,1783276110.157
1783276111,112922.48,112919.15,112925.81,1783276111.121
1783276112,112927.76,112924.43,112931.09,1783276112.204
1783276113,112927.18,112923.84,112930.51,1783276113.125
1783276114,112921.99,112918.66,112925.32,1783276114.131
1783276115,112914.43,112911.1,112917.76,1783276115.131
1783276116,112912.59,112909.26,112915.92,1783276116.142
1783276117,112918.43,112915.1,112921.76,1783276117.118
1783276118,112914.29,112910.96,112917.62,1783276118.139
1783276119,112916.4,112913.07,112919.73,1783276119.111
1783276120,112924.14,112920.81,112927.47,1783276120.174
1783276121,112921.15,112917.81,112924.48,1783276121.124
1783276122,112916.45,112913.12,112919.78,1783276122.156
1783276123,112924.73,112921.4,112928.06,1783276123.113
1783276124,112921.42,112918.09,112924.75,1783276124.152
1783276125,112912.49,112909.16,112915.82,1783276125.112
1783276126,112916.98,112913.65,112920.31,1783276126.140
1783276127,112910.3,112906.97,112913.63,1783276127.135
1783276128,112926.78,112923.45,112930.12,1783276128.158
1783276129,112925.38,112922.05,112928.71,1783276129.113
1783276130,112927.74,112924.41,112931.07,1783276130.158
1783276131,112931.06,112927.73,112934.39,1783276131.120
1783276132,112926.85,112923.52,112930.19,1783276132.148
1783276133,112917.41,112914.07,112920.74,1783276133.112
1783276134,112916.01,112912.68,112919.34,1783276134.159
1783276135,112915.12,112911.79,112918.45,1783276135.114
1783276136,112913.97,112910.64,112917.3,1783276136.150
1783276137,112909.57,112906.24,112912.9,1783276137.122
1783276138,112903.65,112900.32,112906.98,1783276138.139
1783276139,112908.91,112905.58,112912.24,1783276139.125
1783276140,112908.67,112905.34,112912,1783276140.144
1783276141,112912.19,112908.86,112915.52,1783276141.133
1783276142,112923,112919.67,112926.33,1783276142.143
1783276143,112922.08,112918.75,112925.41,1783276143.194
1783276144,112913.87,112910.54,112917.2,1783276144.171
1783276145,112902.86,112899.53,112906.19,1783276145.113
1783276146,112906.36,112903.03,112909.69,1783276146.149
1783276147,112903.42,112900.09,112906.75,1783276147.125
1783276148,112908.09,112904.76,112911.42,1783276148.207
1783276149,112907.01,112903.68,112910.34,1783276149.122
1783276150,112913.4,112910.07,112916.73,1783276150.138
1783276151,112909.71,112906.38,112913.04,1783276151.113
1783276152,112913.38,112910.05,112916.71,1783276152.129
1783276153,112915.38,112912.05,112918.71,1783276153.125
1783276154,112913.68,112910.35,112917.01,1783276154.148
1783276155,112911.67,112908.34,112915,1783276155.110
1783276156,112914.91,112911.58,112918.24,1783276156.163
1783276157,112921.07,112917.73,112924.4,1783276157.125
1783276158,112918.67,112915.34,112922.01,1783276158.131
1783276159,112920.16,112916.83,112923.49,1783276159.108
1783276160,112922.38,112919.05,112925.71,1783276160.134
1783276161,112917.31,112913.98,112920.64,1783276161.156
1783276162,112912.03,112908.7,112915.36,1783276162.153
1783276163,112908.76,112905.43,112912.09,1783276163.113
1783276164,112895.75,112892.42,112899.08,1783276164.156
1783276165,112892.07,112888.74,112895.4,1783276165.144
1783276166,112895.56,112892.23,112898.89,1783276166.142
1783276167,112896.52,112893.19,112899.85,1783276167.126
1783276168,112894.87,112891.54,112898.21,1783276168.159
1783276169,112896.18,112892.85,112899.51,1783276169.114
1783276170,112895.38,112892.05,112898.71,1783276170.166
1783276171,112889.29,112885.96,112892.62,1783276171.129
1783276172,112890.02,112886.69,112893.35,1783276172.161
1783276173,112886.99,112883.66,112890.32,1783276173.130
1783276174,112888.38,112885.05,112891.71,1783276174.206
1783276175,112887.22,112883.89,112890.55,1783276175.208
1783276176,112893.18,112889.85,112896.51,1783276176.168
1783276177,112885.05,112881.72,112888.38,1783276177.122
1783276178,112887.86,112884.53,112891.19,1783276178.204
1783276179,112883.64,112880.31,112886.97,1783276179.128
1783276180,112875.79,112872.46,112879.12,1783276180.147
1783276181,112876.2,112872.87,112879.53,1783276181.132
1783276182,112880.56,112877.23,112883.89,1783276182.157
1783276183,112883.47,112880.14,112886.8,1783276183.144
1783276184,112878.88,112875.55,112882.21,1783276184.147
1783276185,112876.09,112872.76,112879.42,1783276185.120
1783276186,112880.25,112876.92,112883.58,1783276186.140
1783276187,112881.55,112878.22,112884.88,1783276187.122
1783276188,112874.89,112871.56,112878.22,1783276188.151
1783276189,112871.18,112867.85,112874.51,1783276189.167
1783276190,112870.27,112866.94,112873.6,1783276190.157
1783276191,112871.03,112867.7,112874.36,1783276191.128
1783276192,112869.07,112865.74,112872.4,1783276192.143
1783276193,112869.27,112865.94,112872.6,1783276193.116
1783276194,112868.05,112864.72,112871.38,1783276194.152
1783276195,112863.89,112860.56,112867.22,1783276195.128
1783276196,112860.8,112857.47,112864.13,1783276196.156
1783276197,112866.43,112863.1,112869.76,1783276197.126
1783276198,112859.4,112856.07,112862.73,1783276198.162
1783276199,112863.37,112860.04,112866.7,1783276199.127
1783276200,112870.46,112867.13,112873.79,1783276200.165
1783276201,112870.62,112867.29,112873.95,1783276201.124
1783276202,112869.52,112866.19,112872.85,1783276202.246
1783276203,112867.39,112864.06,112870.72,1783276203.166
1783276204,112868.45,112865.12,112871.78,1783276204.190
1783276205,112869.06,112865.73,112872.38,1783276205.211
1783276206,112870.35,112867.02,112873.68,1783276206.218
1783276207,112869.02,112865.69,112872.35,1783276207.138
1783276208,112871.56,112868.23,112874.89,1783276208.205
1783276209,112869.69,112866.36,112873.02,1783276209.132
1783276210,112879.36,112876.03,112882.69,1783276210.153
1783276211,112883.9,112880.57,112887.23,1783276211.133
1783276212,112889.62,112886.28,112892.95,1783276212.164
1783276213,112884.66,112881.33,112887.99,1783276213.124
1783276214,112881.43,112878.1,112884.76,1783276214.154
1783276215,112879.47,112876.14,112882.8,1783276215.127
1783276216,112881,112877.67,112884.33,1783276216.139
1783276217,112892.51,112889.18,112895.84,1783276217.121
1783276218,112891.2,112887.87,112894.53,1783276218.162
1783276219,112892.22,112888.89,112895.55,1783276219.119
1783276220,112882.87,112879.54,112886.2,1783276220.156
1783276221,112882.42,112879.09,112885.75,1783276221.127
1783276222,112880.57,112877.24,112883.9,1783276222.148
1783276223,112888.13,112884.8,112891.46,1783276223.124
1783276224,112890.38,112887.05,112893.71,1783276224.156
1783276225,112894.9,112891.57,112898.23,1783276225.207
1783276226,112892.96,112889.63,112896.29,1783276226.139
1783276227,112889.87,112886.54,112893.2,1783276227.133
1783276228,112889.96,112886.63,112893.29,1783276228.159
1783276229,112883.63,112880.3,112886.96,1783276229.117
1783276230,112889.68,112886.35,112893.01,1783276230.170
1783276231,112893.28,112889.95,112896.61,1783276231.128
1783276232,112895.9,112892.57,112899.23,1783276232.160
1783276233,112891.9,112888.57,112895.23,1783276233.113
1783276234,112889.34,112886.01,112892.67,1783276234.149
1783276235,112887.23,112883.9,112890.56,1783276235.134
1783276236,112879.82,112876.49,112883.15,1783276236.144
1783276237,112880.37,112877.04,112883.7,1783276237.122
1783276238,112881.8,112878.47,112885.13,1783276238.265
1783276239,112881.39,112878.06,112884.72,1783276239.144
1783276240,112872.24,112868.91,112875.57,1783276240.139
1783276241,112881.23,112877.9,112884.56,1783276241.134
1783276242,112873.76,112870.43,112877.09,1783276242.151
1783276243,112872.32,112868.99,112875.65,1783276243.125
