epoch,quote,bid,ask,recv_ts
1783266682,7795.87,7795.18,7796.56,1783266682.167
1783266683,7794.3,7793.61,7794.99,1783266683.124
1783266684,7795.24,7794.55,7795.93,1783266684.163
1783266685,7798.03,7797.34,7798.72,1783266685.129
1783266686,7797.3,7796.61,7797.99,1783266686.148
1783266687,7797.92,7797.23,7798.61,1783266687.114
1783266688,7796.22,7795.53,7796.91,1783266688.133
1783266689,7795.82,7795.13,7796.51,1783266689.116
1783266690,7796.18,7795.49,7796.87,1783266690.149
1783266691,7797.5,7796.81,7798.19,1783266691.116
1783266692,7797.31,7796.62,7798,1783266692.149
1783266693,7796.11,7795.42,7796.8,1783266693.138
1783266694,7795.34,7794.65,7796.03,1783266694.148
1783266695,7794.01,7793.32,7794.7,1783266695.114
1783266696,7793.71,7793.02,7794.4,1783266696.141
1783266697,7793.05,7792.36,7793.74,1783266697.120
1783266698,7793.72,7793.03,7794.41,1783266698.204
1783266699,7794.11,7793.42,7794.8,1783266699.118
1783266700,7793.76,7793.07,7794.45,1783266700.144
1783266701,7793.29,7792.6,7793.98,1783266701.111
1783266702,7795.08,7794.39,7795.77,1783266702.144
1783266703,7793.77,7793.08,7794.46,1783266703.119
1783266704,7795.91,7795.22,7796.6,1783266704.139
1783266705,7795.02,7794.33,7795.7,1783266705.113
1783266706,7792.68,7791.99,7793.36,1783266706.151
1783266707,7792.93,7792.24,7793.62,1783266707.114
1783266708,7793.27,7792.58,7793.96,1783266708.138
1783266709,7789.77,7789.08,7790.46,1783266709.130
1783266710,7790.95,7790.26,7791.64,1783266710.140
1783266711,7792.14,7791.45,7792.83,1783266711.135
1783266712,7792.33,7791.64,7793.02,1783266712.158
1783266713,7791.52,7790.83,7792.21,1783266713.114
1783266714,7791.25,7790.56,7791.94,1783266714.144
1783266715,7789.05,7788.37,7789.74,1783266715.127
1783266716,7788.07,7787.38,7788.76,1783266716.173
1783266717,7787.56,7786.87,7788.25,1783266717.112
1783266718,7787.55,7786.86,7788.24,1783266718.164
1783266719,7788.35,7787.66,7789.04,1783266719.128
1783266720,7790.7,7790.01,7791.39,1783266720.202
1783266721,7788.71,7788.02,7789.39,1783266721.132
1783266722,7790.3,7789.61,7790.99,1783266722.275
1783266723,7790.8,7790.11,7791.49,1783266723.123
1783266724,7793.32,7792.63,7794.01,1783266724.229
1783266725,7794.14,7793.45,7794.83,1783266725.128
1783266726,7794.07,7793.38,7794.76,1783266726.136
1783266727,7795,7794.31,7795.69,1783266727.119
1783266728,7796.69,7796,7797.38,1783266728.202
1783266729,7796.77,7796.08,7797.46,1783266729.120
1783266730,7796.42,7795.73,7797.11,1783266730.126
1783266731,7796.66,7795.97,7797.35,1783266731.123
1783266732,7796.38,7795.69,7797.07,1783266732.149
1783266733,7796.44,7795.75,7797.13,1783266733.110
1783266734,7797.56,7796.87,7798.25,1783266734.156
1783266735,7797.7,7797.01,7798.39,1783266735.124
1783266736,7797.46,7796.77,7798.15,1783266736.137
1783266737,7799.64,7798.95,7800.33,1783266737.120
1783266738,7797.76,7797.07,7798.45,1783266738.146
1783266739,7799.65,7798.95,7800.34,1783266739.130
1783266740,7799.33,7798.64,7800.02,1783266740.141
1783266741,7797.22,7796.53,7797.91,1783266741.131
1783266742,7796.95,7796.26,7797.64,1783266742.141
1783266743,7797.66,7796.97,7798.35,1783266743.125
1783266744,7798.79,7798.1,7799.48,1783266744.168
1783266745,7797.91,7797.22,7798.6,1783266745.129
1783266746,7796.59,7795.9,7797.28,1783266746.146
1783266747,7795.23,7794.54,7795.92,1783266747.122
1783266748,7794.58,7793.89,7795.27,1783266748.173
1783266749,7793.76,7793.07,7794.45,1783266749.128
1783266750,7793.36,7792.67,7794.05,1783266750.153
1783266751,7793.59,7792.9,7794.28,1783266751.120
1783266752,7793.88,7793.19,7794.57,1783266752.137
1783266753,7793.52,7792.83,7794.21,1783266753.123
1783266754,7794.12,7793.43,7794.81,1783266754.165
1783266755,7794.99,7794.3,7795.68,1783266755.129
1783266756,7795.06,7794.37,7795.75,1783266756.138
1783266757,7794.71,7794.02,7795.4,1783266757.121
1783266758,7795.49,7794.8,7796.18,1783266758.249
1783266759,7794.75,7794.06,7795.44,1783266759.123
1783266760,7795.32,7794.63,7796.01,1783266760.169
1783266761,7795.61,7794.92,7796.3,1783266761.115
1783266762,7795.84,7795.15,7796.53,1783266762.134
1783266763,7795.38,7794.69,7796.07,1783266763.123
1783266764,7795.98,7795.29,7796.67,1783266764.141
1783266765,7796.81,7796.12,7797.5,1783266765.112
1783266766,7795.65,7794.96,7796.34,1783266766.146
1783266767,7795.19,7794.5,7795.88,1783266767.216
1783266768,7793.04,7792.35,7793.73,1783266768.175
1783266769,7792.78,7792.09,7793.47,1783266769.130
1783266770,7789.96,7789.27,7790.65,1783266770.147
1783266771,7790.72,7790.03,7791.41,1783266771.114
1783266772,7790.44,7789.75,7791.12,1783266772.154
1783266773,7789.05,7788.36,7789.74,1783266773.127
1783266774,7789.06,7788.37,7789.75,1783266774.152
1783266775,7788.44,7787.75,7789.13,1783266775.119
1783266776,7788.33,7787.64,7789.02,1783266776.156
1783266777,7788.7,7788.01,7789.39,1783266777.129
1783266778,7788.7,7788.01,7789.39,1783266778.143
1783266779,7789.12,7788.43,7789.81,1783266779.117
1783266780,7787.87,7787.18,7788.56,1783266780.163
1783266781,7786.31,7785.62,7787,1783266781.120
1783266782,7784.97,7784.28,7785.66,1783266782.196
1783266783,7785.11,7784.43,7785.8,1783266783.114
1783266784,7785.17,7784.48,7785.86,1783266784.151
1783266785,7784.95,7784.26,7785.63,1783266785.130
1783266786,7785.64,7784.95,7786.33,1783266786.139
1783266787,7786.39,7785.7,7787.08,1783266787.123
1783266788,7787.62,7786.93,7788.31,1783266788.203
1783266789,7788.62,7787.93,7789.31,1783266789.120
1783266790,7788.75,7788.06,7789.44,1783266790.162
1783266791,7788.18,7787.49,7788.86,1783266791.121
1783266792,7788.22,7787.53,7788.91,1783266792.153
1783266793,7787.53,7786.84,7788.22,1783266793.128
1783266794,7788.22,7787.53,7788.91,1783266794.142
1783266795,7788.22,7787.53,7788.91,1783266795.119
1783266796,7788.22,7787.53,7788.91,1783266796.148
1783266797,7788.15,7787.46,7788.84,1783266797.115
1783266798,7788.23,7787.54,7788.92,1783266798.146
1783266799,7789.03,7788.34,7789.72,1783266799.125
1783266800,7788.84,7788.15,7789.53,1783266800.137
1783266801,7789.62,7788.93,7790.31,1783266801.120
1783266802,7789.01,7788.32,7789.7,1783266802.131
1783266803,7789.28,7788.59,7789.97,1783266803.125
1783266804,7789.14,7788.45,7789.83,1783266804.145
1783266805,7789.58,7788.89,7790.27,1783266805.116
1783266806,7790.2,7789.51,7790.89,1783266806.140
1783266807,7789.26,7788.57,7789.95,1783266807.117
1783266808,7788.62,7787.94,7789.31,1783266808.162
1783266809,7789.25,7788.56,7789.94,1783266809.129
1783266810,7787.64,7786.95,7788.33,1783266810.143
1783266811,7787.47,7786.78,7788.16,1783266811.114
1783266812,7786.23,7785.54,7786.91,1783266812.141
1783266813,7788.35,7787.66,7789.03,1783266813.145
1783266814,7786.19,7785.51,7786.88,1783266814.146
1783266815,7784.67,7783.98,7785.36,1783266815.114
1783266816,7784.82,7784.13,7785.51,1783266816.165
1783266817,7786.27,7785.58,7786.96,1783266817.133
1783266818,7784.93,7784.24,7785.62,1783266818.244
1783266819,7785.91,7785.22,7786.6,1783266819.117
1783266820,7786.06,7785.37,7786.75,1783266820.134
1783266821,7785.04,7784.35,7785.73,1783266821.132
1783266822,7783.85,7783.16,7784.54,1783266822.143
1783266823,7782.7,7782.01,7783.39,1783266823.123
1783266824,7784.16,7783.47,7784.85,1783266824.134
1783266825,7785.4,7784.71,7786.09,1783266825.120
1783266826,7787.42,7786.73,7788.11,1783266826.143
1783266827,7786.75,7786.06,7787.44,1783266827.116
1783266828,7787.74,7787.05,7788.43,1783266828.139
1783266829,7787.06,7786.37,7787.75,1783266829.124
1783266830,7786.7,7786.01,7787.39,1783266830.160
1783266831,7787.19,7786.5,7787.88,1783266831.121
1783266832,7787.53,7786.84,7788.22,1783266832.132
1783266833,7788.29,7787.6,7788.98,1783266833.118
1783266834,7788.55,7787.87,7789.24,1783266834.136
1783266835,7787.66,7786.98,7788.35,1783266835.124
1783266836,7786.56,7785.87,7787.25,1783266836.133
1783266837,7786.84,7786.15,7787.53,1783266837.115
1783266838,7787.06,7786.37,7787.75,1783266838.149
1783266839,7785.84,7785.15,7786.53,1783266839.116
1783266840,7784.17,7783.48,7784.85,1783266840.143
1783266841,7783.03,7782.34,7783.71,1783266841.127
1783266842,7781.19,7780.5,7781.87,1783266842.150
1783266843,7782.59,7781.9,7783.28,1783266843.164
1783266844,7783.74,7783.05,7784.43,1783266844.147
1783266845,7783.5,7782.81,7784.19,1783266845.126
1783266846,7784.44,7783.75,7785.13,1783266846.131
1783266847,7784.25,7783.56,7784.94,1783266847.119
1783266848,7784.98,7784.29,7785.66,1783266848.204
1783266849,7782.45,7781.76,7783.14,1783266849.111
1783266850,7781.89,7781.2,7782.58,1783266850.141
1783266851,7781.41,7780.72,7782.1,1783266851.114
1783266852,7781.63,7780.94,7782.32,1783266852.164
1783266853,7781.97,7781.29,7782.66,1783266853.136
1783266854,7781.2,7780.52,7781.89,1783266854.135
1783266855,7782.15,7781.46,7782.83,1783266855.114
1783266856,7781.98,7781.29,7782.67,1783266856.151
1783266857,7782.97,7782.28,7783.66,1783266857.120
1783266858,7784.1,7783.42,7784.79,1783266858.166
1783266859,7784.41,7783.72,7785.1,1783266859.113
1783266860,7784.18,7783.49,7784.87,1783266860.164
1783266861,7783.38,7782.69,7784.07,1783266861.127
1783266862,7782.99,7782.3,7783.68,1783266862.139
1783266863,7783.35,7782.66,7784.04,1783266863.144
1783266864,7782.9,7782.22,7783.59,1783266864.148
1783266865,7783.08,7782.39,7783.76,1783266865.129
1783266866,7783.53,7782.84,7784.22,1783266866.138
1783266867,7782.84,7782.15,7783.53,1783266867.114
1783266868,7783.63,7782.94,7784.31,1783266868.129
1783266869,7783.91,7783.22,7784.6,1783266869.114
1783266870,7782.21,7781.52,7782.89,1783266870.143
1783266871,7781.18,7780.49,7781.86,1783266871.121
1783266872,7781.42,7780.73,7782.11,1783266872.154
1783266873,7782.14,7781.45,7782.83,1783266873.119
1783266874,7783.29,7782.6,7783.98,1783266874.145
1783266875,7784.21,7783.53,7784.9,1783266875.122
1783266876,7784.21,7783.52,7784.9,1783266876.149
1783266877,7784.64,7783.95,7785.33,1783266877.126
1783266878,7786,7785.32,7786.69,1783266878.250
1783266879,7784.31,7783.62,7785,1783266879.121
1783266880,7784.43,7783.74,7785.12,1783266880.131
1783266881,7786.04,7785.35,7786.73,1783266881.127
1783266882,7786.73,7786.04,7787.42,1783266882.142
1783266883,7787.16,7786.47,7787.85,1783266883.122
1783266884,7788.73,7788.04,7789.41,1783266884.129
1783266885,7789.11,7788.42,7789.8,1783266885.114
1783266886,7788.38,7787.69,7789.07,1783266886.130
1783266887,7787.84,7787.15,7788.53,1783266887.113
1783266888,7786.84,7786.15,7787.53,1783266888.140
1783266889,7788.36,7787.67,7789.05,1783266889.117
1783266890,7788.4,7787.71,7789.09,1783266890.136
1783266891,7789.04,7788.35,7789.73,1783266891.110
1783266892,7789.24,7788.55,7789.93,1783266892.147
1783266893,7789.2,7788.51,7789.89,1783266893.113
1783266894,7787.01,7786.32,7787.7,1783266894.148
1783266895,7788.61,7787.92,7789.3,1783266895.116
1783266896,7788.64,7787.95,7789.32,1783266896.135
1783266897,7788.39,7787.71,7789.08,1783266897.120
1783266898,7790.44,7789.75,7791.13,1783266898.137
1783266899,7789.05,7788.36,7789.74,1783266899.112
1783266900,7788.47,7787.78,7789.16,1783266900.148
1783266901,7788.23,7787.54,7788.92,1783266901.118
1783266902,7790.5,7789.82,7791.19,1783266902.353
1783266903,7791.19,7790.5,7791.88,1783266903.166
1783266904,7790,7789.31,7790.69,1783266904.276
1783266905,7789.36,7788.67,7790.05,1783266905.128
1783266906,7789.9,7789.21,7790.59,1783266906.151
1783266907,7788.97,7788.29,7789.66,1783266907.125
1783266908,7787.01,7786.32,7787.7,1783266908.202
1783266909,7787.67,7786.98,7788.36,1783266909.114
1783266910,7787.75,7787.06,7788.44,1783266910.136
1783266911,7788.35,7787.66,7789.04,1783266911.123
1783266912,7790.47,7789.79,7791.16,1783266912.143
1783266913,7789.06,7788.37,7789.75,1783266913.127
1783266914,7787.91,7787.22,7788.6,1783266914.140
1783266915,7787.27,7786.58,7787.96,1783266915.132
1783266916,7786.55,7785.86,7787.24,1783266916.302
1783266917,7787.58,7786.89,7788.27,1783266917.116
1783266918,7784.87,7784.18,7785.56,1783266918.139
1783266919,7783.31,7782.62,7784,1783266919.118
1783266920,7781.73,7781.04,7782.42,1783266920.136
1783266921,7782.49,7781.8,7783.18,1783266921.121
1783266922,7782.52,7781.83,7783.2,1783266922.139
1783266923,7780.77,7780.08,7781.46,1783266923.114
1783266924,7781.29,7780.6,7781.98,1783266924.134
1783266925,7782.01,7781.32,7782.7,1783266925.143
1783266926,7780.98,7780.29,7781.67,1783266926.133
1783266927,7779.7,7779.01,7780.38,1783266927.120
1783266928,7779.91,7779.22,7780.6,1783266928.149
1783266929,7779.96,7779.27,7780.65,1783266929.125
1783266930,7780.76,7780.07,7781.45,1783266930.156
1783266931,7780.37,7779.68,7781.06,1783266931.112
1783266932,7778.86,7778.17,7779.55,1783266932.134
1783266933,7778.74,7778.05,7779.43,1783266933.122
1783266934,7775.03,7774.34,7775.72,1783266934.132
1783266935,7776.49,7775.8,7777.18,1783266935.123
1783266936,7775.82,7775.13,7776.5,1783266936.145
1783266937,7775.68,7775,7776.37,1783266937.113
1783266938,7775.69,7775,7776.38,1783266938.207
1783266939,7775,7774.31,7775.68,1783266939.118
1783266940,7773.77,7773.08,7774.46,1783266940.162
1783266941,7774.1,7773.41,7774.78,1783266941.121
1783266942,7773.71,7773.02,7774.39,1783266942.135
1783266943,7772.55,7771.86,7773.24,1783266943.123
1783266944,7771.88,7771.19,7772.57,1783266944.143
1783266945,7771.27,7770.58,7771.95,1783266945.122
1783266946,7770.05,7769.36,7770.74,1783266946.157
1783266947,7769.62,7768.94,7770.31,1783266947.112
1783266948,7767.85,7767.16,7768.53,1783266948.164
1783266949,7768.18,7767.49,7768.87,1783266949.152
1783266950,7766.21,7765.52,7766.9,1783266950.145
1783266951,7765.83,7765.14,7766.52,1783266951.113
1783266952,7767.08,7766.4,7767.77,1783266952.140
1783266953,7769.51,7768.82,7770.19,1783266953.108
1783266954,7769.4,7768.72,7770.09,1783266954.132
1783266955,7770.62,7769.93,7771.31,1783266955.113
1783266956,7772.25,7771.56,7772.94,1783266956.148
1783266957,7770.52,7769.83,7771.21,1783266957.122
1783266958,7770.16,7769.47,7770.85,1783266958.131
1783266959,7770.57,7769.88,7771.26,1783266959.109
1783266960,7770.18,7769.5,7770.87,1783266960.145
1783266961,7771.7,7771.01,7772.39,1783266961.119
1783266962,7772.89,7772.2,7773.57,1783266962.312
1783266963,7771.58,7770.89,7772.27,1783266963.144
1783266964,7771.17,7770.48,7771.86,1783266964.137
1783266965,7769.27,7768.58,7769.96,1783266965.121
1783266966,7768.64,7767.96,7769.33,1783266966.141
1783266967,7768.66,7767.97,7769.34,1783266967.113
1783266968,7768.36,7767.67,7769.04,1783266968.201
1783266969,7768.17,7767.49,7768.86,1783266969.122
1783266970,7767.79,7767.1,7768.47,1783266970.149
1783266971,7767.14,7766.46,7767.83,1783266971.111
1783266972,7767.28,7766.59,7767.97,1783266972.129
1783266973,7767.2,7766.52,7767.89,1783266973.121
1783266974,7767.35,7766.66,7768.04,1783266974.159
1783266975,7765.04,7764.35,7765.73,1783266975.124
1783266976,7764.77,7764.09,7765.46,1783266976.140
1783266977,7765.79,7765.1,7766.48,1783266977.125
1783266978,7766.21,7765.53,7766.9,1783266978.162
1783266979,7768.2,7767.51,7768.89,1783266979.112
1783266980,7766.64,7765.95,7767.33,1783266980.134
1783266981,7766.22,7765.54,7766.91,1783266981.115
1783266982,7765.93,7765.24,7766.62,1783266982.140
1783266983,7764.73,7764.04,7765.42,1783266983.150
1783266984,7761.65,7760.97,7762.34,1783266984.144
1783266985,7760.61,7759.92,7761.3,1783266985.111
1783266986,7759.6,7758.91,7760.28,1783266986.144
1783266987,7760.05,7759.36,7760.73,1783266987.118
1783266988,7759.9,7759.21,7760.59,1783266988.145
1783266989,7758.64,7757.95,7759.32,1783266989.111
1783266990,7758.84,7758.15,7759.53,1783266990.150
1783266991,7759.76,7759.07,7760.44,1783266991.113
1783266992,7759.54,7758.86,7760.23,1783266992.171
1783266993,7759.08,7758.4,7759.77,1783266993.119
1783266994,7759.12,7758.43,7759.81,1783266994.133
1783266995,7758.81,7758.13,7759.5,1783266995.111
1783266996,7758.32,7757.63,7759,1783266996.133
1783266997,7758.82,7758.13,7759.5,1783266997.116
1783266998,7762.28,7761.59,7762.96,1783266998.202
1783266999,7763.25,7762.56,7763.94,1783266999.117
1783267000,7763.13,7762.44,7763.82,1783267000.141
1783267001,7762.96,7762.28,7763.65,1783267001.112
1783267002,7762.66,7761.97,7763.35,1783267002.145
1783267003,7763.47,7762.78,7764.16,1783267003.122
1783267004,7763.93,7763.24,7764.61,1783267004.135
1783267005,7764.51,7763.83,7765.2,1783267005.163
1783267006,7765.78,7765.09,7766.47,1783267006.144
1783267007,7766.44,7765.75,7767.13,1783267007.109
1783267008,7766.28,7765.6,7766.97,1783267008.133
1783267009,7765.13,7764.44,7765.81,1783267009.115
1783267010,7764.15,7763.47,7764.84,1783267010.167
1783267011,7764.15,7763.47,7764.84,1783267011.114
1783267012,7764.51,7763.82,7765.2,1783267012.146
1783267013,7764.97,7764.28,7765.66,1783267013.115
1783267014,7767.26,7766.58,7767.95,1783267014.159
1783267015,7768.32,7767.63,7769.01,1783267015.127
1783267016,7768.27,7767.58,7768.96,1783267016.134
1783267017,7768.45,7767.76,7769.13,1783267017.150
1783267018,7767.85,7767.16,7768.54,1783267018.142
1783267019,7767.95,7767.27,7768.64,1783267019.122
1783267020,7766.24,7765.56,7766.93,1783267020.153
1783267021,7766.66,7765.98,7767.35,1783267021.119
1783267022,7766.24,7765.56,7766.93,1783267022.260
1783267023,7768.41,7767.73,7769.1,1783267023.131
1783267024,7766.79,7766.1,7767.48,1783267024.184
1783267025,7766.1,7765.41,7766.79,1783267025.115
1783267026,7766.48,7765.79,7767.17,1783267026.140
1783267027,7764.72,7764.03,7765.41,1783267027.121
1783267028,7765.19,7764.5,7765.88,1783267028.213
1783267029,7766.94,7766.26,7767.63,1783267029.112
1783267030,7768.37,7767.68,7769.05,1783267030.134
1783267031,7767.52,7766.83,7768.21,1783267031.114
1783267032,7769.1,7768.41,7769.79,1783267032.135
1783267033,7767.78,7767.09,7768.47,1783267033.120
1783267034,7766.57,7765.88,7767.26,1783267034.142
1783267035,7768.39,7767.7,7769.08,1783267035.136
1783267036,7769.85,7769.16,7770.53,1783267036.145
1783267037,7769.91,7769.22,7770.6,1783267037.125
1783267038,7770.9,7770.21,7771.59,1783267038.143
1783267039,7768.69,7768.01,7769.38,1783267039.112
1783267040,7769.14,7768.45,7769.83,1783267040.141
1783267041,7770.25,7769.56,7770.93,1783267041.132
1783267042,7770.2,7769.52,7770.89,1783267042.149
1783267043,7770.67,7769.99,7771.36,1783267043.120
1783267044,7771.47,7770.78,7772.16,1783267044.132
1783267045,7771.97,7771.28,7772.65,1783267045.116
1783267046,7771.89,7771.2,7772.57,1783267046.150
1783267047,7771.33,7770.64,7772.01,1783267047.120
1783267048,7772.45,7771.76,7773.13,1783267048.138
1783267049,7773.19,7772.5,7773.88,1783267049.117
1783267050,7772.86,7772.17,7773.55,1783267050.146
1783267051,7773.41,7772.72,7774.1,1783267051.120
1783267052,7773.2,7772.51,7773.89,1783267052.154
1783267053,7774.17,7773.48,7774.86,1783267053.124
1783267054,7774.72,7774.03,7775.41,1783267054.134
1783267055,7775.32,7774.63,7776.01,1783267055.115
1783267056,7774.71,7774.03,7775.4,1783267056.135
1783267057,7774.63,7773.94,7775.32,1783267057.109
1783267058,7773.9,7773.21,7774.58,1783267058.209
1783267059,7774.72,7774.03,7775.4,1783267059.121
1783267060,7774.81,7774.12,7775.5,1783267060.165
1783267061,7775.68,7774.99,7776.37,1783267061.130
1783267062,7775.75,7775.06,7776.44,1783267062.202
1783267063,7775.66,7774.97,7776.34,1783267063.105
1783267064,7777.78,7777.09,7778.46,1783267064.134
1783267065,7777.11,7776.42,7777.79,1783267065.124
1783267066,7776.58,7775.89,7777.27,1783267066.135
1783267067,7776.24,7775.55,7776.92,1783267067.163
1783267068,7776.76,7776.08,7777.45,1783267068.141
1783267069,7776.26,7775.57,7776.95,1783267069.109
1783267070,7776.21,7775.53,7776.9,1783267070.148
1783267071,7775.87,7775.18,7776.56,1783267071.111
1783267072,7774.33,7773.64,7775.02,1783267072.137
1783267073,7774.37,7773.68,7775.05,1783267073.114
1783267074,7777.11,7776.42,7777.8,1783267074.138
1783267075,7777.41,7776.72,7778.1,1783267075.116
1783267076,7777.05,7776.37,7777.74,1783267076.141
1783267077,7777.41,7776.72,7778.1,1783267077.118
1783267078,7778.11,7777.42,7778.8,1783267078.153
1783267079,7779.71,7779.02,7780.39,1783267079.114
1783267080,7780.48,7779.8,7781.17,1783267080.134
1783267081,7780.89,7780.21,7781.58,1783267081.123
1783267082,7781.32,7780.63,7782.01,1783267082.169
1783267083,7781.32,7780.63,7782.01,1783267083.299
1783267084,7780.57,7779.89,7781.26,1783267084.155
1783267085,7781.59,7780.9,7782.28,1783267085.145
1783267086,7780.35,7779.67,7781.04,1783267086.159
1783267087,7780.59,7779.9,7781.28,1783267087.125
1783267088,7779.3,7778.61,7779.99,1783267088.135
1783267089,7781.22,7780.53,7781.91,1783267089.109
1783267090,7779.83,7779.14,7780.52,1783267090.166
1783267091,7778.84,7778.15,7779.53,1783267091.117
1783267092,7778.09,7777.4,7778.78,1783267092.170
1783267093,7778.43,7777.74,7779.11,1783267093.127
1783267094,7778.89,7778.2,7779.58,1783267094.150
1783267095,7780.05,7779.36,7780.74,1783267095.124
1783267096,7779.4,7778.71,7780.09,1783267096.158
1783267097,7779.31,7778.62,7779.99,1783267097.118
1783267098,7780.38,7779.69,7781.07,1783267098.163
1783267099,7781.44,7780.75,7782.13,1783267099.119
1783267100,7782.15,7781.46,7782.83,1783267100.148
1783267101,7782.34,7781.65,7783.03,1783267101.121
1783267102,7781.21,7780.52,7781.89,1783267102.138
1783267103,7779.91,7779.22,7780.6,1783267103.112
1783267104,7781.37,7780.68,7782.06,1783267104.146
1783267105,7781.36,7780.67,7782.05,1783267105.110
1783267106,7782.2,7781.51,7782.88,1783267106.134
1783267107,7783.78,7783.09,7784.47,1783267107.116
1783267108,7784.74,7784.05,7785.43,1783267108.148
1783267109,7783.14,7782.46,7783.83,1783267109.122
1783267110,7782.82,7782.13,7783.5,1783267110.139
1783267111,7783.65,7782.96,7784.34,1783267111.112
1783267112,7783.93,7783.24,7784.62,1783267112.135
1783267113,7783.66,7782.97,7784.35,1783267113.124
1783267114,7782.86,7782.17,7783.55,1783267114.138
1783267115,7782.21,7781.53,7782.9,1783267115.121
1783267116,7781.52,7780.83,7782.21,1783267116.162
1783267117,7781.32,7780.63,7782.01,1783267117.138
1783267118,7780.53,7779.84,7781.22,1783267118.206
1783267119,7779.97,7779.28,7780.66,1783267119.118
1783267120,7780.43,7779.75,7781.12,1783267120.145
1783267121,7781.3,7780.62,7781.99,1783267121.112
1783267122,7782.78,7782.09,7783.47,1783267122.148
1783267123,7784.45,7783.76,7785.14,1783267123.122
1783267124,7783.62,7782.94,7784.31,1783267124.150
1783267125,7783.25,7782.56,7783.94,1783267125.116
1783267126,7783.96,7783.27,7784.65,1783267126.257
1783267127,7780.97,7780.28,7781.66,1783267127.116
1783267128,7780.06,7779.37,7780.75,1783267128.153
1783267129,7780.75,7780.06,7781.44,1783267129.115
1783267130,7780.54,7779.85,7781.23,1783267130.159
1783267131,7779.73,7779.04,7780.42,1783267131.126
1783267132,7779.94,7779.25,7780.62,1783267132.158
1783267133,7780.83,7780.14,7781.51,1783267133.113
1783267134,7780.86,7780.17,7781.55,1783267134.144
1783267135,7780.96,7780.27,7781.64,1783267135.122
1783267136,7780.65,7779.96,7781.33,1783267136.165
1783267137,7783.12,7782.43,7783.81,1783267137.126
1783267138,7780.3,7779.62,7780.99,1783267138.149
1783267139,7779.77,7779.08,7780.46,1783267139.164
1783267140,7779.63,7778.94,7780.32,1783267140.156
1783267141,7779.42,7778.73,7780.11,1783267141.127
1783267142,7779.56,7778.87,7780.25,1783267142.319
1783267143,7779.61,7778.92,7780.3,1783267143.126
1783267144,7779.82,7779.13,7780.51,1783267144.172
1783267145,7782.99,7782.3,7783.68,1783267145.121
1783267146,7782.96,7782.27,7783.65,1783267146.136
1783267147,7782.39,7781.7,7783.07,1783267147.113
1783267148,7783.15,7782.46,7783.84,1783267148.205
1783267149,7782.59,7781.9,7783.27,1783267149.114
1783267150,7782.73,7782.04,7783.42,1783267150.141
1783267151,7783.27,7782.58,7783.96,1783267151.119
1783267152,7785.79,7785.1,7786.48,1783267152.140
1783267153,7786.12,7785.43,7786.81,1783267153.128
1783267154,7784.85,7784.16,7785.54,1783267154.152
1783267155,7783.89,7783.2,7784.58,1783267155.133
1783267156,7784.5,7783.81,7785.19,1783267156.145
1783267157,7783.45,7782.76,7784.14,1783267157.134
1783267158,7784.93,7784.24,7785.62,1783267158.144
1783267159,7785.82,7785.13,7786.5,1783267159.126
1783267160,7786.68,7785.99,7787.37,1783267160.153
1783267161,7786.69,7786,7787.38,1783267161.129
1783267162,7784.71,7784.02,7785.39,1783267162.141
1783267163,7784.34,7783.65,7785.03,1783267163.131
1783267164,7785.6,7784.91,7786.29,1783267164.150
1783267165,7787,7786.31,7787.69,1783267165.163
1783267166,7785.6,7784.91,7786.29,1783267166.152
1783267167,7785.5,7784.81,7786.19,1783267167.120
1783267168,7784.36,7783.67,7785.05,1783267168.156
1783267169,7783.42,7782.73,7784.11,1783267169.126
1783267170,7782.98,7782.29,7783.67,1783267170.146
1783267171,7782.71,7782.02,7783.4,1783267171.113
1783267172,7782.47,7781.78,7783.16,1783267172.140
1783267173,7782.88,7782.19,7783.57,1783267173.123
1783267174,7782.46,7781.77,7783.15,1783267174.139
1783267175,7781.83,7781.14,7782.51,1783267175.122
1783267176,7781.57,7780.88,7782.25,1783267176.145
1783267177,7781.19,7780.5,7781.88,1783267177.124
1783267178,7782.64,7781.95,7783.33,1783267178.203
1783267179,7781.35,7780.66,7782.04,1783267179.118
1783267180,7780.58,7779.89,7781.27,1783267180.144
1783267181,7780.49,7779.8,7781.18,1783267181.115
1783267182,7781.6,7780.92,7782.29,1783267182.150
1783267183,7781.5,7780.81,7782.19,1783267183.111
1783267184,7783.31,7782.62,7784,1783267184.143
1783267185,7783.07,7782.38,7783.76,1783267185.125
1783267186,7782.55,7781.86,7783.24,1783267186.144
1783267187,7784.13,7783.44,7784.82,1783267187.131
1783267188,7783.29,7782.6,7783.98,1783267188.141
1783267189,7783.33,7782.64,7784.02,1783267189.123
1783267190,7783.42,7782.73,7784.1,1783267190.152
1783267191,7783.33,7782.64,7784.02,1783267191.116
1783267192,7783.12,7782.43,7783.81,1783267192.155
1783267193,7782.03,7781.34,7782.72,1783267193.115
1783267194,7783.35,7782.66,7784.04,1783267194.147
1783267195,7784.54,7783.85,7785.23,1783267195.121
1783267196,7785.44,7784.75,7786.13,1783267196.174
1783267197,7785.55,7784.86,7786.24,1783267197.121
1783267198,7784.43,7783.74,7785.12,1783267198.142
1783267199,7784.61,7783.92,7785.3,1783267199.119
1783267200,7783.86,7783.17,7784.55,1783267200.247
1783267201,7784.08,7783.39,7784.77,1783267201.112
1783267202,7784.39,7783.7,7785.08,1783267202.197
1783267203,7784.51,7783.82,7785.2,1783267203.130
1783267204,7784.75,7784.06,7785.44,1783267204.164
1783267205,7785.87,7785.18,7786.56,1783267205.120
1783267206,7785.2,7784.51,7785.88,1783267206.155
1783267207,7785.32,7784.63,7786.01,1783267207.128
1783267208,7785.35,7784.66,7786.04,1783267208.202
1783267209,7785.13,7784.44,7785.82,1783267209.128
1783267210,7785.47,7784.78,7786.16,1783267210.149
1783267211,7784.01,7783.32,7784.7,1783267211.123
1783267212,7783.07,7782.38,7783.76,1783267212.163
1783267213,7784.81,7784.12,7785.5,1783267213.148
1783267214,7786.36,7785.67,7787.04,1783267214.145
1783267215,7785.22,7784.53,7785.91,1783267215.118
1783267216,7785.8,7785.11,7786.49,1783267216.150
1783267217,7786.32,7785.63,7787.01,1783267217.130
1783267218,7786.56,7785.87,7787.25,1783267218.158
1783267219,7785.22,7784.53,7785.91,1783267219.126
1783267220,7784.36,7783.67,7785.05,1783267220.157
1783267221,7783.49,7782.8,7784.18,1783267221.114
1783267222,7784.74,7784.05,7785.43,1783267222.144
1783267223,7783.99,7783.3,7784.68,1783267223.130
1783267224,7783.73,7783.04,7784.41,1783267224.143
1783267225,7783.9,7783.21,7784.59,1783267225.117
1783267226,7783.66,7782.97,7784.35,1783267226.138
1783267227,7784.19,7783.5,7784.88,1783267227.163
1783267228,7785.65,7784.96,7786.34,1783267228.149
1783267229,7785.11,7784.42,7785.8,1783267229.129
1783267230,7784.73,7784.04,7785.41,1783267230.148
1783267231,7786.09,7785.4,7786.78,1783267231.123
1783267232,7786.05,7785.36,7786.74,1783267232.149
1783267233,7788.38,7787.69,7789.07,1783267233.116
1783267234,7789.05,7788.36,7789.74,1783267234.150
1783267235,7790.43,7789.74,7791.12,1783267235.114
1783267236,7790.18,7789.49,7790.87,1783267236.143
1783267237,7790.18,7789.49,7790.87,1783267237.121
1783267238,7791.95,7791.26,7792.64,1783267238.203
1783267239,7790.47,7789.78,7791.16,1783267239.125
1783267240,7790.49,7789.8,7791.18,1783267240.138
1783267241,7792.38,7791.69,7793.07,1783267241.122
1783267242,7792.09,7791.4,7792.78,1783267242.141
1783267243,7791.8,7791.11,7792.49,1783267243.125
1783267244,7793.98,7793.29,7794.67,1783267244.153
1783267245,7792.3,7791.61,7792.99,1783267245.116
1783267246,7792.35,7791.66,7793.04,1783267246.149
1783267247,7792.5,7791.81,7793.19,1783267247.126
1783267248,7794.95,7794.26,7795.64,1783267248.143
1783267249,7794.8,7794.11,7795.49,1783267249.119
1783267250,7796.2,7795.51,7796.89,1783267250.145
1783267251,7795.74,7795.05,7796.43,1783267251.122
1783267252,7793.82,7793.13,7794.51,1783267252.146
1783267253,7795.04,7794.35,7795.73,1783267253.122
1783267254,7793.48,7792.79,7794.16,1783267254.157
1783267255,7793.19,7792.5,7793.88,1783267255.112
1783267256,7792.08,7791.39,7792.77,1783267256.135
1783267257,7792.14,7791.45,7792.83,1783267257.118
1783267258,7794.12,7793.43,7794.81,1783267258.147
1783267259,7794.54,7793.85,7795.23,1783267259.125
1783267260,7795.23,7794.54,7795.92,1783267260.178
1783267261,7795.06,7794.37,7795.75,1783267261.119
1783267262,7796.64,7795.95,7797.33,1783267262.291
1783267263,7795.2,7794.51,7795.88,1783267263.169
1783267264,7794.43,7793.74,7795.12,1783267264.162
1783267265,7795,7794.31,7795.69,1783267265.125
1783267266,7793.54,7792.85,7794.23,1783267266.208
1783267267,7794.09,7793.4,7794.78,1783267267.126
1783267268,7793.48,7792.79,7794.17,1783267268.245
1783267269,7792.61,7791.92,7793.3,1783267269.111
1783267270,7792.35,7791.66,7793.04,1783267270.158
1783267271,7792.13,7791.44,7792.82,1783267271.118
1783267272,7792.26,7791.57,7792.95,1783267272.167
1783267273,7792.07,7791.38,7792.76,1783267273.124
1783267274,7791.04,7790.35,7791.73,1783267274.150
1783267275,7792.12,7791.43,7792.81,1783267275.122
1783267276,7791.97,7791.28,7792.66,1783267276.156
1783267277,7792.5,7791.81,7793.19,1783267277.132
1783267278,7792.27,7791.58,7792.96,1783267278.138
1783267279,7792.07,7791.38,7792.75,1783267279.114
1783267280,7793.02,7792.33,7793.71,1783267280.151
1783267281,7793.12,7792.43,7793.8,1783267281.128
1783267282,7793.54,7792.85,7794.23,1783267282.152
1783267283,7793.01,7792.32,7793.7,1783267283.125
1783267284,7794.44,7793.75,7795.13,1783267284.148
1783267285,7793.02,7792.33,7793.71,1783267285.118
1783267286,7790.72,7790.03,7791.41,1783267286.149
1783267287,7790.38,7789.69,7791.07,1783267287.139
1783267288,7789.6,7788.91,7790.29,1783267288.167
1783267289,7788.81,7788.12,7789.5,1783267289.116
1783267290,7788.05,7787.36,7788.74,1783267290.153
1783267291,7786.72,7786.03,7787.41,1783267291.126
1783267292,7786.47,7785.78,7787.16,1783267292.160
1783267293,7785.34,7784.65,7786.03,1783267293.141
1783267294,7786.57,7785.88,7787.26,1783267294.156
1783267295,7786.34,7785.65,7787.03,1783267295.115
1783267296,7786.54,7785.85,7787.23,1783267296.162
1783267297,7789,7788.31,7789.69,1783267297.137
1783267298,7788.1,7787.41,7788.79,1783267298.206
1783267299,7788.34,7787.65,7789.03,1783267299.133
1783267300,7788.38,7787.69,7789.07,1783267300.149
1783267301,7787.4,7786.71,7788.09,1783267301.143
1783267302,7787.61,7786.92,7788.3,1783267302.168
1783267303,7788,7787.31,7788.69,1783267303.125
1783267304,7787.19,7786.5,7787.88,1783267304.152
1783267305,7787.62,7786.93,7788.31,1783267305.124
1783267306,7788.36,7787.67,7789.05,1783267306.148
1783267307,7788.61,7787.92,7789.3,1783267307.121
1783267308,7788.88,7788.19,7789.57,1783267308.150
1783267309,7790.63,7789.94,7791.32,1783267309.122
1783267310,7790.1,7789.41,7790.79,1783267310.154
1783267311,7791.32,7790.63,7792.01,1783267311.123
1783267312,7790.8,7790.11,7791.49,1783267312.155
1783267313,7790.74,7790.06,7791.43,1783267313.126
1783267314,7790.97,7790.28,7791.66,1783267314.147
1783267315,7791.47,7790.78,7792.15,1783267315.124
1783267316,7792.64,7791.95,7793.33,1783267316.147
1783267317,7790.77,7790.08,7791.46,1783267317.125
1783267318,7790.33,7789.64,7791.02,1783267318.143
1783267319,7790.79,7790.1,7791.48,1783267319.118
1783267320,7791.62,7790.93,7792.31,1783267320.158
1783267321,7790.48,7789.79,7791.17,1783267321.144
1783267322,7791.06,7790.37,7791.75,1783267322.164
1783267323,7791.46,7790.78,7792.15,1783267323.125
1783267324,7792.49,7791.8,7793.18,1783267324.152
1783267325,7793.14,7792.45,7793.83,1783267325.135
1783267326,7793.2,7792.51,7793.89,1783267326.143
1783267327,7794.13,7793.44,7794.82,1783267327.115
1783267328,7793.39,7792.7,7794.08,1783267328.200
1783267329,7794.94,7794.25,7795.63,1783267329.130
1783267330,7795.28,7794.59,7795.97,1783267330.154
1783267331,7797.3,7796.61,7797.99,1783267331.136
1783267332,7797.03,7796.34,7797.72,1783267332.153
1783267333,7796.22,7795.53,7796.91,1783267333.119
1783267334,7795.17,7794.48,7795.86,1783267334.140
1783267335,7794.7,7794.01,7795.39,1783267335.119
1783267336,7793.55,7792.86,7794.24,1783267336.148
1783267337,7792.23,7791.54,7792.92,1783267337.136
1783267338,7793.44,7792.75,7794.13,1783267338.149
1783267339,7793.4,7792.71,7794.09,1783267339.129
1783267340,7795.23,7794.54,7795.92,1783267340.145
1783267341,7797.08,7796.39,7797.77,1783267341.162
1783267342,7796.32,7795.63,7797.01,1783267342.156
1783267343,7796.7,7796.01,7797.39,1783267343.117
1783267344,7797.8,7797.11,7798.49,1783267344.139
1783267345,7798.67,7797.98,7799.36,1783267345.129
1783267346,7800.22,7799.53,7800.91,1783267346.146
1783267347,7799.26,7798.56,7799.95,1783267347.135
1783267348,7798.41,7797.72,7799.1,1783267348.150
1783267349,7798.69,7798,7799.38,1783267349.118
1783267350,7798.75,7798.06,7799.44,1783267350.150
1783267351,7797.48,7796.79,7798.17,1783267351.136
1783267352,7797.62,7796.93,7798.31,1783267352.152
1783267353,7798.35,7797.66,7799.04,1783267353.120
1783267354,7798.04,7797.35,7798.73,1783267354.179
1783267355,7797.21,7796.52,7797.9,1783267355.117
1783267356,7796.69,7796,7797.38,1783267356.141
1783267357,7798.22,7797.53,7798.91,1783267357.124
1783267358,7797.53,7796.84,7798.22,1783267358.203
1783267359,7796.35,7795.66,7797.04,1783267359.127
1783267360,7796.9,7796.21,7797.59,1783267360.167
1783267361,7796.91,7796.22,7797.6,1783267361.127
1783267362,7796.81,7796.12,7797.5,1783267362.151
1783267363,7795.83,7795.14,7796.52,1783267363.131
1783267364,7796.06,7795.37,7796.75,1783267364.159
1783267365,7796.77,7796.08,7797.46,1783267365.128
1783267366,7798.62,7797.93,7799.31,1783267366.147
1783267367,7800.51,7799.82,7801.2,1783267367.122
1783267368,7801.12,7800.43,7801.81,1783267368.138
1783267369,7803.57,7802.88,7804.26,1783267369.118
1783267370,7801.87,7801.18,7802.56,1783267370.142
1783267371,7801.71,7801.01,7802.4,1783267371.126
1783267372,7801.83,7801.14,7802.52,1783267372.137
1783267373,7799.86,7799.17,7800.55,1783267373.119
1783267374,7801.01,7800.32,7801.7,1783267374.133
1783267375,7800.56,7799.87,7801.25,1783267375.111
1783267376,7799.33,7798.64,7800.02,1783267376.150
1783267377,7802.6,7801.9,7803.29,1783267377.119
1783267378,7802.21,7801.52,7802.9,1783267378.153
1783267379,7802.63,7801.94,7803.32,1783267379.130
1783267380,7802.06,7801.37,7802.76,1783267380.164
1783267381,7803.2,7802.51,7803.89,1783267381.144
1783267382,7803.75,7803.06,7804.44,1783267382.158
1783267383,7805.13,7804.44,7805.82,1783267383.168
1783267384,7805.92,7805.23,7806.61,1783267384.161
1783267385,7806.44,7805.75,7807.13,1783267385.115
1783267386,7806.61,7805.92,7807.3,1783267386.145
1783267387,7805.69,7805,7806.38,1783267387.114
1783267388,7805.67,7804.98,7806.36,1783267388.202
1783267389,7804.51,7803.82,7805.2,1783267389.132
1783267390,7803.46,7802.77,7804.15,1783267390.135
1783267391,7802.96,7802.27,7803.66,1783267391.123
1783267392,7802.81,7802.12,7803.5,1783267392.142
1783267393,7802.24,7801.55,7802.93,1783267393.130
1783267394,7802.43,7801.73,7803.12,1783267394.151
1783267395,7801.87,7801.18,7802.56,1783267395.123
1783267396,7801.43,7800.74,7802.12,1783267396.147
1783267397,7800.85,7800.16,7801.54,1783267397.126
1783267398,7802.26,7801.57,7802.95,1783267398.141
1783267399,7802.83,7802.14,7803.52,1783267399.117
1783267400,7803.9,7803.2,7804.59,1783267400.152
1783267401,7803.86,7803.17,7804.55,1783267401.124
1783267402,7803.93,7803.24,7804.62,1783267402.150
1783267403,7804.13,7803.44,7804.82,1783267403.124
1783267404,7803.47,7802.78,7804.16,1783267404.143
1783267405,7803.3,7802.61,7803.99,1783267405.123
1783267406,7803.4,7802.71,7804.09,1783267406.166
1783267407,7803.8,7803.11,7804.49,1783267407.129
1783267408,7803.35,7802.66,7804.04,1783267408.154
1783267409,7802.37,7801.68,7803.06,1783267409.126
1783267410,7800.37,7799.68,7801.06,1783267410.154
1783267411,7800.88,7800.19,7801.57,1783267411.117
1783267412,7800.1,7799.41,7800.79,1783267412.153
1783267413,7800.22,7799.53,7800.91,1783267413.124
1783267414,7801.96,7801.27,7802.65,1783267414.151
1783267415,7802.96,7802.27,7803.66,1783267415.115
1783267416,7802.22,7801.53,7802.91,1783267416.163
1783267417,7802.63,7801.93,7803.32,1783267417.124
1783267418,7800.76,7800.07,7801.45,1783267418.210
1783267419,7802.41,7801.72,7803.1,1783267419.116
1783267420,7802.21,7801.52,7802.9,1783267420.156
1783267421,7803.5,7802.81,7804.2,1783267421.120
1783267422,7802.65,7801.96,7803.34,1783267422.149
1783267423,7801.82,7801.13,7802.51,1783267423.120
1783267424,7801.79,7801.1,7802.48,1783267424.145
1783267425,7802.67,7801.98,7803.36,1783267425.119
1783267426,7802.33,7801.64,7803.02,1783267426.156
1783267427,7803.67,7802.98,7804.36,1783267427.112
1783267428,7806.51,7805.82,7807.21,1783267428.152
1783267429,7806.44,7805.75,7807.13,1783267429.128
1783267430,7806.69,7806,7807.38,1783267430.145
1783267431,7806.56,7805.87,7807.25,1783267431.131
1783267432,7806.16,7805.47,7806.85,1783267432.171
1783267433,7807.36,7806.67,7808.06,1783267433.121
1783267434,7806.3,7805.6,7806.99,1783267434.155
1783267435,7806.1,7805.4,7806.79,1783267435.121
1783267436,7807.74,7807.05,7808.43,1783267436.141
1783267437,7806.69,7806,7807.38,1783267437.120
1783267438,7807.61,7806.92,7808.3,1783267438.135
1783267439,7809.33,7808.64,7810.02,1783267439.122
1783267440,7810.91,7810.22,7811.6,1783267440.162
1783267441,7811.04,7810.35,7811.73,1783267441.142
1783267442,7811.03,7810.33,7811.72,1783267442.168
1783267443,7809.43,7808.74,7810.13,1783267443.139
1783267444,7808.88,7808.19,7809.57,1783267444.151
1783267445,7808.39,7807.7,7809.09,1783267445.123
1783267446,7807.11,7806.42,7807.8,1783267446.141
1783267447,7805.67,7804.98,7806.36,1783267447.125
1783267448,7806.13,7805.44,7806.82,1783267448.242
1783267449,7805.74,7805.05,7806.43,1783267449.132
1783267450,7807.88,7807.18,7808.57,1783267450.149
1783267451,7806.9,7806.21,7807.59,1783267451.126
1783267452,7807.21,7806.52,7807.9,1783267452.146
1783267453,7806.97,7806.28,7807.66,1783267453.126
1783267454,7808.18,7807.49,7808.87,1783267454.154
1783267455,7807.71,7807.02,7808.4,1783267455.126
1783267456,7805.74,7805.05,7806.43,1783267456.156
1783267457,7804.86,7804.17,7805.55,1783267457.121
1783267458,7804.67,7803.98,7805.36,1783267458.158
1783267459,7803.15,7802.46,7803.84,1783267459.123
1783267460,7803.39,7802.69,7804.08,1783267460.147
1783267461,7801.96,7801.27,7802.65,1783267461.121
1783267462,7801.95,7801.26,7802.64,1783267462.152
1783267463,7802.04,7801.35,7802.73,1783267463.125
1783267464,7801.32,7800.63,7802.01,1783267464.146
1783267465,7798.61,7797.92,7799.3,1783267465.118
1783267466,7799.48,7798.79,7800.17,1783267466.141
1783267467,7799.47,7798.78,7800.16,1783267467.133
1783267468,7800.68,7799.99,7801.37,1783267468.142
1783267469,7799.65,7798.96,7800.34,1783267469.134
1783267470,7799.73,7799.04,7800.42,1783267470.160
1783267471,7800.72,7800.03,7801.41,1783267471.113
1783267472,7801.66,7800.97,7802.35,1783267472.142
1783267473,7800.04,7799.35,7800.73,1783267473.119
1783267474,7800.8,7800.11,7801.49,1783267474.156
1783267475,7798.67,7797.98,7799.36,1783267475.118
1783267476,7798.26,7797.57,7798.95,1783267476.148
1783267477,7797.97,7797.28,7798.66,1783267477.127
1783267478,7798.31,7797.62,7799,1783267478.203
1783267479,7799.14,7798.45,7799.83,1783267479.128
1783267480,7800.47,7799.78,7801.16,1783267480.151
1783267481,7800.85,7800.16,7801.54,1783267481.118
1783267482,7800.79,7800.1,7801.48,1783267482.147
1783267483,7800.61,7799.92,7801.3,1783267483.122
1783267484,7801.04,7800.35,7801.73,1783267484.138
1783267485,7800.45,7799.76,7801.14,1783267485.125
1783267486,7800.74,7800.05,7801.43,1783267486.160
1783267487,7799.93,7799.24,7800.62,1783267487.123
1783267488,7798.8,7798.11,7799.49,1783267488.166
1783267489,7798.8,7798.11,7799.49,1783267489.120
1783267490,7800.03,7799.34,7800.72,1783267490.141
1783267491,7800.23,7799.54,7800.92,1783267491.166
1783267492,7800.69,7800,7801.38,1783267492.161
1783267493,7801.14,7800.45,7801.83,1783267493.116
1783267494,7802.64,7801.95,7803.33,1783267494.154
1783267495,7802.31,7801.62,7803,1783267495.121
1783267496,7803.02,7802.33,7803.71,1783267496.150
1783267497,7803.23,7802.54,7803.93,1783267497.136
1783267498,7802.83,7802.14,7803.52,1783267498.161
1783267499,7802.46,7801.77,7803.15,1783267499.137
1783267500,7802.07,7801.38,7802.76,1783267500.177
1783267501,7803.1,7802.41,7803.8,1783267501.160
1783267502,7803.4,7802.71,7804.09,1783267502.202
1783267503,7802.74,7802.04,7803.43,1783267503.143
1783267504,7803.9,7803.21,7804.59,1783267504.395
1783267505,7805.15,7804.45,7805.84,1783267505.154
1783267506,7803.89,7803.2,7804.58,1783267506.147
1783267507,7804.14,7803.45,7804.83,1783267507.127
1783267508,7804.92,7804.23,7805.61,1783267508.246
1783267509,7805.74,7805.04,7806.43,1783267509.118
1783267510,7804.27,7803.58,7804.96,1783267510.152
1783267511,7804.13,7803.43,7804.82,1783267511.124
1783267512,7804.07,7803.38,7804.76,1783267512.144
1783267513,7805.09,7804.4,7805.78,1783267513.118
1783267514,7803.59,7802.9,7804.28,1783267514.172
1783267515,7805.4,7804.71,7806.09,1783267515.118
1783267516,7806.94,7806.25,7807.63,1783267516.157
1783267517,7806.65,7805.96,7807.34,1783267517.122
1783267518,7803.65,7802.96,7804.34,1783267518.168
1783267519,7805.16,7804.47,7805.85,1783267519.123
1783267520,7805.09,7804.4,7805.78,1783267520.155
1783267521,7805.64,7804.95,7806.33,1783267521.127
1783267522,7806.21,7805.52,7806.9,1783267522.155
1783267523,7805.95,7805.26,7806.64,1783267523.125
1783267524,7805.48,7804.79,7806.17,1783267524.160
1783267525,7806.74,7806.05,7807.43,1783267525.134
1783267526,7806.21,7805.52,7806.9,1783267526.136
1783267527,7806.02,7805.33,7806.72,1783267527.121
1783267528,7804.1,7803.41,7804.79,1783267528.126
1783267529,7804.32,7803.63,7805.01,1783267529.128
1783267530,7803.34,7802.65,7804.03,1783267530.148
1783267531,7802.23,7801.54,7802.92,1783267531.158
1783267532,7804.76,7804.07,7805.45,1783267532.151
1783267533,7804.43,7803.74,7805.12,1783267533.122
1783267534,7805.73,7805.04,7806.43,1783267534.156
1783267535,7807.52,7806.83,7808.21,1783267535.122
1783267536,7808.78,7808.09,7809.47,1783267536.151
1783267537,7808.39,7807.7,7809.08,1783267537.121
1783267538,7808.13,7807.44,7808.82,1783267538.248
1783267539,7807.48,7806.79,7808.17,1783267539.122
1783267540,7808.38,7807.69,7809.07,1783267540.162
1783267541,7807.7,7807.01,7808.39,1783267541.121
1783267542,7808.33,7807.63,7809.02,1783267542.149
1783267543,7807.29,7806.6,7807.98,1783267543.122
1783267544,7806.8,7806.11,7807.49,1783267544.140
1783267545,7806.87,7806.18,7807.56,1783267545.115
1783267546,7806.33,7805.64,7807.02,1783267546.145
1783267547,7807.52,7806.83,7808.21,1783267547.119
1783267548,7808.08,7807.39,7808.77,1783267548.159
1783267549,7807,7806.3,7807.69,1783267549.129
1783267550,7809.2,7808.51,7809.89,1783267550.152
1783267551,7807.66,7806.96,7808.35,1783267551.116
1783267552,7807.66,7806.97,7808.35,1783267552.165
1783267553,7806.85,7806.16,7807.54,1783267553.118
1783267554,7805.87,7805.18,7806.56,1783267554.152
1783267555,7803.46,7802.77,7804.15,1783267555.132
1783267556,7803.31,7802.61,7804,1783267556.153
1783267557,7801.76,7801.07,7802.45,1783267557.121
1783267558,7803.14,7802.45,7803.83,1783267558.144
1783267559,7802.02,7801.33,7802.71,1783267559.121
1783267560,7802.32,7801.63,7803.01,1783267560.156
1783267561,7805.29,7804.6,7805.98,1783267561.116
1783267562,7806.18,7805.49,7806.87,1783267562.198
1783267563,7805.87,7805.18,7806.56,1783267563.218
1783267564,7806.11,7805.42,7806.8,1783267564.171
1783267565,7806.11,7805.42,7806.8,1783267565.129
1783267566,7806.61,7805.92,7807.3,1783267566.160
1783267567,7807.57,7806.88,7808.26,1783267567.115
1783267568,7807.29,7806.6,7807.98,1783267568.351
1783267569,7806.38,7805.69,7807.07,1783267569.116
1783267570,7806.81,7806.12,7807.5,1783267570.157
1783267571,7806.79,7806.1,7807.48,1783267571.125
1783267572,7805.56,7804.87,7806.25,1783267572.155
1783267573,7804.44,7803.75,7805.13,1783267573.132
1783267574,7803.54,7802.84,7804.23,1783267574.145
1783267575,7803.04,7802.35,7803.73,1783267575.112
1783267576,7802.37,7801.68,7803.07,1783267576.163
1783267577,7801.84,7801.15,7802.53,1783267577.162
1783267578,7801.32,7800.63,7802.01,1783267578.152
1783267579,7801.72,7801.03,7802.41,1783267579.125
1783267580,7804.02,7803.33,7804.71,1783267580.154
1783267581,7805.06,7804.37,7805.75,1783267581.123
1783267582,7805.73,7805.04,7806.42,1783267582.148
1783267583,7805.08,7804.39,7805.77,1783267583.124
1783267584,7804.17,7803.48,7804.86,1783267584.158
1783267585,7804.47,7803.78,7805.16,1783267585.118
1783267586,7802.39,7801.7,7803.08,1783267586.162
1783267587,7803.39,7802.7,7804.08,1783267587.122
1783267588,7803.7,7803.01,7804.39,1783267588.156
1783267589,7807.68,7806.99,7808.38,1783267589.116
1783267590,7806.55,7805.86,7807.24,1783267590.146
1783267591,7806.37,7805.68,7807.06,1783267591.115
1783267592,7806.51,7805.82,7807.2,1783267592.137
1783267593,7805.83,7805.14,7806.52,1783267593.120
1783267594,7807.21,7806.52,7807.9,1783267594.138
1783267595,7809.84,7809.15,7810.53,1783267595.114
1783267596,7810.66,7809.96,7811.35,1783267596.143
1783267597,7812.46,7811.77,7813.15,1783267597.120
1783267598,7810.82,7810.13,7811.51,1783267598.132
1783267599,7812.12,7811.43,7812.81,1783267599.121
1783267600,7813.6,7812.9,7814.29,1783267600.158
1783267601,7813.13,7812.44,7813.82,1783267601.116
1783267602,7812.16,7811.47,7812.85,1783267602.164
1783267603,7813.46,7812.76,7814.15,1783267603.125
1783267604,7813.66,7812.97,7814.35,1783267604.147
1783267605,7814.17,7813.48,7814.86,1783267605.117
1783267606,7815.05,7814.35,7815.74,1783267606.158
1783267607,7816.21,7815.52,7816.9,1783267607.115
1783267608,7817.22,7816.53,7817.92,1783267608.153
1783267609,7818.21,7817.52,7818.9,1783267609.113
1783267610,7817.24,7816.55,7817.93,1783267610.135
1783267611,7817.96,7817.26,7818.65,1783267611.122
1783267612,7816.8,7816.1,7817.49,1783267612.153
1783267613,7817.07,7816.38,7817.76,1783267613.120
1783267614,7815.49,7814.8,7816.18,1783267614.154
1783267615,7815.3,7814.61,7816,1783267615.115
1783267616,7814.2,7813.5,7814.89,1783267616.146
1783267617,7813.72,7813.03,7814.41,1783267617.125
1783267618,7814.45,7813.75,7815.14,1783267618.150
1783267619,7813.14,7812.45,7813.83,1783267619.125
1783267620,7811.67,7810.98,7812.36,1783267620.152
1783267621,7810.75,7810.06,7811.44,1783267621.118
1783267622,7810.93,7810.24,7811.62,1783267622.132
1783267623,7810.3,7809.61,7810.99,1783267623.137
1783267624,7809.76,7809.07,7810.46,1783267624.336
1783267625,7809.66,7808.97,7810.35,1783267625.138
1783267626,7812.08,7811.39,7812.77,1783267626.148
1783267627,7812.22,7811.52,7812.91,1783267627.125
1783267628,7811.6,7810.91,7812.29,1783267628.201
1783267629,7811.16,7810.47,7811.85,1783267629.111
1783267630,7812.71,7812.02,7813.4,1783267630.157
1783267631,7813.84,7813.15,7814.53,1783267631.125
1783267632,7813.26,7812.57,7813.95,1783267632.140
1783267633,7812.88,7812.19,7813.57,1783267633.134
1783267634,7814.02,7813.32,7814.71,1783267634.163
1783267635,7813.91,7813.21,7814.6,1783267635.126
1783267636,7814.35,7813.66,7815.04,1783267636.150
1783267637,7815.47,7814.78,7816.16,1783267637.116
1783267638,7817.08,7816.39,7817.77,1783267638.166
1783267639,7817.22,7816.53,7817.91,1783267639.115
1783267640,7820.84,7820.14,7821.53,1783267640.162
1783267641,7820.9,7820.21,7821.59,1783267641.117
1783267642,7820.16,7819.46,7820.85,1783267642.158
1783267643,7821.37,7820.68,7822.07,1783267643.126
1783267644,7821.97,7821.28,7822.67,1783267644.142
1783267645,7821.24,7820.55,7821.94,1783267645.118
1783267646,7821.6,7820.91,7822.3,1783267646.136
1783267647,7822.06,7821.37,7822.76,1783267647.126
1783267648,7821.94,7821.24,7822.63,1783267648.137
1783267649,7819.22,7818.53,7819.92,1783267649.122
1783267650,7820.99,7820.3,7821.68,1783267650.136
1783267651,7821.56,7820.87,7822.25,1783267651.130
1783267652,7821.09,7820.39,7821.78,1783267652.148
1783267653,7820.09,7819.4,7820.78,1783267653.124
1783267654,7818,7817.31,7818.69,1783267654.167
1783267655,7818.32,7817.63,7819.02,1783267655.116
1783267656,7817.42,7816.72,7818.11,1783267656.138
1783267657,7819.05,7818.35,7819.74,1783267657.113
1783267658,7818.15,7817.46,7818.84,1783267658.202
1783267659,7818.93,7818.24,7819.62,1783267659.129
1783267660,7817.47,7816.78,7818.16,1783267660.144
1783267661,7818.01,7817.32,7818.7,1783267661.120
1783267662,7819.64,7818.95,7820.33,1783267662.145
1783267663,7819.56,7818.87,7820.26,1783267663.120
1783267664,7818.86,7818.17,7819.55,1783267664.165
1783267665,7817.29,7816.59,7817.98,1783267665.122
1783267666,7819.19,7818.5,7819.89,1783267666.144
1783267667,7819.06,7818.37,7819.75,1783267667.117
1783267668,7818.87,7818.18,7819.56,1783267668.151
1783267669,7818.61,7817.92,7819.3,1783267669.121
1783267670,7821.86,7821.17,7822.55,1783267670.145
1783267671,7819.58,7818.89,7820.28,1783267671.118
1783267672,7820.53,7819.84,7821.22,1783267672.139
1783267673,7820.87,7820.18,7821.56,1783267673.125
1783267674,7822.25,7821.56,7822.94,1783267674.142
1783267675,7822.88,7822.18,7823.57,1783267675.117
1783267676,7823.93,7823.24,7824.62,1783267676.159
1783267677,7823.36,7822.67,7824.06,1783267677.120
1783267678,7825.38,7824.69,7826.07,1783267678.167
1783267679,7827.67,7826.98,7828.36,1783267679.115
1783267680,7826.99,7826.3,7827.69,1783267680.156
1783267681,7826.89,7826.2,7827.59,1783267681.228
1783267682,7826.99,7826.29,7827.68,1783267682.297
1783267683,7826.52,7825.82,7827.21,1783267683.160
1783267684,7826.22,7825.53,7826.92,1783267684.174
1783267685,7826.76,7826.07,7827.46,1783267685.119
1783267686,7827.13,7826.44,7827.82,1783267686.151
1783267687,7825.24,7824.54,7825.93,1783267687.123
1783267688,7823.64,7822.95,7824.33,1783267688.205
1783267689,7825.06,7824.37,7825.75,1783267689.117
1783267690,7824.59,7823.89,7825.28,1783267690.151
1783267691,7824.27,7823.58,7824.96,1783267691.118
1783267692,7824.11,7823.41,7824.8,1783267692.144
1783267693,7824.13,7823.44,7824.82,1783267693.115
1783267694,7825.13,7824.44,7825.83,1783267694.148
1783267695,7824.83,7824.13,7825.52,1783267695.126
1783267696,7824.42,7823.73,7825.11,1783267696.130
1783267697,7825.16,7824.46,7825.85,1783267697.114
1783267698,7827.42,7826.73,7828.11,1783267698.145
1783267699,7828.04,7827.35,7828.74,1783267699.115
1783267700,7828.54,7827.84,7829.23,1783267700.164
1783267701,7828.47,7827.77,7829.16,1783267701.123
1783267702,7827.69,7827,7828.39,1783267702.141
1783267703,7825.97,7825.28,7826.66,1783267703.123
1783267704,7826.16,7825.47,7826.85,1783267704.145
1783267705,7826.66,7825.96,7827.35,1783267705.122
1783267706,7828.05,7827.35,7828.74,1783267706.172
1783267707,7828.64,7827.95,7829.34,1783267707.131
1783267708,7826.13,7825.44,7826.82,1783267708.146
1783267709,7826,7825.31,7826.69,1783267709.249
1783267710,7825.06,7824.36,7825.75,1783267710.128
1783267711,7825.65,7824.96,7826.34,1783267711.123
1783267712,7825.28,7824.59,7825.97,1783267712.135
1783267713,7825.12,7824.43,7825.81,1783267713.124
1783267714,7826.43,7825.74,7827.13,1783267714.153
1783267715,7826.62,7825.93,7827.31,1783267715.118
1783267716,7825.73,7825.04,7826.42,1783267716.141
1783267717,7825.6,7824.91,7826.29,1783267717.133
1783267718,7824.69,7824,7825.38,1783267718.207
1783267719,7825.96,7825.26,7826.65,1783267719.125
1783267720,7826.03,7825.34,7826.72,1783267720.147
1783267721,7824.36,7823.66,7825.05,1783267721.124
1783267722,7824.68,7823.99,7825.37,1783267722.144
1783267723,7824.9,7824.21,7825.59,1783267723.130
1783267724,7825.82,7825.12,7826.51,1783267724.150
1783267725,7826.11,7825.41,7826.8,1783267725.125
1783267726,7826.5,7825.81,7827.19,1783267726.155
1783267727,7827.09,7826.4,7827.79,1783267727.120
1783267728,7827.04,7826.35,7827.73,1783267728.175
1783267729,7826.77,7826.08,7827.46,1783267729.123
1783267730,7826.19,7825.49,7826.88,1783267730.151
1783267731,7824.68,7823.99,7825.37,1783267731.119
1783267732,7825.52,7824.83,7826.21,1783267732.148
1783267733,7824.15,7823.46,7824.84,1783267733.130
1783267734,7823.04,7822.35,7823.73,1783267734.164
1783267735,7822.66,7821.97,7823.35,1783267735.125
1783267736,7822.35,7821.66,7823.04,1783267736.166
1783267737,7821.97,7821.27,7822.66,1783267737.133
1783267738,7820.87,7820.18,7821.56,1783267738.152
1783267739,7820.02,7819.33,7820.71,1783267739.120
1783267740,7822.51,7821.82,7823.2,1783267740.166
1783267741,7822.46,7821.76,7823.15,1783267741.135
1783267742,7822.2,7821.51,7822.89,1783267742.294
1783267743,7821.65,7820.96,7822.35,1783267743.147
1783267744,7822.55,7821.86,7823.25,1783267744.256
1783267745,7823.61,7822.91,7824.3,1783267745.117
1783267746,7825.55,7824.86,7826.25,1783267746.162
1783267747,7825.05,7824.36,7825.74,1783267747.125
1783267748,7826.98,7826.29,7827.67,1783267748.206
1783267749,7825.77,7825.08,7826.46,1783267749.120
1783267750,7824.72,7824.03,7825.41,1783267750.150
1783267751,7822.93,7822.24,7823.62,1783267751.121
1783267752,7823.02,7822.33,7823.71,1783267752.157
1783267753,7824.04,7823.35,7824.74,1783267753.119
1783267754,7825.38,7824.69,7826.07,1783267754.160
1783267755,7825.48,7824.79,7826.17,1783267755.123
1783267756,7824.3,7823.61,7824.99,1783267756.155
1783267757,7823.48,7822.79,7824.17,1783267757.124
1783267758,7823.62,7822.93,7824.32,1783267758.158
1783267759,7821.73,7821.04,7822.43,1783267759.124
1783267760,7822.35,7821.66,7823.05,1783267760.157
1783267761,7823.4,7822.7,7824.09,1783267761.120
1783267762,7822.26,7821.57,7822.95,1783267762.153
1783267763,7822.56,7821.87,7823.25,1783267763.125
1783267764,7822.35,7821.66,7823.04,1783267764.158
1783267765,7822.7,7822,7823.39,1783267765.123
1783267766,7821.71,7821.02,7822.41,1783267766.155
1783267767,7821.24,7820.55,7821.93,1783267767.124
1783267768,7821.71,7821.02,7822.41,1783267768.150
1783267769,7822.38,7821.69,7823.08,1783267769.118
1783267770,7821.66,7820.97,7822.35,1783267770.157
1783267771,7821.78,7821.08,7822.47,1783267771.123
1783267772,7822.83,7822.13,7823.52,1783267772.145
1783267773,7822.62,7821.92,7823.31,1783267773.125
1783267774,7822.33,7821.64,7823.02,1783267774.139
1783267775,7820.96,7820.26,7821.65,1783267775.127
1783267776,7820.16,7819.47,7820.85,1783267776.151
1783267777,7819.45,7818.75,7820.14,1783267777.121
1783267778,7819.02,7818.33,7819.71,1783267778.208
1783267779,7820.12,7819.43,7820.81,1783267779.122
1783267780,7819.88,7819.19,7820.57,1783267780.146
1783267781,7818.77,7818.08,7819.46,1783267781.118
1783267782,7815.77,7815.07,7816.46,1783267782.164
1783267783,7816.67,7815.97,7817.36,1783267783.118
1783267784,7817.69,7817,7818.39,1783267784.160
1783267785,7818.12,7817.43,7818.82,1783267785.131
1783267786,7818.19,7817.5,7818.88,1783267786.154
1783267787,7818.24,7817.55,7818.93,1783267787.125
1783267788,7818.22,7817.53,7818.91,1783267788.158
1783267789,7817.53,7816.84,7818.22,1783267789.127
1783267790,7815.77,7815.08,7816.46,1783267790.134
1783267791,7815.55,7814.86,7816.24,1783267791.157
1783267792,7815.05,7814.35,7815.74,1783267792.136
1783267793,7812.82,7812.12,7813.51,1783267793.114
1783267794,7812.76,7812.07,7813.45,1783267794.142
1783267795,7812.84,7812.15,7813.53,1783267795.121
1783267796,7812.53,7811.84,7813.22,1783267796.164
1783267797,7812.57,7811.88,7813.26,1783267797.118
1783267798,7812.25,7811.56,7812.94,1783267798.153
1783267799,7813.54,7812.85,7814.23,1783267799.125
1783267800,7815.36,7814.67,7816.06,1783267800.147
1783267801,7816.71,7816.02,7817.4,1783267801.135
1783267802,7816.77,7816.08,7817.46,1783267802.297
1783267803,7816.21,7815.52,7816.9,1783267803.205
1783267804,7815.91,7815.22,7816.61,1783267804.337
1783267805,7815.31,7814.62,7816,1783267805.132
1783267806,7816.96,7816.27,7817.66,1783267806.171
1783267807,7817.87,7817.18,7818.56,1783267807.114
1783267808,7818.75,7818.06,7819.44,1783267808.242
1783267809,7818.31,7817.62,7819,1783267809.124
1783267810,7817.82,7817.12,7818.51,1783267810.153
1783267811,7817.47,7816.78,7818.17,1783267811.137
1783267812,7819.27,7818.57,7819.96,1783267812.139
1783267813,7817.52,7816.83,7818.22,1783267813.117
1783267814,7815.99,7815.3,7816.68,1783267814.157
1783267815,7813.4,7812.71,7814.09,1783267815.126
1783267816,7813.38,7812.69,7814.07,1783267816.245
1783267817,7813.75,7813.06,7814.44,1783267817.115
1783267818,7813.58,7812.89,7814.27,1783267818.142
1783267819,7814.39,7813.7,7815.08,1783267819.113
1783267820,7814.88,7814.19,7815.57,1783267820.156
1783267821,7813.89,7813.2,7814.58,1783267821.125
1783267822,7813.4,7812.71,7814.09,1783267822.192
1783267823,7813.11,7812.42,7813.8,1783267823.125
1783267824,7813.34,7812.65,7814.03,1783267824.143
1783267825,7810.88,7810.19,7811.57,1783267825.148
1783267826,7810.35,7809.66,7811.04,1783267826.157
1783267827,7810.03,7809.34,7810.72,1783267827.113
1783267828,7810.21,7809.52,7810.91,1783267828.163
1783267829,7810.2,7809.51,7810.89,1783267829.124
1783267830,7810.52,7809.83,7811.22,1783267830.151
1783267831,7810.55,7809.86,7811.24,1783267831.124
1783267832,7810.77,7810.08,7811.46,1783267832.148
1783267833,7810.26,7809.57,7810.95,1783267833.123
1783267834,7810.85,7810.16,7811.54,1783267834.137
1783267835,7810.64,7809.94,7811.33,1783267835.127
1783267836,7810.13,7809.44,7810.82,1783267836.153
1783267837,7811.44,7810.75,7812.13,1783267837.119
1783267838,7811.73,7811.04,7812.42,1783267838.245
1783267839,7809.87,7809.17,7810.56,1783267839.126
1783267840,7807.43,7806.74,7808.12,1783267840.149
1783267841,7806.71,7806.02,7807.4,1783267841.122
1783267842,7807.23,7806.54,7807.92,1783267842.128
1783267843,7806.44,7805.75,7807.13,1783267843.119
1783267844,7805.39,7804.7,7806.08,1783267844.156
1783267845,7806,7805.31,7806.69,1783267845.136
1783267846,7806,7805.3,7806.69,1783267846.142
1783267847,7807.02,7806.33,7807.71,1783267847.120
1783267848,7804.87,7804.18,7805.57,1783267848.152
1783267849,7805.11,7804.42,7805.8,1783267849.115
1783267850,7804.16,7803.47,7804.85,1783267850.135
1783267851,7804.17,7803.48,7804.86,1783267851.121
1783267852,7802.32,7801.63,7803.01,1783267852.141
1783267853,7803.33,7802.64,7804.02,1783267853.120
1783267854,7801.78,7801.09,7802.47,1783267854.157
1783267855,7801.74,7801.05,7802.43,1783267855.110
1783267856,7802.17,7801.48,7802.86,1783267856.144
1783267857,7801.94,7801.25,7802.63,1783267857.115
1783267858,7800.95,7800.26,7801.64,1783267858.141
1783267859,7800.53,7799.84,7801.22,1783267859.121
1783267860,7801.64,7800.94,7802.33,1783267860.178
1783267861,7800.75,7800.06,7801.44,1783267861.133
1783267862,7801.21,7800.52,7801.9,1783267862.327
1783267863,7801.62,7800.93,7802.32,1783267863.136
1783267864,7801.58,7800.89,7802.27,1783267864.162
1783267865,7800.86,7800.17,7801.55,1783267865.113
1783267866,7800.79,7800.1,7801.48,1783267866.138
1783267867,7800.65,7799.96,7801.34,1783267867.114
1783267868,7800.15,7799.46,7800.84,1783267868.134
1783267869,7799.91,7799.22,7800.6,1783267869.115
1783267870,7798.06,7797.37,7798.75,1783267870.140
1783267871,7796.37,7795.68,7797.06,1783267871.131
1783267872,7797.9,7797.21,7798.59,1783267872.136
1783267873,7798.57,7797.88,7799.26,1783267873.120
1783267874,7798.82,7798.13,7799.51,1783267874.158
1783267875,7799.39,7798.7,7800.08,1783267875.112
1783267876,7798.86,7798.17,7799.55,1783267876.138
1783267877,7797.79,7797.1,7798.48,1783267877.109
1783267878,7796.86,7796.17,7797.55,1783267878.130
1783267879,7798.07,7797.38,7798.76,1783267879.118
1783267880,7796.18,7795.49,7796.87,1783267880.139
1783267881,7795.78,7795.09,7796.47,1783267881.140
1783267882,7795.58,7794.89,7796.27,1783267882.148
1783267883,7795.54,7794.85,7796.23,1783267883.114
1783267884,7796.24,7795.55,7796.93,1783267884.138
1783267885,7795.04,7794.35,7795.73,1783267885.114
1783267886,7792.88,7792.19,7793.57,1783267886.136
1783267887,7792.75,7792.06,7793.44,1783267887.126
1783267888,7794.06,7793.37,7794.75,1783267888.131
1783267889,7793.31,7792.62,7794,1783267889.123
1783267890,7790.73,7790.04,7791.42,1783267890.163
1783267891,7789.97,7789.28,7790.66,1783267891.116
1783267892,7788.9,7788.21,7789.59,1783267892.128
1783267893,7788.37,7787.68,7789.06,1783267893.144
1783267894,7787.94,7787.25,7788.63,1783267894.144
1783267895,7787.84,7787.15,7788.53,1783267895.119
1783267896,7788.14,7787.45,7788.83,1783267896.140
1783267897,7788.2,7787.51,7788.89,1783267897.114
1783267898,7787.69,7787,7788.38,1783267898.210
1783267899,7787.55,7786.86,7788.24,1783267899.113
1783267900,7788.87,7788.19,7789.56,1783267900.165
1783267901,7789.24,7788.56,7789.93,1783267901.120
1783267902,7787.64,7786.95,7788.33,1783267902.166
1783267903,7788.54,7787.85,7789.23,1783267903.123
1783267904,7788.48,7787.79,7789.17,1783267904.139
1783267905,7786.58,7785.89,7787.26,1783267905.123
1783267906,7785.42,7784.73,7786.11,1783267906.141
1783267907,7785.97,7785.28,7786.66,1783267907.113
1783267908,7786.28,7785.6,7786.97,1783267908.140
1783267909,7788.34,7787.66,7789.03,1783267909.138
1783267910,7787.99,7787.3,7788.68,1783267910.155
1783267911,7787.63,7786.94,7788.32,1783267911.112
1783267912,7788.23,7787.54,7788.91,1783267912.158
1783267913,7786.55,7785.86,7787.23,1783267913.162
1783267914,7785.96,7785.27,7786.65,1783267914.157
1783267915,7785.92,7785.23,7786.61,1783267915.114
1783267916,7785.53,7784.84,7786.22,1783267916.136
1783267917,7785.87,7785.18,7786.56,1783267917.115
1783267918,7786.79,7786.1,7787.48,1783267918.148
1783267919,7786.32,7785.63,7787.01,1783267919.119
1783267920,7785.21,7784.52,7785.9,1783267920.136
1783267921,7783.92,7783.23,7784.61,1783267921.120
1783267922,7784.12,7783.43,7784.81,1783267922.165
1783267923,7785.32,7784.63,7786.01,1783267923.160
1783267924,7784.72,7784.04,7785.41,1783267924.144
1783267925,7786.21,7785.52,7786.9,1783267925.122
1783267926,7785.31,7784.62,7786,1783267926.137
1783267927,7789.24,7788.55,7789.93,1783267927.122
1783267928,7790.76,7790.07,7791.45,1783267928.201
1783267929,7790.41,7789.72,7791.1,1783267929.112
1783267930,7791.2,7790.51,7791.89,1783267930.130
1783267931,7792.24,7791.55,7792.93,1783267931.122
1783267932,7792.19,7791.5,7792.88,1783267932.148
1783267933,7791.74,7791.05,7792.43,1783267933.105
1783267934,7790.41,7789.72,7791.1,1783267934.138
1783267935,7789.37,7788.68,7790.06,1783267935.119
1783267936,7788.52,7787.83,7789.21,1783267936.212
1783267937,7788.36,7787.68,7789.05,1783267937.122
1783267938,7790.74,7790.05,7791.43,1783267938.158
1783267939,7789.83,7789.14,7790.52,1783267939.126
1783267940,7788.37,7787.69,7789.06,1783267940.153
1783267941,7788.72,7788.03,7789.41,1783267941.121
1783267942,7787.28,7786.59,7787.97,1783267942.163
1783267943,7786.88,7786.19,7787.57,1783267943.125
1783267944,7785.29,7784.6,7785.98,1783267944.144
1783267945,7785.02,7784.33,7785.71,1783267945.117
1783267946,7784.39,7783.7,7785.08,1783267946.160
1783267947,7783.23,7782.55,7783.92,1783267947.123
1783267948,7783.23,7782.54,7783.92,1783267948.140
1783267949,7784.13,7783.44,7784.82,1783267949.132
1783267950,7783.9,7783.21,7784.59,1783267950.155
1783267951,7783.48,7782.79,7784.17,1783267951.132
1783267952,7783.61,7782.92,7784.3,1783267952.162
1783267953,7782.31,7781.62,7783,1783267953.115
1783267954,7781.58,7780.89,7782.27,1783267954.149
1783267955,7782.08,7781.39,7782.77,1783267955.124
1783267956,7781.92,7781.23,7782.61,1783267956.155
1783267957,7783.42,7782.73,7784.11,1783267957.130
1783267958,7783.56,7782.87,7784.25,1783267958.204
1783267959,7781.94,7781.25,7782.63,1783267959.125
1783267960,7783.22,7782.53,7783.91,1783267960.159
1783267961,7782.75,7782.06,7783.44,1783267961.120
1783267962,7781.98,7781.29,7782.67,1783267962.164
1783267963,7782.08,7781.39,7782.77,1783267963.123
1783267964,7781.11,7780.42,7781.8,1783267964.148
1783267965,7780.32,7779.63,7781.01,1783267965.119
1783267966,7781.13,7780.44,7781.81,1783267966.151
1783267967,7782.6,7781.91,7783.29,1783267967.117
1783267968,7781.8,7781.11,7782.49,1783267968.148
1783267969,7781.36,7780.67,7782.05,1783267969.112
1783267970,7781.81,7781.12,7782.5,1783267970.164
1783267971,7782.83,7782.14,7783.52,1783267971.128
1783267972,7782.6,7781.91,7783.29,1783267972.156
1783267973,7783.21,7782.53,7783.9,1783267973.125
1783267974,7782.51,7781.82,7783.2,1783267974.154
1783267975,7782.98,7782.29,7783.67,1783267975.131
1783267976,7783.83,7783.14,7784.51,1783267976.146
1783267977,7782.71,7782.02,7783.39,1783267977.115
1783267978,7782.79,7782.1,7783.48,1783267978.164
1783267979,7781.84,7781.15,7782.52,1783267979.123
1783267980,7783.42,7782.73,7784.11,1783267980.164
1783267981,7784.26,7783.57,7784.95,1783267981.116
1783267982,7784.29,7783.6,7784.98,1783267982.147
1783267983,7784.52,7783.83,7785.21,1783267983.125
1783267984,7784.49,7783.8,7785.17,1783267984.161
1783267985,7785.04,7784.36,7785.73,1783267985.125
1783267986,7785.92,7785.23,7786.61,1783267986.158
1783267987,7787.31,7786.62,7787.99,1783267987.118
1783267988,7787.48,7786.79,7788.17,1783267988.206
1783267989,7788.16,7787.47,7788.85,1783267989.131
1783267990,7790.45,7789.76,7791.14,1783267990.164
1783267991,7790.76,7790.07,7791.45,1783267991.130
1783267992,7790.23,7789.54,7790.92,1783267992.133
1783267993,7787.87,7787.18,7788.56,1783267993.135
1783267994,7785.57,7784.88,7786.26,1783267994.147
1783267995,7784.86,7784.17,7785.55,1783267995.119
1783267996,7784.84,7784.16,7785.53,1783267996.153
1783267997,7785.24,7784.56,7785.93,1783267997.122
1783267998,7785.38,7784.69,7786.07,1783267998.154
1783267999,7784.65,7783.96,7785.34,1783267999.121
1783268000,7785.37,7784.68,7786.06,1783268000.148
1783268001,7785.46,7784.77,7786.15,1783268001.116
1783268002,7783.36,7782.67,7784.05,1783268002.159
1783268003,7783.2,7782.51,7783.89,1783268003.127
1783268004,7783.38,7782.69,7784.07,1783268004.164
1783268005,7783.55,7782.87,7784.24,1783268005.124
1783268006,7783.6,7782.91,7784.29,1783268006.148
1783268007,7783.85,7783.16,7784.54,1783268007.118
1783268008,7784.61,7783.92,7785.3,1783268008.151
1783268009,7784.63,7783.94,7785.32,1783268009.122
1783268010,7782.35,7781.67,7783.04,1783268010.158
1783268011,7779.63,7778.94,7780.32,1783268011.116
1783268012,7778.9,7778.21,7779.58,1783268012.146
1783268013,7778.06,7777.37,7778.75,1783268013.119
1783268014,7777.25,7776.56,7777.93,1783268014.147
1783268015,7775.45,7774.76,7776.14,1783268015.118
1783268016,7775.73,7775.04,7776.42,1783268016.143
1783268017,7773.69,7773,7774.38,1783268017.121
1783268018,7772.04,7771.35,7772.73,1783268018.203
1783268019,7771.69,7771,7772.37,1783268019.121
1783268020,7772.37,7771.68,7773.06,1783268020.142
1783268021,7773.48,7772.79,7774.17,1783268021.119
1783268022,7771.35,7770.66,7772.04,1783268022.132
1783268023,7772.74,7772.05,7773.43,1783268023.114
1783268024,7773.06,7772.37,7773.75,1783268024.139
1783268025,7771.56,7770.87,7772.25,1783268025.127
1783268026,7772.18,7771.49,7772.87,1783268026.150
1783268027,7771.3,7770.62,7771.99,1783268027.120
1783268028,7771.73,7771.04,7772.41,1783268028.152
1783268029,7771.58,7770.9,7772.27,1783268029.118
1783268030,7769.18,7768.49,7769.87,1783268030.172
1783268031,7768.64,7767.96,7769.33,1783268031.119
1783268032,7767.31,7766.62,7767.99,1783268032.238
1783268033,7767.42,7766.74,7768.11,1783268033.114
1783268034,7766.91,7766.22,7767.6,1783268034.159
1783268035,7767.08,7766.39,7767.77,1783268035.119
1783268036,7767.56,7766.87,7768.25,1783268036.153
1783268037,7767.69,7767.01,7768.38,1783268037.125
1783268038,7767.46,7766.77,7768.15,1783268038.159
1783268039,7767.05,7766.36,7767.74,1783268039.119
1783268040,7767.7,7767.01,7768.39,1783268040.162
1783268041,7766.41,7765.72,7767.09,1783268041.118
1783268042,7766.56,7765.87,7767.25,1783268042.212
1783268043,7765.76,7765.07,7766.45,1783268043.154
1783268044,7766.07,7765.38,7766.75,1783268044.179
1783268045,7764.91,7764.22,7765.6,1783268045.132
1783268046,7763.59,7762.91,7764.28,1783268046.136
1783268047,7762.44,7761.75,7763.13,1783268047.145
1783268048,7760.86,7760.17,7761.54,1783268048.206
1783268049,7761.72,7761.03,7762.4,1783268049.116
1783268050,7762.39,7761.7,7763.08,1783268050.136
1783268051,7764.53,7763.84,7765.21,1783268051.121
1783268052,7763.37,7762.68,7764.06,1783268052.138
1783268053,7763.38,7762.69,7764.06,1783268053.117
1783268054,7763.1,7762.41,7763.79,1783268054.139
1783268055,7761.57,7760.89,7762.26,1783268055.132
1783268056,7762.13,7761.45,7762.82,1783268056.137
1783268057,7762.93,7762.24,7763.62,1783268057.130
1783268058,7762.33,7761.65,7763.02,1783268058.136
1783268059,7762.68,7762,7763.37,1783268059.113
1783268060,7762.32,7761.63,7763,1783268060.179
1783268061,7761.25,7760.56,7761.94,1783268061.119
1783268062,7760.87,7760.18,7761.56,1783268062.146
1783268063,7761.27,7760.59,7761.96,1783268063.124
1783268064,7762.02,7761.34,7762.71,1783268064.152
1783268065,7761.64,7760.95,7762.32,1783268065.113
1783268066,7761.41,7760.73,7762.1,1783268066.206
1783268067,7762.84,7762.16,7763.53,1783268067.119
1783268068,7764.18,7763.5,7764.87,1783268068.150
1783268069,7763.1,7762.41,7763.78,1783268069.116
1783268070,7764.82,7764.13,7765.51,1783268070.141
1783268071,7764.38,7763.69,7765.06,1783268071.112
1783268072,7764.45,7763.76,7765.13,1783268072.180
1783268073,7765.37,7764.69,7766.06,1783268073.131
1783268074,7766.16,7765.47,7766.84,1783268074.127
1783268075,7766.21,7765.52,7766.9,1783268075.118
1783268076,7766.6,7765.92,7767.29,1783268076.164
1783268077,7766,7765.32,7766.69,1783268077.117
1783268078,7765.42,7764.73,7766.11,1783268078.203
1783268079,7766.11,7765.42,7766.79,1783268079.118
1783268080,7764.55,7763.86,7765.24,1783268080.151
1783268081,7765.45,7764.76,7766.14,1783268081.120
1783268082,7765.86,7765.17,7766.54,1783268082.146
1783268083,7765.7,7765.01,7766.38,1783268083.118
1783268084,7765.8,7765.11,7766.48,1783268084.144
1783268085,7765.95,7765.26,7766.64,1783268085.123
1783268086,7766.97,7766.28,7767.66,1783268086.162
1783268087,7766.26,7765.57,7766.94,1783268087.126
1783268088,7765.95,7765.26,7766.63,1783268088.155
1783268089,7764.96,7764.28,7765.65,1783268089.131
1783268090,7764.15,7763.46,7764.83,1783268090.174
1783268091,7765.15,7764.46,7765.83,1783268091.122
1783268092,7764.66,7763.97,7765.35,1783268092.166
1783268093,7762.67,7761.98,7763.36,1783268093.124
1783268094,7761.67,7760.98,7762.36,1783268094.137
1783268095,7760.43,7759.74,7761.11,1783268095.131
1783268096,7757.98,7757.29,7758.67,1783268096.153
1783268097,7759.32,7758.64,7760.01,1783268097.129
1783268098,7759.37,7758.68,7760.05,1783268098.162
1783268099,7761.98,7761.29,7762.67,1783268099.118
1783268100,7761.59,7760.91,7762.28,1783268100.151
1783268101,7761.89,7761.2,7762.58,1783268101.143
1783268102,7762.74,7762.05,7763.42,1783268102.213
1783268103,7764.1,7763.41,7764.79,1783268103.255
1783268104,7765.13,7764.44,7765.81,1783268104.262
1783268105,7766.07,7765.38,7766.76,1783268105.163
1783268106,7764.6,7763.91,7765.29,1783268106.165
1783268107,7764.77,7764.08,7765.46,1783268107.122
1783268108,7763.49,7762.81,7764.18,1783268108.204
1783268109,7764.4,7763.72,7765.09,1783268109.174
1783268110,7763.22,7762.53,7763.91,1783268110.168
1783268111,7765.23,7764.54,7765.92,1783268111.129
1783268112,7765.58,7764.9,7766.27,1783268112.146
1783268113,7765.48,7764.79,7766.16,1783268113.119
1783268114,7765.58,7764.89,7766.27,1783268114.153
1783268115,7766.7,7766.01,7767.39,1783268115.125
1783268116,7765.23,7764.54,7765.91,1783268116.182
1783268117,7765.58,7764.89,7766.26,1783268117.116
1783268118,7766.89,7766.21,7767.58,1783268118.184
1783268119,7767.42,7766.74,7768.11,1783268119.133
1783268120,7766.96,7766.27,7767.65,1783268120.138
1783268121,7766.16,7765.47,7766.84,1783268121.120
1783268122,7764.62,7763.94,7765.31,1783268122.162
1783268123,7764.84,7764.15,7765.52,1783268123.128
1783268124,7764.48,7763.79,7765.17,1783268124.160
1783268125,7765.67,7764.99,7766.36,1783268125.132
1783268126,7766.87,7766.19,7767.56,1783268126.146
1783268127,7766.26,7765.57,7766.95,1783268127.126
1783268128,7766.73,7766.05,7767.42,1783268128.153
1783268129,7767.52,7766.83,7768.21,1783268129.120
1783268130,7767.45,7766.77,7768.14,1783268130.146
1783268131,7768.69,7768,7769.38,1783268131.114
1783268132,7769.28,7768.59,7769.97,1783268132.138
1783268133,7769.33,7768.64,7770.01,1783268133.117
1783268134,7769.45,7768.76,7770.14,1783268134.151
1783268135,7769.96,7769.27,7770.65,1783268135.120
1783268136,7767.7,7767.01,7768.38,1783268136.149
1783268137,7766.58,7765.89,7767.27,1783268137.116
1783268138,7768.97,7768.29,7769.66,1783268138.207
1783268139,7769.66,7768.98,7770.35,1783268139.204
1783268140,7768.57,7767.89,7769.26,1783268140.152
1783268141,7767.56,7766.87,7768.24,1783268141.122
1783268142,7769.31,7768.62,7769.99,1783268142.147
1783268143,7770.38,7769.69,7771.07,1783268143.117
1783268144,7768.37,7767.69,7769.06,1783268144.142
1783268145,7767.75,7767.06,7768.43,1783268145.124
1783268146,7766.08,7765.4,7766.77,1783268146.246
1783268147,7763.67,7762.98,7764.36,1783268147.113
1783268148,7763.01,7762.32,7763.69,1783268148.146
1783268149,7761.44,7760.75,7762.13,1783268149.116
1783268150,7762.15,7761.47,7762.84,1783268150.156
1783268151,7761.89,7761.2,7762.57,1783268151.115
1783268152,7761.17,7760.49,7761.86,1783268152.153
1783268153,7762.35,7761.67,7763.04,1783268153.114
1783268154,7764.35,7763.67,7765.04,1783268154.141
1783268155,7765.63,7764.94,7766.32,1783268155.125
1783268156,7765.68,7764.99,7766.36,1783268156.152
1783268157,7764.85,7764.16,7765.53,1783268157.112
1783268158,7764.81,7764.13,7765.5,1783268158.134
1783268159,7762.67,7761.98,7763.36,1783268159.118
1783268160,7762.98,7762.29,7763.67,1783268160.185
1783268161,7763.19,7762.5,7763.88,1783268161.119
1783268162,7762.29,7761.61,7762.98,1783268162.240
1783268163,7761.58,7760.9,7762.27,1783268163.164
1783268164,7760.61,7759.92,7761.3,1783268164.141
1783268165,7758.56,7757.88,7759.25,1783268165.130
1783268166,7756.8,7756.11,7757.48,1783268166.173
1783268167,7759.47,7758.78,7760.15,1783268167.125
1783268168,7761.07,7760.38,7761.75,1783268168.206
1783268169,7760.52,7759.83,7761.21,1783268169.117
1783268170,7762.39,7761.71,7763.08,1783268170.139
1783268171,7763.03,7762.34,7763.71,1783268171.117
1783268172,7763.21,7762.53,7763.9,1783268172.203
1783268173,7762.14,7761.46,7762.83,1783268173.126
1783268174,7759.77,7759.09,7760.46,1783268174.144
1783268175,7758.89,7758.2,7759.57,1783268175.122
1783268176,7757.34,7756.65,7758.03,1783268176.159
1783268177,7755.62,7754.94,7756.31,1783268177.119
1783268178,7756.13,7755.44,7756.81,1783268178.139
1783268179,7755.45,7754.76,7756.13,1783268179.125
1783268180,7755.79,7755.11,7756.48,1783268180.137
1783268181,7757,7756.32,7757.69,1783268181.142
1783268182,7757.75,7757.06,7758.43,1783268182.161
1783268183,7758.32,7757.64,7759.01,1783268183.116
1783268184,7759.75,7759.06,7760.44,1783268184.162
1783268185,7759.68,7758.99,7760.36,1783268185.119
1783268186,7760.84,7760.16,7761.53,1783268186.148
1783268187,7761.75,7761.06,7762.43,1783268187.124
1783268188,7762.06,7761.37,7762.75,1783268188.152
1783268189,7762.88,7762.19,7763.57,1783268189.122
1783268190,7761.81,7761.13,7762.5,1783268190.145
1783268191,7761.75,7761.06,7762.44,1783268191.156
1783268192,7762.28,7761.6,7762.97,1783268192.149
1783268193,7762.87,7762.18,7763.56,1783268193.120
1783268194,7762.62,7761.93,7763.31,1783268194.172
1783268195,7761.33,7760.64,7762.02,1783268195.123
1783268196,7761.13,7760.45,7761.82,1783268196.165
1783268197,7759.12,7758.43,7759.81,1783268197.119
1783268198,7759.04,7758.35,7759.72,1783268198.209
1783268199,7760.3,7759.62,7760.99,1783268199.122
1783268200,7758.75,7758.07,7759.44,1783268200.187
1783268201,7759.77,7759.08,7760.45,1783268201.120
1783268202,7761.56,7760.88,7762.25,1783268202.141
1783268203,7762.04,7761.35,7762.73,1783268203.125
1783268204,7761.67,7760.98,7762.35,1783268204.208
1783268205,7764.17,7763.49,7764.86,1783268205.135
1783268206,7764.02,7763.33,7764.71,1783268206.148
1783268207,7763.78,7763.09,7764.46,1783268207.122
1783268208,7761.52,7760.83,7762.2,1783268208.147
1783268209,7762.96,7762.27,7763.64,1783268209.118
1783268210,7761.92,7761.24,7762.61,1783268210.162
1783268211,7760.68,7759.99,7761.37,1783268211.115
1783268212,7760,7759.31,7760.68,1783268212.147
1783268213,7760.17,7759.48,7760.86,1783268213.116
1783268214,7760.8,7760.11,7761.48,1783268214.149
1783268215,7761.01,7760.32,7761.7,1783268215.124
1783268216,7759.97,7759.28,7760.65,1783268216.139
1783268217,7761.59,7760.9,7762.28,1783268217.138
1783268218,7762.64,7761.95,7763.32,1783268218.153
1783268219,7761.73,7761.05,7762.42,1783268219.139
1783268220,7759.47,7758.78,7760.16,1783268220.163
1783268221,7759.07,7758.38,7759.76,1783268221.120
1783268222,7759.76,7759.07,7760.45,1783268222.267
1783268223,7760.2,7759.51,7760.89,1783268223.159
1783268224,7759.7,7759.01,7760.38,1783268224.176
1783268225,7760.59,7759.9,7761.28,1783268225.118
1783268226,7761.18,7760.49,7761.86,1783268226.151
1783268227,7761,7760.31,7761.69,1783268227.129
1783268228,7762.01,7761.33,7762.7,1783268228.204
1783268229,7761.84,7761.15,7762.53,1783268229.113
1783268230,7758.03,7757.34,7758.71,1783268230.148
1783268231,7757.43,7756.74,7758.11,1783268231.125
1783268232,7757.69,7757,7758.38,1783268232.142
1783268233,7757.17,7756.49,7757.86,1783268233.124
1783268234,7757.97,7757.28,7758.66,1783268234.148
1783268235,7759.09,7758.4,7759.77,1783268235.131
1783268236,7758.81,7758.12,7759.5,1783268236.168
1783268237,7759.26,7758.57,7759.94,1783268237.120
1783268238,7759.32,7758.64,7760.01,1783268238.127
1783268239,7759.95,7759.26,7760.63,1783268239.116
1783268240,7762.73,7762.05,7763.42,1783268240.166
1783268241,7761.47,7760.78,7762.15,1783268241.116
1783268242,7761.19,7760.5,7761.88,1783268242.145
1783268243,7762.99,7762.3,7763.68,1783268243.121
1783268244,7764.22,7763.54,7764.91,1783268244.143
1783268245,7764.44,7763.75,7765.13,1783268245.125
1783268246,7765.52,7764.83,7766.2,1783268246.181
1783268247,7765.25,7764.56,7765.94,1783268247.125
1783268248,7763.33,7762.64,7764.01,1783268248.201
1783268249,7762.57,7761.89,7763.26,1783268249.124
1783268250,7762.89,7762.2,7763.58,1783268250.148
1783268251,7762.74,7762.05,7763.43,1783268251.119
1783268252,7764,7763.31,7764.68,1783268252.139
1783268253,7763.14,7762.45,7763.83,1783268253.136
1783268254,7763.92,7763.24,7764.61,1783268254.150
1783268255,7763.5,7762.81,7764.18,1783268255.119
1783268256,7764.66,7763.97,7765.35,1783268256.134
1783268257,7763.93,7763.24,7764.61,1783268257.118
1783268258,7764.62,7763.94,7765.31,1783268258.244
1783268259,7765.13,7764.44,7765.82,1783268259.116
1783268260,7765.24,7764.56,7765.93,1783268260.148
1783268261,7764.74,7764.05,7765.43,1783268261.120
1783268262,7764.18,7763.49,7764.87,1783268262.143
1783268263,7763.4,7762.72,7764.09,1783268263.124
1783268264,7762.83,7762.15,7763.52,1783268264.155
1783268265,7762.22,7761.53,7762.9,1783268265.127
1783268266,7761.05,7760.36,7761.74,1783268266.146
1783268267,7760.54,7759.85,7761.23,1783268267.113
1783268268,7760.75,7760.06,7761.43,1783268268.151
1783268269,7761.53,7760.85,7762.22,1783268269.118
1783268270,7761.59,7760.9,7762.28,1783268270.139
1783268271,7761.69,7761,7762.38,1783268271.139
1783268272,7762.07,7761.38,7762.75,1783268272.162
1783268273,7760.94,7760.25,7761.62,1783268273.121
1783268274,7760.09,7759.4,7760.78,1783268274.149
1783268275,7759.03,7758.34,7759.71,1783268275.128
1783268276,7760.17,7759.48,7760.86,1783268276.146
1783268277,7758.07,7757.38,7758.75,1783268277.123
1783268278,7758.32,7757.63,7759.01,1783268278.137
1783268279,7759.83,7759.14,7760.52,1783268279.120
1783268280,7760.05,7759.36,7760.74,1783268280.158
1783268281,7761.34,7760.65,7762.03,1783268281.119
1783268282,7761.81,7761.12,7762.5,1783268282.181
1783268283,7762.19,7761.5,7762.87,1783268283.171
1783268284,7760.49,7759.81,7761.18,1783268284.138
1783268285,7759.23,7758.55,7759.92,1783268285.225
1783268286,7758.42,7757.73,7759.11,1783268286.143
1783268287,7757.31,7756.62,7758,1783268287.120
1783268288,7759.5,7758.81,7760.18,1783268288.199
1783268289,7759.53,7758.84,7760.22,1783268289.124
1783268290,7759.87,7759.19,7760.56,1783268290.188
1783268291,7759.5,7758.81,7760.19,1783268291.124
1783268292,7760.41,7759.72,7761.1,1783268292.151
1783268293,7760.89,7760.2,7761.57,1783268293.120
1783268294,7761.68,7760.99,7762.37,1783268294.134
1783268295,7761.91,7761.22,7762.59,1783268295.117
1783268296,7761.48,7760.79,7762.16,1783268296.166
1783268297,7761.42,7760.73,7762.11,1783268297.121
1783268298,7762.83,7762.14,7763.51,1783268298.161
1783268299,7762.17,7761.49,7762.86,1783268299.119
1783268300,7763.02,7762.33,7763.7,1783268300.143
1783268301,7763,7762.32,7763.69,1783268301.140
1783268302,7761.81,7761.13,7762.5,1783268302.156
1783268303,7760.65,7759.96,7761.33,1783268303.117
1783268304,7760.35,7759.67,7761.04,1783268304.151
1783268305,7759.68,7758.99,7760.36,1783268305.123
1783268306,7759.54,7758.85,7760.22,1783268306.148
1783268307,7759.79,7759.11,7760.48,1783268307.126
1783268308,7759.3,7758.61,7759.99,1783268308.151
1783268309,7756.75,7756.06,7757.43,1783268309.124
1783268310,7755.78,7755.09,7756.46,1783268310.159
1783268311,7756.18,7755.49,7756.86,1783268311.125
1783268312,7757.6,7756.91,7758.28,1783268312.143
1783268313,7759.47,7758.78,7760.15,1783268313.124
1783268314,7759.49,7758.8,7760.17,1783268314.141
1783268315,7758.08,7757.39,7758.76,1783268315.131
1783268316,7756.92,7756.24,7757.61,1783268316.146
1783268317,7755.72,7755.03,7756.41,1783268317.113
1783268318,7755.82,7755.13,7756.51,1783268318.204
1783268319,7755.82,7755.14,7756.51,1783268319.118
1783268320,7757.58,7756.89,7758.26,1783268320.148
1783268321,7758.29,7757.6,7758.97,1783268321.122
1783268322,7759.22,7758.53,7759.91,1783268322.155
1783268323,7758.94,7758.25,7759.63,1783268323.122
1783268324,7759.58,7758.89,7760.27,1783268324.161
1783268325,7759.81,7759.12,7760.5,1783268325.123
1783268326,7759.1,7758.41,7759.79,1783268326.158
1783268327,7761.3,7760.61,7761.98,1783268327.125
1783268328,7762.24,7761.55,7762.92,1783268328.169
1783268329,7760.54,7759.86,7761.23,1783268329.128
1783268330,7760.95,7760.27,7761.64,1783268330.139
1783268331,7761.12,7760.44,7761.81,1783268331.126
1783268332,7761.3,7760.62,7761.99,1783268332.156
1783268333,7760.78,7760.1,7761.47,1783268333.117
1783268334,7760.1,7759.41,7760.79,1783268334.183
1783268335,7761.74,7761.06,7762.43,1783268335.133
1783268336,7764.1,7763.41,7764.79,1783268336.149
1783268337,7763.31,7762.62,7764,1783268337.117
1783268338,7762.92,7762.24,7763.61,1783268338.143
1783268339,7764.77,7764.09,7765.46,1783268339.125
1783268340,7765.84,7765.15,7766.53,1783268340.163
1783268341,7767.25,7766.56,7767.94,1783268341.119
1783268342,7769.04,7768.36,7769.73,1783268342.193
1783268343,7766.8,7766.12,7767.49,1783268343.132
1783268344,7766.44,7765.76,7767.13,1783268344.147
1783268345,7766.76,7766.07,7767.45,1783268345.116
1783268346,7767.99,7767.3,7768.68,1783268346.147
1783268347,7768.68,7767.99,7769.37,1783268347.120
1783268348,7767.64,7766.95,7768.32,1783268348.204
1783268349,7769.05,7768.36,7769.74,1783268349.111
1783268350,7769.9,7769.22,7770.59,1783268350.152
1783268351,7769.79,7769.1,7770.48,1783268351.129
1783268352,7768.99,7768.3,7769.68,1783268352.169
1783268353,7768.96,7768.27,7769.65,1783268353.125
1783268354,7767.89,7767.2,7768.57,1783268354.132
1783268355,7767.11,7766.43,7767.8,1783268355.132
1783268356,7768.13,7767.45,7768.82,1783268356.145
1783268357,7768.91,7768.23,7769.6,1783268357.123
1783268358,7769.58,7768.89,7770.27,1783268358.161
1783268359,7770.43,7769.74,7771.12,1783268359.116
1783268360,7770.53,7769.85,7771.22,1783268360.148
1783268361,7769.96,7769.27,7770.64,1783268361.123
1783268362,7770.88,7770.19,7771.57,1783268362.150
1783268363,7771.06,7770.37,7771.74,1783268363.136
1783268364,7770.84,7770.15,7771.53,1783268364.152
1783268365,7772.24,7771.55,7772.93,1783268365.118
1783268366,7772.73,7772.04,7773.42,1783268366.136
1783268367,7772.6,7771.91,7773.29,1783268367.124
1783268368,7773.27,7772.58,7773.96,1783268368.132
1783268369,7774.2,7773.52,7774.89,1783268369.124
1783268370,7775.1,7774.41,7775.79,1783268370.162
1783268371,7774.11,7773.42,7774.8,1783268371.135
1783268372,7771.76,7771.07,7772.44,1783268372.203
1783268373,7771.82,7771.13,7772.51,1783268373.122
1783268374,7769.91,7769.22,7770.6,1783268374.143
1783268375,7770.05,7769.37,7770.74,1783268375.147
1783268376,7770.84,7770.15,7771.52,1783268376.162
1783268377,7772.45,7771.76,7773.13,1783268377.117
1783268378,7773.53,7772.84,7774.22,1783268378.202
1783268379,7771.8,7771.11,7772.49,1783268379.118
1783268380,7773.76,7773.08,7774.45,1783268380.149
1783268381,7771.63,7770.94,7772.31,1783268381.114
1783268382,7770.61,7769.92,7771.3,1783268382.156
1783268383,7769.32,7768.63,7770.01,1783268383.126
1783268384,7768.81,7768.13,7769.5,1783268384.141
1783268385,7766.8,7766.12,7767.49,1783268385.117
1783268386,7766.04,7765.36,7766.73,1783268386.133
1783268387,7765.48,7764.79,7766.17,1783268387.122
1783268388,7764.64,7763.96,7765.33,1783268388.154
1783268389,7763.94,7763.25,7764.63,1783268389.122
1783268390,7763.75,7763.06,7764.43,1783268390.155
1783268391,7765.85,7765.16,7766.54,1783268391.117
1783268392,7767.22,7766.53,7767.9,1783268392.143
1783268393,7766.45,7765.76,7767.14,1783268393.125
1783268394,7766.15,7765.47,7766.84,1783268394.156
1783268395,7766.83,7766.14,7767.52,1783268395.123
1783268396,7767.12,7766.43,7767.81,1783268396.156
1783268397,7767.06,7766.37,7767.75,1783268397.119
1783268398,7766.69,7766.01,7767.38,1783268398.135
1783268399,7767.09,7766.41,7767.78,1783268399.122
1783268400,7767.86,7767.17,7768.54,1783268400.167
1783268401,7766.74,7766.05,7767.42,1783268401.151
1783268402,7766.95,7766.26,7767.64,1783268402.186
1783268403,7768.88,7768.19,7769.57,1783268403.347
1783268404,7769.27,7768.58,7769.96,1783268404.154
1783268405,7768.83,7768.14,7769.51,1783268405.182
1783268406,7769.28,7768.59,7769.97,1783268406.155
1783268407,7769.68,7768.99,7770.37,1783268407.116
1783268408,7768.97,7768.28,7769.65,1783268408.200
1783268409,7770.05,7769.37,7770.74,1783268409.125
1783268410,7769.88,7769.19,7770.57,1783268410.209
1783268411,7769.77,7769.08,7770.46,1783268411.119
1783268412,7770.86,7770.18,7771.55,1783268412.237
1783268413,7769.27,7768.58,7769.96,1783268413.118
1783268414,7768.64,7767.95,7769.33,1783268414.245
1783268415,7768.2,7767.51,7768.89,1783268415.112
1783268416,7768.76,7768.07,7769.45,1783268416.142
1783268417,7768.98,7768.29,7769.66,1783268417.113
1783268418,7769.31,7768.62,7770,1783268418.148
1783268419,7768.83,7768.14,7769.52,1783268419.110
1783268420,7767.96,7767.27,7768.64,1783268420.152
1783268421,7767.68,7767,7768.37,1783268421.123
1783268422,7767.93,7767.24,7768.62,1783268422.145
1783268423,7766.11,7765.42,7766.8,1783268423.134
1783268424,7765.61,7764.92,7766.3,1783268424.142
1783268425,7766.06,7765.37,7766.74,1783268425.115
1783268426,7764.43,7763.74,7765.12,1783268426.145
1783268427,7765.19,7764.51,7765.88,1783268427.113
1783268428,7763.38,7762.7,7764.07,1783268428.162
1783268429,7762.94,7762.25,7763.62,1783268429.121
1783268430,7762.64,7761.96,7763.33,1783268430.174
1783268431,7761.79,7761.1,7762.48,1783268431.128
1783268432,7760.68,7759.99,7761.36,1783268432.151
1783268433,7760,7759.32,7760.69,1783268433.136
1783268434,7758.24,7757.56,7758.93,1783268434.159
1783268435,7758.44,7757.75,7759.12,1783268435.133
1783268436,7757.9,7757.21,7758.58,1783268436.149
1783268437,7757.46,7756.77,7758.14,1783268437.132
1783268438,7754.97,7754.29,7755.66,1783268438.248
1783268439,7754.85,7754.16,7755.53,1783268439.132
1783268440,7755.62,7754.94,7756.31,1783268440.146
1783268441,7755.11,7754.42,7755.79,1783268441.135
1783268442,7755.37,7754.68,7756.05,1783268442.152
1783268443,7754.82,7754.13,7755.5,1783268443.116
1783268444,7754.6,7753.91,7755.29,1783268444.157
1783268445,7754.31,7753.63,7755,1783268445.129
1783268446,7754.81,7754.12,7755.49,1783268446.176
1783268447,7753.89,7753.2,7754.57,1783268447.124
1783268448,7753.52,7752.84,7754.21,1783268448.169
1783268449,7754.46,7753.78,7755.15,1783268449.118
1783268450,7755.35,7754.66,7756.03,1783268450.162
1783268451,7755.78,7755.09,7756.46,1783268451.124
1783268452,7755.9,7755.21,7756.59,1783268452.244
1783268453,7755.67,7754.98,7756.35,1783268453.115
1783268454,7755.5,7754.81,7756.18,1783268454.174
1783268455,7755.82,7755.14,7756.51,1783268455.118
1783268456,7754.32,7753.63,7755,1783268456.147
1783268457,7753.07,7752.39,7753.76,1783268457.118
1783268458,7751.75,7751.06,7752.44,1783268458.154
1783268459,7753.84,7753.15,7754.53,1783268459.110
1783268460,7754.35,7753.67,7755.04,1783268460.153
1783268461,7755.6,7754.92,7756.29,1783268461.123
1783268462,7754.95,7754.26,7755.63,1783268462.158
1783268463,7752.71,7752.02,7753.4,1783268463.136
1783268464,7752.51,7751.82,7753.19,1783268464.159
1783268465,7752.4,7751.72,7753.09,1783268465.123
1783268466,7753.76,7753.07,7754.44,1783268466.150
1783268467,7752.59,7751.9,7753.27,1783268467.162
1783268468,7750.98,7750.29,7751.66,1783268468.152
1783268469,7751.38,7750.7,7752.07,1783268469.130
1783268470,7750.6,7749.92,7751.29,1783268470.153
1783268471,7751,7750.32,7751.69,1783268471.121
1783268472,7750.85,7750.17,7751.54,1783268472.150
1783268473,7751.3,7750.62,7751.99,1783268473.121
1783268474,7751.33,7750.65,7752.02,1783268474.152
1783268475,7749.83,7749.14,7750.51,1783268475.144
1783268476,7749.77,7749.09,7750.46,1783268476.150
1783268477,7751.29,7750.6,7751.98,1783268477.129
1783268478,7752.1,7751.41,7752.79,1783268478.151
1783268479,7753.23,7752.54,7753.91,1783268479.121
1783268480,7753.04,7752.35,7753.72,1783268480.163
1783268481,7753.57,7752.88,7754.25,1783268481.122
1783268482,7754.21,7753.53,7754.9,1783268482.154
1783268483,7753.68,7753,7754.37,1783268483.116
1783268484,7752.89,7752.2,7753.58,1783268484.208
1783268485,7751.46,7750.77,7752.15,1783268485.128
1783268486,7751.04,7750.35,7751.72,1783268486.168
1783268487,7752.3,7751.62,7752.99,1783268487.116
1783268488,7751.86,7751.17,7752.55,1783268488.133
1783268489,7749.44,7748.76,7750.13,1783268489.119
1783268490,7749.96,7749.28,7750.65,1783268490.170
1783268491,7749.09,7748.41,7749.78,1783268491.126
1783268492,7748.2,7747.51,7748.88,1783268492.222
1783268493,7748.69,7748,7749.37,1783268493.120
1783268494,7749.23,7748.54,7749.92,1783268494.184
1783268495,7750.16,7749.48,7750.85,1783268495.121
1783268496,7750.41,7749.72,7751.09,1783268496.155
1783268497,7749.82,7749.13,7750.5,1783268497.126
1783268498,7748.96,7748.27,7749.65,1783268498.202
1783268499,7747.98,7747.3,7748.67,1783268499.118
1783268500,7747.93,7747.25,7748.62,1783268500.132
1783268501,7745.7,7745.02,7746.39,1783268501.117
1783268502,7745.03,7744.34,7745.71,1783268502.135
1783268503,7745.08,7744.4,7745.77,1783268503.116
1783268504,7746.2,7745.51,7746.88,1783268504.159
1783268505,7745.5,7744.82,7746.19,1783268505.124
1783268506,7744.95,7744.26,7745.63,1783268506.169
1783268507,7745.08,7744.39,7745.76,1783268507.121
1783268508,7745.2,7744.52,7745.89,1783268508.165
1783268509,7743.84,7743.16,7744.53,1783268509.110
1783268510,7741.71,7741.02,7742.39,1783268510.160
1783268511,7742.62,7741.94,7743.31,1783268511.117
1783268512,7742.21,7741.52,7742.89,1783268512.132
1783268513,7743.52,7742.84,7744.21,1783268513.126
1783268514,7741.66,7740.97,7742.34,1783268514.158
1783268515,7742.71,7742.03,7743.4,1783268515.130
1783268516,7743.74,7743.05,7744.42,1783268516.128
1783268517,7745.04,7744.36,7745.73,1783268517.115
1783268518,7744.81,7744.13,7745.5,1783268518.131
1783268519,7746.02,7745.34,7746.71,1783268519.110
1783268520,7745.2,7744.52,7745.89,1783268520.138
1783268521,7745.5,7744.81,7746.19,1783268521.133
1783268522,7746.84,7746.16,7747.53,1783268522.231
1783268523,7747.7,7747.02,7748.39,1783268523.138
1783268524,7746.33,7745.64,7747.02,1783268524.173
1783268525,7745.79,7745.11,7746.48,1783268525.112
1783268526,7747.09,7746.41,7747.78,1783268526.132
1783268527,7746.77,7746.08,7747.45,1783268527.130
1783268528,7746.91,7746.23,7747.6,1783268528.271
1783268529,7747.58,7746.89,7748.26,1783268529.116
1783268530,7748.71,7748.03,7749.4,1783268530.155
1783268531,7748.78,7748.09,7749.46,1783268531.114
1783268532,7750.31,7749.63,7751,1783268532.143
1783268533,7749.24,7748.56,7749.93,1783268533.121
1783268534,7749.54,7748.86,7750.23,1783268534.159
1783268535,7750.15,7749.46,7750.84,1783268535.115
1783268536,7750.29,7749.61,7750.98,1783268536.137
1783268537,7751.55,7750.87,7752.24,1783268537.130
1783268538,7752.85,7752.17,7753.54,1783268538.160
1783268539,7752.35,7751.66,7753.03,1783268539.115
1783268540,7754.55,7753.86,7755.23,1783268540.130
1783268541,7755.73,7755.05,7756.42,1783268541.125
1783268542,7756.08,7755.39,7756.77,1783268542.132
1783268543,7754.61,7753.93,7755.3,1783268543.117
1783268544,7754.2,7753.51,7754.88,1783268544.135
1783268545,7754.08,7753.4,7754.77,1783268545.122
1783268546,7754.16,7753.48,7754.85,1783268546.164
1783268547,7754.18,7753.5,7754.87,1783268547.123
1783268548,7753.45,7752.76,7754.14,1783268548.155
1783268549,7752.35,7751.67,7753.04,1783268549.109
1783268550,7753.72,7753.03,7754.4,1783268550.130
1783268551,7753.28,7752.6,7753.97,1783268551.123
1783268552,7753.72,7753.04,7754.41,1783268552.165
1783268553,7753.31,7752.63,7754,1783268553.124
1783268554,7753.41,7752.72,7754.09,1783268554.137
1783268555,7753.67,7752.99,7754.36,1783268555.123
1783268556,7751.23,7750.55,7751.92,1783268556.160
1783268557,7751.11,7750.43,7751.8,1783268557.113
1783268558,7751.13,7750.44,7751.81,1783268558.200
1783268559,7750.01,7749.32,7750.69,1783268559.122
1783268560,7750,7749.31,7750.68,1783268560.161
1783268561,7749.99,7749.31,7750.68,1783268561.121
1783268562,7750.57,7749.89,7751.26,1783268562.136
1783268563,7752.71,7752.03,7753.4,1783268563.118
1783268564,7751.77,7751.09,7752.46,1783268564.169
1783268565,7751.7,7751.01,7752.39,1783268565.116
1783268566,7752.59,7751.91,7753.28,1783268566.170
1783268567,7751.24,7750.56,7751.93,1783268567.121
1783268568,7751.16,7750.48,7751.85,1783268568.159
1783268569,7750.52,7749.84,7751.21,1783268569.116
1783268570,7750.78,7750.09,7751.47,1783268570.164
1783268571,7749.77,7749.08,7750.46,1783268571.120
1783268572,7750.56,7749.88,7751.25,1783268572.146
1783268573,7751.07,7750.39,7751.76,1783268573.112
1783268574,7752.54,7751.86,7753.23,1783268574.162
1783268575,7754,7753.32,7754.69,1783268575.114
1783268576,7754.5,7753.82,7755.19,1783268576.134
1783268577,7752.84,7752.16,7753.53,1783268577.119
1783268578,7753.08,7752.39,7753.77,1783268578.139
1783268579,7753.65,7752.96,7754.34,1783268579.117
1783268580,7752.55,7751.86,7753.24,1783268580.168
1783268581,7751.21,7750.53,7751.9,1783268581.126
1783268582,7750.58,7749.9,7751.27,1783268582.178
1783268583,7750.98,7750.29,7751.66,1783268583.130
1783268584,7751.04,7750.35,7751.72,1783268584.139
1783268585,7750.04,7749.36,7750.73,1783268585.122
1783268586,7749.1,7748.41,7749.78,1783268586.163
1783268587,7747.8,7747.11,7748.48,1783268587.117
1783268588,7749.24,7748.55,7749.93,1783268588.209
1783268589,7749.68,7748.99,7750.36,1783268589.117
1783268590,7750.19,7749.5,7750.88,1783268590.166
1783268591,7751.57,7750.88,7752.25,1783268591.114
1783268592,7751.75,7751.07,7752.44,1783268592.166
1783268593,7752.7,7752.02,7753.39,1783268593.111
1783268594,7753.35,7752.66,7754.03,1783268594.170
1783268595,7753.52,7752.83,7754.21,1783268595.110
1783268596,7754.36,7753.67,7755.04,1783268596.138
1783268597,7755.14,7754.45,7755.82,1783268597.110
1783268598,7753.69,7753,7754.38,1783268598.134
1783268599,7753.27,7752.58,7753.95,1783268599.123
1783268600,7751.93,7751.25,7752.62,1783268600.148
1783268601,7753.33,7752.64,7754.01,1783268601.125
1783268602,7752.67,7751.99,7753.36,1783268602.129
1783268603,7752.25,7751.56,7752.93,1783268603.122
1783268604,7752.91,7752.23,7753.6,1783268604.150
1783268605,7752.97,7752.28,7753.66,1783268605.110
1783268606,7754.38,7753.7,7755.07,1783268606.138
1783268607,7755.36,7754.67,7756.04,1783268607.113
1783268608,7755.81,7755.13,7756.5,1783268608.141
1783268609,7756.92,7756.24,7757.61,1783268609.110
1783268610,7758.09,7757.41,7758.78,1783268610.140
1783268611,7758.91,7758.22,7759.6,1783268611.122
1783268612,7759.05,7758.36,7759.74,1783268612.136
1783268613,7758.29,7757.6,7758.97,1783268613.112
1783268614,7760.31,7759.62,7760.99,1783268614.147
1783268615,7760.24,7759.56,7760.93,1783268615.116
1783268616,7757.7,7757.01,7758.38,1783268616.142
1783268617,7758.72,7758.03,7759.4,1783268617.115
1783268618,7759.21,7758.52,7759.9,1783268618.244
1783268619,7758.85,7758.17,7759.54,1783268619.113
1783268620,7759.5,7758.81,7760.19,1783268620.164
1783268621,7758.98,7758.3,7759.67,1783268621.126
1783268622,7756.61,7755.92,7757.29,1783268622.132
1783268623,7755.28,7754.59,7755.97,1783268623.113
1783268624,7754.49,7753.81,7755.18,1783268624.140
1783268625,7754.46,7753.78,7755.15,1783268625.127
1783268626,7757.38,7756.69,7758.06,1783268626.134
1783268627,7758.35,7757.67,7759.04,1783268627.114
1783268628,7758.06,7757.38,7758.75,1783268628.151
1783268629,7760.03,7759.34,7760.71,1783268629.107
1783268630,7759.97,7759.29,7760.66,1783268630.170
1783268631,7760.72,7760.03,7761.4,1783268631.113
1783268632,7758.59,7757.9,7759.27,1783268632.141
1783268633,7757.7,7757.01,7758.38,1783268633.120
1783268634,7757.15,7756.46,7757.83,1783268634.174
1783268635,7758.61,7757.92,7759.29,1783268635.121
1783268636,7758.78,7758.09,7759.47,1783268636.134
1783268637,7760.53,7759.84,7761.22,1783268637.109
1783268638,7759.97,7759.28,7760.66,1783268638.132
1783268639,7762.5,7761.82,7763.19,1783268639.108
1783268640,7761.35,7760.66,7762.04,1783268640.150
1783268641,7763.68,7762.99,7764.36,1783268641.181
1783268642,7763.96,7763.27,7764.64,1783268642.241
1783268643,7763.53,7762.84,7764.21,1783268643.266
1783268644,7765.01,7764.33,7765.7,1783268644.254
1783268645,7765.2,7764.51,7765.89,1783268645.129
1783268646,7765.63,7764.95,7766.32,1783268646.163
1783268647,7766.13,7765.44,7766.82,1783268647.118
1783268648,7765.59,7764.9,7766.27,1783268648.202
1783268649,7766,7765.31,7766.68,1783268649.119
1783268650,7765.73,7765.04,7766.42,1783268650.129
1783268651,7765.1,7764.42,7765.79,1783268651.111
1783268652,7767.09,7766.41,7767.78,1783268652.146
1783268653,7766.3,7765.61,7766.99,1783268653.123
1783268654,7765.29,7764.61,7765.98,1783268654.146
1783268655,7765.81,7765.12,7766.49,1783268655.112
1783268656,7765.12,7764.43,7765.8,1783268656.129
1783268657,7765.12,7764.44,7765.81,1783268657.112
1783268658,7764.02,7763.33,7764.71,1783268658.152
1783268659,7763.92,7763.23,7764.61,1783268659.110
1783268660,7764.33,7763.64,7765.02,1783268660.149
1783268661,7763.16,7762.47,7763.85,1783268661.116
1783268662,7762.16,7761.47,7762.85,1783268662.139
1783268663,7761.23,7760.54,7761.92,1783268663.111
1783268664,7760.01,7759.33,7760.7,1783268664.128
1783268665,7758.74,7758.06,7759.43,1783268665.123
1783268666,7759.32,7758.64,7760.01,1783268666.149
1783268667,7759.59,7758.9,7760.28,1783268667.123
1783268668,7759.97,7759.28,7760.66,1783268668.135
1783268669,7760.14,7759.46,7760.83,1783268669.116
1783268670,7760.41,7759.72,7761.1,1783268670.155
1783268671,7760.69,7760.01,7761.38,1783268671.124
1783268672,7759.97,7759.28,7760.66,1783268672.133
1783268673,7759.01,7758.32,7759.7,1783268673.122
1783268674,7758.77,7758.08,7759.45,1783268674.159
1783268675,7758.79,7758.1,7759.48,1783268675.140
1783268676,7758.89,7758.2,7759.57,1783268676.141
1783268677,7759.06,7758.37,7759.74,1783268677.114
1783268678,7758.3,7757.62,7758.99,1783268678.206
1783268679,7756.36,7755.67,7757.05,1783268679.128
1783268680,7757.6,7756.91,7758.29,1783268680.142
1783268681,7758.4,7757.71,7759.08,1783268681.114
1783268682,7756.78,7756.09,7757.46,1783268682.204
1783268683,7756.43,7755.74,7757.11,1783268683.125
1783268684,7758.46,7757.78,7759.15,1783268684.150
1783268685,7756.32,7755.63,7757,1783268685.121
1783268686,7756.45,7755.76,7757.13,1783268686.143
1783268687,7756.1,7755.41,7756.79,1783268687.115
1783268688,7754.41,7753.73,7755.1,1783268688.164
1783268689,7755.82,7755.13,7756.5,1783268689.119
1783268690,7755.76,7755.08,7756.45,1783268690.147
1783268691,7757.45,7756.76,7758.13,1783268691.128
1783268692,7757.01,7756.32,7757.69,1783268692.146
1783268693,7757.28,7756.6,7757.97,1783268693.116
1783268694,7759.23,7758.55,7759.92,1783268694.150
1783268695,7758.6,7757.91,7759.28,1783268695.117
1783268696,7756.48,7755.79,7757.16,1783268696.151
1783268697,7756.04,7755.36,7756.73,1783268697.112
1783268698,7755.16,7754.47,7755.84,1783268698.155
1783268699,7754.33,7753.64,7755.02,1783268699.122
1783268700,7755.35,7754.67,7756.04,1783268700.149
1783268701,7754.19,7753.5,7754.87,1783268701.116
1783268702,7754.35,7753.67,7755.04,1783268702.200
1783268703,7754.04,7753.35,7754.72,1783268703.297
1783268704,7754.17,7753.49,7754.86,1783268704.272
1783268705,7754.44,7753.75,7755.13,1783268705.126
1783268706,7752.69,7752,7753.38,1783268706.134
1783268707,7753.7,7753.01,7754.38,1783268707.117
1783268708,7753.36,7752.67,7754.05,1783268708.207
1783268709,7753.89,7753.2,7754.57,1783268709.126
1783268710,7754.53,7753.84,7755.22,1783268710.165
1783268711,7754.15,7753.47,7754.84,1783268711.113
1783268712,7752.33,7751.64,7753.01,1783268712.151
1783268713,7752.83,7752.14,7753.51,1783268713.116
1783268714,7751.28,7750.59,7751.96,1783268714.144
1783268715,7750.93,7750.24,7751.62,1783268715.135
1783268716,7751.05,7750.36,7751.73,1783268716.129
1783268717,7751.19,7750.51,7751.88,1783268717.116
1783268718,7751.32,7750.63,7752,1783268718.146
1783268719,7751.66,7750.97,7752.34,1783268719.127
1783268720,7751.01,7750.32,7751.7,1783268720.159
1783268721,7751.9,7751.22,7752.59,1783268721.122
1783268722,7751.08,7750.39,7751.76,1783268722.138
1783268723,7749.92,7749.23,7750.6,1783268723.111
1783268724,7748.7,7748.01,7749.38,1783268724.140
1783268725,7748.29,7747.6,7748.97,1783268725.157
1783268726,7748.15,7747.47,7748.84,1783268726.140
1783268727,7749.49,7748.81,7750.18,1783268727.114
1783268728,7750.19,7749.51,7750.88,1783268728.147
1783268729,7749.06,7748.38,7749.75,1783268729.115
1783268730,7750.59,7749.9,7751.27,1783268730.136
1783268731,7750.15,7749.47,7750.84,1783268731.109
1783268732,7749.67,7748.98,7750.35,1783268732.139
1783268733,7749.12,7748.43,7749.8,1783268733.124
1783268734,7749.83,7749.15,7750.52,1783268734.162
1783268735,7751.41,7750.72,7752.09,1783268735.122
1783268736,7751.18,7750.5,7751.87,1783268736.137
1783268737,7750.3,7749.62,7750.99,1783268737.116
1783268738,7749.57,7748.88,7750.25,1783268738.202
1783268739,7747.34,7746.66,7748.03,1783268739.124
1783268740,7747.38,7746.7,7748.07,1783268740.151
1783268741,7746.86,7746.18,7747.55,1783268741.129
1783268742,7747.9,7747.22,7748.59,1783268742.150
1783268743,7749.56,7748.87,7750.25,1783268743.129
1783268744,7751.86,7751.18,7752.55,1783268744.147
1783268745,7751.39,7750.7,7752.08,1783268745.127
1783268746,7751.25,7750.57,7751.94,1783268746.153
1783268747,7750.33,7749.65,7751.02,1783268747.114
1783268748,7752.02,7751.34,7752.71,1783268748.305
1783268749,7752.85,7752.17,7753.54,1783268749.115
1783268750,7754,7753.31,7754.68,1783268750.144
1783268751,7753.11,7752.42,7753.79,1783268751.124
1783268752,7752.92,7752.23,7753.61,1783268752.135
1783268753,7752.48,7751.79,7753.16,1783268753.110
1783268754,7752.68,7752,7753.37,1783268754.144
1783268755,7753.4,7752.71,7754.09,1783268755.113
1783268756,7753.78,7753.09,7754.47,1783268756.152
1783268757,7753.63,7752.94,7754.32,1783268757.114
1783268758,7756.9,7756.21,7757.58,1783268758.165
1783268759,7754.88,7754.19,7755.56,1783268759.116
1783268760,7756.29,7755.6,7756.97,1783268760.165
1783268761,7755.81,7755.12,7756.5,1783268761.122
1783268762,7754.59,7753.91,7755.28,1783268762.194
1783268763,7752.65,7751.96,7753.34,1783268763.157
1783268764,7754.92,7754.24,7755.61,1783268764.139
1783268765,7757.22,7756.54,7757.91,1783268765.122
1783268766,7755.29,7754.6,7755.97,1783268766.150
1783268767,7754.62,7753.93,7755.3,1783268767.151
1783268768,7752.83,7752.14,7753.52,1783268768.207
1783268769,7755.59,7754.91,7756.28,1783268769.121
1783268770,7755,7754.31,7755.68,1783268770.163
1783268771,7756.81,7756.12,7757.49,1783268771.138
1783268772,7757.34,7756.65,7758.03,1783268772.147
1783268773,7758.03,7757.35,7758.72,1783268773.131
1783268774,7758.47,7757.79,7759.16,1783268774.159
1783268775,7759.29,7758.6,7759.98,1783268775.118
1783268776,7759.14,7758.45,7759.83,1783268776.149
1783268777,7758.94,7758.26,7759.63,1783268777.119
1783268778,7758.8,7758.12,7759.49,1783268778.149
1783268779,7759.11,7758.42,7759.8,1783268779.125
1783268780,7758.35,7757.67,7759.04,1783268780.140
1783268781,7759.72,7759.03,7760.4,1783268781.123
1783268782,7758.87,7758.18,7759.56,1783268782.139
1783268783,7759.1,7758.42,7759.79,1783268783.114
1783268784,7759.89,7759.2,7760.57,1783268784.146
1783268785,7759.32,7758.64,7760.01,1783268785.118
1783268786,7759.24,7758.56,7759.93,1783268786.136
1783268787,7758.83,7758.15,7759.52,1783268787.115
1783268788,7757.38,7756.7,7758.07,1783268788.133
1783268789,7756.47,7755.78,7757.15,1783268789.116
1783268790,7757,7756.31,7757.69,1783268790.136
1783268791,7758.19,7757.51,7758.88,1783268791.129
1783268792,7759.91,7759.22,7760.59,1783268792.149
1783268793,7759.69,7759,7760.37,1783268793.123
1783268794,7759.75,7759.06,7760.44,1783268794.139
1783268795,7760.06,7759.37,7760.75,1783268795.116
1783268796,7760.39,7759.71,7761.08,1783268796.166
1783268797,7761.25,7760.57,7761.94,1783268797.113
1783268798,7761.57,7760.89,7762.26,1783268798.204
1783268799,7762.3,7761.61,7762.99,1783268799.119
1783268800,7761.8,7761.11,7762.49,1783268800.134
1783268801,7760.01,7759.32,7760.7,1783268801.115
1783268802,7760.51,7759.82,7761.19,1783268802.135
1783268803,7761.76,7761.07,7762.45,1783268803.113
1783268804,7761.32,7760.63,7762.01,1783268804.134
1783268805,7762.26,7761.57,7762.94,1783268805.115
1783268806,7763.84,7763.15,7764.53,1783268806.132
1783268807,7763.93,7763.25,7764.62,1783268807.114
1783268808,7763.35,7762.66,7764.04,1783268808.142
1783268809,7764.17,7763.49,7764.86,1783268809.125
1783268810,7764.49,7763.8,7765.17,1783268810.173
1783268811,7765.24,7764.56,7765.93,1783268811.112
1783268812,7764.56,7763.88,7765.25,1783268812.151
1783268813,7765.13,7764.44,7765.82,1783268813.125
1783268814,7764.35,7763.66,7765.03,1783268814.140
1783268815,7765.92,7765.24,7766.61,1783268815.119
1783268816,7766.45,7765.76,7767.14,1783268816.140
1783268817,7766.83,7766.14,7767.52,1783268817.113
1783268818,7766.73,7766.05,7767.42,1783268818.141
1783268819,7765.86,7765.17,7766.55,1783268819.122
1783268820,7766.76,7766.07,7767.44,1783268820.159
1783268821,7766.6,7765.91,7767.28,1783268821.115
1783268822,7766.04,7765.36,7766.73,1783268822.307
1783268823,7767.04,7766.35,7767.73,1783268823.122
1783268824,7767.38,7766.69,7768.06,1783268824.195
1783268825,7766.75,7766.06,7767.44,1783268825.119
1783268826,7767.74,7767.06,7768.43,1783268826.140
1783268827,7767.59,7766.9,7768.28,1783268827.116
1783268828,7765.91,7765.22,7766.59,1783268828.137
1783268829,7765.01,7764.32,7765.69,1783268829.118
1783268830,7765.8,7765.11,7766.49,1783268830.144
1783268831,7765.23,7764.55,7765.92,1783268831.121
1783268832,7765.37,7764.68,7766.06,1783268832.149
1783268833,7764.59,7763.9,7765.28,1783268833.112
1783268834,7763.79,7763.1,7764.47,1783268834.153
1783268835,7763.23,7762.54,7763.91,1783268835.116
1783268836,7763.65,7762.97,7764.34,1783268836.136
1783268837,7763.28,7762.59,7763.97,1783268837.129
1783268838,7762.58,7761.9,7763.27,1783268838.158
1783268839,7760.74,7760.05,7761.43,1783268839.112
1783268840,7759.28,7758.59,7759.96,1783268840.152
1783268841,7760.03,7759.34,7760.71,1783268841.121
1783268842,7761.8,7761.11,7762.48,1783268842.147
1783268843,7762.99,7762.31,7763.68,1783268843.113
1783268844,7763.27,7762.58,7763.96,1783268844.131
1783268845,7763.42,7762.73,7764.1,1783268845.130
1783268846,7762.98,7762.29,7763.66,1783268846.142
1783268847,7762.38,7761.69,7763.06,1783268847.124
1783268848,7762.44,7761.75,7763.13,1783268848.144
1783268849,7762.37,7761.68,7763.05,1783268849.117
1783268850,7761.84,7761.15,7762.52,1783268850.141
1783268851,7759.6,7758.92,7760.29,1783268851.111
1783268852,7760.08,7759.4,7760.77,1783268852.146
1783268853,7759.82,7759.13,7760.51,1783268853.120
1783268854,7760.88,7760.19,7761.57,1783268854.144
1783268855,7761.75,7761.06,7762.43,1783268855.116
1783268856,7761.99,7761.3,7762.67,1783268856.156
1783268857,7763.64,7762.95,7764.33,1783268857.114
1783268858,7762.43,7761.74,7763.12,1783268858.147
1783268859,7760.89,7760.2,7761.58,1783268859.113
1783268860,7761.62,7760.94,7762.31,1783268860.147
1783268861,7761.86,7761.17,7762.54,1783268861.117
1783268862,7762.16,7761.47,7762.85,1783268862.147
1783268863,7761.52,7760.84,7762.21,1783268863.117
1783268864,7762.06,7761.37,7762.74,1783268864.154
1783268865,7762.01,7761.32,7762.69,1783268865.119
1783268866,7760.4,7759.71,7761.09,1783268866.132
1783268867,7762.11,7761.43,7762.8,1783268867.116
1783268868,7761.52,7760.84,7762.21,1783268868.142
1783268869,7760.07,7759.38,7760.76,1783268869.123
1783268870,7759.08,7758.4,7759.77,1783268870.141
1783268871,7757.77,7757.08,7758.46,1783268871.122
1783268872,7757.93,7757.24,7758.62,1783268872.141
1783268873,7757.72,7757.04,7758.41,1783268873.122
1783268874,7759.88,7759.19,7760.56,1783268874.139
1783268875,7760.71,7760.03,7761.4,1783268875.151
1783268876,7760.82,7760.14,7761.51,1783268876.151
1783268877,7759.86,7759.17,7760.55,1783268877.124
1783268878,7760.92,7760.23,7761.6,1783268878.146
1783268879,7759.43,7758.74,7760.12,1783268879.114
1783268880,7759.05,7758.36,7759.73,1783268880.164
1783268881,7757.83,7757.14,7758.51,1783268881.145
1783268882,7758.65,7757.96,7759.33,1783268882.219
1783268883,7757.81,7757.12,7758.49,1783268883.136
1783268884,7757.64,7756.96,7758.33,1783268884.152
1783268885,7755.94,7755.25,7756.63,1783268885.113
1783268886,7755.43,7754.74,7756.12,1783268886.153
1783268887,7753.54,7752.85,7754.22,1783268887.131
1783268888,7753.1,7752.41,7753.78,1783268888.126
1783268889,7754.06,7753.37,7754.75,1783268889.116
1783268890,7754.09,7753.4,7754.77,1783268890.147
1783268891,7753.65,7752.97,7754.34,1783268891.115
1783268892,7754.12,7753.43,7754.81,1783268892.200
1783268893,7755.2,7754.51,7755.88,1783268893.116
1783268894,7754.75,7754.06,7755.43,1783268894.155
1783268895,7755.79,7755.1,7756.48,1783268895.130
1783268896,7755.74,7755.05,7756.43,1783268896.151
1783268897,7756.14,7755.45,7756.82,1783268897.115
1783268898,7754.28,7753.59,7754.97,1783268898.139
1783268899,7755.13,7754.44,7755.81,1783268899.121
1783268900,7754.37,7753.68,7755.06,1783268900.144
1783268901,7754.39,7753.71,7755.08,1783268901.124
1783268902,7753.39,7752.71,7754.08,1783268902.142
1783268903,7753.4,7752.71,7754.08,1783268903.127
1783268904,7753.54,7752.86,7754.23,1783268904.143
1783268905,7751.22,7750.54,7751.91,1783268905.114
1783268906,7751.36,7750.67,7752.05,1783268906.146
1783268907,7753.93,7753.24,7754.62,1783268907.134
1783268908,7752.8,7752.12,7753.49,1783268908.144
1783268909,7750.66,7749.98,7751.35,1783268909.119
1783268910,7752.14,7751.45,7752.83,1783268910.137
1783268911,7751.26,7750.57,7751.94,1783268911.111
1783268912,7750.29,7749.61,7750.98,1783268912.143
1783268913,7749.99,7749.31,7750.68,1783268913.114
1783268914,7749.48,7748.79,7750.16,1783268914.143
1783268915,7750.1,7749.41,7750.78,1783268915.117
1783268916,7748.2,7747.52,7748.89,1783268916.137
1783268917,7748.28,7747.59,7748.97,1783268917.115
1783268918,7749.01,7748.32,7749.69,1783268918.216
1783268919,7749.5,7748.82,7750.19,1783268919.132
1783268920,7747.8,7747.11,7748.48,1783268920.138
1783268921,7749.66,7748.97,7750.35,1783268921.117
1783268922,7750.17,7749.49,7750.86,1783268922.148
1783268923,7749.37,7748.68,7750.05,1783268923.118
1783268924,7748.86,7748.17,7749.54,1783268924.149
1783268925,7749.49,7748.8,7750.18,1783268925.121
1783268926,7748.99,7748.3,7749.67,1783268926.132
1783268927,7749.3,7748.61,7749.98,1783268927.125
1783268928,7749.64,7748.96,7750.33,1783268928.135
1783268929,7750.1,7749.41,7750.79,1783268929.120
1783268930,7750.99,7750.31,7751.68,1783268930.146
1783268931,7750.46,7749.77,7751.15,1783268931.129
1783268932,7751.06,7750.38,7751.75,1783268932.140
1783268933,7750.77,7750.08,7751.46,1783268933.123
1783268934,7751.82,7751.13,7752.51,1783268934.135
1783268935,7752.88,7752.2,7753.57,1783268935.123
1783268936,7752.9,7752.21,7753.59,1783268936.146
1783268937,7754.21,7753.52,7754.89,1783268937.124
1783268938,7753.7,7753.01,7754.38,1783268938.144
1783268939,7753.9,7753.22,7754.59,1783268939.114
1783268940,7755.96,7755.27,7756.65,1783268940.164
1783268941,7756.03,7755.35,7756.72,1783268941.122
1783268942,7756.53,7755.85,7757.22,1783268942.130
1783268943,7756.73,7756.04,7757.41,1783268943.146
1783268944,7755.65,7754.96,7756.34,1783268944.149
1783268945,7755.12,7754.43,7755.8,1783268945.122
1783268946,7755.99,7755.31,7756.68,1783268946.127
1783268947,7754.53,7753.85,7755.22,1783268947.108
1783268948,7755.05,7754.36,7755.73,1783268948.199
1783268949,7755.61,7754.93,7756.3,1783268949.129
1783268950,7754.64,7753.95,7755.33,1783268950.152
1783268951,7752.93,7752.24,7753.61,1783268951.122
1783268952,7752.67,7751.99,7753.36,1783268952.137
1783268953,7752.51,7751.82,7753.2,1783268953.120
1783268954,7751.86,7751.17,7752.54,1783268954.137
1783268955,7750.12,7749.44,7750.81,1783268955.124
1783268956,7749.71,7749.03,7750.4,1783268956.171
1783268957,7748.92,7748.23,7749.6,1783268957.136
1783268958,7749.77,7749.09,7750.46,1783268958.127
1783268959,7749.38,7748.69,7750.06,1783268959.165
1783268960,7749.58,7748.89,7750.26,1783268960.212
1783268961,7751.06,7750.38,7751.75,1783268961.119
1783268962,7751.06,7750.37,7751.74,1783268962.153
1783268963,7752.74,7752.05,7753.42,1783268963.128
1783268964,7752.41,7751.72,7753.1,1783268964.133
1783268965,7753.41,7752.73,7754.1,1783268965.124
1783268966,7754.34,7753.66,7755.03,1783268966.141
1783268967,7753.89,7753.2,7754.58,1783268967.117
1783268968,7754.03,7753.34,7754.71,1783268968.140
1783268969,7753.04,7752.35,7753.73,1783268969.117
1783268970,7752.3,7751.62,7752.99,1783268970.161
1783268971,7753.11,7752.43,7753.8,1783268971.117
1783268972,7753.53,7752.85,7754.22,1783268972.136
1783268973,7755.35,7754.66,7756.03,1783268973.127
1783268974,7755.75,7755.06,7756.43,1783268974.203
1783268975,7754.19,7753.5,7754.87,1783268975.127
1783268976,7752.82,7752.14,7753.51,1783268976.132
1783268977,7752.92,7752.23,7753.6,1783268977.123
1783268978,7754.24,7753.56,7754.93,1783268978.204
1783268979,7753.51,7752.83,7754.2,1783268979.116
1783268980,7754.92,7754.24,7755.61,1783268980.179
1783268981,7752.47,7751.78,7753.16,1783268981.126
1783268982,7751.39,7750.7,7752.07,1783268982.136
1783268983,7750.23,7749.54,7750.91,1783268983.127
1783268984,7751.33,7750.64,7752.01,1783268984.147
1783268985,7751.09,7750.41,7751.78,1783268985.123
1783268986,7748.68,7748,7749.37,1783268986.139
1783268987,7748.77,7748.08,7749.45,1783268987.129
1783268988,7750.72,7750.04,7751.41,1783268988.135
1783268989,7749.76,7749.07,7750.45,1783268989.119
1783268990,7748.02,7747.33,7748.7,1783268990.151
1783268991,7749.07,7748.38,7749.75,1783268991.120
1783268992,7749.66,7748.98,7750.35,1783268992.142
1783268993,7749.1,7748.41,7749.78,1783268993.121
1783268994,7749.12,7748.44,7749.81,1783268994.138
1783268995,7748.93,7748.25,7749.62,1783268995.117
1783268996,7748.86,7748.18,7749.55,1783268996.130
1783268997,7749.68,7748.99,7750.36,1783268997.117
1783268998,7750.65,7749.97,7751.34,1783268998.163
1783268999,7750.4,7749.72,7751.09,1783268999.123
1783269000,7749.58,7748.9,7750.27,1783269000.151
1783269001,7750.5,7749.81,7751.18,1783269001.303
1783269002,7749.4,7748.72,7750.09,1783269002.170
1783269003,7749.46,7748.77,7750.14,1783269003.140
1783269004,7747.27,7746.59,7747.96,1783269004.175
1783269005,7744.33,7743.64,7745.01,1783269005.159
1783269006,7743.62,7742.93,7744.3,1783269006.173
1783269007,7744.25,7743.56,7744.93,1783269007.128
1783269008,7744.57,7743.88,7745.25,1783269008.205
1783269009,7743.9,7743.22,7744.59,1783269009.130
1783269010,7744.25,7743.57,7744.94,1783269010.163
1783269011,7746.31,7745.63,7747,1783269011.125
1783269012,7746.07,7745.38,7746.75,1783269012.141
1783269013,7743.19,7742.5,7743.87,1783269013.125
1783269014,7744.73,7744.04,7745.41,1783269014.130
1783269015,7744.47,7743.78,7745.15,1783269015.121
1783269016,7743.8,7743.12,7744.49,1783269016.129
1783269017,7744.29,7743.61,7744.98,1783269017.115
1783269018,7741.31,7740.62,7741.99,1783269018.164
1783269019,7741.31,7740.62,7741.99,1783269019.120
1783269020,7740.9,7740.22,7741.59,1783269020.136
1783269021,7741.08,7740.39,7741.76,1783269021.117
1783269022,7738.81,7738.13,7739.5,1783269022.151
1783269023,7738.64,7737.95,7739.32,1783269023.121
1783269024,7738.37,7737.69,7739.06,1783269024.159
1783269025,7739.03,7738.34,7739.71,1783269025.126
1783269026,7738.64,7737.95,7739.32,1783269026.153
1783269027,7739.24,7738.55,7739.92,1783269027.119
1783269028,7738.41,7737.72,7739.09,1783269028.141
1783269029,7737.5,7736.81,7738.18,1783269029.124
1783269030,7737.31,7736.63,7738,1783269030.303
1783269031,7738.02,7737.34,7738.71,1783269031.118
1783269032,7739.5,7738.82,7740.19,1783269032.160
1783269033,7738.53,7737.84,7739.21,1783269033.124
1783269034,7737.49,7736.8,7738.17,1783269034.136
1783269035,7735.69,7735,7736.37,1783269035.113
1783269036,7735.25,7734.57,7735.94,1783269036.135
1783269037,7733.29,7732.6,7733.97,1783269037.118
1783269038,7732.2,7731.51,7732.88,1783269038.247
1783269039,7730.73,7730.05,7731.42,1783269039.114
1783269040,7730.78,7730.1,7731.47,1783269040.142
1783269041,7731.92,7731.24,7732.61,1783269041.110
1783269042,7730.84,7730.16,7731.52,1783269042.135
1783269043,7730.62,7729.94,7731.31,1783269043.109
1783269044,7730.92,7730.24,7731.61,1783269044.146
1783269045,7730.52,7729.84,7731.2,1783269045.110
1783269046,7730.64,7729.95,7731.32,1783269046.147
1783269047,7731.87,7731.18,7732.55,1783269047.126
1783269048,7732.8,7732.12,7733.49,1783269048.143
1783269049,7732.17,7731.49,7732.85,1783269049.115
1783269050,7731.78,7731.1,7732.47,1783269050.142
1783269051,7731.95,7731.26,7732.63,1783269051.126
1783269052,7732.68,7732,7733.37,1783269052.135
1783269053,7729.17,7728.49,7729.86,1783269053.127
1783269054,7729.97,7729.28,7730.65,1783269054.138
1783269055,7729.42,7728.74,7730.1,1783269055.114
1783269056,7731.14,7730.46,7731.83,1783269056.147
1783269057,7733.05,7732.37,7733.73,1783269057.129
1783269058,7732.87,7732.19,7733.55,1783269058.139
1783269059,7731.73,7731.05,7732.42,1783269059.121
1783269060,7730.39,7729.71,7731.08,1783269060.163
1783269061,7729.64,7728.95,7730.32,1783269061.117
1783269062,7731.24,7730.55,7731.92,1783269062.310
1783269063,7733.79,7733.1,7734.47,1783269063.124
1783269064,7733.47,7732.79,7734.16,1783269064.181
1783269065,7733.83,7733.15,7734.52,1783269065.117
1783269066,7735.35,7734.67,7736.04,1783269066.134
1783269067,7735.17,7734.49,7735.86,1783269067.134
1783269068,7735.33,7734.65,7736.02,1783269068.210
1783269069,7736.54,7735.86,7737.23,1783269069.120
1783269070,7735.31,7734.63,7736,1783269070.160
1783269071,7735.39,7734.71,7736.08,1783269071.119
1783269072,7734.18,7733.49,7734.86,1783269072.145
1783269073,7735.73,7735.04,7736.41,1783269073.112
1783269074,7734.97,7734.29,7735.66,1783269074.169
1783269075,7734.59,7733.91,7735.28,1783269075.125
1783269076,7735.8,7735.12,7736.49,1783269076.138
1783269077,7737.34,7736.65,7738.02,1783269077.114
1783269078,7735.44,7734.76,7736.13,1783269078.131
1783269079,7735.9,7735.22,7736.59,1783269079.113
1783269080,7733.8,7733.12,7734.49,1783269080.139
1783269081,7734.1,7733.41,7734.78,1783269081.111
1783269082,7733.44,7732.75,7734.12,1783269082.143
1783269083,7734.55,7733.86,7735.23,1783269083.124
1783269084,7733.94,7733.26,7734.63,1783269084.126
1783269085,7733.32,7732.63,7734,1783269085.112
1783269086,7731.93,7731.24,7732.61,1783269086.129
1783269087,7732.08,7731.39,7732.76,1783269087.126
1783269088,7732.43,7731.75,7733.12,1783269088.131
1783269089,7730.32,7729.64,7731,1783269089.124
1783269090,7729.87,7729.18,7730.55,1783269090.133
1783269091,7730.87,7730.18,7731.55,1783269091.121
1783269092,7729.55,7728.87,7730.24,1783269092.134
1783269093,7730.95,7730.26,7731.63,1783269093.113
1783269094,7730.78,7730.09,7731.46,1783269094.138
1783269095,7730.65,7729.97,7731.34,1783269095.119
1783269096,7730.11,7729.43,7730.79,1783269096.143
1783269097,7730.41,7729.72,7731.09,1783269097.116
1783269098,7730.51,7729.83,7731.19,1783269098.205
1783269099,7730.75,7730.06,7731.43,1783269099.162
1783269100,7731.27,7730.59,7731.95,1783269100.136
1783269101,7733.01,7732.32,7733.69,1783269101.111
1783269102,7731.71,7731.02,7732.39,1783269102.137
1783269103,7731.87,7731.19,7732.56,1783269103.135
1783269104,7733.69,7733.01,7734.38,1783269104.134
1783269105,7734.05,7733.37,7734.73,1783269105.116
1783269106,7732.99,7732.3,7733.67,1783269106.143
1783269107,7731.77,7731.08,7732.45,1783269107.120
1783269108,7731.78,7731.09,7732.46,1783269108.149
1783269109,7731.32,7730.63,7732,1783269109.117
1783269110,7730.73,7730.05,7731.42,1783269110.140
1783269111,7729.95,7729.27,7730.64,1783269111.117
1783269112,7727.8,7727.11,7728.48,1783269112.168
1783269113,7729.16,7728.48,7729.85,1783269113.120
1783269114,7728.61,7727.92,7729.29,1783269114.135
1783269115,7728.67,7727.99,7729.36,1783269115.114
1783269116,7729.34,7728.65,7730.02,1783269116.146
1783269117,7729.7,7729.02,7730.39,1783269117.122
1783269118,7730.44,7729.75,7731.12,1783269118.137
1783269119,7730.86,7730.18,7731.55,1783269119.107
1783269120,7731.1,7730.42,7731.78,1783269120.148
1783269121,7730.28,7729.6,7730.97,1783269121.137
1783269122,7731.44,7730.76,7732.13,1783269122.138
1783269123,7730.12,7729.43,7730.8,1783269123.170
1783269124,7730.24,7729.55,7730.92,1783269124.174
1783269125,7730.54,7729.86,7731.23,1783269125.112
1783269126,7730.07,7729.39,7730.75,1783269126.136
1783269127,7729.99,7729.31,7730.68,1783269127.124
1783269128,7730.29,7729.6,7730.97,1783269128.208
1783269129,7731.39,7730.7,7732.07,1783269129.118
1783269130,7731.17,7730.49,7731.86,1783269130.144
1783269131,7732.14,7731.45,7732.82,1783269131.113
1783269132,7732.71,7732.02,7733.39,1783269132.131
1783269133,7733.81,7733.13,7734.5,1783269133.106
1783269134,7733.95,7733.27,7734.64,1783269134.138
1783269135,7731.79,7731.11,7732.48,1783269135.122
1783269136,7732.92,7732.23,7733.6,1783269136.162
1783269137,7734.02,7733.33,7734.7,1783269137.113
1783269138,7733.15,7732.47,7733.84,1783269138.163
1783269139,7732.46,7731.77,7733.14,1783269139.113
1783269140,7734.62,7733.94,7735.31,1783269140.141
1783269141,7734.65,7733.96,7735.33,1783269141.135
1783269142,7736.72,7736.04,7737.41,1783269142.142
1783269143,7735.22,7734.54,7735.9,1783269143.117
1783269144,7735.18,7734.5,7735.87,1783269144.144
1783269145,7735.14,7734.45,7735.82,1783269145.115
1783269146,7735.15,7734.47,7735.84,1783269146.142
1783269147,7736.59,7735.91,7737.28,1783269147.110
1783269148,7737.48,7736.8,7738.16,1783269148.163
1783269149,7736.84,7736.16,7737.53,1783269149.125
1783269150,7736.85,7736.17,7737.54,1783269150.148
1783269151,7736.21,7735.53,7736.9,1783269151.119
1783269152,7735.87,7735.19,7736.56,1783269152.155
1783269153,7735.74,7735.06,7736.42,1783269153.123
1783269154,7734.18,7733.5,7734.87,1783269154.152
1783269155,7733.32,7732.63,7734,1783269155.127
1783269156,7733.15,7732.47,7733.84,1783269156.146
1783269157,7735.21,7734.53,7735.9,1783269157.114
1783269158,7733.51,7732.83,7734.19,1783269158.208
1783269159,7733.39,7732.7,7734.07,1783269159.124
1783269160,7733.38,7732.7,7734.07,1783269160.149
1783269161,7732.99,7732.3,7733.67,1783269161.126
1783269162,7732.98,7732.3,7733.67,1783269162.136
1783269163,7733.12,7732.44,7733.81,1783269163.116
1783269164,7730.91,7730.23,7731.59,1783269164.163
1783269165,7730.99,7730.3,7731.67,1783269165.138
1783269166,7731.92,7731.24,7732.61,1783269166.145
1783269167,7733.04,7732.36,7733.73,1783269167.124
1783269168,7733.06,7732.37,7733.74,1783269168.151
1783269169,7732.74,7732.05,7733.42,1783269169.122
1783269170,7732.1,7731.42,7732.79,1783269170.155
1783269171,7730.71,7730.03,7731.4,1783269171.219
1783269172,7730.05,7729.36,7730.73,1783269172.134
1783269173,7730.5,7729.82,7731.19,1783269173.118
1783269174,7730.82,7730.13,7731.5,1783269174.162
1783269175,7730.51,7729.83,7731.2,1783269175.120
1783269176,7728.7,7728.02,7729.39,1783269176.135
1783269177,7729.35,7728.67,7730.03,1783269177.124
1783269178,7729.75,7729.07,7730.43,1783269178.151
1783269179,7729.67,7728.98,7730.35,1783269179.118
1783269180,7730.92,7730.23,7731.6,1783269180.143
1783269181,7731.24,7730.55,7731.92,1783269181.121
1783269182,7731.51,7730.82,7732.19,1783269182.160
1783269183,7731.75,7731.07,7732.44,1783269183.261
1783269184,7730.85,7730.17,7731.53,1783269184.186
1783269185,7730.7,7730.01,7731.38,1783269185.117
1783269186,7731.6,7730.92,7732.29,1783269186.146
1783269187,7731.8,7731.11,7732.48,1783269187.121
1783269188,7731.47,7730.79,7732.16,1783269188.257
1783269189,7731.88,7731.2,7732.57,1783269189.121
1783269190,7732.66,7731.98,7733.35,1783269190.140
1783269191,7731.44,7730.75,7732.12,1783269191.132
1783269192,7732.01,7731.33,7732.7,1783269192.156
1783269193,7731.69,7731.01,7732.38,1783269193.115
1783269194,7731.67,7730.99,7732.35,1783269194.139
1783269195,7732.4,7731.72,7733.09,1783269195.122
1783269196,7733.61,7732.92,7734.29,1783269196.149
1783269197,7735.8,7735.12,7736.49,1783269197.119
1783269198,7733.3,7732.61,7733.98,1783269198.141
1783269199,7733.1,7732.41,7733.78,1783269199.117
1783269200,7733.36,7732.67,7734.04,1783269200.181
1783269201,7733,7732.32,7733.69,1783269201.121
1783269202,7732.94,7732.25,7733.62,1783269202.154
1783269203,7731.7,7731.01,7732.38,1783269203.118
1783269204,7730.76,7730.07,7731.44,1783269204.156
1783269205,7730.73,7730.05,7731.42,1783269205.120
1783269206,7731.67,7730.98,7732.35,1783269206.160
1783269207,7732.35,7731.66,7733.03,1783269207.119
1783269208,7731.84,7731.16,7732.53,1783269208.158
1783269209,7732.8,7732.12,7733.49,1783269209.116
1783269210,7733.3,7732.62,7733.99,1783269210.156
1783269211,7733.03,7732.35,7733.72,1783269211.119
1783269212,7732.54,7731.86,7733.22,1783269212.142
1783269213,7732.19,7731.5,7732.87,1783269213.113
1783269214,7731.51,7730.82,7732.19,1783269214.160
1783269215,7730.86,7730.18,7731.55,1783269215.133
1783269216,7730.56,7729.87,7731.24,1783269216.147
1783269217,7730.28,7729.6,7730.97,1783269217.117
1783269218,7729.02,7728.33,7729.7,1783269218.200
1783269219,7731.11,7730.43,7731.79,1783269219.117
1783269220,7729.53,7728.85,7730.21,1783269220.157
1783269221,7730.11,7729.43,7730.8,1783269221.120
1783269222,7730.91,7730.22,7731.59,1783269222.142
1783269223,7728.92,7728.23,7729.6,1783269223.120
1783269224,7727.93,7727.25,7728.61,1783269224.153
1783269225,7728.58,7727.89,7729.26,1783269225.116
1783269226,7728.33,7727.65,7729.01,1783269226.163
1783269227,7731.15,7730.46,7731.83,1783269227.113
1783269228,7730.84,7730.15,7731.52,1783269228.143
1783269229,7730.26,7729.57,7730.94,1783269229.117
1783269230,7731.59,7730.9,7732.27,1783269230.144
1783269231,7732.55,7731.86,7733.23,1783269231.121
1783269232,7733.87,7733.19,7734.55,1783269232.146
1783269233,7734.47,7733.79,7735.16,1783269233.120
1783269234,7733.42,7732.74,7734.11,1783269234.154
1783269235,7733.73,7733.05,7734.42,1783269235.115
1783269236,7735.16,7734.48,7735.84,1783269236.153
1783269237,7735.23,7734.55,7735.91,1783269237.115
1783269238,7735.04,7734.35,7735.72,1783269238.153
1783269239,7732.54,7731.86,7733.23,1783269239.112
1783269240,7731.58,7730.9,7732.27,1783269240.168
1783269241,7732.09,7731.41,7732.77,1783269241.128
1783269242,7733.8,7733.12,7734.49,1783269242.244
1783269243,7733.28,7732.59,7733.96,1783269243.130
1783269244,7734.06,7733.38,7734.75,1783269244.208
1783269245,7736.51,7735.83,7737.2,1783269245.121
1783269246,7737.73,7737.04,7738.41,1783269246.162
1783269247,7738.66,7737.98,7739.35,1783269247.112
1783269248,7738.73,7738.04,7739.41,1783269248.206
1783269249,7736.13,7735.45,7736.82,1783269249.119
1783269250,7735.45,7734.76,7736.13,1783269250.149
1783269251,7733.13,7732.45,7733.82,1783269251.122
1783269252,7733.56,7732.88,7734.25,1783269252.163
1783269253,7733.94,7733.26,7734.63,1783269253.125
1783269254,7732.85,7732.17,7733.54,1783269254.158
1783269255,7733.96,7733.28,7734.65,1783269255.117
1783269256,7734.83,7734.14,7735.51,1783269256.140
1783269257,7734.17,7733.49,7734.85,1783269257.121
1783269258,7731.98,7731.3,7732.67,1783269258.143
1783269259,7733.33,7732.64,7734.01,1783269259.120
1783269260,7732.84,7732.15,7733.52,1783269260.151
1783269261,7733.66,7732.98,7734.35,1783269261.116
1783269262,7735.59,7734.91,7736.28,1783269262.154
1783269263,7735.68,7735,7736.37,1783269263.124
1783269264,7738.07,7737.39,7738.76,1783269264.151
1783269265,7736.15,7735.47,7736.84,1783269265.128
1783269266,7736.93,7736.25,7737.62,1783269266.146
1783269267,7737.4,7736.71,7738.08,1783269267.115
1783269268,7737.1,7736.41,7737.78,1783269268.154
1783269269,7736.1,7735.41,7736.78,1783269269.117
1783269270,7736.85,7736.17,7737.54,1783269270.153
1783269271,7735.92,7735.24,7736.61,1783269271.117
1783269272,7735.86,7735.17,7736.54,1783269272.147
1783269273,7736.44,7735.76,7737.13,1783269273.123
1783269274,7737.07,7736.38,7737.75,1783269274.150
1783269275,7736.8,7736.12,7737.49,1783269275.121
1783269276,7738.06,7737.37,7738.74,1783269276.150
1783269277,7737.28,7736.6,7737.97,1783269277.122
1783269278,7737.81,7737.13,7738.49,1783269278.204
1783269279,7738.91,7738.23,7739.6,1783269279.117
1783269280,7740.51,7739.83,7741.2,1783269280.155
1783269281,7740.55,7739.87,7741.24,1783269281.123
1783269282,7740.07,7739.38,7740.75,1783269282.145
1783269283,7740.01,7739.32,7740.69,1783269283.132
1783269284,7740.49,7739.81,7741.18,1783269284.167
1783269285,7739.21,7738.53,7739.9,1783269285.124
1783269286,7741.06,7740.38,7741.75,1783269286.166
1783269287,7741.57,7740.88,7742.25,1783269287.118
1783269288,7741.6,7740.91,7742.28,1783269288.142
1783269289,7742.09,7741.4,7742.77,1783269289.118
1783269290,7741.72,7741.03,7742.4,1783269290.164
1783269291,7743.83,7743.15,7744.52,1783269291.131
1783269292,7742.56,7741.87,7743.24,1783269292.154
1783269293,7741.43,7740.75,7742.12,1783269293.124
1783269294,7741.56,7740.88,7742.25,1783269294.138
1783269295,7740.75,7740.07,7741.44,1783269295.126
1783269296,7740.78,7740.1,7741.47,1783269296.146
1783269297,7741.49,7740.81,7742.18,1783269297.125
1783269298,7741.14,7740.45,7741.82,1783269298.155
1783269299,7740.84,7740.16,7741.53,1783269299.116
1783269300,7739.33,7738.64,7740.01,1783269300.162
1783269301,7739.53,7738.85,7740.22,1783269301.145
1783269302,7739.74,7739.05,7740.42,1783269302.443
1783269303,7740.87,7740.18,7741.55,1783269303.192
1783269304,7740.64,7739.96,7741.33,1783269304.493
1783269305,7740.01,7739.33,7740.7,1783269305.125
1783269306,7739.94,7739.26,7740.63,1783269306.149
1783269307,7741.99,7741.31,7742.68,1783269307.128
1783269308,7743.55,7742.86,7744.23,1783269308.209
1783269309,7744.98,7744.29,7745.66,1783269309.122
1783269310,7745.91,7745.22,7746.59,1783269310.151
1783269311,7743.57,7742.89,7744.26,1783269311.134
1783269312,7743.18,7742.49,7743.86,1783269312.141
1783269313,7745.04,7744.35,7745.72,1783269313.109
1783269314,7744.75,7744.06,7745.43,1783269314.206
1783269315,7746.72,7746.04,7747.41,1783269315.130
1783269316,7746.85,7746.17,7747.54,1783269316.141
1783269317,7746.66,7745.97,7747.34,1783269317.123
1783269318,7746.94,7746.26,7747.63,1783269318.144
1783269319,7747.3,7746.61,7747.98,1783269319.113
1783269320,7749.38,7748.7,7750.07,1783269320.141
1783269321,7748.86,7748.18,7749.55,1783269321.123
1783269322,7750.93,7750.24,7751.62,1783269322.136
1783269323,7750.39,7749.7,7751.07,1783269323.124
1783269324,7750.21,7749.53,7750.9,1783269324.146
1783269325,7750.8,7750.12,7751.49,1783269325.114
1783269326,7750.6,7749.91,7751.28,1783269326.139
1783269327,7751.14,7750.46,7751.83,1783269327.114
1783269328,7750.04,7749.35,7750.73,1783269328.142
1783269329,7749.69,7749.01,7750.38,1783269329.107
1783269330,7749.45,7748.76,7750.13,1783269330.152
1783269331,7749.43,7748.74,7750.11,1783269331.118
1783269332,7749.53,7748.84,7750.21,1783269332.156
1783269333,7748.32,7747.63,7749,1783269333.111
1783269334,7747.15,7746.47,7747.84,1783269334.163
1783269335,7746.94,7746.26,7747.63,1783269335.115
1783269336,7745.39,7744.7,7746.07,1783269336.149
1783269337,7746.35,7745.66,7747.03,1783269337.117
1783269338,7745.09,7744.41,7745.78,1783269338.248
1783269339,7744.5,7743.82,7745.19,1783269339.119
1783269340,7743.88,7743.2,7744.57,1783269340.136
1783269341,7744.25,7743.57,7744.94,1783269341.113
1783269342,7744.51,7743.82,7745.19,1783269342.147
1783269343,7744.78,7744.09,7745.47,1783269343.114
1783269344,7743.17,7742.49,7743.86,1783269344.147
1783269345,7743.6,7742.91,7744.28,1783269345.114
1783269346,7745.86,7745.17,7746.54,1783269346.146
1783269347,7746.29,7745.6,7746.97,1783269347.120
1783269348,7746.76,7746.07,7747.44,1783269348.203
1783269349,7748.2,7747.51,7748.88,1783269349.122
1783269350,7747.03,7746.35,7747.72,1783269350.155
1783269351,7748.6,7747.91,7749.28,1783269351.119
1783269352,7748.84,7748.16,7749.53,1783269352.152
1783269353,7748.79,7748.1,7749.47,1783269353.168
1783269354,7749.25,7748.57,7749.94,1783269354.138
1783269355,7749.46,7748.77,7750.15,1783269355.130
1783269356,7748.9,7748.22,7749.59,1783269356.168
1783269357,7749.14,7748.45,7749.82,1783269357.124
1783269358,7748.39,7747.7,7749.07,1783269358.147
1783269359,7747.4,7746.71,7748.09,1783269359.128
1783269360,7747.35,7746.66,7748.04,1783269360.174
1783269361,7747.8,7747.11,7748.48,1783269361.132
1783269362,7748.64,7747.95,7749.32,1783269362.153
1783269363,7749.48,7748.79,7750.16,1783269363.300
1783269364,7749.07,7748.39,7749.76,1783269364.363
1783269365,7747.13,7746.44,7747.81,1783269365.129
1783269366,7746.68,7745.99,7747.36,1783269366.169
1783269367,7745.16,7744.48,7745.85,1783269367.126
1783269368,7745.42,7744.73,7746.1,1783269368.213
1783269369,7746.91,7746.23,7747.6,1783269369.145
1783269370,7747.27,7746.59,7747.96,1783269370.164
1783269371,7745.83,7745.14,7746.51,1783269371.121
1783269372,7746.83,7746.14,7747.51,1783269372.145
1783269373,7748.47,7747.78,7749.15,1783269373.123
1783269374,7748.41,7747.72,7749.09,1783269374.135
1783269375,7749.92,7749.24,7750.61,1783269375.114
1783269376,7749.52,7748.84,7750.21,1783269376.154
1783269377,7749.48,7748.8,7750.17,1783269377.130
1783269378,7750.8,7750.11,7751.48,1783269378.152
1783269379,7750.02,7749.33,7750.71,1783269379.117
1783269380,7751.1,7750.42,7751.79,1783269380.160
1783269381,7750.41,7749.72,7751.09,1783269381.127
1783269382,7749.61,7748.93,7750.3,1783269382.144
1783269383,7750.33,7749.64,7751.01,1783269383.123
1783269384,7751.54,7750.85,7752.23,1783269384.162
1783269385,7749.54,7748.86,7750.23,1783269385.113
1783269386,7750,7749.32,7750.69,1783269386.157
1783269387,7750.28,7749.59,7750.96,1783269387.119
1783269388,7750.16,7749.48,7750.85,1783269388.147
1783269389,7751.45,7750.76,7752.13,1783269389.117
1783269390,7752.33,7751.65,7753.02,1783269390.156
1783269391,7754.31,7753.62,7754.99,1783269391.132
1783269392,7755.47,7754.79,7756.16,1783269392.163
1783269393,7755.37,7754.68,7756.05,1783269393.130
1783269394,7755.89,7755.2,7756.58,1783269394.134
1783269395,7757.06,7756.37,7757.74,1783269395.124
1783269396,7756.44,7755.75,7757.12,1783269396.152
1783269397,7757.16,7756.47,7757.85,1783269397.121
1783269398,7755.98,7755.29,7756.67,1783269398.243
1783269399,7756.01,7755.32,7756.69,1783269399.117
1783269400,7756.25,7755.57,7756.94,1783269400.162
1783269401,7756.07,7755.39,7756.76,1783269401.127
1783269402,7756.35,7755.66,7757.04,1783269402.140
1783269403,7756.32,7755.63,7757.01,1783269403.122
1783269404,7755.13,7754.45,7755.82,1783269404.154
1783269405,7754.61,7753.93,7755.3,1783269405.126
1783269406,7754.55,7753.86,7755.24,1783269406.155
1783269407,7753.94,7753.26,7754.63,1783269407.116
1783269408,7753.27,7752.58,7753.95,1783269408.151
1783269409,7755.65,7754.96,7756.34,1783269409.122
1783269410,7755.87,7755.18,7756.55,1783269410.135
1783269411,7757.76,7757.07,7758.45,1783269411.127
1783269412,7758.4,7757.71,7759.08,1783269412.153
1783269413,7758.62,7757.94,7759.31,1783269413.123
1783269414,7759.63,7758.94,7760.31,1783269414.159
1783269415,7760.59,7759.91,7761.28,1783269415.113
1783269416,7762.01,7761.32,7762.7,1783269416.161
1783269417,7762.31,7761.63,7763,1783269417.119
1783269418,7763.68,7762.99,7764.37,1783269418.167
1783269419,7765.16,7764.48,7765.85,1783269419.148
1783269420,7765.25,7764.57,7765.94,1783269420.170
1783269421,7765.54,7764.85,7766.23,1783269421.123
1783269422,7765.33,7764.65,7766.02,1783269422.439
1783269423,7766.2,7765.52,7766.89,1783269423.161
1783269424,7765.56,7764.87,7766.25,1783269424.158
1783269425,7765.66,7764.98,7766.35,1783269425.129
1783269426,7765.57,7764.89,7766.26,1783269426.137
1783269427,7765.25,7764.57,7765.94,1783269427.115
1783269428,7765.67,7764.98,7766.36,1783269428.199
1783269429,7765.24,7764.55,7765.93,1783269429.158
1783269430,7765.27,7764.58,7765.96,1783269430.148
1783269431,7764.94,7764.25,7765.63,1783269431.162
1783269432,7766.84,7766.15,7767.52,1783269432.154
1783269433,7767.98,7767.29,7768.67,1783269433.121
1783269434,7765.71,7765.02,7766.39,1783269434.158
1783269435,7766.03,7765.34,7766.71,1783269435.129
1783269436,7765.46,7764.78,7766.15,1783269436.157
1783269437,7765.59,7764.9,7766.28,1783269437.123
1783269438,7765.05,7764.36,7765.74,1783269438.160
1783269439,7765.24,7764.55,7765.93,1783269439.126
1783269440,7766.46,7765.77,7767.15,1783269440.146
1783269441,7766.37,7765.68,7767.06,1783269441.117
1783269442,7765.72,7765.03,7766.4,1783269442.144
1783269443,7766.33,7765.64,7767.01,1783269443.120
1783269444,7765,7764.31,7765.69,1783269444.156
1783269445,7764.71,7764.02,7765.4,1783269445.127
1783269446,7764.43,7763.74,7765.12,1783269446.151
1783269447,7765.05,7764.36,7765.74,1783269447.122
1783269448,7764.3,7763.62,7764.99,1783269448.147
1783269449,7765.15,7764.47,7765.84,1783269449.120
1783269450,7764.04,7763.36,7764.73,1783269450.166
1783269451,7766.72,7766.04,7767.41,1783269451.122
1783269452,7765.19,7764.5,7765.88,1783269452.145
1783269453,7764.05,7763.37,7764.74,1783269453.130
1783269454,7764.44,7763.75,7765.13,1783269454.147
1783269455,7762.86,7762.17,7763.54,1783269455.114
1783269456,7762.86,7762.17,7763.55,1783269456.139
1783269457,7763.73,7763.04,7764.41,1783269457.125
1783269458,7763.2,7762.51,7763.89,1783269458.136
1783269459,7763.1,7762.41,7763.78,1783269459.121
1783269460,7762.6,7761.91,7763.28,1783269460.131
1783269461,7763.53,7762.84,7764.22,1783269461.119
1783269462,7764.59,7763.91,7765.28,1783269462.137
1783269463,7763.23,7762.55,7763.92,1783269463.112
1783269464,7761.94,7761.26,7762.63,1783269464.139
1783269465,7762.8,7762.11,7763.49,1783269465.123
1783269466,7762.46,7761.77,7763.14,1783269466.141
1783269467,7762.03,7761.34,7762.72,1783269467.121
1783269468,7762.88,7762.19,7763.57,1783269468.140
1783269469,7761.98,7761.29,7762.67,1783269469.119
1783269470,7761.21,7760.53,7761.9,1783269470.152
1783269471,7761.27,7760.58,7761.96,1783269471.118
1783269472,7761.75,7761.06,7762.43,1783269472.135
1783269473,7761.57,7760.88,7762.25,1783269473.116
1783269474,7761.4,7760.72,7762.09,1783269474.136
1783269475,7762.47,7761.79,7763.16,1783269475.120
1783269476,7763.13,7762.44,7763.82,1783269476.157
1783269477,7764.22,7763.53,7764.91,1783269477.114
1783269478,7764.17,7763.49,7764.86,1783269478.136
1783269479,7763.89,7763.2,7764.58,1783269479.110
1783269480,7764.03,7763.34,7764.71,1783269480.162
1783269481,7764.54,7763.85,7765.23,1783269481.121
1783269482,7762.61,7761.93,7763.3,1783269482.206
1783269483,7762.4,7761.72,7763.09,1783269483.265
1783269484,7764.24,7763.55,7764.93,1783269484.177
1783269485,7764.14,7763.45,7764.82,1783269485.112
1783269486,7763.58,7762.9,7764.27,1783269486.141
1783269487,7763.79,7763.11,7764.48,1783269487.116
1783269488,7762.76,7762.07,7763.44,1783269488.200
1783269489,7761.57,7760.88,7762.26,1783269489.117
1783269490,7762.45,7761.76,7763.14,1783269490.145
1783269491,7762.7,7762.01,7763.38,1783269491.122
1783269492,7764.21,7763.53,7764.9,1783269492.145
1783269493,7764.26,7763.57,7764.95,1783269493.121
1783269494,7763.15,7762.47,7763.84,1783269494.137
1783269495,7763.79,7763.1,7764.48,1783269495.109
1783269496,7764.15,7763.47,7764.84,1783269496.133
1783269497,7764.2,7763.51,7764.88,1783269497.114
1783269498,7764.15,7763.46,7764.84,1783269498.143
1783269499,7764.03,7763.34,7764.72,1783269499.116
1783269500,7762.45,7761.77,7763.14,1783269500.137
1783269501,7762.72,7762.03,7763.4,1783269501.111
1783269502,7764.23,7763.55,7764.92,1783269502.141
1783269503,7762.69,7762,7763.38,1783269503.113
1783269504,7761.14,7760.45,7761.82,1783269504.155
1783269505,7761.66,7760.98,7762.35,1783269505.118
1783269506,7761.46,7760.77,7762.15,1783269506.164
1783269507,7762.48,7761.79,7763.17,1783269507.120
1783269508,7762.64,7761.95,7763.33,1783269508.143
1783269509,7762.53,7761.85,7763.22,1783269509.117
1783269510,7760.95,7760.27,7761.64,1783269510.153
1783269511,7761.57,7760.88,7762.25,1783269511.119
1783269512,7763.54,7762.86,7764.23,1783269512.134
1783269513,7763.56,7762.87,7764.25,1783269513.114
1783269514,7762.13,7761.45,7762.82,1783269514.136
1783269515,7763.23,7762.54,7763.92,1783269515.116
1783269516,7762.19,7761.5,7762.87,1783269516.159
1783269517,7763.17,7762.48,7763.86,1783269517.112
1783269518,7764.82,7764.13,7765.51,1783269518.202
1783269519,7764.1,7763.41,7764.79,1783269519.124
1783269520,7764.25,7763.56,7764.93,1783269520.142
1783269521,7762.85,7762.16,7763.54,1783269521.120
1783269522,7761.83,7761.14,7762.51,1783269522.131
1783269523,7762.01,7761.32,7762.7,1783269523.121
1783269524,7760.31,7759.62,7760.99,1783269524.151
1783269525,7758.94,7758.25,7759.62,1783269525.119
1783269526,7756.57,7755.88,7757.25,1783269526.144
1783269527,7756.68,7756,7757.37,1783269527.118
1783269528,7755.28,7754.59,7755.96,1783269528.142
1783269529,7754.56,7753.88,7755.25,1783269529.120
1783269530,7755.62,7754.93,7756.3,1783269530.155
1783269531,7757.5,7756.81,7758.18,1783269531.120
1783269532,7756.73,7756.04,7757.42,1783269532.164
1783269533,7756.56,7755.88,7757.25,1783269533.127
1783269534,7756.87,7756.19,7757.56,1783269534.147
1783269535,7755.69,7755,7756.37,1783269535.131
1783269536,7756.1,7755.41,7756.79,1783269536.142
1783269537,7756.32,7755.64,7757.01,1783269537.118
1783269538,7756.98,7756.29,7757.67,1783269538.148
1783269539,7756.31,7755.62,7756.99,1783269539.120
1783269540,7757.88,7757.19,7758.57,1783269540.153
1783269541,7757.3,7756.62,7757.99,1783269541.110
1783269542,7755.94,7755.26,7756.63,1783269542.272
1783269543,7756.45,7755.76,7757.14,1783269543.123
1783269544,7755.63,7754.95,7756.32,1783269544.145
1783269545,7755.25,7754.57,7755.94,1783269545.125
1783269546,7755.6,7754.91,7756.28,1783269546.147
1783269547,7755.27,7754.59,7755.96,1783269547.114
1783269548,7755.08,7754.39,7755.77,1783269548.210
1783269549,7755.97,7755.28,7756.66,1783269549.117
1783269550,7754.19,7753.51,7754.88,1783269550.143
1783269551,7754.43,7753.75,7755.12,1783269551.110
1783269552,7753.65,7752.96,7754.33,1783269552.151
1783269553,7753.51,7752.83,7754.2,1783269553.127
1783269554,7753.53,7752.84,7754.22,1783269554.149
1783269555,7753.69,7753,7754.37,1783269555.116
1783269556,7753.51,7752.82,7754.19,1783269556.145
1783269557,7753.36,7752.67,7754.04,1783269557.129
1783269558,7753.51,7752.82,7754.2,1783269558.165
1783269559,7752.99,7752.3,7753.68,1783269559.129
1783269560,7754.2,7753.51,7754.89,1783269560.151
1783269561,7754.98,7754.3,7755.67,1783269561.110
1783269562,7757.38,7756.7,7758.07,1783269562.148
1783269563,7758.86,7758.17,7759.55,1783269563.127
1783269564,7760.39,7759.7,7761.07,1783269564.153
1783269565,7760.92,7760.23,7761.61,1783269565.134
1783269566,7761.57,7760.88,7762.25,1783269566.143
1783269567,7761.21,7760.52,7761.89,1783269567.121
1783269568,7758.39,7757.7,7759.08,1783269568.150
1783269569,7759.31,7758.62,7759.99,1783269569.121
1783269570,7758.07,7757.38,7758.76,1783269570.149
1783269571,7757.2,7756.52,7757.89,1783269571.122
1783269572,7757.27,7756.59,7757.96,1783269572.155
1783269573,7758.74,7758.05,7759.43,1783269573.125
1783269574,7759.76,7759.08,7760.45,1783269574.153
1783269575,7759.31,7758.62,7760,1783269575.129
1783269576,7760.08,7759.39,7760.76,1783269576.242
1783269577,7761.31,7760.62,7761.99,1783269577.120
1783269578,7760.54,7759.85,7761.22,1783269578.245
1783269579,7761.78,7761.09,7762.47,1783269579.124
1783269580,7761.79,7761.1,7762.48,1783269580.154
1783269581,7761.04,7760.35,7761.72,1783269581.120
1783269582,7762.87,7762.19,7763.56,1783269582.168
1783269583,7763.92,7763.24,7764.61,1783269583.116
1783269584,7764.06,7763.38,7764.75,1783269584.163
1783269585,7764.11,7763.43,7764.8,1783269585.120
1783269586,7761.8,7761.12,7762.49,1783269586.146
1783269587,7761.15,7760.46,7761.83,1783269587.118
1783269588,7760.81,7760.12,7761.5,1783269588.151
1783269589,7762.42,7761.73,7763.11,1783269589.118
1783269590,7763.25,7762.56,7763.93,1783269590.157
1783269591,7762.43,7761.75,7763.12,1783269591.125
1783269592,7762.53,7761.85,7763.22,1783269592.140
1783269593,7763.27,7762.58,7763.96,1783269593.119
1783269594,7762.52,7761.84,7763.21,1783269594.151
1783269595,7763.34,7762.66,7764.03,1783269595.112
1783269596,7762.93,7762.24,7763.61,1783269596.130
1783269597,7762.37,7761.68,7763.05,1783269597.122
1783269598,7763.44,7762.75,7764.13,1783269598.142
1783269599,7764.31,7763.62,7765,1783269599.127
1783269600,7763.86,7763.17,7764.54,1783269600.143
1783269601,7763.9,7763.21,7764.59,1783269601.132
1783269602,7764.76,7764.07,7765.45,1783269602.241
1783269603,7764.91,7764.23,7765.6,1783269603.129
1783269604,7765.96,7765.28,7766.65,1783269604.161
1783269605,7768.32,7767.64,7769.01,1783269605.129
1783269606,7769.33,7768.64,7770.02,1783269606.153
1783269607,7768.82,7768.13,7769.51,1783269607.126
1783269608,7766.59,7765.9,7767.28,1783269608.250
1783269609,7766.51,7765.82,7767.2,1783269609.125
1783269610,7765.42,7764.74,7766.11,1783269610.169
1783269611,7764.53,7763.84,7765.22,1783269611.122
1783269612,7763.77,7763.08,7764.46,1783269612.140
1783269613,7764.78,7764.09,7765.46,1783269613.124
1783269614,7765.54,7764.85,7766.23,1783269614.138
1783269615,7765.53,7764.85,7766.22,1783269615.119
1783269616,7768.05,7767.37,7768.74,1783269616.142
1783269617,7767.38,7766.69,7768.07,1783269617.129
1783269618,7767.85,7767.16,7768.54,1783269618.131
1783269619,7767.36,7766.67,7768.04,1783269619.122
1783269620,7767.81,7767.12,7768.5,1783269620.154
1783269621,7766.37,7765.68,7767.06,1783269621.131
1783269622,7766.09,7765.41,7766.78,1783269622.155
1783269623,7765.12,7764.44,7765.81,1783269623.122
1783269624,7766.21,7765.53,7766.9,1783269624.157
1783269625,7764.4,7763.71,7765.08,1783269625.156
1783269626,7764.45,7763.77,7765.14,1783269626.162
1783269627,7764.83,7764.15,7765.52,1783269627.122
1783269628,7764.52,7763.83,7765.21,1783269628.135
1783269629,7763.24,7762.56,7763.93,1783269629.126
1783269630,7762.7,7762.01,7763.38,1783269630.153
1783269631,7762.82,7762.13,7763.5,1783269631.115
1783269632,7761.82,7761.13,7762.5,1783269632.156
1783269633,7761.55,7760.86,7762.23,1783269633.128
1783269634,7762.35,7761.66,7763.04,1783269634.156
1783269635,7762.11,7761.43,7762.8,1783269635.122
1783269636,7762.57,7761.88,7763.25,1783269636.145
1783269637,7762.63,7761.94,7763.31,1783269637.118
1783269638,7762.6,7761.92,7763.29,1783269638.247
1783269639,7764.26,7763.58,7764.95,1783269639.130
1783269640,7764.94,7764.25,7765.63,1783269640.159
1783269641,7763.53,7762.85,7764.22,1783269641.122
1783269642,7763.41,7762.72,7764.09,1783269642.143
1783269643,7763.16,7762.47,7763.85,1783269643.129
1783269644,7764.01,7763.32,7764.7,1783269644.164
1783269645,7762.71,7762.03,7763.4,1783269645.123
1783269646,7762.16,7761.47,7762.84,1783269646.160
1783269647,7762.55,7761.86,7763.24,1783269647.137
1783269648,7762.72,7762.04,7763.41,1783269648.163
1783269649,7762.57,7761.88,7763.26,1783269649.163
1783269650,7763.62,7762.94,7764.31,1783269650.141
1783269651,7764.35,7763.66,7765.03,1783269651.134
1783269652,7764.11,7763.43,7764.8,1783269652.147
1783269653,7763.95,7763.26,7764.64,1783269653.131
1783269654,7763.29,7762.6,7763.98,1783269654.148
1783269655,7763.8,7763.11,7764.48,1783269655.124
1783269656,7763.95,7763.26,7764.64,1783269656.157
1783269657,7765.64,7764.95,7766.32,1783269657.120
1783269658,7767,7766.32,7767.69,1783269658.154
1783269659,7767.66,7766.97,7768.35,1783269659.123
1783269660,7767.49,7766.8,7768.17,1783269660.147
1783269661,7766.02,7765.33,7766.7,1783269661.119
1783269662,7766.75,7766.06,7767.44,1783269662.204
1783269663,7767.2,7766.51,7767.89,1783269663.148
1783269664,7766.33,7765.64,7767.02,1783269664.173
1783269665,7767.66,7766.97,7768.35,1783269665.119
1783269666,7768.33,7767.64,7769.02,1783269666.147
1783269667,7767.54,7766.85,7768.23,1783269667.117
1783269668,7766.13,7765.44,7766.81,1783269668.201
1783269669,7766.8,7766.12,7767.49,1783269669.125
1783269670,7767.87,7767.18,7768.56,1783269670.146
1783269671,7768,7767.31,7768.68,1783269671.123
1783269672,7767.06,7766.37,7767.75,1783269672.152
1783269673,7768.39,7767.7,7769.08,1783269673.129
1783269674,7768.27,7767.58,7768.96,1783269674.139
1783269675,7768.09,7767.4,7768.78,1783269675.122
1783269676,7766.63,7765.95,7767.32,1783269676.163
1783269677,7767.14,7766.45,7767.82,1783269677.132
1783269678,7765.34,7764.66,7766.03,1783269678.157
1783269679,7764.72,7764.04,7765.41,1783269679.129
1783269680,7764.71,7764.03,7765.4,1783269680.142
1783269681,7763.02,7762.33,7763.7,1783269681.129
1783269682,7760.98,7760.29,7761.67,1783269682.164
1783269683,7760.94,7760.26,7761.63,1783269683.130
1783269684,7760.7,7760.01,7761.39,1783269684.158
1783269685,7761.96,7761.27,7762.64,1783269685.129
1783269686,7760.31,7759.63,7761,1783269686.158
1783269687,7759.81,7759.12,7760.49,1783269687.118
1783269688,7762.28,7761.59,7762.96,1783269688.166
1783269689,7761.96,7761.27,7762.65,1783269689.120
1783269690,7760.33,7759.64,7761.02,1783269690.145
1783269691,7760.83,7760.15,7761.52,1783269691.122
1783269692,7760.74,7760.05,7761.43,1783269692.139
1783269693,7760.95,7760.26,7761.64,1783269693.119
1783269694,7761.07,7760.38,7761.75,1783269694.152
1783269695,7759.75,7759.06,7760.44,1783269695.123
1783269696,7759.52,7758.83,7760.21,1783269696.150
1783269697,7758.72,7758.03,7759.41,1783269697.128
1783269698,7757.65,7756.96,7758.33,1783269698.201
1783269699,7757.19,7756.51,7757.88,1783269699.123
1783269700,7756.99,7756.3,7757.68,1783269700.149
1783269701,7755.61,7754.93,7756.3,1783269701.121
1783269702,7756.77,7756.08,7757.45,1783269702.154
1783269703,7756.14,7755.45,7756.82,1783269703.122
1783269704,7757.59,7756.91,7758.28,1783269704.149
1783269705,7754.72,7754.03,7755.4,1783269705.132
1783269706,7753.38,7752.69,7754.06,1783269706.144
1783269707,7753.46,7752.78,7754.15,1783269707.132
1783269708,7753.68,7752.99,7754.36,1783269708.161
1783269709,7755.86,7755.17,7756.55,1783269709.125
1783269710,7756.34,7755.65,7757.02,1783269710.155
1783269711,7755.24,7754.56,7755.93,1783269711.162
1783269712,7754.77,7754.08,7755.45,1783269712.153
1783269713,7754.55,7753.87,7755.24,1783269713.133
1783269714,7754.7,7754.01,7755.38,1783269714.142
1783269715,7753.59,7752.91,7754.28,1783269715.131
1783269716,7753.82,7753.13,7754.51,1783269716.158
1783269717,7756.48,7755.79,7757.16,1783269717.119
1783269718,7758.39,7757.7,7759.08,1783269718.182
1783269719,7760.42,7759.74,7761.11,1783269719.122
1783269720,7758.49,7757.8,7759.17,1783269720.161
1783269721,7758.25,7757.57,7758.94,1783269721.134
1783269722,7758.8,7758.11,7759.48,1783269722.163
1783269723,7759.73,7759.04,7760.41,1783269723.137
1783269724,7761.53,7760.84,7762.21,1783269724.162
1783269725,7762.34,7761.65,7763.02,1783269725.132
1783269726,7763.91,7763.22,7764.6,1783269726.154
1783269727,7764.69,7764,7765.38,1783269727.122
1783269728,7764.09,7763.4,7764.77,1783269728.208
1783269729,7762.86,7762.17,7763.55,1783269729.132
1783269730,7764.12,7763.43,7764.8,1783269730.169
1783269731,7764.05,7763.36,7764.74,1783269731.132
1783269732,7764.85,7764.16,7765.54,1783269732.169
1783269733,7765.89,7765.2,7766.57,1783269733.138
1783269734,7768.54,7767.85,7769.22,1783269734.168
1783269735,7766.93,7766.25,7767.62,1783269735.121
1783269736,7767.34,7766.65,7768.03,1783269736.155
1783269737,7767.38,7766.69,7768.07,1783269737.123
1783269738,7766.99,7766.3,7767.68,1783269738.162
1783269739,7766.55,7765.86,7767.24,1783269739.130
1783269740,7767.93,7767.25,7768.62,1783269740.158
1783269741,7766.61,7765.92,7767.29,1783269741.120
1783269742,7766.28,7765.59,7766.97,1783269742.151
1783269743,7766.82,7766.13,7767.51,1783269743.122
1783269744,7766.94,7766.25,7767.63,1783269744.162
1783269745,7767.74,7767.06,7768.43,1783269745.126
1783269746,7767.94,7767.25,7768.63,1783269746.152
1783269747,7766.62,7765.94,7767.31,1783269747.128
1783269748,7765.97,7765.28,7766.65,1783269748.162
1783269749,7767.07,7766.38,7767.76,1783269749.123
1783269750,7767.9,7767.22,7768.59,1783269750.173
1783269751,7766.24,7765.55,7766.92,1783269751.129
1783269752,7767.36,7766.67,7768.05,1783269752.160
1783269753,7768.12,7767.43,7768.81,1783269753.133
1783269754,7767.13,7766.45,7767.82,1783269754.157
1783269755,7767.69,7767,7768.37,1783269755.123
1783269756,7768.44,7767.76,7769.13,1783269756.149
1783269757,7768.27,7767.58,7768.95,1783269757.125
1783269758,7768.87,7768.18,7769.56,1783269758.205
1783269759,7768.74,7768.05,7769.43,1783269759.121
1783269760,7768.64,7767.95,7769.33,1783269760.160
1783269761,7768.37,7767.69,7769.06,1783269761.121
1783269762,7768.46,7767.78,7769.15,1783269762.153
1783269763,7768.96,7768.27,7769.65,1783269763.124
1783269764,7769.42,7768.74,7770.11,1783269764.155
1783269765,7769.82,7769.13,7770.51,1783269765.125
1783269766,7771.15,7770.46,7771.83,1783269766.157
1783269767,7769.55,7768.86,7770.24,1783269767.117
1783269768,7769.84,7769.15,7770.52,1783269768.155
1783269769,7768.57,7767.88,7769.25,1783269769.127
1783269770,7767.6,7766.91,7768.29,1783269770.156
1783269771,7766.86,7766.17,7767.54,1783269771.123
1783269772,7767.38,7766.7,7768.07,1783269772.147
1783269773,7767.39,7766.7,7768.08,1783269773.123
1783269774,7769.42,7768.73,7770.11,1783269774.158
1783269775,7769.02,7768.34,7769.71,1783269775.122
1783269776,7766.74,7766.05,7767.43,1783269776.154
1783269777,7767.37,7766.68,7768.06,1783269777.123
1783269778,7766.97,7766.28,7767.65,1783269778.188
1783269779,7766.81,7766.12,7767.5,1783269779.133
1783269780,7765.96,7765.27,7766.64,1783269780.168
1783269781,7766.33,7765.64,7767.02,1783269781.123
1783269782,7767.35,7766.66,7768.04,1783269782.380
1783269783,7766.96,7766.27,7767.65,1783269783.155
1783269784,7767.7,7767.02,7768.39,1783269784.154
1783269785,7767.85,7767.16,7768.53,1783269785.121
1783269786,7768.99,7768.31,7769.68,1783269786.152
1783269787,7770.01,7769.32,7770.7,1783269787.133
1783269788,7770.14,7769.45,7770.82,1783269788.202
1783269789,7768.84,7768.16,7769.53,1783269789.129
1783269790,7767.93,7767.24,7768.62,1783269790.167
1783269791,7767.88,7767.19,7768.56,1783269791.127
1783269792,7767.42,7766.74,7768.11,1783269792.144
1783269793,7767.61,7766.92,7768.3,1783269793.128
1783269794,7767.39,7766.71,7768.08,1783269794.144
1783269795,7766.35,7765.66,7767.03,1783269795.116
1783269796,7763.84,7763.15,7764.53,1783269796.161
1783269797,7764.07,7763.38,7764.75,1783269797.140
1783269798,7766.8,7766.11,7767.49,1783269798.166
1783269799,7767.25,7766.57,7767.94,1783269799.123
1783269800,7767.08,7766.39,7767.77,1783269800.156
1783269801,7766.92,7766.24,7767.61,1783269801.116
1783269802,7765.77,7765.08,7766.45,1783269802.166
1783269803,7766.77,7766.08,7767.45,1783269803.123
1783269804,7766.27,7765.58,7766.96,1783269804.141
1783269805,7767.44,7766.75,7768.13,1783269805.120
1783269806,7767.93,7767.24,7768.61,1783269806.154
1783269807,7768.23,7767.54,7768.92,1783269807.126
1783269808,7766.75,7766.07,7767.44,1783269808.167
1783269809,7767.72,7767.03,7768.41,1783269809.122
1783269810,7767.46,7766.77,7768.15,1783269810.147
1783269811,7767.05,7766.36,7767.74,1783269811.132
1783269812,7766.68,7766,7767.37,1783269812.166
1783269813,7766.86,7766.17,7767.55,1783269813.145
1783269814,7767.43,7766.74,7768.11,1783269814.149
1783269815,7767.46,7766.77,7768.14,1783269815.120
1783269816,7767.81,7767.12,7768.5,1783269816.155
1783269817,7767.82,7767.14,7768.51,1783269817.123
1783269818,7767.01,7766.32,7767.69,1783269818.201
1783269819,7769.31,7768.63,7770,1783269819.128
1783269820,7769.64,7768.95,7770.33,1783269820.151
1783269821,7768.69,7768.01,7769.38,1783269821.131
1783269822,7769.53,7768.84,7770.22,1783269822.163
1783269823,7770.83,7770.14,7771.52,1783269823.118
1783269824,7771.16,7770.47,7771.85,1783269824.158
1783269825,7770.76,7770.07,7771.44,1783269825.125
1783269826,7769.96,7769.27,7770.65,1783269826.155
1783269827,7770.58,7769.89,7771.27,1783269827.121
1783269828,7771.2,7770.51,7771.89,1783269828.163
1783269829,7771.88,7771.19,7772.56,1783269829.131
1783269830,7774.04,7773.35,7774.73,1783269830.165
1783269831,7771.36,7770.68,7772.05,1783269831.116
1783269832,7772.04,7771.35,7772.73,1783269832.153
1783269833,7772.41,7771.72,7773.1,1783269833.124
1783269834,7772.35,7771.66,7773.04,1783269834.153
1783269835,7772.37,7771.68,7773.06,1783269835.126
1783269836,7770.69,7770,7771.38,1783269836.160
1783269837,7770.85,7770.16,7771.54,1783269837.121
1783269838,7771.56,7770.87,7772.25,1783269838.164
1783269839,7772.13,7771.44,7772.81,1783269839.134
1783269840,7773.82,7773.13,7774.51,1783269840.157
1783269841,7774.79,7774.1,7775.48,1783269841.127
1783269842,7774.51,7773.82,7775.2,1783269842.176
1783269843,7775.2,7774.51,7775.89,1783269843.151
1783269844,7775.36,7774.67,7776.05,1783269844.170
1783269845,7774.03,7773.34,7774.72,1783269845.129
1783269846,7774.08,7773.39,7774.77,1783269846.164
1783269847,7772.59,7771.9,7773.27,1783269847.125
1783269848,7772.67,7771.99,7773.36,1783269848.205
1783269849,7772.02,7771.33,7772.7,1783269849.133
1783269850,7771.94,7771.26,7772.63,1783269850.160
1783269851,7771.68,7770.99,7772.36,1783269851.137
1783269852,7770.69,7770,7771.38,1783269852.176
1783269853,7770.47,7769.79,7771.16,1783269853.119
1783269854,7767.94,7767.26,7768.63,1783269854.305
1783269855,7768.5,7767.81,7769.19,1783269855.124
1783269856,7769.14,7768.45,7769.83,1783269856.159
1783269857,7771.29,7770.6,7771.98,1783269857.120
1783269858,7770.9,7770.21,7771.59,1783269858.163
1783269859,7771.21,7770.52,7771.9,1783269859.121
1783269860,7772.06,7771.37,7772.75,1783269860.151
1783269861,7773.17,7772.49,7773.86,1783269861.122
1783269862,7771.49,7770.8,7772.18,1783269862.162
1783269863,7770.26,7769.58,7770.95,1783269863.119
1783269864,7771.09,7770.4,7771.78,1783269864.156
1783269865,7770.14,7769.45,7770.83,1783269865.117
1783269866,7770.79,7770.1,7771.47,1783269866.157
1783269867,7772.07,7771.38,7772.76,1783269867.129
1783269868,7771.15,7770.47,7771.84,1783269868.149
1783269869,7771.02,7770.34,7771.71,1783269869.125
1783269870,7770.36,7769.68,7771.05,1783269870.135
1783269871,7771.89,7771.2,7772.58,1783269871.115
1783269872,7771.62,7770.94,7772.31,1783269872.159
1783269873,7772.9,7772.21,7773.59,1783269873.140
1783269874,7774.79,7774.1,7775.47,1783269874.246
1783269875,7775.65,7774.96,7776.34,1783269875.128
1783269876,7776.14,7775.45,7776.83,1783269876.144
1783269877,7776.84,7776.15,7777.53,1783269877.121
1783269878,7778.48,7777.79,7779.17,1783269878.203
1783269879,7778.64,7777.96,7779.33,1783269879.135
1783269880,7776.68,7775.99,7777.37,1783269880.147
1783269881,7776.18,7775.5,7776.87,1783269881.139
1783269882,7779.15,7778.47,7779.84,1783269882.161
1783269883,7779.08,7778.39,7779.76,1783269883.125
1783269884,7777.9,7777.21,7778.59,1783269884.154
1783269885,7776.89,7776.2,7777.58,1783269885.118
1783269886,7775.33,7774.64,7776.02,1783269886.152
1783269887,7774.33,7773.64,7775.02,1783269887.121
1783269888,7775.81,7775.13,7776.5,1783269888.167
1783269889,7776.35,7775.66,7777.04,1783269889.121
1783269890,7775.22,7774.53,7775.91,1783269890.148
1783269891,7773.75,7773.06,7774.44,1783269891.127
1783269892,7774.07,7773.38,7774.75,1783269892.157
1783269893,7774.03,7773.35,7774.72,1783269893.118
1783269894,7773.89,7773.2,7774.57,1783269894.145
1783269895,7772.42,7771.73,7773.1,1783269895.122
1783269896,7773.02,7772.33,7773.71,1783269896.155
1783269897,7771.79,7771.1,7772.47,1783269897.124
1783269898,7772.83,7772.14,7773.52,1783269898.153
1783269899,7772.88,7772.19,7773.57,1783269899.115
1783269900,7772.91,7772.23,7773.6,1783269900.162
1783269901,7773.56,7772.87,7774.25,1783269901.137
1783269902,7772.63,7771.94,7773.32,1783269902.223
1783269903,7771.95,7771.26,7772.64,1783269903.332
1783269904,7771.89,7771.2,7772.58,1783269904.200
1783269905,7773.42,7772.73,7774.11,1783269905.128
1783269906,7773.79,7773.1,7774.48,1783269906.155
1783269907,7774.45,7773.76,7775.13,1783269907.150
1783269908,7773.78,7773.1,7774.47,1783269908.246
1783269909,7772.49,7771.81,7773.18,1783269909.140
1783269910,7774.19,7773.5,7774.88,1783269910.156
1783269911,7775.92,7775.23,7776.61,1783269911.126
1783269912,7774.59,7773.9,7775.28,1783269912.155
1783269913,7775.62,7774.93,7776.31,1783269913.120
1783269914,7776.15,7775.46,7776.83,1783269914.163
1783269915,7776.47,7775.78,7777.16,1783269915.122
1783269916,7776.12,7775.43,7776.81,1783269916.161
1783269917,7776.72,7776.03,7777.41,1783269917.126
1783269918,7776.12,7775.43,7776.81,1783269918.158
1783269919,7776.55,7775.86,7777.24,1783269919.125
1783269920,7774.19,7773.5,7774.88,1783269920.156
1783269921,7774.21,7773.52,7774.9,1783269921.130
1783269922,7773.62,7772.93,7774.3,1783269922.161
1783269923,7773.9,7773.21,7774.58,1783269923.114
1783269924,7773.57,7772.88,7774.26,1783269924.151
1783269925,7770.99,7770.3,7771.67,1783269925.115
1783269926,7770.18,7769.49,7770.87,1783269926.147
1783269927,7770.65,7769.96,7771.34,1783269927.120
1783269928,7769.39,7768.7,7770.08,1783269928.141
1783269929,7770.47,7769.78,7771.15,1783269929.110
1783269930,7770.1,7769.41,7770.79,1783269930.161
1783269931,7768.49,7767.8,7769.17,1783269931.127
1783269932,7769.88,7769.19,7770.57,1783269932.172
1783269933,7771.12,7770.43,7771.81,1783269933.129
1783269934,7772.24,7771.56,7772.93,1783269934.155
1783269935,7772.6,7771.91,7773.28,1783269935.127
1783269936,7773.21,7772.52,7773.9,1783269936.159
1783269937,7773.05,7772.36,7773.74,1783269937.128
1783269938,7772.81,7772.12,7773.49,1783269938.249
1783269939,7773.28,7772.59,7773.97,1783269939.125
1783269940,7770.81,7770.13,7771.5,1783269940.156
1783269941,7771.08,7770.39,7771.77,1783269941.137
1783269942,7771.23,7770.54,7771.92,1783269942.148
1783269943,7773.32,7772.63,7774.01,1783269943.121
1783269944,7773.12,7772.43,7773.81,1783269944.153
1783269945,7774.28,7773.59,7774.96,1783269945.126
1783269946,7775.9,7775.21,7776.58,1783269946.156
1783269947,7775.03,7774.34,7775.72,1783269947.118
1783269948,7774.52,7773.83,7775.2,1783269948.157
1783269949,7773.08,7772.39,7773.77,1783269949.119
1783269950,7771.35,7770.66,7772.04,1783269950.157
1783269951,7770.95,7770.26,7771.64,1783269951.115
1783269952,7770.37,7769.68,7771.06,1783269952.151
1783269953,7768.99,7768.31,7769.68,1783269953.116
1783269954,7768.44,7767.75,7769.13,1783269954.144
1783269955,7768.58,7767.9,7769.27,1783269955.125
1783269956,7771.16,7770.47,7771.85,1783269956.156
1783269957,7771.47,7770.78,7772.15,1783269957.108
1783269958,7771.91,7771.22,7772.59,1783269958.156
1783269959,7770.65,7769.96,7771.33,1783269959.115
1783269960,7770.17,7769.48,7770.86,1783269960.150
1783269961,7772.04,7771.35,7772.72,1783269961.121
1783269962,7770.21,7769.52,7770.9,1783269962.295
1783269963,7770.96,7770.27,7771.65,1783269963.166
1783269964,7769.54,7768.86,7770.23,1783269964.160
1783269965,7770.13,7769.45,7770.82,1783269965.126
1783269966,7769.37,7768.69,7770.06,1783269966.151
1783269967,7769.7,7769.01,7770.39,1783269967.127
1783269968,7769.34,7768.66,7770.03,1783269968.202
1783269969,7768.23,7767.55,7768.92,1783269969.116
1783269970,7769.36,7768.68,7770.05,1783269970.170
1783269971,7771.09,7770.41,7771.78,1783269971.124
1783269972,7772.57,7771.88,7773.26,1783269972.169
1783269973,7771.16,7770.47,7771.85,1783269973.133
1783269974,7770.86,7770.17,7771.55,1783269974.152
1783269975,7770.22,7769.53,7770.91,1783269975.124
1783269976,7769.6,7768.91,7770.29,1783269976.163
1783269977,7770.13,7769.44,7770.81,1783269977.124
1783269978,7771.85,7771.16,7772.54,1783269978.162
1783269979,7770.68,7769.99,7771.37,1783269979.130
1783269980,7770.14,7769.46,7770.83,1783269980.148
1783269981,7770.74,7770.05,7771.42,1783269981.120
1783269982,7771.27,7770.58,7771.96,1783269982.146
1783269983,7771.18,7770.5,7771.87,1783269983.128
1783269984,7770.85,7770.16,7771.54,1783269984.145
1783269985,7770.74,7770.06,7771.43,1783269985.126
1783269986,7769.19,7768.5,7769.88,1783269986.137
1783269987,7771.57,7770.88,7772.26,1783269987.124
1783269988,7773.34,7772.65,7774.02,1783269988.141
1783269989,7775.73,7775.04,7776.41,1783269989.123
1783269990,7775.72,7775.03,7776.41,1783269990.153
1783269991,7774.2,7773.51,7774.89,1783269991.122
1783269992,7774.8,7774.11,7775.49,1783269992.134
1783269993,7775.68,7774.99,7776.36,1783269993.113
1783269994,7775.9,7775.21,7776.59,1783269994.143
1783269995,7775.1,7774.41,7775.79,1783269995.116
1783269996,7774.33,7773.64,7775.02,1783269996.132
1783269997,7775.72,7775.03,7776.41,1783269997.112
1783269998,7772.75,7772.06,7773.44,1783269998.210
1783269999,7773.82,7773.13,7774.51,1783269999.113
1783270000,7774.83,7774.14,7775.52,1783270000.153
1783270001,7773.67,7772.98,7774.35,1783270001.118
1783270002,7773.27,7772.58,7773.96,1783270002.147
1783270003,7772.96,7772.28,7773.65,1783270003.118
1783270004,7772.22,7771.53,7772.91,1783270004.149
1783270005,7771.19,7770.5,7771.88,1783270005.122
1783270006,7771.22,7770.53,7771.9,1783270006.145
1783270007,7771.18,7770.5,7771.87,1783270007.115
1783270008,7770.22,7769.53,7770.91,1783270008.144
1783270009,7769.27,7768.59,7769.96,1783270009.118
1783270010,7771.86,7771.17,7772.54,1783270010.158
1783270011,7771.52,7770.83,7772.2,1783270011.122
1783270012,7770.72,7770.03,7771.4,1783270012.134
1783270013,7770.54,7769.86,7771.23,1783270013.120
1783270014,7770.75,7770.06,7771.44,1783270014.134
1783270015,7770.6,7769.91,7771.29,1783270015.119
1783270016,7771.86,7771.17,7772.55,1783270016.151
1783270017,7772.44,7771.76,7773.13,1783270017.129
1783270018,7771.17,7770.48,7771.86,1783270018.136
1783270019,7770.66,7769.97,7771.34,1783270019.123
1783270020,7769.36,7768.67,7770.05,1783270020.155
1783270021,7769.44,7768.75,7770.13,1783270021.123
1783270022,7770.28,7769.6,7770.97,1783270022.168
1783270023,7769.92,7769.23,7770.61,1783270023.206
1783270024,7767.57,7766.88,7768.25,1783270024.153
1783270025,7767.93,7767.24,7768.62,1783270025.112
1783270026,7767.02,7766.34,7767.71,1783270026.155
1783270027,7766.89,7766.2,7767.57,1783270027.120
1783270028,7767.58,7766.89,7768.27,1783270028.206
1783270029,7767.97,7767.28,7768.66,1783270029.116
1783270030,7768.17,7767.48,7768.85,1783270030.145
1783270031,7769.09,7768.4,7769.78,1783270031.117
1783270032,7767.89,7767.2,7768.58,1783270032.138
1783270033,7767.98,7767.29,7768.66,1783270033.118
1783270034,7767.96,7767.27,7768.65,1783270034.139
1783270035,7769.36,7768.67,7770.05,1783270035.124
1783270036,7769.79,7769.1,7770.48,1783270036.165
1783270037,7768.08,7767.39,7768.77,1783270037.117
1783270038,7766.08,7765.39,7766.77,1783270038.146
1783270039,7766,7765.31,7766.68,1783270039.112
1783270040,7767.37,7766.68,7768.06,1783270040.139
1783270041,7768.06,7767.38,7768.75,1783270041.122
1783270042,7767.29,7766.6,7767.98,1783270042.145
1783270043,7768.65,7767.96,7769.33,1783270043.122
1783270044,7766.71,7766.02,7767.39,1783270044.155
1783270045,7766.72,7766.03,7767.41,1783270045.138
1783270046,7767.77,7767.08,7768.46,1783270046.139
1783270047,7767.62,7766.93,7768.31,1783270047.205
1783270048,7768.78,7768.1,7769.47,1783270048.166
1783270049,7768.82,7768.13,7769.5,1783270049.114
1783270050,7769.06,7768.37,7769.75,1783270050.163
1783270051,7768.64,7767.96,7769.33,1783270051.126
1783270052,7768.76,7768.07,7769.45,1783270052.153
1783270053,7767.22,7766.53,7767.9,1783270053.116
1783270054,7768.2,7767.51,7768.89,1783270054.135
1783270055,7768.3,7767.61,7768.99,1783270055.123
1783270056,7768.51,7767.82,7769.2,1783270056.163
1783270057,7768.4,7767.71,7769.09,1783270057.127
1783270058,7768.44,7767.75,7769.13,1783270058.204
1783270059,7766.63,7765.95,7767.32,1783270059.125
1783270060,7766.58,7765.89,7767.27,1783270060.138
1783270061,7765.74,7765.05,7766.43,1783270061.117
1783270062,7766.24,7765.56,7766.93,1783270062.145
1783270063,7766.78,7766.09,7767.47,1783270063.119
1783270064,7766.09,7765.41,7766.78,1783270064.138
1783270065,7765.87,7765.18,7766.55,1783270065.126
1783270066,7764.78,7764.09,7765.47,1783270066.157
1783270067,7766.46,7765.77,7767.14,1783270067.119
1783270068,7766.29,7765.6,7766.97,1783270068.140
1783270069,7765.75,7765.07,7766.44,1783270069.124
1783270070,7765.61,7764.92,7766.3,1783270070.151
1783270071,7766.31,7765.62,7767,1783270071.113
1783270072,7763.97,7763.29,7764.66,1783270072.143
1783270073,7764.54,7763.85,7765.22,1783270073.115
1783270074,7762.82,7762.13,7763.51,1783270074.151
1783270075,7762.02,7761.33,7762.71,1783270075.116
1783270076,7763.12,7762.43,7763.81,1783270076.128
1783270077,7763.15,7762.46,7763.84,1783270077.109
1783270078,7763.38,7762.69,7764.06,1783270078.136
1783270079,7763.33,7762.65,7764.02,1783270079.129
1783270080,7763.33,7762.65,7764.02,1783270080.141
1783270081,7764.1,7763.41,7764.78,1783270081.134
1783270082,7764.26,7763.57,7764.95,1783270082.253
1783270083,7766.12,7765.44,7766.81,1783270083.121
1783270084,7766.82,7766.13,7767.51,1783270084.156
1783270085,7766.36,7765.67,7767.05,1783270085.115
1783270086,7764.43,7763.75,7765.12,1783270086.164
1783270087,7762.1,7761.42,7762.79,1783270087.120
1783270088,7762.11,7761.42,7762.8,1783270088.203
1783270089,7762.75,7762.06,7763.44,1783270089.113
1783270090,7764.63,7763.95,7765.32,1783270090.140
1783270091,7761.62,7760.93,7762.31,1783270091.124
1783270092,7760.41,7759.72,7761.09,1783270092.151
1783270093,7761.15,7760.46,7761.84,1783270093.126
1783270094,7762.13,7761.44,7762.82,1783270094.156
1783270095,7762.33,7761.64,7763.02,1783270095.118
1783270096,7762.51,7761.83,7763.2,1783270096.136
1783270097,7762.35,7761.67,7763.04,1783270097.121
1783270098,7763.07,7762.39,7763.76,1783270098.146
1783270099,7761.08,7760.39,7761.77,1783270099.110
1783270100,7761.49,7760.8,7762.17,1783270100.148
1783270101,7762.21,7761.53,7762.9,1783270101.115
1783270102,7760.81,7760.12,7761.5,1783270102.139
1783270103,7762.2,7761.51,7762.88,1783270103.113
1783270104,7761.47,7760.78,7762.15,1783270104.134
1783270105,7761.87,7761.18,7762.55,1783270105.111
1783270106,7759.52,7758.83,7760.2,1783270106.132
1783270107,7760.68,7759.99,7761.37,1783270107.124
1783270108,7761.21,7760.52,7761.9,1783270108.153
1783270109,7761.32,7760.63,7762.01,1783270109.117
1783270110,7763.27,7762.59,7763.96,1783270110.136
1783270111,7763.96,7763.27,7764.65,1783270111.113
1783270112,7763.03,7762.35,7763.72,1783270112.147
1783270113,7764.65,7763.96,7765.33,1783270113.131
1783270114,7765.49,7764.8,7766.17,1783270114.131
1783270115,7764.91,7764.22,7765.59,1783270115.117
1783270116,7764.42,7763.73,7765.1,1783270116.145
1783270117,7765.72,7765.03,7766.41,1783270117.112
1783270118,7765.76,7765.08,7766.45,1783270118.204
1783270119,7766.52,7765.84,7767.21,1783270119.136
1783270120,7764.84,7764.16,7765.53,1783270120.142
1783270121,7763.03,7762.34,7763.72,1783270121.109
1783270122,7764.26,7763.57,7764.95,1783270122.136
1783270123,7762.79,7762.11,7763.48,1783270123.119
1783270124,7763.14,7762.45,7763.82,1783270124.133
1783270125,7763.64,7762.95,7764.33,1783270125.123
1783270126,7763.16,7762.48,7763.85,1783270126.152
1783270127,7763.97,7763.29,7764.66,1783270127.112
1783270128,7764.19,7763.5,7764.87,1783270128.165
1783270129,7763.69,7763,7764.37,1783270129.112
1783270130,7763,7762.31,7763.69,1783270130.149
1783270131,7762.96,7762.27,7763.64,1783270131.115
1783270132,7764.17,7763.49,7764.86,1783270132.148
1783270133,7763.98,7763.29,7764.67,1783270133.115
1783270134,7763.71,7763.02,7764.4,1783270134.145
1783270135,7765.21,7764.53,7765.9,1783270135.114
1783270136,7765.72,7765.04,7766.41,1783270136.141
1783270137,7765.58,7764.89,7766.27,1783270137.113
1783270138,7765.47,7764.78,7766.16,1783270138.162
1783270139,7766.18,7765.49,7766.87,1783270139.113
1783270140,7765.78,7765.09,7766.47,1783270140.151
1783270141,7764.23,7763.54,7764.91,1783270141.119
1783270142,7764.24,7763.56,7764.93,1783270142.142
1783270143,7764.51,7763.83,7765.2,1783270143.123
1783270144,7765.27,7764.59,7765.96,1783270144.151
1783270145,7765.44,7764.76,7766.13,1783270145.134
1783270146,7763.84,7763.15,7764.53,1783270146.149
1783270147,7764.08,7763.39,7764.77,1783270147.125
1783270148,7764.88,7764.19,7765.56,1783270148.214
1783270149,7764.96,7764.27,7765.65,1783270149.115
1783270150,7764.73,7764.04,7765.42,1783270150.129
1783270151,7765.71,7765.02,7766.4,1783270151.123
1783270152,7766.12,7765.43,7766.8,1783270152.134
1783270153,7767.03,7766.34,7767.71,1783270153.133
1783270154,7766.79,7766.11,7767.48,1783270154.127
1783270155,7767,7766.31,7767.69,1783270155.132
1783270156,7766.77,7766.09,7767.46,1783270156.143
1783270157,7767.83,7767.14,7768.52,1783270157.117
1783270158,7768.56,7767.87,7769.25,1783270158.141
1783270159,7769.59,7768.91,7770.28,1783270159.134
1783270160,7771.27,7770.58,7771.96,1783270160.153
1783270161,7771.77,7771.08,7772.46,1783270161.114
1783270162,7772.13,7771.45,7772.82,1783270162.129
1783270163,7772.36,7771.68,7773.05,1783270163.113
1783270164,7771.44,7770.76,7772.13,1783270164.121
1783270165,7771.72,7771.03,7772.41,1783270165.120
1783270166,7772.29,7771.6,7772.97,1783270166.130
1783270167,7772.63,7771.94,7773.31,1783270167.106
1783270168,7772.28,7771.59,7772.97,1783270168.144
1783270169,7772.21,7771.53,7772.9,1783270169.114
1783270170,7772.31,7771.62,7773,1783270170.143
1783270171,7773.2,7772.52,7773.89,1783270171.120
1783270172,7774.01,7773.32,7774.7,1783270172.137
1783270173,7777.43,7776.74,7778.12,1783270173.119
1783270174,7778.4,7777.71,7779.09,1783270174.248
1783270175,7780.13,7779.44,7780.82,1783270175.117
1783270176,7780,7779.31,7780.69,1783270176.153
1783270177,7780.05,7779.36,7780.73,1783270177.112
1783270178,7779.87,7779.19,7780.56,1783270178.123
1783270179,7779.82,7779.13,7780.5,1783270179.129
1783270180,7779.21,7778.52,7779.9,1783270180.139
1783270181,7779.64,7778.96,7780.33,1783270181.110
1783270182,7779.9,7779.21,7780.59,1783270182.143
1783270183,7781.72,7781.03,7782.41,1783270183.119
1783270184,7782.03,7781.34,7782.72,1783270184.150
1783270185,7781.39,7780.7,7782.08,1783270185.122
1783270186,7779.63,7778.95,7780.32,1783270186.135
1783270187,7779.65,7778.96,7780.34,1783270187.111
1783270188,7778.37,7777.68,7779.06,1783270188.140
1783270189,7777.34,7776.65,7778.03,1783270189.126
1783270190,7777.14,7776.45,7777.83,1783270190.165
1783270191,7776.65,7775.96,7777.34,1783270191.103
1783270192,7776.38,7775.69,7777.07,1783270192.137
1783270193,7776.26,7775.57,7776.94,1783270193.110
1783270194,7775.96,7775.27,7776.64,1783270194.138
1783270195,7777.03,7776.34,7777.72,1783270195.110
1783270196,7777.53,7776.85,7778.22,1783270196.142
1783270197,7778.68,7777.99,7779.37,1783270197.118
1783270198,7779.11,7778.43,7779.8,1783270198.121
1783270199,7778.39,7777.7,7779.07,1783270199.129
1783270200,7778.15,7777.46,7778.83,1783270200.164
1783270201,7777.2,7776.51,7777.89,1783270201.149
1783270202,7775.75,7775.06,7776.44,1783270202.237
1783270203,7775.44,7774.75,7776.13,1783270203.196
1783270204,7775.25,7774.56,7775.93,1783270204.313
1783270205,7775.18,7774.49,7775.87,1783270205.159
1783270206,7775.32,7774.64,7776.01,1783270206.132
1783270207,7776.41,7775.72,7777.1,1783270207.120
1783270208,7776.72,7776.03,7777.41,1783270208.124
1783270209,7775.91,7775.22,7776.6,1783270209.122
1783270210,7776.2,7775.52,7776.89,1783270210.146
1783270211,7776.19,7775.51,7776.88,1783270211.113
1783270212,7778.32,7777.63,7779.01,1783270212.150
1783270213,7777.82,7777.13,7778.51,1783270213.122
1783270214,7778.91,7778.22,7779.6,1783270214.124
1783270215,7778.56,7777.87,7779.25,1783270215.120
1783270216,7780.74,7780.05,7781.43,1783270216.162
1783270217,7780.2,7779.52,7780.89,1783270217.116
1783270218,7779.07,7778.38,7779.76,1783270218.131
1783270219,7778.66,7777.97,7779.35,1783270219.115
1783270220,7780.01,7779.33,7780.7,1783270220.139
1783270221,7777.94,7777.25,7778.63,1783270221.117
1783270222,7778.69,7778,7779.38,1783270222.156
1783270223,7779.03,7778.34,7779.71,1783270223.122
1783270224,7780.51,7779.82,7781.2,1783270224.144
1783270225,7782.52,7781.83,7783.21,1783270225.128
1783270226,7782.12,7781.43,7782.81,1783270226.150
1783270227,7783.2,7782.51,7783.89,1783270227.120
1783270228,7783.2,7782.52,7783.89,1783270228.146
1783270229,7784.21,7783.53,7784.9,1783270229.118
1783270230,7782.21,7781.53,7782.9,1783270230.147
1783270231,7781,7780.31,7781.69,1783270231.119
1783270232,7780.21,7779.52,7780.9,1783270232.155
1783270233,7780.09,7779.41,7780.78,1783270233.117
1783270234,7781.61,7780.92,7782.3,1783270234.146
1783270235,7780.95,7780.26,7781.64,1783270235.118
1783270236,7780.09,7779.4,7780.78,1783270236.130
1783270237,7780.48,7779.79,7781.17,1783270237.112
1783270238,7781.74,7781.05,7782.42,1783270238.244
1783270239,7781.46,7780.77,7782.15,1783270239.113
1783270240,7780.7,7780.01,7781.39,1783270240.149
1783270241,7781.96,7781.27,7782.65,1783270241.114
1783270242,7781.53,7780.84,7782.22,1783270242.164
1783270243,7782.58,7781.9,7783.27,1783270243.128
1783270244,7782.94,7782.25,7783.63,1783270244.147
1783270245,7782.3,7781.62,7782.99,1783270245.110
1783270246,7782.86,7782.17,7783.55,1783270246.157
1783270247,7782.46,7781.77,7783.15,1783270247.109
1783270248,7781.4,7780.71,7782.09,1783270248.148
1783270249,7780.29,7779.61,7780.98,1783270249.139
1783270250,7780.96,7780.28,7781.65,1783270250.161
1783270251,7781.54,7780.85,7782.23,1783270251.130
1783270252,7781.39,7780.71,7782.08,1783270252.143
1783270253,7780.96,7780.27,7781.65,1783270253.124
1783270254,7779.97,7779.28,7780.65,1783270254.137
1783270255,7780.37,7779.68,7781.05,1783270255.103
1783270256,7779.82,7779.13,7780.51,1783270256.139
1783270257,7781.3,7780.61,7781.99,1783270257.112
1783270258,7780.16,7779.47,7780.84,1783270258.151
1783270259,7780.65,7779.97,7781.34,1783270259.117
1783270260,7781.21,7780.52,7781.9,1783270260.184
1783270261,7780.29,7779.6,7780.97,1783270261.127
1783270262,7781.82,7781.14,7782.51,1783270262.211
1783270263,7781.49,7780.8,7782.18,1783270263.142
1783270264,7782.85,7782.16,7783.54,1783270264.126
1783270265,7783.23,7782.54,7783.92,1783270265.113
1783270266,7783.42,7782.73,7784.11,1783270266.124
1783270267,7784.02,7783.33,7784.71,1783270267.107
1783270268,7783.94,7783.25,7784.63,1783270268.161
1783270269,7783.48,7782.79,7784.17,1783270269.123
1783270270,7784.5,7783.81,7785.19,1783270270.139
1783270271,7783.39,7782.7,7784.08,1783270271.132
1783270272,7783.77,7783.08,7784.46,1783270272.130
1783270273,7783,7782.31,7783.69,1783270273.156
1783270274,7784.24,7783.55,7784.93,1783270274.139
1783270275,7784.9,7784.21,7785.59,1783270275.120
1783270276,7781.88,7781.19,7782.57,1783270276.134
1783270277,7781.7,7781.02,7782.39,1783270277.106
1783270278,7782.11,7781.42,7782.8,1783270278.162
1783270279,7782.54,7781.85,7783.23,1783270279.110
1783270280,7781.86,7781.17,7782.54,1783270280.140
1783270281,7781.83,7781.15,7782.52,1783270281.113
1783270282,7781.22,7780.53,7781.91,1783270282.150
1783270283,7780.04,7779.35,7780.73,1783270283.115
1783270284,7781.78,7781.09,7782.47,1783270284.168
1783270285,7782.79,7782.1,7783.48,1783270285.118
1783270286,7783.99,7783.3,7784.68,1783270286.128
1783270287,7784.95,7784.26,7785.63,1783270287.114
1783270288,7786.06,7785.37,7786.75,1783270288.126
1783270289,7785.63,7784.94,7786.32,1783270289.161
1783270290,7785.18,7784.49,7785.87,1783270290.139
1783270291,7786.09,7785.4,7786.78,1783270291.116
1783270292,7786.26,7785.58,7786.95,1783270292.143
1783270293,7785.49,7784.8,7786.18,1783270293.119
1783270294,7782.92,7782.23,7783.61,1783270294.124
1783270295,7783.03,7782.34,7783.72,1783270295.128
1783270296,7783.56,7782.87,7784.25,1783270296.138
1783270297,7785.47,7784.78,7786.16,1783270297.113
1783270298,7787.27,7786.58,7787.96,1783270298.204
1783270299,7787.9,7787.21,7788.59,1783270299.108
1783270300,7787.74,7787.05,7788.43,1783270300.144
1783270301,7786.01,7785.32,7786.7,1783270301.109
1783270302,7785.26,7784.57,7785.95,1783270302.153
1783270303,7785.02,7784.34,7785.71,1783270303.106
1783270304,7782.84,7782.15,7783.53,1783270304.125
1783270305,7781.61,7780.92,7782.3,1783270305.118
1783270306,7784.03,7783.34,7784.72,1783270306.139
1783270307,7785.43,7784.74,7786.12,1783270307.105
1783270308,7785.34,7784.65,7786.03,1783270308.144
1783270309,7782.84,7782.16,7783.53,1783270309.119
1783270310,7783.43,7782.75,7784.12,1783270310.164
1783270311,7784.29,7783.6,7784.98,1783270311.120
1783270312,7783.56,7782.87,7784.25,1783270312.129
1783270313,7784.75,7784.06,7785.43,1783270313.115
1783270314,7784.81,7784.12,7785.5,1783270314.128
1783270315,7784.51,7783.82,7785.2,1783270315.117
1783270316,7786.35,7785.66,7787.03,1783270316.147
1783270317,7784.96,7784.27,7785.64,1783270317.119
1783270318,7785.15,7784.46,7785.84,1783270318.126
1783270319,7785.58,7784.9,7786.27,1783270319.115
1783270320,7786.31,7785.62,7787,1783270320.151
1783270321,7787.93,7787.24,7788.62,1783270321.112
1783270322,7788.2,7787.51,7788.89,1783270322.607
1783270323,7789.07,7788.38,7789.76,1783270323.468
1783270324,7790.26,7789.57,7790.95,1783270325.021
1783270325,7789.16,7788.47,7789.84,1783270325.882
1783270326,7791.47,7790.78,7792.16,1783270326.148
1783270327,7789.89,7789.2,7790.58,1783270327.109
1783270328,7789.06,7788.37,7789.75,1783270328.127
1783270329,7789.03,7788.34,7789.72,1783270329.108
1783270330,7789.41,7788.72,7790.1,1783270330.143
1783270331,7789.07,7788.38,7789.75,1783270331.137
1783270332,7787.97,7787.28,7788.66,1783270332.156
1783270333,7788.05,7787.36,7788.74,1783270333.123
1783270334,7784.95,7784.26,7785.64,1783270334.144
1783270335,7781.88,7781.2,7782.57,1783270335.107
1783270336,7782.03,7781.34,7782.72,1783270336.165
1783270337,7781.3,7780.61,7781.99,1783270337.106
1783270338,7781.94,7781.26,7782.63,1783270338.125
1783270339,7782.51,7781.82,7783.19,1783270339.108
1783270340,7781.19,7780.5,7781.88,1783270340.149
1783270341,7782.3,7781.62,7782.99,1783270341.114
1783270342,7784.6,7783.91,7785.29,1783270342.120
1783270343,7784.08,7783.39,7784.77,1783270343.119
1783270344,7782.89,7782.2,7783.58,1783270344.124
1783270345,7784.02,7783.33,7784.71,1783270345.108
1783270346,7784.08,7783.39,7784.77,1783270346.142
1783270347,7784.13,7783.44,7784.82,1783270347.110
1783270348,7782.68,7781.99,7783.37,1783270348.131
1783270349,7782.56,7781.87,7783.25,1783270349.116
1783270350,7784.94,7784.25,7785.63,1783270350.131
1783270351,7785.24,7784.55,7785.93,1783270351.108
1783270352,7785.06,7784.37,7785.75,1783270352.186
1783270353,7786.79,7786.1,7787.48,1783270353.128
1783270354,7785.66,7784.97,7786.35,1783270354.139
1783270355,7784.68,7783.99,7785.37,1783270355.114
1783270356,7784.56,7783.87,7785.25,1783270356.130
1783270357,7786.58,7785.89,7787.27,1783270357.146
1783270358,7785.85,7785.16,7786.53,1783270358.201
1783270359,7785.76,7785.07,7786.45,1783270359.115
1783270360,7787.63,7786.94,7788.32,1783270360.125
1783270361,7787.85,7787.16,7788.54,1783270361.118
1783270362,7786.44,7785.75,7787.13,1783270362.134
1783270363,7787.56,7786.87,7788.25,1783270363.118
1783270364,7788.13,7787.44,7788.82,1783270364.146
1783270365,7787.74,7787.05,7788.43,1783270365.116
1783270366,7786.41,7785.72,7787.1,1783270366.133
1783270367,7785.42,7784.73,7786.11,1783270367.117
1783270368,7786.62,7785.93,7787.31,1783270368.125
1783270369,7789.48,7788.79,7790.17,1783270369.120
1783270370,7788.91,7788.22,7789.6,1783270370.147
1783270371,7789.89,7789.2,7790.58,1783270371.122
1783270372,7791.5,7790.81,7792.19,1783270372.120
1783270373,7793.81,7793.12,7794.5,1783270373.111
1783270374,7793.26,7792.57,7793.95,1783270374.122
1783270375,7794.36,7793.67,7795.05,1783270375.114
1783270376,7794.68,7793.99,7795.37,1783270376.130
1783270377,7796,7795.31,7796.69,1783270377.106
1783270378,7794.85,7794.16,7795.54,1783270378.164
1783270379,7796,7795.31,7796.69,1783270379.111
1783270380,7795.06,7794.37,7795.75,1783270380.152
1783270381,7794.44,7793.75,7795.13,1783270381.147
1783270382,7794.36,7793.67,7795.05,1783270382.234
1783270383,7792.29,7791.6,7792.98,1783270383.272
1783270384,7791.99,7791.3,7792.68,1783270384.168
1783270385,7791.64,7790.95,7792.33,1783270385.120
1783270386,7792.66,7791.97,7793.35,1783270386.135
1783270387,7792.03,7791.34,7792.72,1783270387.113
1783270388,7791.11,7790.42,7791.8,1783270388.124
1783270389,7791.59,7790.9,7792.28,1783270389.112
1783270390,7790.65,7789.96,7791.34,1783270390.141
1783270391,7791.36,7790.67,7792.05,1783270391.113
1783270392,7790.89,7790.2,7791.58,1783270392.140
1783270393,7789.99,7789.3,7790.68,1783270393.106
1783270394,7787.96,7787.27,7788.65,1783270394.130
1783270395,7787.24,7786.55,7787.92,1783270395.127
1783270396,7786.74,7786.05,7787.43,1783270396.120
1783270397,7786.36,7785.67,7787.05,1783270397.113
1783270398,7788.36,7787.67,7789.05,1783270398.133
1783270399,7789.77,7789.08,7790.46,1783270399.103
1783270400,7788.83,7788.14,7789.52,1783270400.121
1783270401,7789.42,7788.73,7790.11,1783270401.108
1783270402,7790.04,7789.35,7790.73,1783270402.119
1783270403,7789.2,7788.51,7789.89,1783270403.107
1783270404,7790.97,7790.28,7791.66,1783270404.120
1783270405,7790.11,7789.42,7790.8,1783270405.111
1783270406,7790.31,7789.63,7791,1783270406.141
1783270407,7790.13,7789.44,7790.82,1783270407.105
1783270408,7792.39,7791.7,7793.08,1783270408.118
1783270409,7790.88,7790.19,7791.57,1783270409.110
1783270410,7792.2,7791.51,7792.89,1783270410.136
1783270411,7793.09,7792.4,7793.78,1783270411.108
1783270412,7793.68,7792.99,7794.37,1783270412.126
1783270413,7794.17,7793.48,7794.86,1783270413.117
1783270414,7794.43,7793.74,7795.12,1783270414.138
1783270415,7792.93,7792.24,7793.62,1783270415.105
1783270416,7793.7,7793.01,7794.38,1783270416.141
1783270417,7795.1,7794.41,7795.79,1783270417.122
1783270418,7796.57,7795.88,7797.26,1783270418.130
1783270419,7793.15,7792.46,7793.84,1783270419.111
1783270420,7792.28,7791.59,7792.96,1783270420.143
1783270421,7791.93,7791.24,7792.62,1783270421.117
1783270422,7791.3,7790.61,7791.99,1783270422.181
1783270423,7792.31,7791.62,7793,1783270423.118
1783270424,7790.44,7789.75,7791.13,1783270424.151
1783270425,7789.39,7788.7,7790.08,1783270425.121
1783270426,7787.48,7786.79,7788.16,1783270426.130
1783270427,7787.38,7786.69,7788.07,1783270427.120
1783270428,7786.08,7785.39,7786.77,1783270428.137
1783270429,7785.97,7785.28,7786.66,1783270429.115
1783270430,7785.61,7784.92,7786.3,1783270430.134
1783270431,7785.71,7785.02,7786.39,1783270431.113
1783270432,7785.59,7784.9,7786.28,1783270432.126
1783270433,7785.16,7784.47,7785.84,1783270433.117
1783270434,7784.76,7784.07,7785.45,1783270434.132
1783270435,7785.64,7784.95,7786.32,1783270435.118
1783270436,7784.49,7783.8,7785.18,1783270436.130
1783270437,7784.49,7783.8,7785.18,1783270437.118
1783270438,7783.67,7782.98,7784.36,1783270438.130
1783270439,7784.1,7783.41,7784.78,1783270439.113
1783270440,7783.61,7782.93,7784.3,1783270440.153
1783270441,7782.58,7781.89,7783.27,1783270441.123
1783270442,7783.12,7782.43,7783.81,1783270442.153
1783270443,7784.22,7783.53,7784.91,1783270443.196
1783270444,7784.19,7783.5,7784.88,1783270444.214
1783270445,7782.41,7781.73,7783.1,1783270445.116
1783270446,7783.3,7782.61,7783.99,1783270446.123
1783270447,7785,7784.31,7785.69,1783270447.107
1783270448,7783.55,7782.86,7784.24,1783270448.121
1783270449,7784.93,7784.24,7785.62,1783270449.129
1783270450,7784.66,7783.97,7785.35,1783270450.128
1783270451,7783.84,7783.15,7784.53,1783270451.112
1783270452,7784.17,7783.48,7784.85,1783270452.141
1783270453,7783.49,7782.8,7784.18,1783270453.122
1783270454,7784.08,7783.39,7784.77,1783270454.125
1783270455,7782.57,7781.88,7783.26,1783270455.109
1783270456,7781.93,7781.24,7782.62,1783270456.122
1783270457,7782.87,7782.18,7783.55,1783270457.103
1783270458,7782.78,7782.09,7783.47,1783270458.131
1783270459,7784.02,7783.33,7784.71,1783270459.128
1783270460,7784.76,7784.07,7785.45,1783270460.126
1783270461,7785.47,7784.78,7786.15,1783270461.106
1783270462,7785.37,7784.68,7786.05,1783270462.163
1783270463,7786.46,7785.77,7787.15,1783270463.115
1783270464,7786.52,7785.83,7787.2,1783270464.122
1783270465,7787.32,7786.64,7788.01,1783270465.125
1783270466,7787.51,7786.82,7788.2,1783270466.138
1783270467,7788.03,7787.34,7788.72,1783270467.125
1783270468,7787.16,7786.47,7787.85,1783270468.154
1783270469,7788.53,7787.84,7789.22,1783270469.112
1783270470,7786.62,7785.93,7787.31,1783270470.133
1783270471,7786.64,7785.95,7787.33,1783270471.105
1783270472,7787.63,7786.94,7788.32,1783270472.133
1783270473,7787.29,7786.6,7787.98,1783270473.110
1783270474,7786.57,7785.88,7787.26,1783270474.139
1783270475,7788.33,7787.64,7789.02,1783270475.122
1783270476,7788.26,7787.57,7788.95,1783270476.124
1783270477,7787.49,7786.8,7788.18,1783270477.109
1783270478,7786.86,7786.17,7787.55,1783270478.124
1783270479,7786.4,7785.71,7787.09,1783270479.107
1783270480,7786.78,7786.09,7787.47,1783270480.146
1783270481,7788.9,7788.21,7789.59,1783270481.108
1783270482,7789.88,7789.19,7790.57,1783270482.119
1783270483,7790.85,7790.16,7791.54,1783270483.120
1783270484,7790.25,7789.56,7790.94,1783270484.138
1783270485,7788.36,7787.67,7789.05,1783270485.107
1783270486,7788.46,7787.77,7789.14,1783270486.131
1783270487,7788.89,7788.2,7789.58,1783270487.112
1783270488,7788.15,7787.46,7788.84,1783270488.133
1783270489,7788.43,7787.74,7789.12,1783270489.105
1783270490,7790.21,7789.52,7790.9,1783270490.118
1783270491,7789.4,7788.71,7790.09,1783270491.120
1783270492,7790.83,7790.14,7791.52,1783270492.122
1783270493,7789.99,7789.3,7790.68,1783270493.110
1783270494,7790.52,7789.83,7791.21,1783270494.124
1783270495,7790.12,7789.43,7790.81,1783270495.128
1783270496,7820.92,7820.22,7821.61,1783270496.130
1783270497,7821.6,7820.91,7822.3,1783270497.108
1783270498,7821.88,7821.19,7822.57,1783270498.127
1783270499,7823.72,7823.03,7824.41,1783270499.128
1783270500,7822.95,7822.26,7823.64,1783270500.134
1783270501,7822.65,7821.96,7823.35,1783270501.105
1783270502,7821.91,7821.21,7822.6,1783270502.151
1783270503,7821.86,7821.17,7822.55,1783270503.120
1783270504,7819.59,7818.9,7820.29,1783270504.180
1783270505,7820.67,7819.97,7821.36,1783270505.138
1783270506,7820.4,7819.71,7821.1,1783270506.124
1783270507,7819.32,7818.63,7820.01,1783270507.114
1783270508,7817.95,7817.26,7818.64,1783270508.126
1783270509,7816.05,7815.36,7816.75,1783270509.113
1783270510,7815.56,7814.87,7816.25,1783270510.124
1783270511,7816.81,7816.12,7817.51,1783270511.104
1783270512,7816.38,7815.69,7817.07,1783270512.130
1783270513,7817.36,7816.67,7818.05,1783270513.111
1783270514,7818.31,7817.62,7819,1783270514.142
1783270515,7818.51,7817.82,7819.2,1783270515.115
1783270516,7817.88,7817.19,7818.57,1783270516.128
1783270517,7815.64,7814.95,7816.33,1783270517.115
1783270518,7815.99,7815.29,7816.68,1783270518.124
1783270519,7815.79,7815.1,7816.48,1783270519.128
1783270520,7815.8,7815.11,7816.49,1783270520.118
1783270521,7815.14,7814.45,7815.83,1783270521.114
1783270522,7815.57,7814.88,7816.26,1783270522.127
1783270523,7816.44,7815.74,7817.13,1783270523.124
1783270524,7817,7816.31,7817.69,1783270524.133
1783270525,7817.86,7817.17,7818.56,1783270525.143
1783270526,7818.62,7817.93,7819.32,1783270526.147
1783270527,7819.54,7818.85,7820.23,1783270527.104
1783270528,7819.28,7818.59,7819.97,1783270528.131
1783270529,7820.59,7819.89,7821.28,1783270529.108
1783270530,7820.09,7819.4,7820.78,1783270530.142
1783270531,7818.62,7817.93,7819.31,1783270531.111
1783270532,7819.27,7818.58,7819.96,1783270532.124
1783270533,7819.5,7818.81,7820.19,1783270533.113
1783270534,7821.54,7820.85,7822.23,1783270534.133
1783270535,7820.63,7819.94,7821.32,1783270535.109
1783270536,7820.59,7819.9,7821.28,1783270536.119
1783270537,7820.49,7819.8,7821.18,1783270537.115
1783270538,7819.77,7819.08,7820.46,1783270538.246
1783270539,7821.3,7820.61,7821.99,1783270539.114
1783270540,7822.32,7821.63,7823.01,1783270540.141
1783270541,7821.15,7820.46,7821.85,1783270541.128
1783270542,7820.23,7819.54,7820.93,1783270542.123
1783270543,7820.79,7820.1,7821.48,1783270543.106
1783270544,7819.58,7818.88,7820.27,1783270544.128
1783270545,7819.97,7819.27,7820.66,1783270545.114
1783270546,7819.96,7819.26,7820.65,1783270546.128
1783270547,7819.65,7818.96,7820.34,1783270547.103
1783270548,7820.44,7819.75,7821.13,1783270548.123
1783270549,7820.18,7819.49,7820.87,1783270549.102
1783270550,7820.12,7819.43,7820.81,1783270550.127
1783270551,7818.04,7817.35,7818.73,1783270551.116
1783270552,7817.1,7816.41,7817.79,1783270552.121
1783270553,7818.45,7817.76,7819.15,1783270553.104
1783270554,7819.31,7818.62,7820.01,1783270554.137
1783270555,7818.68,7817.99,7819.37,1783270555.109
1783270556,7818.02,7817.32,7818.71,1783270556.123
1783270557,7817.09,7816.4,7817.79,1783270557.117
1783270558,7816.29,7815.6,7816.99,1783270558.128
1783270559,7816.5,7815.81,7817.2,1783270559.119
1783270560,7816.4,7815.71,7817.09,1783270560.163
1783270561,7816.09,7815.4,7816.78,1783270561.118
1783270562,7816.92,7816.23,7817.61,1783270562.280
1783270563,7816.47,7815.78,7817.16,1783270563.304
1783270564,7815.53,7814.84,7816.22,1783270564.144
1783270565,7815.5,7814.81,7816.19,1783270565.112
1783270566,7815.05,7814.36,7815.74,1783270566.117
1783270567,7813.62,7812.92,7814.31,1783270567.106
1783270568,7813.96,7813.27,7814.65,1783270568.117
1783270569,7813.79,7813.1,7814.49,1783270569.106
1783270570,7814.15,7813.46,7814.84,1783270570.120
1783270571,7814.05,7813.36,7814.74,1783270571.105
1783270572,7813.78,7813.08,7814.47,1783270572.121
1783270573,7814.21,7813.52,7814.9,1783270573.120
1783270574,7813.03,7812.34,7813.72,1783270574.123
1783270575,7811.49,7810.8,7812.18,1783270575.108
1783270576,7811.69,7811,7812.38,1783270576.167
1783270577,7812.17,7811.48,7812.86,1783270577.112
1783270578,7813.63,7812.94,7814.32,1783270578.140
1783270579,7812.04,7811.34,7812.73,1783270579.107
1783270580,7812.18,7811.49,7812.88,1783270580.121
1783270581,7812.51,7811.81,7813.2,1783270581.107
1783270582,7812.44,7811.75,7813.13,1783270582.126
1783270583,7812.24,7811.55,7812.93,1783270583.119
1783270584,7811.64,7810.95,7812.34,1783270584.123
1783270585,7808.66,7807.97,7809.36,1783270585.110
1783270586,7808.21,7807.52,7808.9,1783270586.127
1783270587,7809.98,7809.29,7810.67,1783270587.112
1783270588,7809.15,7808.46,7809.85,1783270588.182
1783270589,7809.09,7808.4,7809.78,1783270589.116
1783270590,7808.86,7808.17,7809.56,1783270590.124
1783270591,7809.82,7809.13,7810.51,1783270591.109
1783270592,7810.07,7809.38,7810.76,1783270592.126
1783270593,7811.09,7810.4,7811.78,1783270593.118
1783270594,7810.61,7809.92,7811.31,1783270594.129
1783270595,7811.48,7810.79,7812.17,1783270595.111
1783270596,7812.07,7811.38,7812.77,1783270596.133
1783270597,7810.2,7809.51,7810.89,1783270597.127
1783270598,7810.48,7809.79,7811.17,1783270598.201
1783270599,7807.89,7807.2,7808.58,1783270599.117
1783270600,7806.18,7805.48,7806.87,1783270600.126
1783270601,7806.09,7805.4,7806.78,1783270601.108
1783270602,7806.31,7805.61,7807,1783270602.131
1783270603,7806.33,7805.64,7807.02,1783270603.121
1783270604,7806.18,7805.49,7806.87,1783270604.130
1783270605,7807.32,7806.63,7808.01,1783270605.111
1783270606,7808.64,7807.95,7809.33,1783270606.122
1783270607,7808.75,7808.06,7809.44,1783270607.106
1783270608,7810.15,7809.46,7810.84,1783270608.140
1783270609,7810.29,7809.6,7810.98,1783270609.121
1783270610,7809.2,7808.51,7809.89,1783270610.146
1783270611,7807.79,7807.1,7808.48,1783270611.111
1783270612,7806.66,7805.97,7807.35,1783270612.124
1783270613,7806.63,7805.94,7807.32,1783270613.109
1783270614,7807.14,7806.44,7807.83,1783270614.127
1783270615,7807.41,7806.72,7808.1,1783270615.127
1783270616,7807.46,7806.76,7808.15,1783270616.132
1783270617,7807.83,7807.14,7808.52,1783270617.114
1783270618,7809.19,7808.5,7809.88,1783270618.139
1783270619,7811.1,7810.41,7811.79,1783270619.127
1783270620,7811.28,7810.59,7811.97,1783270620.131
1783270621,7812,7811.31,7812.69,1783270621.112
1783270622,7811.54,7810.85,7812.23,1783270622.231
1783270623,7810.03,7809.33,7810.72,1783270623.128
1783270624,7810.05,7809.36,7810.74,1783270624.140
1783270625,7810.74,7810.05,7811.43,1783270625.128
1783270626,7811.89,7811.2,7812.58,1783270626.127
1783270627,7813.09,7812.4,7813.79,1783270627.164
1783270628,7814.28,7813.59,7814.98,1783270628.244
1783270629,7814.04,7813.35,7814.73,1783270629.119
1783270630,7813.52,7812.83,7814.21,1783270630.146
1783270631,7813.78,7813.09,7814.47,1783270631.116
1783270632,7813.26,7812.57,7813.95,1783270632.126
1783270633,7812.72,7812.03,7813.41,1783270633.113
1783270634,7814.28,7813.59,7814.98,1783270634.133
1783270635,7815.83,7815.14,7816.52,1783270635.121
1783270636,7816.01,7815.32,7816.7,1783270636.136
1783270637,7816.75,7816.06,7817.44,1783270637.112
1783270638,7814.01,7813.32,7814.7,1783270638.130
1783270639,7814.66,7813.97,7815.35,1783270639.127
1783270640,7815.48,7814.79,7816.17,1783270640.137
1783270641,7814.74,7814.05,7815.43,1783270641.114
1783270642,7814.41,7813.72,7815.1,1783270642.138
1783270643,7813.3,7812.61,7814,1783270643.117
1783270644,7812.79,7812.1,7813.48,1783270644.163
1783270645,7814.29,7813.6,7814.98,1783270645.122
1783270646,7814.86,7814.17,7815.56,1783270646.129
1783270647,7814.63,7813.94,7815.32,1783270647.124
1783270648,7816.22,7815.53,7816.91,1783270648.145
1783270649,7817.14,7816.45,7817.83,1783270649.132
1783270650,7817.42,7816.73,7818.12,1783270650.155
1783270651,7815.19,7814.49,7815.88,1783270651.115
1783270652,7816.13,7815.44,7816.82,1783270652.132
1783270653,7816.89,7816.2,7817.58,1783270653.111
1783270654,7818.57,7817.87,7819.26,1783270654.127
1783270655,7820.51,7819.82,7821.2,1783270655.119
1783270656,7820.37,7819.68,7821.06,1783270656.132
1783270657,7820.27,7819.58,7820.96,1783270657.164
1783270658,7820.9,7820.2,7821.59,1783270658.203
1783270659,7820.19,7819.49,7820.88,1783270659.125
1783270660,7821.45,7820.76,7822.14,1783270660.479
1783270661,7821.37,7820.68,7822.06,1783270661.544
1783270662,7820.65,7819.96,7821.34,1783270662.130
1783270663,7819.93,7819.24,7820.63,1783270663.113
1783270664,7818.75,7818.06,7819.44,1783270664.136
1783270665,7819.08,7818.39,7819.78,1783270665.112
1783270666,7817.14,7816.45,7817.83,1783270666.121
1783270667,7818.23,7817.54,7818.92,1783270667.122
1783270668,7818.35,7817.66,7819.04,1783270668.139
1783270669,7818.98,7818.29,7819.68,1783270669.118
1783270670,7819.54,7818.85,7820.23,1783270670.167
1783270671,7817.83,7817.13,7818.52,1783270671.119
1783270672,7816.95,7816.26,7817.64,1783270672.148
1783270673,7817.27,7816.57,7817.96,1783270673.117
1783270674,7817.69,7817,7818.39,1783270674.143
1783270675,7818.81,7818.12,7819.51,1783270675.120
1783270676,7819.2,7818.51,7819.89,1783270676.132
1783270677,7818.91,7818.22,7819.6,1783270677.115
1783270678,7817.28,7816.59,7817.97,1783270678.152
1783270679,7816.07,7815.38,7816.76,1783270679.122
1783270680,7816.15,7815.46,7816.84,1783270680.151
1783270681,7814.34,7813.65,7815.03,1783270681.116
1783270682,7814.77,7814.08,7815.46,1783270682.142
1783270683,7815.57,7814.88,7816.26,1783270683.173
1783270684,7817.15,7816.46,7817.84,1783270684.176
1783270685,7816.08,7815.39,7816.78,1783270685.110
1783270686,7815.93,7815.24,7816.62,1783270686.133
1783270687,7815.97,7815.28,7816.67,1783270687.113
1783270688,7816.49,7815.8,7817.19,1783270688.201
1783270689,7817,7816.31,7817.69,1783270689.122
1783270690,7815.89,7815.2,7816.58,1783270690.150
1783270691,7816.37,7815.68,7817.06,1783270691.114
1783270692,7817.33,7816.64,7818.02,1783270692.143
1783270693,7818.24,7817.55,7818.93,1783270693.119
1783270694,7819.03,7818.34,7819.72,1783270694.146
1783270695,7818.19,7817.5,7818.88,1783270695.116
1783270696,7819.77,7819.08,7820.46,1783270696.163
1783270697,7819.15,7818.45,7819.84,1783270697.113
1783270698,7818.99,7818.3,7819.68,1783270698.203
1783270699,7820.38,7819.69,7821.08,1783270699.118
1783270700,7818.53,7817.84,7819.22,1783270700.127
1783270701,7819.35,7818.66,7820.04,1783270701.124
1783270702,7820.25,7819.56,7820.94,1783270702.149
1783270703,7819.56,7818.87,7820.26,1783270703.114
1783270704,7818.45,7817.76,7819.15,1783270704.161
1783270705,7819.25,7818.56,7819.94,1783270705.112
1783270706,7818.19,7817.5,7818.88,1783270706.137
1783270707,7817.68,7816.99,7818.37,1783270707.122
1783270708,7816.96,7816.26,7817.65,1783270708.141
1783270709,7816.79,7816.1,7817.48,1783270709.114
1783270710,7817.01,7816.32,7817.7,1783270710.146
1783270711,7817.16,7816.47,7817.86,1783270711.115
1783270712,7817.84,7817.15,7818.53,1783270712.136
1783270713,7818.21,7817.52,7818.9,1783270713.116
1783270714,7817.75,7817.06,7818.44,1783270714.150
1783270715,7818.51,7817.82,7819.2,1783270715.122
1783270716,7817.77,7817.08,7818.47,1783270716.127
1783270717,7818.66,7817.97,7819.35,1783270717.122
1783270718,7816.98,7816.29,7817.68,1783270718.202
1783270719,7818.49,7817.8,7819.18,1783270719.121
1783270720,7819.73,7819.04,7820.42,1783270720.125
1783270721,7820.48,7819.78,7821.17,1783270721.125
1783270722,7821.38,7820.69,7822.07,1783270722.136
1783270723,7821.37,7820.68,7822.06,1783270723.130
1783270724,7821.93,7821.23,7822.62,1783270724.135
1783270725,7819.39,7818.7,7820.08,1783270725.120
1783270726,7820.26,7819.57,7820.95,1783270726.133
1783270727,7818.6,7817.91,7819.3,1783270727.120
1783270728,7817.22,7816.53,7817.91,1783270728.134
1783270729,7817.43,7816.74,7818.13,1783270729.118
1783270730,7817.59,7816.9,7818.28,1783270730.144
1783270731,7818.17,7817.48,7818.86,1783270731.127
1783270732,7817.79,7817.1,7818.48,1783270732.151
1783270733,7816.94,7816.25,7817.63,1783270733.118
1783270734,7818.01,7817.32,7818.7,1783270734.152
1783270735,7818.51,7817.82,7819.2,1783270735.129
1783270736,7819.26,7818.57,7819.95,1783270736.164
1783270737,7818.04,7817.34,7818.73,1783270737.127
1783270738,7819.48,7818.78,7820.17,1783270738.164
1783270739,7819.22,7818.52,7819.91,1783270739.129
1783270740,7822.35,7821.66,7823.04,1783270740.151
1783270741,7821.56,7820.87,7822.25,1783270741.113
1783270742,7820.06,7819.37,7820.76,1783270742.363
1783270743,7819.38,7818.69,7820.07,1783270743.162
1783270744,7819.11,7818.42,7819.8,1783270744.145
1783270745,7820.52,7819.83,7821.21,1783270745.119
1783270746,7820,7819.31,7820.7,1783270746.134
1783270747,7821.43,7820.73,7822.12,1783270747.123
1783270748,7822.62,7821.93,7823.32,1783270748.153
1783270749,7822.24,7821.55,7822.93,1783270749.123
1783270750,7822.62,7821.93,7823.31,1783270750.131
1783270751,7823.32,7822.62,7824.01,1783270751.119
1783270752,7822.22,7821.52,7822.91,1783270752.158
1783270753,7821.21,7820.52,7821.9,1783270753.121
1783270754,7820.94,7820.25,7821.63,1783270754.142
1783270755,7819.41,7818.72,7820.1,1783270755.119
1783270756,7820.67,7819.98,7821.36,1783270756.143
1783270757,7819.33,7818.64,7820.02,1783270757.129
1783270758,7819.17,7818.48,7819.87,1783270758.137
1783270759,7817.96,7817.27,7818.65,1783270759.128
1783270760,7819.03,7818.34,7819.72,1783270760.138
1783270761,7820.71,7820.01,7821.4,1783270761.123
1783270762,7820.05,7819.36,7820.74,1783270762.162
1783270763,7821.24,7820.55,7821.93,1783270763.127
1783270764,7822.64,7821.95,7823.34,1783270764.163
1783270765,7823.45,7822.76,7824.14,1783270765.133
1783270766,7822.64,7821.95,7823.33,1783270766.142
1783270767,7823.8,7823.1,7824.49,1783270767.126
1783270768,7823.83,7823.13,7824.52,1783270768.149
1783270769,7822.56,7821.87,7823.25,1783270769.119
1783270770,7822.88,7822.19,7823.58,1783270770.139
1783270771,7823.11,7822.42,7823.8,1783270771.118
1783270772,7823.16,7822.47,7823.85,1783270772.148
1783270773,7822.91,7822.22,7823.6,1783270773.114
1783270774,7823.46,7822.77,7824.15,1783270774.247
1783270775,7823.92,7823.23,7824.61,1783270775.134
1783270776,7825.33,7824.63,7826.02,1783270776.137
1783270777,7825.46,7824.77,7826.15,1783270777.123
1783270778,7824.85,7824.16,7825.55,1783270778.201
1783270779,7825.23,7824.54,7825.93,1783270779.125
1783270780,7825.75,7825.06,7826.44,1783270780.172
1783270781,7824.65,7823.96,7825.35,1783270781.114
1783270782,7825.07,7824.38,7825.77,1783270782.147
1783270783,7826.38,7825.69,7827.07,1783270783.114
1783270784,7824.85,7824.15,7825.54,1783270784.147
1783270785,7824.8,7824.11,7825.5,1783270785.126
1783270786,7824.79,7824.1,7825.48,1783270786.140
1783270787,7824.88,7824.19,7825.58,1783270787.115
1783270788,7824.74,7824.05,7825.43,1783270788.135
1783270789,7824.89,7824.19,7825.58,1783270789.121
1783270790,7825.41,7824.72,7826.11,1783270790.148
1783270791,7826.66,7825.97,7827.36,1783270791.105
1783270792,7826.7,7826.01,7827.39,1783270792.137
1783270793,7826.29,7825.6,7826.98,1783270793.115
1783270794,7827.29,7826.6,7827.99,1783270794.142
1783270795,7826.53,7825.84,7827.22,1783270795.119
1783270796,7826.27,7825.58,7826.96,1783270796.156
1783270797,7827.14,7826.45,7827.83,1783270797.116
1783270798,7826.76,7826.07,7827.45,1783270798.148
1783270799,7827.58,7826.89,7828.28,1783270799.111
1783270800,7828.58,7827.88,7829.27,1783270800.174
1783270801,7829.34,7828.65,7830.03,1783270801.122
1783270802,7828.74,7828.05,7829.43,1783270802.191
1783270803,7828.22,7827.53,7828.91,1783270803.319
1783270804,7827.3,7826.6,7827.99,1783270804.237
1783270805,7828.08,7827.39,7828.77,1783270805.149
1783270806,7826.74,7826.05,7827.44,1783270806.192
1783270807,7825.58,7824.89,7826.27,1783270807.128
1783270808,7825.89,7825.2,7826.58,1783270808.200
1783270809,7826.01,7825.32,7826.7,1783270809.129
1783270810,7825.57,7824.87,7826.26,1783270810.143
1783270811,7826.37,7825.68,7827.06,1783270811.123
1783270812,7824.66,7823.97,7825.35,1783270812.152
1783270813,7824.92,7824.22,7825.61,1783270813.123
1783270814,7825.37,7824.67,7826.06,1783270814.136
1783270815,7824.65,7823.96,7825.35,1783270815.124
1783270816,7823.73,7823.03,7824.42,1783270816.128
1783270817,7823.11,7822.41,7823.8,1783270817.113
1783270818,7824.97,7824.28,7825.66,1783270818.145
1783270819,7825.97,7825.28,7826.67,1783270819.112
1783270820,7826.16,7825.46,7826.85,1783270820.143
1783270821,7824.92,7824.23,7825.62,1783270821.120
1783270822,7824.78,7824.09,7825.47,1783270822.142
1783270823,7825.22,7824.53,7825.92,1783270823.119
1783270824,7825.32,7824.63,7826.01,1783270824.169
1783270825,7825.9,7825.21,7826.59,1783270825.131
1783270826,7825.53,7824.84,7826.22,1783270826.161
1783270827,7826.33,7825.64,7827.02,1783270827.127
1783270828,7825.3,7824.61,7826,1783270828.137
1783270829,7824.82,7824.13,7825.51,1783270829.117
1783270830,7824.37,7823.68,7825.06,1783270830.145
1783270831,7822.92,7822.22,7823.61,1783270831.116
1783270832,7822.11,7821.42,7822.81,1783270832.145
1783270833,7821.63,7820.94,7822.33,1783270833.113
1783270834,7821.72,7821.03,7822.42,1783270834.157
1783270835,7819.8,7819.1,7820.49,1783270835.138
1783270836,7820.87,7820.18,7821.57,1783270836.150
1783270837,7820.09,7819.4,7820.78,1783270837.123
1783270838,7821.67,7820.98,7822.37,1783270838.248
1783270839,7821.16,7820.47,7821.85,1783270839.124
1783270840,7821.35,7820.66,7822.04,1783270840.136
1783270841,7821.72,7821.03,7822.41,1783270841.124
1783270842,7820.48,7819.79,7821.17,1783270842.145
1783270843,7820.24,7819.55,7820.93,1783270843.113
1783270844,7820.27,7819.57,7820.96,1783270844.162
1783270845,7820.81,7820.11,7821.5,1783270845.129
1783270846,7819.9,7819.21,7820.59,1783270846.152
1783270847,7819.69,7818.99,7820.38,1783270847.124
1783270848,7819,7818.31,7819.69,1783270848.166
1783270849,7820.41,7819.72,7821.1,1783270849.124
1783270850,7820.88,7820.19,7821.57,1783270850.139
1783270851,7821.34,7820.64,7822.03,1783270851.125
1783270852,7821.43,7820.74,7822.12,1783270852.132
1783270853,7821.46,7820.76,7822.15,1783270853.112
1783270854,7819.32,7818.63,7820.01,1783270854.183
1783270855,7819.87,7819.18,7820.57,1783270855.132
1783270856,7818.03,7817.34,7818.72,1783270856.144
1783270857,7819.12,7818.43,7819.81,1783270857.116
1783270858,7820.39,7819.7,7821.08,1783270858.128
1783270859,7819.5,7818.81,7820.19,1783270859.121
1783270860,7820.92,7820.23,7821.61,1783270860.159
1783270861,7820.57,7819.88,7821.26,1783270861.163
1783270862,7820.91,7820.22,7821.61,1783270862.271
1783270863,7822.28,7821.58,7822.97,1783270863.183
1783270864,7821.26,7820.57,7821.95,1783270864.156
1783270865,7821.1,7820.41,7821.79,1783270865.132
1783270866,7820.08,7819.38,7820.77,1783270866.173
1783270867,7819.62,7818.93,7820.32,1783270867.137
1783270868,7819.43,7818.73,7820.12,1783270868.202
1783270869,7818.03,7817.33,7818.72,1783270869.129
1783270870,7817.3,7816.61,7817.99,1783270870.153
1783270871,7818.19,7817.5,7818.88,1783270871.127
1783270872,7819.25,7818.56,7819.95,1783270872.161
1783270873,7818.18,7817.48,7818.87,1783270873.114
1783270874,7819.46,7818.77,7820.15,1783270874.164
1783270875,7819.34,7818.65,7820.04,1783270875.123
1783270876,7818.97,7818.28,7819.66,1783270876.134
1783270877,7818.74,7818.05,7819.44,1783270877.122
1783270878,7818.25,7817.56,7818.94,1783270878.169
1783270879,7817.31,7816.62,7818.01,1783270879.123
1783270880,7818.54,7817.85,7819.24,1783270880.138
1783270881,7818.77,7818.08,7819.46,1783270881.146
1783270882,7817.29,7816.6,7817.99,1783270882.152
1783270883,7816.64,7815.95,7817.33,1783270883.125
1783270884,7819.08,7818.39,7819.77,1783270884.145
1783270885,7819.18,7818.49,7819.87,1783270885.119
1783270886,7819.16,7818.47,7819.85,1783270886.158
1783270887,7819.05,7818.36,7819.74,1783270887.128
1783270888,7818.77,7818.08,7819.46,1783270888.132
1783270889,7819.45,7818.76,7820.14,1783270889.116
1783270890,7820.89,7820.19,7821.58,1783270890.134
1783270891,7819.35,7818.66,7820.04,1783270891.119
1783270892,7818.4,7817.71,7819.09,1783270892.156
1783270893,7819.08,7818.38,7819.77,1783270893.133
1783270894,7819.47,7818.78,7820.16,1783270894.156
1783270895,7820.35,7819.66,7821.04,1783270895.120
1783270896,7820.4,7819.71,7821.09,1783270896.147
1783270897,7821.33,7820.64,7822.02,1783270897.122
1783270898,7822.05,7821.36,7822.74,1783270898.201
1783270899,7822.77,7822.08,7823.46,1783270899.120
1783270900,7821.26,7820.56,7821.95,1783270900.165
1783270901,7819.93,7819.24,7820.62,1783270901.127
1783270902,7818.09,7817.39,7818.78,1783270902.146
1783270903,7818.09,7817.4,7818.79,1783270903.118
1783270904,7817.43,7816.74,7818.13,1783270904.141
1783270905,7818.21,7817.52,7818.9,1783270905.119
1783270906,7816.97,7816.28,7817.67,1783270906.150
1783270907,7816.95,7816.26,7817.64,1783270907.127
1783270908,7816.49,7815.8,7817.18,1783270908.145
1783270909,7817.03,7816.34,7817.73,1783270909.115
1783270910,7817.15,7816.46,7817.84,1783270910.153
1783270911,7817.26,7816.57,7817.96,1783270911.120
1783270912,7818.61,7817.92,7819.3,1783270912.169
1783270913,7818.88,7818.19,7819.58,1783270913.113
1783270914,7820.97,7820.28,7821.66,1783270914.149
1783270915,7821.26,7820.56,7821.95,1783270915.118
1783270916,7820.39,7819.7,7821.08,1783270916.150
1783270917,7821.34,7820.64,7822.03,1783270917.114
1783270918,7821.2,7820.51,7821.89,1783270918.136
1783270919,7820.85,7820.16,7821.54,1783270919.118
1783270920,7822.24,7821.55,7822.93,1783270920.154
1783270921,7821.34,7820.65,7822.04,1783270921.131
1783270922,7821.41,7820.72,7822.1,1783270922.384
1783270923,7820.65,7819.95,7821.34,1783270923.123
1783270924,7820.34,7819.64,7821.03,1783270924.140
1783270925,7822.19,7821.49,7822.88,1783270925.123
1783270926,7822.66,7821.97,7823.36,1783270926.143
1783270927,7822.22,7821.53,7822.92,1783270927.118
1783270928,7823.62,7822.93,7824.31,1783270928.212
1783270929,7823.53,7822.84,7824.22,1783270929.117
1783270930,7822.62,7821.93,7823.31,1783270930.160
1783270931,7822.62,7821.93,7823.31,1783270931.117
1783270932,7821.64,7820.95,7822.34,1783270932.156
1783270933,7821.72,7821.03,7822.42,1783270933.135
1783270934,7821.18,7820.49,7821.87,1783270934.128
1783270935,7822.95,7822.26,7823.65,1783270935.127
1783270936,7820.26,7819.57,7820.95,1783270936.146
1783270937,7820.74,7820.04,7821.43,1783270937.128
1783270938,7820.99,7820.3,7821.68,1783270938.129
1783270939,7819.51,7818.82,7820.21,1783270939.116
1783270940,7820.17,7819.48,7820.86,1783270940.146
1783270941,7820.11,7819.42,7820.81,1783270941.116
1783270942,7820.42,7819.72,7821.11,1783270942.162
1783270943,7820.65,7819.96,7821.35,1783270943.114
1783270944,7820.79,7820.1,7821.48,1783270944.126
1783270945,7820.3,7819.61,7821,1783270945.122
1783270946,7821.19,7820.5,7821.89,1783270946.157
1783270947,7820.45,7819.76,7821.15,1783270947.117
1783270948,7820.93,7820.24,7821.63,1783270948.165
1783270949,7820.44,7819.75,7821.13,1783270949.110
1783270950,7819.97,7819.28,7820.66,1783270950.138
1783270951,7819.67,7818.97,7820.36,1783270951.134
1783270952,7818.72,7818.03,7819.41,1783270952.148
1783270953,7818.53,7817.84,7819.22,1783270953.128
1783270954,7818.05,7817.36,7818.74,1783270954.133
1783270955,7817.75,7817.06,7818.44,1783270955.164
1783270956,7817.08,7816.38,7817.77,1783270956.169
1783270957,7816.87,7816.18,7817.56,1783270957.118
1783270958,7816.93,7816.24,7817.62,1783270958.247
1783270959,7816.24,7815.54,7816.93,1783270959.113
1783270960,7814.72,7814.03,7815.41,1783270960.142
1783270961,7815.77,7815.07,7816.46,1783270961.135
1783270962,7816.71,7816.02,7817.4,1783270962.159
1783270963,7816.04,7815.34,7816.73,1783270963.126
1783270964,7815.27,7814.58,7815.96,1783270964.156
1783270965,7816.09,7815.4,7816.78,1783270965.144
1783270966,7816.14,7815.45,7816.83,1783270966.154
1783270967,7817.46,7816.76,7818.15,1783270967.125
1783270968,7817.53,7816.84,7818.23,1783270968.163
1783270969,7818.07,7817.38,7818.76,1783270969.122
1783270970,7818.38,7817.69,7819.07,1783270970.160
1783270971,7818.96,7818.26,7819.65,1783270971.127
1783270972,7818.6,7817.91,7819.3,1783270972.135
1783270973,7817.84,7817.15,7818.53,1783270973.117
1783270974,7819.36,7818.67,7820.05,1783270974.145
1783270975,7819.6,7818.91,7820.29,1783270975.120
1783270976,7818.6,7817.91,7819.29,1783270976.144
1783270977,7818.96,7818.27,7819.65,1783270977.121
1783270978,7818.01,7817.32,7818.7,1783270978.152
1783270979,7816.34,7815.65,7817.03,1783270979.118
1783270980,7815.67,7814.98,7816.36,1783270980.166
1783270981,7816.96,7816.27,7817.66,1783270981.162
1783270982,7817.68,7816.99,7818.37,1783270982.198
1783270983,7816.86,7816.16,7817.55,1783270983.202
1783270984,7818.58,7817.89,7819.27,1783270984.192
1783270985,7820.04,7819.35,7820.73,1783270985.119
1783270986,7820.58,7819.88,7821.27,1783270986.148
1783270987,7819.35,7818.66,7820.05,1783270987.126
1783270988,7776.7,7776.02,7777.39,1783270988.247
1783270989,7776.8,7776.11,7777.48,1783270989.121
1783270990,7777.9,7777.21,7778.59,1783270990.157
1783270991,7778.53,7777.84,7779.22,1783270991.110
1783270992,7779.01,7778.32,7779.7,1783270992.143
1783270993,7779.93,7779.24,7780.62,1783270993.113
1783270994,7780.94,7780.25,7781.63,1783270994.162
1783270995,7783.53,7782.84,7784.22,1783270995.148
1783270996,7783.45,7782.76,7784.13,1783270996.150
1783270997,7783.04,7782.35,7783.73,1783270997.118
1783270998,7782.72,7782.03,7783.41,1783270998.147
1783270999,7781.54,7780.85,7782.23,1783270999.118
1783271000,7783.07,7782.38,7783.76,1783271000.151
1783271001,7782.39,7781.7,7783.08,1783271001.116
1783271002,7781.56,7780.87,7782.24,1783271002.151
1783271003,7782.11,7781.42,7782.8,1783271003.119
1783271004,7781.77,7781.08,7782.46,1783271004.174
1783271005,7781.54,7780.85,7782.23,1783271005.115
1783271006,7781.87,7781.18,7782.56,1783271006.150
1783271007,7783.41,7782.72,7784.1,1783271007.205
1783271008,7784.12,7783.44,7784.81,1783271008.136
1783271009,7784.56,7783.87,7785.25,1783271009.119
1783271010,7786.03,7785.34,7786.72,1783271010.165
1783271011,7787.04,7786.35,7787.73,1783271011.117
1783271012,7786.48,7785.79,7787.17,1783271012.149
1783271013,7784.59,7783.9,7785.28,1783271013.116
1783271014,7786.55,7785.86,7787.24,1783271014.162
1783271015,7785.49,7784.8,7786.17,1783271015.136
1783271016,7786.13,7785.44,7786.82,1783271016.149
1783271017,7786.82,7786.13,7787.51,1783271017.127
1783271018,7785.72,7785.04,7786.41,1783271018.211
1783271019,7786.63,7785.94,7787.32,1783271019.124
1783271020,7784.62,7783.93,7785.31,1783271020.152
1783271021,7784.35,7783.66,7785.04,1783271021.136
1783271022,7784.84,7784.15,7785.53,1783271022.164
1783271023,7784.67,7783.98,7785.36,1783271023.120
1783271024,7784.67,7783.98,7785.36,1783271024.144
1783271025,7786.04,7785.35,7786.73,1783271025.122
1783271026,7783.31,7782.63,7784,1783271026.150
1783271027,7781.51,7780.82,7782.2,1783271027.121
1783271028,7781.96,7781.27,7782.64,1783271028.156
1783271029,7783.4,7782.71,7784.09,1783271029.125
1783271030,7782.21,7781.52,7782.9,1783271030.137
1783271031,7782.77,7782.08,7783.46,1783271031.123
1783271032,7782.66,7781.97,7783.35,1783271032.138
1783271033,7783.76,7783.07,7784.45,1783271033.122
1783271034,7784.38,7783.7,7785.07,1783271034.160
1783271035,7784.73,7784.05,7785.42,1783271035.118
1783271036,7784.84,7784.16,7785.53,1783271036.165
1783271037,7784.07,7783.38,7784.76,1783271037.138
1783271038,7784.98,7784.29,7785.67,1783271038.155
1783271039,7785.64,7784.95,7786.33,1783271039.130
1783271040,7787.94,7787.25,7788.63,1783271040.158
1783271041,7787.67,7786.98,7788.35,1783271041.137
1783271042,7788.06,7787.37,7788.75,1783271042.158
1783271043,7787.73,7787.04,7788.42,1783271043.125
1783271044,7786.24,7785.56,7786.93,1783271044.177
1783271045,7785.56,7784.87,7786.25,1783271045.112
1783271046,7785.81,7785.12,7786.5,1783271046.150
1783271047,7785.62,7784.93,7786.31,1783271047.120
1783271048,7785.54,7784.85,7786.22,1783271048.204
1783271049,7784.71,7784.02,7785.4,1783271049.164
1783271050,7785.07,7784.38,7785.76,1783271050.134
1783271051,7783.17,7782.48,7783.86,1783271051.124
1783271052,7783.29,7782.6,7783.98,1783271052.131
1783271053,7781.56,7780.87,7782.25,1783271053.127
1783271054,7781.87,7781.18,7782.56,1783271054.136
1783271055,7783.45,7782.77,7784.14,1783271055.119
1783271056,7785.23,7784.54,7785.92,1783271056.130
1783271057,7785.88,7785.2,7786.57,1783271057.119
1783271058,7785.56,7784.87,7786.25,1783271058.123
1783271059,7785.27,7784.58,7785.96,1783271059.120
1783271060,7785.08,7784.39,7785.77,1783271060.150
1783271061,7784.68,7783.99,7785.37,1783271061.114
1783271062,7783.04,7782.35,7783.73,1783271062.166
1783271063,7782.82,7782.13,7783.51,1783271063.117
1783271064,7782.94,7782.25,7783.63,1783271064.147
1783271065,7782.61,7781.92,7783.3,1783271065.145
1783271066,7782.54,7781.85,7783.23,1783271066.153
1783271067,7785.37,7784.68,7786.05,1783271067.120
1783271068,7784.56,7783.87,7785.24,1783271068.141
1783271069,7784.53,7783.84,7785.21,1783271069.126
1783271070,7785.38,7784.69,7786.07,1783271070.143
1783271071,7785.84,7785.15,7786.53,1783271071.126
1783271072,7786.03,7785.34,7786.72,1783271072.246
1783271073,7787.86,7787.17,7788.55,1783271073.131
1783271074,7787.4,7786.71,7788.09,1783271074.131
1783271075,7786.81,7786.12,7787.5,1783271075.115
1783271076,7788.73,7788.04,7789.42,1783271076.151
1783271077,7789.35,7788.66,7790.04,1783271077.116
1783271078,7789.3,7788.61,7789.99,1783271078.209
1783271079,7788.41,7787.72,7789.1,1783271079.138
1783271080,7789.26,7788.57,7789.95,1783271080.123
1783271081,7788.06,7787.37,7788.75,1783271081.144
1783271082,7787.31,7786.62,7788,1783271082.149
1783271083,7786.02,7785.33,7786.71,1783271083.132
1783271084,7785.89,7785.2,7786.58,1783271084.137
1783271085,7785.93,7785.24,7786.62,1783271085.137
1783271086,7787.61,7786.93,7788.3,1783271086.146
1783271087,7788.08,7787.39,7788.77,1783271087.110
1783271088,7787.71,7787.02,7788.4,1783271088.126
1783271089,7788.06,7787.37,7788.75,1783271089.112
1783271090,7787.61,7786.92,7788.3,1783271090.149
1783271091,7787.36,7786.67,7788.05,1783271091.123
1783271092,7785.97,7785.28,7786.65,1783271092.155
1783271093,7785.54,7784.85,7786.23,1783271093.123
1783271094,7785.06,7784.37,7785.75,1783271094.162
1783271095,7783.86,7783.17,7784.55,1783271095.136
1783271096,7782.41,7781.72,7783.1,1783271096.142
1783271097,7782.17,7781.48,7782.85,1783271097.127
1783271098,7781.3,7780.61,7781.99,1783271098.152
1783271099,7780.63,7779.94,7781.31,1783271099.129
1783271100,7779.41,7778.72,7780.1,1783271100.156
1783271101,7779.52,7778.83,7780.21,1783271101.135
1783271102,7781.7,7781.01,7782.38,1783271102.223
1783271103,7781.74,7781.05,7782.43,1783271103.220
1783271104,7780.69,7780,7781.37,1783271104.233
1783271105,7780.01,7779.32,7780.69,1783271105.135
1783271106,7779.87,7779.18,7780.56,1783271106.145
1783271107,7780.05,7779.37,7780.74,1783271107.123
1783271108,7780.7,7780.01,7781.38,1783271108.133
1783271109,7777.79,7777.1,7778.48,1783271109.159
1783271110,7776.71,7776.02,7777.4,1783271110.145
1783271111,7776.49,7775.8,7777.18,1783271111.118
1783271112,7775.76,7775.07,7776.44,1783271112.133
1783271113,7774.77,7774.08,7775.46,1783271113.112
1783271114,7772.99,7772.3,7773.68,1783271114.125
1783271115,7773.02,7772.33,7773.71,1783271115.124
1783271116,7772.62,7771.94,7773.31,1783271116.129
1783271117,7772.18,7771.49,7772.87,1783271117.113
1783271118,7772.95,7772.26,7773.64,1783271118.140
1783271119,7774.4,7773.71,7775.08,1783271119.117
1783271120,7775.56,7774.87,7776.25,1783271120.144
1783271121,7774.56,7773.87,7775.25,1783271121.123
1783271122,7775.84,7775.15,7776.53,1783271122.198
1783271123,7774.77,7774.08,7775.46,1783271123.122
1783271124,7774.66,7773.97,7775.35,1783271124.147
1783271125,7774.71,7774.02,7775.4,1783271125.111
1783271126,7776.08,7775.4,7776.77,1783271126.154
1783271127,7775.42,7774.73,7776.11,1783271127.108
1783271128,7776.23,7775.54,7776.91,1783271128.149
1783271129,7774.06,7773.37,7774.74,1783271129.122
1783271130,7773.33,7772.65,7774.02,1783271130.170
1783271131,7772.67,7771.99,7773.36,1783271131.134
1783271132,7774.67,7773.98,7775.36,1783271132.150
1783271133,7773.59,7772.91,7774.28,1783271133.127
1783271134,7773.93,7773.24,7774.62,1783271134.141
1783271135,7774.15,7773.46,7774.84,1783271135.110
1783271136,7774.54,7773.86,7775.23,1783271136.120
1783271137,7772.58,7771.89,7773.27,1783271137.115
1783271138,7772.1,7771.42,7772.79,1783271138.203
1783271139,7771.17,7770.48,7771.86,1783271139.125
1783271140,7771.76,7771.07,7772.45,1783271140.123
1783271141,7772.61,7771.92,7773.3,1783271141.118
1783271142,7772.05,7771.36,7772.74,1783271142.149
1783271143,7772.39,7771.7,7773.08,1783271143.116
1783271144,7772.45,7771.76,7773.14,1783271144.133
1783271145,7775.36,7774.68,7776.05,1783271145.125
1783271146,7776.51,7775.82,7777.2,1783271146.124
1783271147,7777.33,7776.64,7778.02,1783271147.110
1783271148,7777.73,7777.04,7778.42,1783271148.129
1783271149,7777.53,7776.85,7778.22,1783271149.122
1783271150,7778.06,7777.37,7778.75,1783271150.146
1783271151,7778.89,7778.2,7779.58,1783271151.127
1783271152,7778.4,7777.71,7779.08,1783271152.128
1783271153,7779.45,7778.76,7780.14,1783271153.127
1783271154,7779.33,7778.64,7780.02,1783271154.130
1783271155,7777.8,7777.11,7778.49,1783271155.118
1783271156,7778.71,7778.03,7779.4,1783271156.133
1783271157,7778.48,7777.8,7779.17,1783271157.119
1783271158,7778.68,7777.99,7779.36,1783271158.151
1783271159,7779.03,7778.34,7779.72,1783271159.123
1783271160,7777.7,7777.01,7778.39,1783271160.147
1783271161,7776.48,7775.79,7777.17,1783271161.162
1783271162,7775.36,7774.67,7776.05,1783271162.170
1783271163,7775.48,7774.79,7776.17,1783271163.127
1783271164,7774.48,7773.8,7775.17,1783271164.163
1783271165,7772.29,7771.6,7772.98,1783271165.140
1783271166,7770.79,7770.1,7771.48,1783271166.138
1783271167,7770.87,7770.19,7771.56,1783271167.119
1783271168,7771.8,7771.11,7772.48,1783271168.213
1783271169,7770.13,7769.44,7770.81,1783271169.162
1783271170,7772.54,7771.85,7773.23,1783271170.157
1783271171,7772.77,7772.09,7773.46,1783271171.123
1783271172,7772.45,7771.76,7773.13,1783271172.150
1783271173,7772.33,7771.64,7773.02,1783271173.125
1783271174,7771.47,7770.78,7772.16,1783271174.149
1783271175,7771.42,7770.73,7772.11,1783271175.134
1783271176,7771.17,7770.49,7771.86,1783271176.147
1783271177,7770.94,7770.25,7771.63,1783271177.129
1783271178,7769.58,7768.89,7770.27,1783271178.160
1783271179,7772.05,7771.36,7772.74,1783271179.129
1783271180,7772.69,7772,7773.38,1783271180.132
1783271181,7772.1,7771.42,7772.79,1783271181.126
1783271182,7770.51,7769.82,7771.19,1783271182.144
1783271183,7770.75,7770.06,7771.44,1783271183.151
1783271184,7769.34,7768.65,7770.03,1783271184.138
1783271185,7769.8,7769.12,7770.49,1783271185.140
1783271186,7770.42,7769.73,7771.1,1783271186.146
1783271187,7768.36,7767.67,7769.05,1783271187.118
1783271188,7766.35,7765.66,7767.04,1783271188.128
1783271189,7768.46,7767.77,7769.14,1783271189.127
1783271190,7767.81,7767.13,7768.5,1783271190.154
1783271191,7768.46,7767.78,7769.15,1783271191.121
1783271192,7769.6,7768.91,7770.28,1783271192.143
1783271193,7769.61,7768.92,7770.29,1783271193.138
1783271194,7769.5,7768.81,7770.19,1783271194.145
1783271195,7768.3,7767.61,7768.99,1783271195.114
1783271196,7769.61,7768.92,7770.29,1783271196.151
1783271197,7768.24,7767.55,7768.93,1783271197.121
1783271198,7768.6,7767.92,7769.29,1783271198.146
1783271199,7770.63,7769.95,7771.32,1783271199.128
1783271200,7772.83,7772.14,7773.52,1783271200.136
1783271201,7772.93,7772.24,7773.62,1783271201.123
1783271202,7773,7772.31,7773.69,1783271202.135
1783271203,7771.5,7770.82,7772.19,1783271203.125
1783271204,7770.04,7769.36,7770.73,1783271204.154
1783271205,7767.53,7766.85,7768.22,1783271205.114
1783271206,7767.71,7767.03,7768.4,1783271206.143
1783271207,7766.79,7766.11,7767.48,1783271207.119
1783271208,7767.49,7766.81,7768.18,1783271208.163
1783271209,7768.41,7767.72,7769.1,1783271209.122
1783271210,7768.13,7767.44,7768.82,1783271210.135
1783271211,7768.18,7767.49,7768.87,1783271211.125
1783271212,7769.05,7768.36,7769.73,1783271212.159
1783271213,7769.92,7769.23,7770.6,1783271213.119
1783271214,7770.79,7770.1,7771.48,1783271214.145
1783271215,7770.55,7769.86,7771.23,1783271215.117
1783271216,7771.97,7771.28,7772.66,1783271216.171
1783271217,7772.18,7771.49,7772.86,1783271217.114
1783271218,7771.29,7770.61,7771.98,1783271218.142
1783271219,7771.56,7770.87,7772.24,1783271219.116
1783271220,7771.28,7770.6,7771.97,1783271220.135
1783271221,7770.19,7769.5,7770.88,1783271221.118
1783271222,7771.05,7770.36,7771.74,1783271222.271
1783271223,7771.94,7771.26,7772.63,1783271223.266
1783271224,7770.42,7769.73,7771.11,1783271224.138
1783271225,7771.16,7770.48,7771.85,1783271225.127
1783271226,7771.37,7770.68,7772.06,1783271226.151
1783271227,7770.25,7769.57,7770.94,1783271227.122
1783271228,7770.97,7770.29,7771.66,1783271228.246
1783271229,7771.13,7770.44,7771.82,1783271229.134
1783271230,7770.86,7770.17,7771.54,1783271230.154
1783271231,7770.29,7769.61,7770.98,1783271231.125
1783271232,7769.91,7769.22,7770.6,1783271232.126
1783271233,7770.65,7769.96,7771.34,1783271233.120
1783271234,7770.57,7769.89,7771.26,1783271234.165
1783271235,7771.42,7770.74,7772.11,1783271235.126
1783271236,7771.75,7771.06,7772.43,1783271236.145
1783271237,7771.05,7770.36,7771.73,1783271237.121
1783271238,7771.81,7771.12,7772.5,1783271238.141
1783271239,7770.89,7770.21,7771.58,1783271239.126
1783271240,7771.1,7770.41,7771.78,1783271240.148
1783271241,7768.55,7767.86,7769.24,1783271241.123
1783271242,7769.7,7769.02,7770.39,1783271242.138
1783271243,7770.68,7770,7771.37,1783271243.116
1783271244,7768.52,7767.83,7769.21,1783271244.203
1783271245,7768.89,7768.2,7769.58,1783271245.134
1783271246,7768.13,7767.44,7768.81,1783271246.130
1783271247,7770.42,7769.73,7771.11,1783271247.118
1783271248,7770.34,7769.66,7771.03,1783271248.147
1783271249,7770.04,7769.36,7770.73,1783271249.113
1783271250,7770.02,7769.34,7770.71,1783271250.133
1783271251,7769.75,7769.07,7770.44,1783271251.127
1783271252,7768.8,7768.12,7769.49,1783271252.148
1783271253,7768.29,7767.6,7768.98,1783271253.121
1783271254,7766.05,7765.36,7766.74,1783271254.144
1783271255,7766.53,7765.84,7767.22,1783271255.119
1783271256,7766.67,7765.99,7767.36,1783271256.146
1783271257,7768.03,7767.35,7768.72,1783271257.121
1783271258,7769.06,7768.38,7769.75,1783271258.205
1783271259,7770.26,7769.57,7770.95,1783271259.143
1783271260,7769.73,7769.04,7770.42,1783271260.163
1783271261,7769.35,7768.66,7770.03,1783271261.137
1783271262,7769.78,7769.09,7770.47,1783271262.160
1783271263,7770.19,7769.5,7770.88,1783271263.117
1783271264,7770.07,7769.38,7770.75,1783271264.152
1783271265,7770.21,7769.52,7770.9,1783271265.116
1783271266,7770.54,7769.86,7771.23,1783271266.156
1783271267,7772.49,7771.8,7773.18,1783271267.121
1783271268,7772.91,7772.22,7773.6,1783271268.259
1783271269,7773.68,7773,7774.37,1783271269.134
1783271270,7773,7772.31,7773.68,1783271270.149
1783271271,7774.03,7773.34,7774.72,1783271271.116
1783271272,7773.36,7772.68,7774.05,1783271272.144
1783271273,7774.55,7773.87,7775.24,1783271273.125
1783271274,7774.82,7774.13,7775.51,1783271274.143
1783271275,7774.95,7774.27,7775.64,1783271275.116
1783271276,7775.24,7774.55,7775.93,1783271276.133
1783271277,7774.65,7773.96,7775.34,1783271277.133
1783271278,7774.4,7773.71,7775.09,1783271278.153
1783271279,7775.37,7774.68,7776.06,1783271279.108
1783271280,7775.58,7774.89,7776.26,1783271280.157
1783271281,7773.92,7773.24,7774.61,1783271281.167
1783271282,7773.02,7772.34,7773.71,1783271282.147
1783271283,7771.77,7771.08,7772.46,1783271283.163
1783271284,7771.82,7771.13,7772.51,1783271284.218
1783271285,7772.55,7771.86,7773.24,1783271285.123
1783271286,7771.58,7770.9,7772.27,1783271286.165
1783271287,7772.5,7771.81,7773.18,1783271287.125
1783271288,7773.27,7772.59,7773.96,1783271288.206
1783271289,7773.29,7772.6,7773.98,1783271289.125
1783271290,7774.63,7773.94,7775.32,1783271290.154
1783271291,7772.44,7771.75,7773.13,1783271291.121
1783271292,7773.85,7773.16,7774.54,1783271292.145
1783271293,7771.56,7770.87,7772.25,1783271293.126
1783271294,7772.2,7771.52,7772.89,1783271294.155
1783271295,7772.69,7772,7773.38,1783271295.111
1783271296,7772.83,7772.14,7773.51,1783271296.140
1783271297,7773.89,7773.2,7774.58,1783271297.120
1783271298,7776.2,7775.51,7776.88,1783271298.146
1783271299,7777.18,7776.49,7777.87,1783271299.162
1783271300,7777.61,7776.92,7778.3,1783271300.142
1783271301,7779.05,7778.36,7779.74,1783271301.119
1783271302,7779.47,7778.78,7780.16,1783271302.136
1783271303,7779.98,7779.29,7780.67,1783271303.115
1783271304,7779.64,7778.95,7780.33,1783271304.138
1783271305,7779.01,7778.32,7779.7,1783271305.121
1783271306,7778.22,7777.53,7778.91,1783271306.133
1783271307,7777.91,7777.22,7778.6,1783271307.114
1783271308,7777.5,7776.81,7778.19,1783271308.155
1783271309,7780.25,7779.56,7780.94,1783271309.113
1783271310,7780.88,7780.19,7781.57,1783271310.129
1783271311,7781.79,7781.1,7782.48,1783271311.120
1783271312,7783.13,7782.44,7783.82,1783271312.162
1783271313,7782.81,7782.12,7783.5,1783271313.116
1783271314,7785.46,7784.77,7786.15,1783271314.134
1783271315,7785.05,7784.36,7785.74,1783271315.130
1783271316,7783.87,7783.18,7784.56,1783271316.161
1783271317,7782.17,7781.48,7782.86,1783271317.128
1783271318,7781.67,7780.98,7782.36,1783271318.239
1783271319,7782.96,7782.27,7783.65,1783271319.137
1783271320,7781.68,7780.99,7782.37,1783271320.145
1783271321,7782.9,7782.21,7783.59,1783271321.140
1783271322,7780.44,7779.75,7781.13,1783271322.139
1783271323,7781.88,7781.19,7782.57,1783271323.125
1783271324,7780.39,7779.71,7781.08,1783271324.149
1783271325,7777.69,7777,7778.38,1783271325.112
1783271326,7777.36,7776.67,7778.05,1783271326.175
1783271327,7776.17,7775.49,7776.86,1783271327.125
1783271328,7776.36,7775.67,7777.05,1783271328.131
1783271329,7775.27,7774.58,7775.95,1783271329.122
1783271330,7777.13,7776.45,7777.82,1783271330.120
1783271331,7775.9,7775.21,7776.58,1783271331.127
1783271332,7775.56,7774.87,7776.25,1783271332.145
1783271333,7773.44,7772.75,7774.12,1783271333.131
1783271334,7772.28,7771.59,7772.97,1783271334.137
1783271335,7770.7,7770.01,7771.39,1783271335.110
1783271336,7770.68,7770,7771.37,1783271336.132
1783271337,7768.59,7767.9,7769.28,1783271337.120
1783271338,7767.74,7767.05,7768.42,1783271338.156
1783271339,7767.52,7766.84,7768.21,1783271339.124
1783271340,7770.37,7769.68,7771.06,1783271340.157
1783271341,7771.55,7770.86,7772.23,1783271341.162
1783271342,7771.58,7770.89,7772.27,1783271342.193
1783271343,7772.96,7772.27,7773.65,1783271343.124
1783271344,7774.55,7773.86,7775.24,1783271344.168
1783271345,7774.68,7773.99,7775.37,1783271345.131
1783271346,7775.07,7774.38,7775.76,1783271346.149
1783271347,7773.95,7773.26,7774.63,1783271347.128
1783271348,7775.47,7774.78,7776.15,1783271348.203
1783271349,7775.58,7774.9,7776.27,1783271349.139
1783271350,7774.48,7773.79,7775.17,1783271350.155
1783271351,7773.43,7772.74,7774.12,1783271351.124
1783271352,7774.16,7773.48,7774.85,1783271352.145
1783271353,7773.94,7773.26,7774.63,1783271353.111
1783271354,7773.79,7773.1,7774.48,1783271354.162
1783271355,7773.36,7772.68,7774.05,1783271355.138
1783271356,7774,7773.32,7774.69,1783271356.153
1783271357,7772.68,7771.99,7773.36,1783271357.130
1783271358,7771.9,7771.21,7772.59,1783271358.155
1783271359,7772.56,7771.87,7773.25,1783271359.125
1783271360,7771.12,7770.43,7771.8,1783271360.143
1783271361,7770.59,7769.9,7771.27,1783271361.135
1783271362,7769.66,7768.97,7770.35,1783271362.138
1783271363,7771.5,7770.81,7772.19,1783271363.118
1783271364,7771.13,7770.44,7771.82,1783271364.153
1783271365,7771.83,7771.14,7772.52,1783271365.126
1783271366,7773.99,7773.3,7774.68,1783271366.156
1783271367,7774.05,7773.36,7774.74,1783271367.132
1783271368,7774.68,7773.99,7775.36,1783271368.126
1783271369,7775.52,7774.84,7776.21,1783271369.130
1783271370,7775.56,7774.87,7776.25,1783271370.140
1783271371,7775.15,7774.46,7775.84,1783271371.118
1783271372,7776.48,7775.79,7777.17,1783271372.137
1783271373,7776.4,7775.71,7777.09,1783271373.111
1783271374,7775.55,7774.86,7776.24,1783271374.134
1783271375,7775.41,7774.73,7776.1,1783271375.115
1783271376,7774.83,7774.14,7775.52,1783271376.157
1783271377,7774.92,7774.23,7775.61,1783271377.115
1783271378,7774,7773.31,7774.69,1783271378.205
1783271379,7772.52,7771.83,7773.21,1783271379.113
1783271380,7771.39,7770.71,7772.08,1783271380.164
1783271381,7771.03,7770.34,7771.72,1783271381.128
1783271382,7771.18,7770.49,7771.87,1783271382.150
1783271383,7769.7,7769.01,7770.39,1783271383.122
1783271384,7769.79,7769.1,7770.48,1783271384.128
1783271385,7770.5,7769.81,7771.19,1783271385.115
1783271386,7769.92,7769.23,7770.61,1783271386.144
1783271387,7768.57,7767.88,7769.26,1783271387.116
1783271388,7766.41,7765.72,7767.1,1783271388.160
1783271389,7765.91,7765.23,7766.6,1783271389.117
1783271390,7766.04,7765.35,7766.73,1783271390.152
1783271391,7764.94,7764.26,7765.63,1783271391.121
1783271392,7764.47,7763.78,7765.15,1783271392.131
1783271393,7765.57,7764.89,7766.26,1783271393.122
1783271394,7764.78,7764.09,7765.47,1783271394.137
1783271395,7763.36,7762.68,7764.05,1783271395.122
1783271396,7763.98,7763.3,7764.67,1783271396.137
1783271397,7764.72,7764.04,7765.41,1783271397.124
1783271398,7763.79,7763.1,7764.47,1783271398.131
1783271399,7763.9,7763.21,7764.58,1783271399.133
1783271400,7763.14,7762.45,7763.82,1783271400.159
1783271401,7763.71,7763.02,7764.39,1783271401.271
1783271402,7764.83,7764.14,7765.52,1783271402.208
1783271403,7763.27,7762.58,7763.95,1783271403.333
1783271404,7763.49,7762.8,7764.18,1783271404.139
1783271405,7762.78,7762.09,7763.47,1783271405.130
1783271406,7764.54,7763.86,7765.23,1783271406.134
1783271407,7763.2,7762.51,7763.89,1783271407.144
1783271408,7763.46,7762.78,7764.15,1783271408.206
1783271409,7763.63,7762.94,7764.32,1783271409.123
1783271410,7763.79,7763.11,7764.48,1783271410.147
1783271411,7761.75,7761.07,7762.44,1783271411.120
1783271412,7760,7759.31,7760.68,1783271412.133
1783271413,7759.64,7758.95,7760.33,1783271413.124
1783271414,7714.77,7714.09,7715.45,1783271414.169
1783271415,7715.93,7715.25,7716.61,1783271415.132
1783271416,7715.91,7715.23,7716.59,1783271416.142
1783271417,7716.14,7715.45,7716.82,1783271417.126
1783271418,7717.6,7716.92,7718.29,1783271418.134
1783271419,7715.88,7715.2,7716.56,1783271419.125
1783271420,7716.27,7715.59,7716.96,1783271420.155
1783271421,7716.89,7716.2,7717.57,1783271421.118
1783271422,7719.55,7718.87,7720.23,1783271422.166
1783271423,7719.65,7718.97,7720.33,1783271423.113
1783271424,7720.77,7720.08,7721.45,1783271424.157
1783271425,7722.2,7721.51,7722.88,1783271425.144
1783271426,7721.74,7721.06,7722.42,1783271426.143
1783271427,7722.12,7721.44,7722.8,1783271427.113
1783271428,7723.87,7723.18,7724.55,1783271428.153
1783271429,7723.26,7722.58,7723.94,1783271429.113
1783271430,7723.14,7722.45,7723.82,1783271430.137
1783271431,7721.6,7720.92,7722.29,1783271431.116
1783271432,7720.66,7719.98,7721.34,1783271432.162
1783271433,7721.14,7720.45,7721.82,1783271433.121
1783271434,7719.94,7719.26,7720.62,1783271434.178
1783271435,7720.21,7719.52,7720.89,1783271435.129
1783271436,7720.07,7719.39,7720.75,1783271436.148
1783271437,7719.94,7719.25,7720.62,1783271437.124
1783271438,7718.87,7718.19,7719.56,1783271438.247
1783271439,7718.22,7717.54,7718.91,1783271439.116
1783271440,7718.58,7717.9,7719.27,1783271440.136
1783271441,7718.37,7717.68,7719.05,1783271441.117
1783271442,7719.43,7718.75,7720.11,1783271442.128
1783271443,7717.84,7717.16,7718.53,1783271443.121
1783271444,7718.38,7717.7,7719.06,1783271444.144
1783271445,7719.9,7719.22,7720.59,1783271445.162
1783271446,7719.31,7718.62,7719.99,1783271446.144
1783271447,7719.53,7718.84,7720.21,1783271447.109
1783271448,7720.47,7719.79,7721.15,1783271448.155
1783271449,7721.4,7720.71,7722.08,1783271449.132
1783271450,7720.1,7719.42,7720.78,1783271450.153
1783271451,7721.27,7720.59,7721.96,1783271451.128
1783271452,7722.2,7721.52,7722.89,1783271452.151
1783271453,7723.47,7722.79,7724.16,1783271453.122
1783271454,7722.48,7721.8,7723.16,1783271454.149
1783271455,7723.67,7722.99,7724.35,1783271455.126
1783271456,7722.64,7721.96,7723.33,1783271456.165
1783271457,7723.41,7722.72,7724.09,1783271457.123
1783271458,7724.07,7723.39,7724.75,1783271458.141
1783271459,7775.7,7775.01,7776.39,1783271459.119
1783271460,7776.88,7776.19,7777.57,1783271460.155
1783271461,7776.81,7776.12,7777.49,1783271461.118
1783271462,7776.91,7776.22,7777.6,1783271462.252
1783271463,7776.37,7775.68,7777.05,1783271463.145
1783271464,7777.59,7776.91,7778.28,1783271464.152
1783271465,7775.82,7775.13,7776.51,1783271465.120
1783271466,7774.63,7773.94,7775.31,1783271466.159
1783271467,7774.35,7773.66,7775.03,1783271467.128
1783271468,7773.7,7773.01,7774.39,1783271468.246
1783271469,7774.85,7774.16,7775.53,1783271469.125
1783271470,7774.51,7773.82,7775.2,1783271470.156
1783271471,7773.76,7773.07,7774.45,1783271471.162
1783271472,7774.91,7774.22,7775.59,1783271472.148
1783271473,7775.16,7774.47,7775.85,1783271473.123
1783271474,7776.44,7775.75,7777.13,1783271474.153
1783271475,7777.76,7777.07,7778.45,1783271475.116
1783271476,7776.89,7776.2,7777.58,1783271476.151
1783271477,7775.26,7774.57,7775.94,1783271477.117
1783271478,7773.69,7773,7774.37,1783271478.145
1783271479,7775.18,7774.49,7775.87,1783271479.111
1783271480,7775.01,7774.33,7775.7,1783271480.139
1783271481,7775.48,7774.79,7776.17,1783271481.115
1783271482,7775.03,7774.34,7775.72,1783271482.136
1783271483,7775.07,7774.38,7775.75,1783271483.126
1783271484,7774.34,7773.65,7775.03,1783271484.164
1783271485,7773.51,7772.83,7774.2,1783271485.124
1783271486,7774.81,7774.12,7775.5,1783271486.148
1783271487,7773.94,7773.26,7774.63,1783271487.123
1783271488,7774.15,7773.46,7774.83,1783271488.140
1783271489,7774.47,7773.78,7775.15,1783271489.110
1783271490,7773.03,7772.34,7773.71,1783271490.151
1783271491,7772.24,7771.55,7772.93,1783271491.120
1783271492,7773.63,7772.94,7774.32,1783271492.153
1783271493,7772.07,7771.38,7772.76,1783271493.145
1783271494,7772.57,7771.88,7773.25,1783271494.162
1783271495,7773.02,7772.33,7773.7,1783271495.127
1783271496,7772.68,7771.99,7773.37,1783271496.156
1783271497,7773.32,7772.63,7774,1783271497.129
1783271498,7773.62,7772.93,7774.31,1783271498.204
1783271499,7772.91,7772.22,7773.6,1783271499.124
1783271500,7772.66,7771.97,7773.35,1783271500.174
1783271501,7771.99,7771.31,7772.68,1783271501.141
1783271502,7771.26,7770.57,7771.95,1783271502.142
1783271503,7771.08,7770.39,7771.76,1783271503.123
1783271504,7771.59,7770.91,7772.28,1783271504.160
1783271505,7770.45,7769.76,7771.14,1783271505.134
1783271506,7771.08,7770.39,7771.77,1783271506.149
1783271507,7770.76,7770.07,7771.45,1783271507.122
1783271508,7770.89,7770.21,7771.58,1783271508.161
1783271509,7771.44,7770.75,7772.13,1783271509.130
1783271510,7770.79,7770.11,7771.48,1783271510.146
1783271511,7771.3,7770.61,7771.99,1783271511.127
1783271512,7771.11,7770.42,7771.79,1783271512.136
1783271513,7771.57,7770.88,7772.26,1783271513.116
1783271514,7772.41,7771.72,7773.1,1783271514.152
1783271515,7773.76,7773.07,7774.44,1783271515.120
1783271516,7771.96,7771.28,7772.65,1783271516.136
1783271517,7772.97,7772.28,7773.66,1783271517.124
1783271518,7772.89,7772.2,7773.57,1783271518.141
1783271519,7773.31,7772.63,7774,1783271519.144
1783271520,7775.48,7774.79,7776.16,1783271520.182
1783271521,7775.4,7774.71,7776.09,1783271521.126
1783271522,7775.03,7774.34,7775.72,1783271522.211
1783271523,7774.25,7773.56,7774.94,1783271523.179
1783271524,7774.4,7773.71,7775.09,1783271524.244
1783271525,7774.99,7774.3,7775.68,1783271525.126
1783271526,7774.63,7773.94,7775.32,1783271526.132
1783271527,7774.4,7773.71,7775.09,1783271527.148
1783271528,7773.51,7772.82,7774.2,1783271528.204
1783271529,7771.87,7771.18,7772.55,1783271529.116
1783271530,7771.18,7770.49,7771.87,1783271530.150
1783271531,7772.38,7771.7,7773.07,1783271531.110
1783271532,7772.11,7771.43,7772.8,1783271532.135
1783271533,7772.78,7772.1,7773.47,1783271533.134
1783271534,7773.05,7772.36,7773.73,1783271534.135
1783271535,7770.6,7769.91,7771.29,1783271535.116
1783271536,7769.55,7768.87,7770.24,1783271536.133
1783271537,7769.28,7768.59,7769.97,1783271537.121
1783271538,7770.38,7769.69,7771.07,1783271538.145
1783271539,7770.23,7769.55,7770.92,1783271539.118
1783271540,7768.85,7768.16,7769.54,1783271540.151
1783271541,7767.26,7766.57,7767.95,1783271541.118
1783271542,7768.01,7767.33,7768.7,1783271542.133
1783271543,7768.81,7768.12,7769.49,1783271543.150
1783271544,7767.64,7766.95,7768.33,1783271544.134
1783271545,7767.54,7766.85,7768.23,1783271545.108
1783271546,7766.19,7765.51,7766.88,1783271546.163
1783271547,7766.37,7765.69,7767.06,1783271547.118
1783271548,7766.26,7765.58,7766.95,1783271548.144
1783271549,7767.34,7766.66,7768.03,1783271549.113
1783271550,7768.37,7767.68,7769.05,1783271550.141
1783271551,7768.64,7767.95,7769.33,1783271551.109
1783271552,7768.12,7767.43,7768.81,1783271552.125
1783271553,7766.21,7765.52,7766.89,1783271553.137
1783271554,7767.52,7766.83,7768.2,1783271554.147
1783271555,7769.44,7768.75,7770.13,1783271555.111
1783271556,7769.01,7768.32,7769.69,1783271556.137
1783271557,7770.36,7769.67,7771.04,1783271557.115
1783271558,7770.76,7770.08,7771.45,1783271558.203
1783271559,7769.41,7768.72,7770.1,1783271559.112
1783271560,7770.55,7769.87,7771.24,1783271560.140
1783271561,7769.47,7768.78,7770.16,1783271561.125
1783271562,7768.11,7767.42,7768.79,1783271562.130
1783271563,7768.74,7768.05,7769.43,1783271563.127
1783271564,7769.1,7768.42,7769.79,1783271564.143
1783271565,7768.44,7767.75,7769.13,1783271565.115
1783271566,7767.62,7766.93,7768.3,1783271566.131
1783271567,7766.42,7765.74,7767.11,1783271567.125
1783271568,7766.35,7765.66,7767.04,1783271568.123
1783271569,7766.48,7765.79,7767.16,1783271569.111
1783271570,7765.29,7764.6,7765.98,1783271570.148
1783271571,7765.07,7764.38,7765.76,1783271571.107
1783271572,7764.13,7763.44,7764.82,1783271572.157
1783271573,7762.68,7762,7763.37,1783271573.118
1783271574,7762.77,7762.08,7763.45,1783271574.143
1783271575,7762.87,7762.18,7763.56,1783271575.162
1783271576,7764.02,7763.33,7764.71,1783271576.155
1783271577,7764.11,7763.43,7764.8,1783271577.113
1783271578,7762.62,7761.93,7763.31,1783271578.165
1783271579,7763.32,7762.63,7764,1783271579.111
1783271580,7763.65,7762.96,7764.34,1783271580.145
1783271581,7762.91,7762.23,7763.6,1783271581.135
1783271582,7761.96,7761.27,7762.64,1783271582.166
1783271583,7761.55,7760.87,7762.24,1783271583.128
1783271584,7762.72,7762.04,7763.41,1783271584.171
1783271585,7762.77,7762.09,7763.46,1783271585.111
1783271586,7761.72,7761.03,7762.41,1783271586.133
1783271587,7762.18,7761.49,7762.86,1783271587.131
1783271588,7761.82,7761.14,7762.51,1783271588.162
1783271589,7761.83,7761.14,7762.52,1783271589.119
1783271590,7761.82,7761.14,7762.51,1783271590.127
1783271591,7761.73,7761.04,7762.42,1783271591.112
1783271592,7762.58,7761.9,7763.27,1783271592.143
1783271593,7762.67,7761.98,7763.36,1783271593.128
1783271594,7762.84,7762.15,7763.52,1783271594.128
1783271595,7763.24,7762.55,7763.93,1783271595.115
1783271596,7763.45,7762.76,7764.14,1783271596.130
1783271597,7763.53,7762.84,7764.22,1783271597.121
1783271598,7764.99,7764.3,7765.68,1783271598.134
1783271599,7764.16,7763.48,7764.85,1783271599.110
1783271600,7762.99,7762.31,7763.68,1783271600.156
1783271601,7763.35,7762.66,7764.03,1783271601.116
1783271602,7762.91,7762.22,7763.59,1783271602.125
1783271603,7762.24,7761.55,7762.92,1783271603.121
1783271604,7761.56,7760.87,7762.24,1783271604.126
1783271605,7761.77,7761.08,7762.46,1783271605.126
1783271606,7761.4,7760.72,7762.09,1783271606.140
1783271607,7761.94,7761.25,7762.63,1783271607.114
1783271608,7762.12,7761.43,7762.81,1783271608.130
1783271609,7763.53,7762.85,7764.22,1783271609.118
1783271610,7763.2,7762.51,7763.88,1783271610.147
1783271611,7763.52,7762.83,7764.2,1783271611.107
1783271612,7762.68,7761.99,7763.37,1783271612.129
1783271613,7764.6,7763.91,7765.29,1783271613.136
1783271614,7763.89,7763.21,7764.58,1783271614.163
1783271615,7766.31,7765.62,7767,1783271615.112
1783271616,7766.74,7766.05,7767.43,1783271616.132
1783271617,7764.42,7763.74,7765.11,1783271617.109
1783271618,7762.71,7762.03,7763.4,1783271618.206
1783271619,7762,7761.31,7762.69,1783271619.122
1783271620,7763.52,7762.83,7764.2,1783271620.157
1783271621,7763.98,7763.29,7764.67,1783271621.142
1783271622,7764.33,7763.65,7765.02,1783271622.149
1783271623,7764.56,7763.87,7765.24,1783271623.131
1783271624,7763.62,7762.93,7764.3,1783271624.145
1783271625,7765.08,7764.39,7765.76,1783271625.125
1783271626,7765.59,7764.91,7766.28,1783271626.135
1783271627,7765.59,7764.9,7766.27,1783271627.162
1783271628,7766.86,7766.17,7767.54,1783271628.125
1783271629,7767.52,7766.83,7768.21,1783271629.127
1783271630,7768.33,7767.64,7769.02,1783271630.171
1783271631,7769.61,7768.92,7770.3,1783271631.130
1783271632,7769.36,7768.67,7770.05,1783271632.125
1783271633,7767.64,7766.95,7768.33,1783271633.111
1783271634,7765.93,7765.25,7766.62,1783271634.133
1783271635,7766.93,7766.24,7767.62,1783271635.120
1783271636,7765.34,7764.65,7766.02,1783271636.148
1783271637,7765.48,7764.79,7766.17,1783271637.111
1783271638,7766.06,7765.38,7766.75,1783271638.129
1783271639,7766.58,7765.89,7767.26,1783271639.116
1783271640,7765.37,7764.69,7766.06,1783271640.140
1783271641,7766.17,7765.48,7766.86,1783271641.114
1783271642,7765.84,7765.16,7766.53,1783271642.185
1783271643,7766.55,7765.86,7767.24,1783271643.194
1783271644,7768.83,7768.15,7769.52,1783271644.224
1783271645,7768.69,7768,7769.38,1783271645.151
1783271646,7768.52,7767.84,7769.21,1783271646.137
1783271647,7770.72,7770.03,7771.4,1783271647.129
1783271648,7770.32,7769.63,7771.01,1783271648.250
1783271649,7773.49,7772.8,7774.18,1783271649.120
1783271650,7772.56,7771.88,7773.25,1783271650.163
1783271651,7771.69,7771,7772.38,1783271651.130
1783271652,7771.2,7770.51,7771.88,1783271652.131
1783271653,7770.6,7769.91,7771.28,1783271653.124
1783271654,7771.01,7770.33,7771.7,1783271654.142
1783271655,7769.94,7769.25,7770.63,1783271655.123
1783271656,7770.46,7769.78,7771.15,1783271656.138
1783271657,7769.45,7768.77,7770.14,1783271657.116
1783271658,7768.93,7768.24,7769.62,1783271658.129
1783271659,7769.53,7768.85,7770.22,1783271659.132
1783271660,7767.57,7766.88,7768.26,1783271660.140
1783271661,7768.03,7767.34,7768.72,1783271661.129
1783271662,7767.49,7766.8,7768.18,1783271662.161
1783271663,7767.72,7767.04,7768.41,1783271663.115
1783271664,7768.3,7767.61,7768.99,1783271664.140
1783271665,7767.99,7767.3,7768.68,1783271665.116
1783271666,7767.27,7766.59,7767.96,1783271666.152
1783271667,7766.87,7766.18,7767.55,1783271667.115
1783271668,7765.17,7764.48,7765.86,1783271668.133
1783271669,7765.79,7765.1,7766.47,1783271669.115
1783271670,7765.88,7765.2,7766.57,1783271670.158
1783271671,7765.21,7764.52,7765.89,1783271671.111
1783271672,7764.41,7763.73,7765.1,1783271672.130
1783271673,7765.26,7764.57,7765.95,1783271673.130
1783271674,7766.31,7765.62,7767,1783271674.204
1783271675,7764.63,7763.95,7765.32,1783271675.126
1783271676,7763.37,7762.68,7764.06,1783271676.134
1783271677,7762.21,7761.52,7762.89,1783271677.127
1783271678,7762.23,7761.54,7762.91,1783271678.202
1783271679,7761.93,7761.24,7762.62,1783271679.124
1783271680,7762.29,7761.6,7762.98,1783271680.135
1783271681,7761.53,7760.85,7762.22,1783271681.110
1783271682,7763.22,7762.53,7763.9,1783271682.137
1783271683,7762.06,7761.38,7762.75,1783271683.111
1783271684,7763.79,7763.1,7764.47,1783271684.148
1783271685,7764.57,7763.88,7765.25,1783271685.129
1783271686,7763.8,7763.12,7764.49,1783271686.126
1783271687,7764.31,7763.62,7764.99,1783271687.113
1783271688,7767.33,7766.64,7768.02,1783271688.167
1783271689,7766.65,7765.96,7767.34,1783271689.114
1783271690,7765.87,7765.18,7766.56,1783271690.149
1783271691,7766.23,7765.55,7766.92,1783271691.115
1783271692,7766.18,7765.49,7766.87,1783271692.142
1783271693,7766.4,7765.71,7767.09,1783271693.124
1783271694,7764.47,7763.78,7765.16,1783271694.134
1783271695,7763.19,7762.5,7763.87,1783271695.106
1783271696,7763.45,7762.77,7764.14,1783271696.153
1783271697,7763.83,7763.14,7764.52,1783271697.114
1783271698,7764.28,7763.59,7764.97,1783271698.134
1783271699,7764,7763.31,7764.69,1783271699.118
1783271700,7763.23,7762.54,7763.92,1783271700.143
1783271701,7763.67,7762.98,7764.35,1783271701.121
1783271702,7765.89,7765.2,7766.58,1783271702.203
1783271703,7767.37,7766.69,7768.06,1783271703.171
1783271704,7766.86,7766.17,7767.55,1783271704.142
1783271705,7766.01,7765.32,7766.69,1783271705.121
1783271706,7765.59,7764.9,7766.28,1783271706.135
1783271707,7765.43,7764.74,7766.11,1783271707.116
1783271708,7765.64,7764.96,7766.33,1783271708.202
1783271709,7765.54,7764.86,7766.23,1783271709.114
1783271710,7767.25,7766.56,7767.93,1783271710.125
1783271711,7767.69,7767.01,7768.38,1783271711.122
1783271712,7768.13,7767.44,7768.82,1783271712.145
1783271713,7767.41,7766.72,7768.1,1783271713.128
1783271714,7768.34,7767.65,7769.02,1783271714.157
1783271715,7768.7,7768.02,7769.39,1783271715.115
1783271716,7768.67,7767.98,7769.36,1783271716.156
1783271717,7769.11,7768.42,7769.8,1783271717.112
1783271718,7769.73,7769.04,7770.42,1783271718.166
1783271719,7770.55,7769.86,7771.24,1783271719.112
1783271720,7771.06,7770.37,7771.74,1783271720.141
1783271721,7771.5,7770.81,7772.19,1783271721.121
1783271722,7771.6,7770.91,7772.29,1783271722.141
1783271723,7772.88,7772.19,7773.57,1783271723.112
1783271724,7773.01,7772.32,7773.7,1783271724.134
1783271725,7773.01,7772.33,7773.7,1783271725.122
1783271726,7773.73,7773.04,7774.42,1783271726.135
1783271727,7773.84,7773.15,7774.53,1783271727.120
1783271728,7773.38,7772.7,7774.07,1783271728.132
1783271729,7773.23,7772.55,7773.92,1783271729.124
1783271730,7772.71,7772.02,7773.39,1783271730.153
1783271731,7772.04,7771.35,7772.72,1783271731.123
1783271732,7772.72,7772.04,7773.41,1783271732.147
1783271733,7773.51,7772.82,7774.2,1783271733.129
1783271734,7773.45,7772.76,7774.14,1783271734.140
1783271735,7773.62,7772.93,7774.3,1783271735.117
1783271736,7773.02,7772.34,7773.71,1783271736.135
1783271737,7772.06,7771.37,7772.74,1783271737.128
1783271738,7773.57,7772.88,7774.26,1783271738.246
1783271739,7774.51,7773.82,7775.2,1783271739.109
1783271740,7777.11,7776.43,7777.8,1783271740.141
1783271741,7776.69,7776,7777.37,1783271741.120
1783271742,7777.26,7776.57,7777.95,1783271742.150
1783271743,7777.87,7777.18,7778.56,1783271743.142
1783271744,7777.93,7777.25,7778.62,1783271744.136
1783271745,7776.8,7776.11,7777.49,1783271745.124
1783271746,7777.51,7776.82,7778.2,1783271746.146
1783271747,7776.56,7775.87,7777.25,1783271747.115
1783271748,7776.93,7776.24,7777.62,1783271748.153
1783271749,7777.44,7776.75,7778.13,1783271749.114
1783271750,7777.01,7776.33,7777.7,1783271750.139
1783271751,7776.74,7776.05,7777.43,1783271751.112
1783271752,7778.8,7778.11,7779.48,1783271752.142
1783271753,7778.11,7777.42,7778.8,1783271753.116
1783271754,7778.03,7777.34,7778.72,1783271754.146
1783271755,7777.95,7777.27,7778.64,1783271755.113
1783271756,7778.5,7777.82,7779.19,1783271756.132
1783271757,7777.98,7777.29,7778.66,1783271757.128
1783271758,7778.18,7777.49,7778.87,1783271758.145
1783271759,7778.54,7777.85,7779.23,1783271759.121
1783271760,7778.04,7777.35,7778.73,1783271760.133
1783271761,7779.29,7778.6,7779.98,1783271761.128
1783271762,7777.93,7777.24,7778.62,1783271762.180
1783271763,7777.5,7776.81,7778.18,1783271763.118
1783271764,7779.64,7778.96,7780.33,1783271764.192
1783271765,7779.66,7778.97,7780.35,1783271765.119
1783271766,7780.62,7779.93,7781.31,1783271766.139
1783271767,7779.67,7778.98,7780.35,1783271767.120
1783271768,7777.82,7777.13,7778.51,1783271768.202
1783271769,7776.98,7776.29,7777.67,1783271769.123
1783271770,7777.76,7777.07,7778.45,1783271770.149
1783271771,7777.06,7776.37,7777.74,1783271771.112
1783271772,7776.84,7776.15,7777.53,1783271772.135
1783271773,7777.36,7776.67,7778.05,1783271773.127
1783271774,7776.51,7775.82,7777.2,1783271774.144
1783271775,7777.22,7776.53,7777.91,1783271775.120
1783271776,7777.74,7777.05,7778.43,1783271776.159
1783271777,7777.51,7776.82,7778.2,1783271777.116
1783271778,7777.93,7777.24,7778.62,1783271778.131
1783271779,7778.77,7778.08,7779.46,1783271779.119
1783271780,7779.51,7778.83,7780.2,1783271780.136
1783271781,7780.06,7779.37,7780.75,1783271781.145
1783271782,7780.23,7779.54,7780.92,1783271782.134
1783271783,7781.64,7780.96,7782.33,1783271783.111
1783271784,7782.3,7781.61,7782.99,1783271784.134
1783271785,7783.56,7782.88,7784.25,1783271785.112
1783271786,7782.89,7782.2,7783.58,1783271786.166
1783271787,7782.26,7781.57,7782.95,1783271787.111
1783271788,7780.54,7779.85,7781.22,1783271788.130
1783271789,7778.66,7777.97,7779.34,1783271789.148
1783271790,7778.87,7778.19,7779.56,1783271790.136
1783271791,7779.71,7779.02,7780.4,1783271791.112
1783271792,7779.89,7779.2,7780.58,1783271792.130
1783271793,7778.83,7778.14,7779.52,1783271793.123
1783271794,7778.26,7777.58,7778.95,1783271794.133
1783271795,7743.36,7742.68,7744.05,1783271795.109
1783271796,7744.58,7743.9,7745.27,1783271796.151
1783271797,7744.29,7743.6,7744.97,1783271797.121
1783271798,7745.27,7744.58,7745.95,1783271798.134
1783271799,7742.43,7741.75,7743.12,1783271799.162
1783271800,7743.52,7742.83,7744.2,1783271800.145
1783271801,7742.67,7741.98,7743.35,1783271801.119
1783271802,7743.9,7743.21,7744.58,1783271802.133
1783271803,7743.68,7742.99,7744.36,1783271803.114
1783271804,7742.5,7741.81,7743.18,1783271804.145
1783271805,7741.87,7741.18,7742.55,1783271805.108
1783271806,7742.1,7741.42,7742.79,1783271806.133
1783271807,7741.29,7740.61,7741.98,1783271807.122
1783271808,7741.38,7740.69,7742.06,1783271808.141
1783271809,7742.38,7741.69,7743.06,1783271809.121
1783271810,7741.5,7740.81,7742.18,1783271810.135
1783271811,7740.31,7739.62,7740.99,1783271811.116
1783271812,7740.9,7740.21,7741.58,1783271812.146
1783271813,7739.62,7738.93,7740.3,1783271813.113
1783271814,7741.34,7740.66,7742.03,1783271814.150
1783271815,7739.68,7738.99,7740.36,1783271815.115
1783271816,7739.59,7738.91,7740.28,1783271816.153
1783271817,7740.7,7740.02,7741.39,1783271817.121
1783271818,7741.2,7740.51,7741.88,1783271818.138
1783271819,7742.26,7741.58,7742.95,1783271819.119
1783271820,7743.68,7743,7744.37,1783271820.187
1783271821,7743.38,7742.7,7744.07,1783271821.120
1783271822,7743.07,7742.38,7743.75,1783271822.192
1783271823,7742.91,7742.22,7743.59,1783271823.233
1783271824,7743.62,7742.93,7744.3,1783271824.153
1783271825,7744.43,7743.75,7745.12,1783271825.167
1783271826,7744.49,7743.81,7745.18,1783271826.154
1783271827,7744.46,7743.77,7745.14,1783271827.121
1783271828,7745.44,7744.76,7746.13,1783271828.136
1783271829,7745.79,7745.11,7746.48,1783271829.119
1783271830,7746.13,7745.44,7746.81,1783271830.130
1783271831,7746.45,7745.76,7747.13,1783271831.112
1783271832,7746.78,7746.09,7747.46,1783271832.153
1783271833,7746.47,7745.78,7747.16,1783271833.117
1783271834,7747.18,7746.49,7747.86,1783271834.126
1783271835,7750.12,7749.43,7750.8,1783271835.117
1783271836,7751.91,7751.23,7752.6,1783271836.142
1783271837,7751.65,7750.97,7752.34,1783271837.127
1783271838,7749.27,7748.59,7749.96,1783271838.137
1783271839,7749.27,7748.58,7749.95,1783271839.125
1783271840,7749.36,7748.67,7750.04,1783271840.132
1783271841,7748.16,7747.48,7748.85,1783271841.118
1783271842,7748.78,7748.1,7749.47,1783271842.151
1783271843,7748.24,7747.56,7748.93,1783271843.118
1783271844,7746.41,7745.72,7747.09,1783271844.140
1783271845,7745.38,7744.7,7746.07,1783271845.121
1783271846,7745.71,7745.03,7746.4,1783271846.146
1783271847,7745.63,7744.94,7746.31,1783271847.150
1783271848,7745.69,7745.01,7746.38,1783271848.138
1783271849,7744.58,7743.89,7745.26,1783271849.110
1783271850,7743.19,7742.5,7743.87,1783271850.134
1783271851,7743.92,7743.24,7744.61,1783271851.163
1783271852,7745.01,7744.33,7745.7,1783271852.166
1783271853,7742.65,7741.97,7743.34,1783271853.114
1783271854,7743.45,7742.76,7744.13,1783271854.157
1783271855,7742.07,7741.39,7742.76,1783271855.118
1783271856,7742.34,7741.66,7743.03,1783271856.140
1783271857,7743.59,7742.9,7744.27,1783271857.122
1783271858,7742.51,7741.82,7743.19,1783271858.203
1783271859,7740.7,7740.02,7741.39,1783271859.120
1783271860,7739.73,7739.05,7740.42,1783271860.152
1783271861,7739.65,7738.96,7740.33,1783271861.123
1783271862,7740.47,7739.78,7741.15,1783271862.147
1783271863,7740.9,7740.22,7741.59,1783271863.115
1783271864,7738.87,7738.19,7739.56,1783271864.143
1783271865,7737.26,7736.57,7737.94,1783271865.115
1783271866,7736.45,7735.76,7737.13,1783271866.135
1783271867,7736.27,7735.59,7736.96,1783271867.112
1783271868,7736.78,7736.09,7737.46,1783271868.137
1783271869,7736.24,7735.55,7736.92,1783271869.123
1783271870,7737.1,7736.41,7737.78,1783271870.141
1783271871,7735.84,7735.16,7736.53,1783271871.138
1783271872,7735.76,7735.07,7736.44,1783271872.137
1783271873,7735.32,7734.64,7736.01,1783271873.109
1783271874,7736.48,7735.8,7737.17,1783271874.146
1783271875,7734.52,7733.84,7735.21,1783271875.128
1783271876,7734.68,7733.99,7735.36,1783271876.149
1783271877,7735.23,7734.54,7735.91,1783271877.114
1783271878,7733.72,7733.03,7734.4,1783271878.147
1783271879,7733.72,7733.03,7734.4,1783271879.144
1783271880,7732.64,7731.95,7733.32,1783271880.164
1783271881,7730.67,7729.99,7731.35,1783271881.134
1783271882,7731.43,7730.75,7732.11,1783271882.259
1783271883,7728.86,7728.17,7729.54,1783271883.138
1783271884,7729.9,7729.22,7730.59,1783271884.322
1783271885,7727.89,7727.2,7728.57,1783271885.128
1783271886,7728.04,7727.36,7728.73,1783271886.156
1783271887,7727.65,7726.97,7728.34,1783271887.116
1783271888,7726.29,7725.61,7726.98,1783271888.126
1783271889,7724.82,7724.14,7725.51,1783271889.118
1783271890,7727.04,7726.35,7727.72,1783271890.145
1783271891,7726.96,7726.27,7727.64,1783271891.114
1783271892,7727.23,7726.55,7727.92,1783271892.129
1783271893,7725.74,7725.06,7726.42,1783271893.164
1783271894,7725.77,7725.09,7726.46,1783271894.146
1783271895,7725.33,7724.65,7726.02,1783271895.130
1783271896,7724.9,7724.21,7725.58,1783271896.143
1783271897,7725,7724.32,7725.68,1783271897.117
1783271898,7724.17,7723.49,7724.85,1783271898.137
1783271899,7722.93,7722.25,7723.62,1783271899.112
1783271900,7721.77,7721.08,7722.45,1783271900.125
1783271901,7722.08,7721.4,7722.77,1783271901.113
1783271902,7723.02,7722.34,7723.71,1783271902.145
1783271903,7724.43,7723.75,7725.12,1783271903.121
1783271904,7724.9,7724.22,7725.59,1783271904.159
1783271905,7725.71,7725.03,7726.4,1783271905.113
1783271906,7724.48,7723.8,7725.17,1783271906.162
1783271907,7724.65,7723.97,7725.33,1783271907.131
1783271908,7724.62,7723.94,7725.31,1783271908.132
1783271909,7725.07,7724.38,7725.75,1783271909.115
1783271910,7724.49,7723.81,7725.17,1783271910.143
1783271911,7725.43,7724.74,7726.11,1783271911.114
1783271912,7725.83,7725.15,7726.52,1783271912.139
1783271913,7726.7,7726.02,7727.39,1783271913.117
1783271914,7728.85,7728.17,7729.54,1783271914.143
1783271915,7728.1,7727.42,7728.79,1783271915.129
1783271916,7728.25,7727.56,7728.93,1783271916.144
1783271917,7728.12,7727.43,7728.8,1783271917.113
1783271918,7729.39,7728.71,7730.08,1783271918.243
1783271919,7726.95,7726.27,7727.64,1783271919.116
1783271920,7727.19,7726.51,7727.88,1783271920.163
1783271921,7726.39,7725.7,7727.07,1783271921.117
1783271922,7725.22,7724.53,7725.9,1783271922.146
1783271923,7724.93,7724.25,7725.62,1783271923.111
1783271924,7725.8,7725.11,7726.48,1783271924.128
1783271925,7726.53,7725.85,7727.21,1783271925.122
1783271926,7727.07,7726.38,7727.75,1783271926.136
1783271927,7726.73,7726.04,7727.41,1783271927.113
1783271928,7726.08,7725.39,7726.76,1783271928.144
1783271929,7727.31,7726.63,7728,1783271929.110
1783271930,7726.97,7726.28,7727.65,1783271930.150
1783271931,7725.97,7725.28,7726.65,1783271931.110
1783271932,7725.08,7724.39,7725.76,1783271932.168
1783271933,7724.16,7723.48,7724.84,1783271933.123
1783271934,7724.19,7723.51,7724.88,1783271934.157
1783271935,7723.62,7722.94,7724.31,1783271935.113
1783271936,7723.73,7723.05,7724.42,1783271936.152
1783271937,7723.23,7722.55,7723.92,1783271937.123
1783271938,7721.82,7721.14,7722.5,1783271938.131
1783271939,7722.53,7721.85,7723.21,1783271939.125
1783271940,7721.94,7721.26,7722.63,1783271940.165
1783271941,7721.85,7721.16,7722.53,1783271941.122
1783271942,7722.29,7721.6,7722.97,1783271942.264
1783271943,7721.46,7720.77,7722.14,1783271943.129
1783271944,7720.3,7719.61,7720.98,1783271944.160
1783271945,7720.46,7719.78,7721.15,1783271945.113
1783271946,7721.24,7720.55,7721.92,1783271946.142
1783271947,7721.05,7720.37,7721.74,1783271947.123
1783271948,7720.86,7720.18,7721.55,1783271948.201
1783271949,7719.68,7719,7720.36,1783271949.126
1783271950,7718.39,7717.71,7719.08,1783271950.135
1783271951,7719.6,7718.92,7720.28,1783271951.116
1783271952,7721.29,7720.61,7721.97,1783271952.150
1783271953,7720.06,7719.38,7720.75,1783271953.126
1783271954,7720.13,7719.44,7720.81,1783271954.141
1783271955,7720.63,7719.95,7721.32,1783271955.117
1783271956,7718.75,7718.07,7719.43,1783271956.159
1783271957,7718.76,7718.07,7719.44,1783271957.110
1783271958,7719.33,7718.64,7720.01,1783271958.163
1783271959,7719.74,7719.06,7720.42,1783271959.117
1783271960,7719.61,7718.93,7720.29,1783271960.133
1783271961,7719.05,7718.36,7719.73,1783271961.110
1783271962,7718.79,7718.11,7719.48,1783271962.125
1783271963,7717.32,7716.64,7718,1783271963.116
1783271964,7719.08,7718.4,7719.77,1783271964.128
1783271965,7718.88,7718.2,7719.56,1783271965.111
1783271966,7718.51,7717.83,7719.19,1783271966.205
1783271967,7717.77,7717.09,7718.45,1783271967.116
1783271968,7718.07,7717.38,7718.75,1783271968.164
1783271969,7717.57,7716.88,7718.25,1783271969.139
1783271970,7715.72,7715.04,7716.4,1783271970.152
1783271971,7717.24,7716.55,7717.92,1783271971.112
1783271972,7715.37,7714.69,7716.06,1783271972.132
1783271973,7715.33,7714.64,7716.01,1783271973.128
1783271974,7714.66,7713.98,7715.35,1783271974.154
1783271975,7715.77,7715.09,7716.45,1783271975.117
1783271976,7715.9,7715.22,7716.58,1783271976.132
1783271977,7717.01,7716.32,7717.69,1783271977.131
1783271978,7718.42,7717.74,7719.1,1783271978.254
1783271979,7717.68,7716.99,7718.36,1783271979.113
1783271980,7718.06,7717.37,7718.74,1783271980.127
1783271981,7719.55,7718.87,7720.23,1783271981.116
1783271982,7719.16,7718.47,7719.84,1783271982.142
1783271983,7718.58,7717.9,7719.27,1783271983.129
1783271984,7719.6,7718.92,7720.29,1783271984.129
1783271985,7719.76,7719.08,7720.45,1783271985.116
1783271986,7719.07,7718.38,7719.75,1783271986.152
1783271987,7719.87,7719.19,7720.55,1783271987.119
1783271988,7719.68,7718.99,7720.36,1783271988.149
1783271989,7719.88,7719.19,7720.56,1783271989.112
1783271990,7720.62,7719.94,7721.31,1783271990.144
1783271991,7719.09,7718.41,7719.78,1783271991.127
1783271992,7720.6,7719.92,7721.28,1783271992.162
1783271993,7721.1,7720.42,7721.78,1783271993.120
1783271994,7722.65,7721.97,7723.33,1783271994.128
1783271995,7723.11,7722.43,7723.79,1783271995.114
1783271996,7722.99,7722.31,7723.67,1783271996.137
1783271997,7721.94,7721.26,7722.62,1783271997.114
1783271998,7721.9,7721.22,7722.59,1783271998.151
1783271999,7721.8,7721.11,7722.48,1783271999.115
1783272000,7720.79,7720.11,7721.48,1783272000.147
1783272001,7721.79,7721.1,7722.47,1783272001.122
1783272002,7721.95,7721.27,7722.63,1783272002.218
1783272003,7722.41,7721.73,7723.09,1783272003.155
1783272004,7721.84,7721.16,7722.52,1783272004.200
1783272005,7720.44,7719.76,7721.12,1783272005.128
1783272006,7718.42,7717.74,7719.1,1783272006.129
1783272007,7717.75,7717.06,7718.43,1783272007.111
1783272008,7716.74,7716.06,7717.43,1783272008.210
1783272009,7718.31,7717.63,7719,1783272009.131
1783272010,7716.76,7716.08,7717.45,1783272010.163
1783272011,7716.94,7716.26,7717.62,1783272011.114
1783272012,7716.61,7715.93,7717.29,1783272012.134
1783272013,7716.77,7716.09,7717.46,1783272013.126
1783272014,7716.8,7716.12,7717.49,1783272014.142
1783272015,7717.51,7716.83,7718.19,1783272015.115
1783272016,7716.83,7716.15,7717.52,1783272016.160
1783272017,7717.19,7716.51,7717.87,1783272017.110
1783272018,7718.8,7718.12,7719.48,1783272018.129
1783272019,7718.88,7718.19,7719.56,1783272019.112
1783272020,7719.84,7719.15,7720.52,1783272020.132
1783272021,7720.46,7719.78,7721.15,1783272021.113
1783272022,7720.36,7719.68,7721.04,1783272022.130
1783272023,7719.91,7719.22,7720.59,1783272023.113
1783272024,7720.33,7719.65,7721.02,1783272024.143
1783272025,7719.37,7718.69,7720.05,1783272025.113
1783272026,7717.9,7717.22,7718.58,1783272026.132
1783272027,7716.95,7716.27,7717.63,1783272027.110
1783272028,7718.67,7717.99,7719.35,1783272028.130
1783272029,7718.88,7718.2,7719.57,1783272029.119
1783272030,7720.55,7719.87,7721.23,1783272030.146
1783272031,7721.63,7720.94,7722.31,1783272031.112
1783272032,7718.9,7718.22,7719.58,1783272032.137
1783272033,7719.44,7718.75,7720.12,1783272033.117
1783272034,7720.2,7719.52,7720.88,1783272034.155
1783272035,7720.8,7720.11,7721.48,1783272035.109
1783272036,7721.71,7721.03,7722.39,1783272036.134
1783272037,7721.88,7721.19,7722.56,1783272037.108
1783272038,7721.29,7720.6,7721.97,1783272038.245
1783272039,7721.51,7720.82,7722.19,1783272039.113
1783272040,7722.31,7721.63,7723,1783272040.134
1783272041,7722.03,7721.34,7722.71,1783272041.120
1783272042,7722.41,7721.72,7723.09,1783272042.134
1783272043,7722.8,7722.11,7723.48,1783272043.124
1783272044,7721.9,7721.21,7722.58,1783272044.128
1783272045,7721.95,7721.27,7722.63,1783272045.110
1783272046,7720.39,7719.71,7721.07,1783272046.155
1783272047,7720.2,7719.52,7720.88,1783272047.118
1783272048,7720.41,7719.73,7721.1,1783272048.134
1783272049,7720.12,7719.43,7720.8,1783272049.165
1783272050,7721.85,7721.17,7722.54,1783272050.142
1783272051,7721.14,7720.45,7721.82,1783272051.111
1783272052,7719.89,7719.21,7720.57,1783272052.150
1783272053,7719.46,7718.77,7720.14,1783272053.131
1783272054,7718.91,7718.23,7719.59,1783272054.132
1783272055,7717.67,7716.99,7718.35,1783272055.115
1783272056,7717.52,7716.84,7718.21,1783272056.121
1783272057,7718.68,7718,7719.37,1783272057.103
1783272058,7718.21,7717.53,7718.9,1783272058.117
1783272059,7717.41,7716.73,7718.09,1783272059.107
1783272060,7716.25,7715.57,7716.94,1783272060.123
1783272061,7716.45,7715.77,7717.13,1783272061.116
1783272062,7716.86,7716.17,7717.54,1783272062.189
1783272063,7716.03,7715.35,7716.72,1783272063.116
1783272064,7717.28,7716.6,7717.96,1783272064.134
1783272065,7715.76,7715.08,7716.44,1783272065.108
1783272066,7715.62,7714.94,7716.31,1783272066.134
1783272067,7714.6,7713.91,7715.28,1783272067.110
1783272068,7714.57,7713.88,7715.25,1783272068.201
1783272069,7713.84,7713.16,7714.53,1783272069.110
1783272070,7715.6,7714.91,7716.28,1783272070.116
1783272071,7715.57,7714.88,7716.25,1783272071.100
1783272072,7717.4,7716.72,7718.08,1783272072.117
1783272073,7716.43,7715.75,7717.11,1783272073.108
1783272074,7715.15,7714.47,7715.84,1783272074.164
1783272075,7716.19,7715.5,7716.87,1783272075.111
1783272076,7715.92,7715.24,7716.61,1783272076.128
1783272077,7716.28,7715.59,7716.96,1783272077.110
1783272078,7717.03,7716.35,7717.72,1783272078.120
1783272079,7716.74,7716.06,7717.43,1783272079.122
1783272080,7717.36,7716.68,7718.04,1783272080.125
1783272081,7716.57,7715.89,7717.26,1783272081.109
1783272082,7717.33,7716.65,7718.02,1783272082.113
1783272083,7718.06,7717.38,7718.75,1783272083.107
1783272084,7718.12,7717.44,7718.8,1783272084.143
1783272085,7719.89,7719.21,7720.58,1783272085.107
1783272086,7719.32,7718.64,7720.01,1783272086.123
1783272087,7720.17,7719.49,7720.85,1783272087.107
1783272088,7720.76,7720.07,7721.44,1783272088.154
1783272089,7720.24,7719.55,7720.92,1783272089.103
1783272090,7718.91,7718.23,7719.6,1783272090.139
1783272091,7719.93,7719.25,7720.61,1783272091.164
1783272092,7719.12,7718.44,7719.8,1783272092.128
1783272093,7718.21,7717.53,7718.89,1783272093.107
1783272094,7717.27,7716.59,7717.95,1783272094.128
1783272095,7718.47,7717.78,7719.15,1783272095.105
1783272096,7717.57,7716.89,7718.25,1783272096.129
1783272097,7718.63,7717.94,7719.31,1783272097.112
1783272098,7720.83,7720.15,7721.52,1783272098.120
1783272099,7720.54,7719.86,7721.23,1783272099.108
1783272100,7720.87,7720.18,7721.55,1783272100.127
1783272101,7721.51,7720.82,7722.19,1783272101.117
1783272102,7719.83,7719.15,7720.51,1783272102.131
1783272103,7718.59,7717.91,7719.27,1783272103.111
1783272104,7719.08,7718.4,7719.77,1783272104.125
1783272105,7720.1,7719.41,7720.78,1783272105.109
1783272106,7719.98,7719.29,7720.66,1783272106.120
1783272107,7718.74,7718.05,7719.42,1783272107.109
1783272108,7718.29,7717.61,7718.98,1783272108.129
1783272109,7718.44,7717.76,7719.13,1783272109.113
1783272110,7717.91,7717.23,7718.59,1783272110.124
1783272111,7719.23,7718.54,7719.91,1783272111.112
1783272112,7719.36,7718.68,7720.05,1783272112.249
1783272113,7720.17,7719.49,7720.85,1783272113.112
1783272114,7719.6,7718.92,7720.28,1783272114.132
1783272115,7720.75,7720.07,7721.44,1783272115.112
1783272116,7720.89,7720.21,7721.58,1783272116.127
1783272117,7722.43,7721.75,7723.11,1783272117.109
1783272118,7723.47,7722.78,7724.15,1783272118.133
1783272119,7721.38,7720.69,7722.06,1783272119.108
1783272120,7721.57,7720.89,7722.26,1783272120.140
1783272121,7721.81,7721.13,7722.49,1783272121.111
1783272122,7721.53,7720.84,7722.21,1783272122.149
1783272123,7720.96,7720.27,7721.64,1783272123.200
1783272124,7722.05,7721.36,7722.73,1783272124.145
1783272125,7721,7720.32,7721.69,1783272125.111
1783272126,7718.7,7718.02,7719.39,1783272126.133
1783272127,7720.07,7719.38,7720.75,1783272127.118
1783272128,7719.8,7719.11,7720.48,1783272128.123
1783272129,7719.27,7718.59,7719.95,1783272129.123
1783272130,7718.69,7718.01,7719.37,1783272130.165
1783272131,7717.94,7717.26,7718.63,1783272131.111
1783272132,7718.39,7717.71,7719.07,1783272132.125
1783272133,7718.8,7718.12,7719.48,1783272133.108
1783272134,7718.09,7717.41,7718.78,1783272134.141
1783272135,7718.19,7717.51,7718.87,1783272135.114
1783272136,7718.02,7717.34,7718.71,1783272136.123
1783272137,7718.48,7717.8,7719.17,1783272137.126
1783272138,7718.33,7717.65,7719.01,1783272138.130
1783272139,7719.83,7719.14,7720.51,1783272139.107
1783272140,7720.07,7719.39,7720.75,1783272140.163
1783272141,7718.7,7718.02,7719.39,1783272141.113
1783272142,7718.57,7717.89,7719.25,1783272142.126
1783272143,7718.88,7718.19,7719.56,1783272143.113
1783272144,7719.45,7718.76,7720.13,1783272144.128
1783272145,7718.72,7718.04,7719.4,1783272145.109
1783272146,7718.65,7717.97,7719.33,1783272146.126
1783272147,7718.83,7718.14,7719.51,1783272147.115
1783272148,7718.73,7718.05,7719.42,1783272148.244
1783272149,7719.99,7719.31,7720.67,1783272149.106
1783272150,7719.64,7718.96,7720.32,1783272150.131
1783272151,7721.42,7720.74,7722.1,1783272151.118
1783272152,7722.11,7721.43,7722.8,1783272152.128
1783272153,7721.81,7721.12,7722.49,1783272153.106
1783272154,7721.61,7720.92,7722.29,1783272154.128
1783272155,7721.87,7721.19,7722.56,1783272155.107
1783272156,7721.1,7720.41,7721.78,1783272156.129
1783272157,7722.25,7721.57,7722.93,1783272157.107
1783272158,7720,7719.32,7720.69,1783272158.204
1783272159,7719.6,7718.92,7720.29,1783272159.109
1783272160,7717.07,7716.39,7717.75,1783272160.140
1783272161,7717.26,7716.58,7717.94,1783272161.113
1783272162,7717.35,7716.66,7718.03,1783272162.120
1783272163,7717.34,7716.66,7718.02,1783272163.107
1783272164,7717.13,7716.44,7717.81,1783272164.130
1783272165,7716.47,7715.79,7717.15,1783272165.111
1783272166,7715.96,7715.28,7716.64,1783272166.163
1783272167,7718.76,7718.07,7719.44,1783272167.110
1783272168,7719.34,7718.66,7720.02,1783272168.126
1783272169,7719.54,7718.85,7720.22,1783272169.111
1783272170,7720.16,7719.48,7720.84,1783272170.132
1783272171,7720.63,7719.95,7721.32,1783272171.113
1783272172,7720.18,7719.5,7720.86,1783272172.129
1783272173,7720.8,7720.12,7721.48,1783272173.106
1783272174,7722.33,7721.64,7723.01,1783272174.128
1783272175,7724.3,7723.62,7724.98,1783272175.108
1783272176,7724.92,7724.24,7725.6,1783272176.142
1783272177,7725.39,7724.71,7726.08,1783272177.114
1783272178,7726.03,7725.34,7726.71,1783272178.128
1783272179,7724.83,7724.15,7725.51,1783272179.107
1783272180,7723.17,7722.49,7723.86,1783272180.138
1783272181,7723.22,7722.54,7723.91,1783272181.109
1783272182,7724.99,7724.31,7725.67,1783272182.162
1783272183,7723.16,7722.47,7723.84,1783272183.169
1783272184,7723.13,7722.45,7723.82,1783272184.139
1783272185,7724.65,7723.96,7725.33,1783272185.116
1783272186,7723.94,7723.26,7724.63,1783272186.120
1783272187,7723.33,7722.64,7724.01,1783272187.111
1783272188,7724.51,7723.83,7725.19,1783272188.156
1783272189,7723.82,7723.14,7724.5,1783272189.103
1783272190,7723.86,7723.18,7724.55,1783272190.130
1783272191,7723.92,7723.24,7724.61,1783272191.115
1783272192,7723.8,7723.12,7724.48,1783272192.124
1783272193,7723.1,7722.42,7723.78,1783272193.126
1783272194,7722.96,7722.28,7723.64,1783272194.121
1783272195,7724.07,7723.39,7724.76,1783272195.111
1783272196,7723.6,7722.92,7724.29,1783272196.136
1783272197,7724.71,7724.03,7725.4,1783272197.107
1783272198,7724.36,7723.68,7725.05,1783272198.132
1783272199,7723.62,7722.93,7724.3,1783272199.105
1783272200,7722.69,7722,7723.37,1783272200.120
1783272201,7724.19,7723.51,7724.88,1783272201.117
1783272202,7724.02,7723.34,7724.71,1783272202.137
1783272203,7723.5,7722.82,7724.19,1783272203.104
1783272204,7721.54,7720.86,7722.23,1783272204.120
1783272205,7721.19,7720.5,7721.87,1783272205.114
1783272206,7718.92,7718.24,7719.6,1783272206.146
1783272207,7720.32,7719.64,7721.01,1783272207.111
1783272208,7721.43,7720.75,7722.12,1783272208.137
1783272209,7720.94,7720.26,7721.63,1783272209.114
1783272210,7720.77,7720.09,7721.46,1783272210.132
1783272211,7720.84,7720.15,7721.52,1783272211.107
1783272212,7721.77,7721.08,7722.45,1783272212.135
1783272213,7723.21,7722.53,7723.9,1783272213.111
1783272214,7722.81,7722.12,7723.49,1783272214.134
1783272215,7722.4,7721.72,7723.09,1783272215.111
1783272216,7721.25,7720.56,7721.93,1783272216.154
1783272217,7720.13,7719.45,7720.82,1783272217.104
1783272218,7721.78,7721.09,7722.46,1783272218.208
1783272219,7721.94,7721.26,7722.63,1783272219.116
1783272220,7722.1,7721.42,7722.78,1783272220.141
1783272221,7722.31,7721.63,7722.99,1783272221.122
1783272222,7724.62,7723.93,7725.3,1783272222.129
1783272223,7723.69,7723.01,7724.37,1783272223.105
1783272224,7723.74,7723.05,7724.42,1783272224.137
1783272225,7723.38,7722.69,7724.06,1783272225.134
1783272226,7724.65,7723.96,7725.33,1783272226.137
1783272227,7723.54,7722.86,7724.22,1783272227.112
1783272228,7725.01,7724.33,7725.69,1783272228.166
1783272229,7723.54,7722.86,7724.22,1783272229.114
1783272230,7721.58,7720.9,7722.27,1783272230.126
1783272231,7720.81,7720.12,7721.49,1783272231.115
1783272232,7720.72,7720.04,7721.41,1783272232.136
1783272233,7720,7719.32,7720.68,1783272233.106
1783272234,7719.31,7718.63,7720,1783272234.203
1783272235,7718.86,7718.18,7719.54,1783272235.113
1783272236,7719.42,7718.74,7720.11,1783272236.128
1783272237,7719.77,7719.09,7720.46,1783272237.112
1783272238,7719.36,7718.67,7720.04,1783272238.137
1783272239,7719.5,7718.82,7720.19,1783272239.105
1783272240,7719.1,7718.41,7719.78,1783272240.150
1783272241,7717.93,7717.25,7718.61,1783272241.110
1783272242,7718.33,7717.64,7719.01,1783272242.166
1783272243,7719.38,7718.69,7720.06,1783272243.197
1783272244,7719.23,7718.55,7719.92,1783272244.133
1783272245,7719.64,7718.96,7720.33,1783272245.123
1783272246,7719.15,7718.47,7719.84,1783272246.131
1783272247,7719.79,7719.11,7720.48,1783272247.115
1783272248,7721.43,7720.75,7722.12,1783272248.203
1783272249,7722.05,7721.36,7722.73,1783272249.115
1783272250,7722.76,7722.08,7723.44,1783272250.144
1783272251,7722.57,7721.88,7723.25,1783272251.116
1783272252,7721.68,7721,7722.36,1783272252.129
1783272253,7721.94,7721.25,7722.62,1783272253.112
1783272254,7722.56,7721.87,7723.24,1783272254.131
1783272255,7721.84,7721.16,7722.53,1783272255.106
1783272256,7719.98,7719.3,7720.66,1783272256.125
1783272257,7719.43,7718.75,7720.12,1783272257.115
1783272258,7720.1,7719.42,7720.78,1783272258.141
1783272259,7720.25,7719.57,7720.94,1783272259.112
1783272260,7721.87,7721.19,7722.55,1783272260.130
1783272261,7721.09,7720.4,7721.77,1783272261.113
1783272262,7719.34,7718.66,7720.03,1783272262.130
1783272263,7719.86,7719.18,7720.55,1783272263.115
1783272264,7719.95,7719.27,7720.64,1783272264.131
1783272265,7719.95,7719.27,7720.63,1783272265.115
1783272266,7719.81,7719.13,7720.49,1783272266.135
1783272267,7719.3,7718.61,7719.98,1783272267.113
1783272268,7719.19,7718.51,7719.87,1783272268.133
1783272269,7719,7718.31,7719.68,1783272269.110
1783272270,7719.83,7719.15,7720.51,1783272270.138
1783272271,7720.04,7719.36,7720.72,1783272271.110
1783272272,7721.33,7720.65,7722.01,1783272272.133
1783272273,7719.02,7718.34,7719.71,1783272273.129
1783272274,7718.12,7717.44,7718.8,1783272274.144
1783272275,7718.43,7717.75,7719.12,1783272275.115
1783272276,7717.93,7717.25,7718.61,1783272276.135
1783272277,7716.97,7716.28,7717.65,1783272277.118
1783272278,7715.35,7714.67,7716.03,1783272278.135
1783272279,7713.49,7712.81,7714.18,1783272279.104
1783272280,7714.5,7713.82,7715.19,1783272280.134
1783272281,7715.31,7714.63,7715.99,1783272281.115
1783272282,7715.99,7715.31,7716.67,1783272282.145
1783272283,7717.07,7716.38,7717.75,1783272283.112
1783272284,7718.58,7717.89,7719.26,1783272284.135
1783272285,7718,7717.32,7718.69,1783272285.131
1783272286,7720.35,7719.67,7721.04,1783272286.133
1783272287,7719.88,7719.19,7720.56,1783272287.116
1783272288,7718.78,7718.1,7719.46,1783272288.128
1783272289,7719.41,7718.73,7720.1,1783272289.113
1783272290,7718.74,7718.06,7719.42,1783272290.165
1783272291,7719.41,7718.73,7720.09,1783272291.117
1783272292,7719.76,7719.08,7720.44,1783272292.206
1783272293,7720.6,7719.91,7721.28,1783272293.109
1783272294,7721.01,7720.33,7721.7,1783272294.131
1783272295,7720.09,7719.4,7720.77,1783272295.108
1783272296,7719.87,7719.18,7720.55,1783272296.140
1783272297,7717.73,7717.04,7718.41,1783272297.109
1783272298,7717.77,7717.08,7718.45,1783272298.134
1783272299,7719.09,7718.4,7719.77,1783272299.115
1783272300,7718.06,7717.38,7718.75,1783272300.132
1783272301,7717.04,7716.36,7717.72,1783272301.110
1783272302,7716.27,7715.59,7716.95,1783272302.140
1783272303,7715.5,7714.82,7716.18,1783272303.171
1783272304,7715.48,7714.79,7716.16,1783272304.133
1783272305,7717.15,7716.47,7717.83,1783272305.203
1783272306,7717.63,7716.95,7718.31,1783272306.124
1783272307,7717.89,7717.2,7718.57,1783272307.140
1783272308,7718.41,7717.73,7719.1,1783272308.201
1783272309,7718.87,7718.19,7719.55,1783272309.108
1783272310,7717.77,7717.09,7718.45,1783272310.133
1783272311,7718.98,7718.3,7719.66,1783272311.113
1783272312,7718.99,7718.3,7719.67,1783272312.135
1783272313,7718.85,7718.17,7719.53,1783272313.112
1783272314,7718.16,7717.48,7718.84,1783272314.145
1783272315,7718.58,7717.89,7719.26,1783272315.109
1783272316,7717.89,7717.21,7718.57,1783272316.130
1783272317,7717.45,7716.77,7718.13,1783272317.123
1783272318,7717.26,7716.58,7717.95,1783272318.127
1783272319,7718.19,7717.5,7718.87,1783272319.111
1783272320,7717.06,7716.38,7717.74,1783272320.146
1783272321,7717.12,7716.44,7717.8,1783272321.141
1783272322,7717.55,7716.86,7718.23,1783272322.136
1783272323,7717.64,7716.95,7718.32,1783272323.131
1783272324,7717.57,7716.89,7718.25,1783272324.141
1783272325,7717.74,7717.06,7718.42,1783272325.150
1783272326,7717.06,7716.38,7717.74,1783272326.120
1783272327,7716.37,7715.69,7717.06,1783272327.110
1783272328,7714.45,7713.77,7715.13,1783272328.135
1783272329,7713.16,7712.47,7713.84,1783272329.125
1783272330,7712.95,7712.26,7713.63,1783272330.134
1783272331,7712.18,7711.49,7712.86,1783272331.116
1783272332,7711.85,7711.16,7712.53,1783272332.125
1783272333,7711.39,7710.71,7712.08,1783272333.111
1783272334,7711.46,7710.77,7712.14,1783272334.135
1783272335,7712.81,7712.13,7713.5,1783272335.118
1783272336,7712.79,7712.11,7713.47,1783272336.120
1783272337,7713.32,7712.64,7714.01,1783272337.105
1783272338,7712.47,7711.79,7713.15,1783272338.244
1783272339,7711.27,7710.58,7711.95,1783272339.107
1783272340,7711.4,7710.72,7712.08,1783272340.132
1783272341,7712.02,7711.34,7712.7,1783272341.109
1783272342,7711.06,7710.38,7711.74,1783272342.163
1783272343,7711.59,7710.91,7712.27,1783272343.109
1783272344,7712.18,7711.5,7712.86,1783272344.136
1783272345,7713.09,7712.41,7713.78,1783272345.104
1783272346,7711.99,7711.31,7712.68,1783272346.141
1783272347,7710.61,7709.93,7711.29,1783272347.113
1783272348,7709.92,7709.24,7710.6,1783272348.139
1783272349,7709.12,7708.44,7709.81,1783272349.109
1783272350,7710.09,7709.41,7710.77,1783272350.141
1783272351,7709.85,7709.17,7710.53,1783272351.118
1783272352,7708.07,7707.39,7708.75,1783272352.202
1783272353,7708.66,7707.98,7709.34,1783272353.119
1783272354,7708.67,7707.99,7709.36,1783272354.137
1783272355,7709.3,7708.62,7709.98,1783272355.111
1783272356,7708.43,7707.75,7709.11,1783272356.143
1783272357,7709.77,7709.08,7710.45,1783272357.128
1783272358,7708.34,7707.65,7709.02,1783272358.202
1783272359,7706.51,7705.83,7707.19,1783272359.111
1783272360,7708.33,7707.65,7709.01,1783272360.144
1783272361,7707.83,7707.15,7708.51,1783272361.120
1783272362,7707.22,7706.54,7707.9,1783272362.234
1783272363,7706.87,7706.19,7707.56,1783272363.118
1783272364,7708.4,7707.72,7709.08,1783272364.140
1783272365,7707.68,7707,7708.36,1783272365.117
1783272366,7707.87,7707.19,7708.55,1783272366.121
1783272367,7709.02,7708.34,7709.7,1783272367.112
1783272368,7709.32,7708.63,7710,1783272368.120
1783272369,7708.73,7708.05,7709.42,1783272369.110
1783272370,7709.83,7709.15,7710.51,1783272370.144
1783272371,7710.61,7709.93,7711.29,1783272371.104
1783272372,7709.61,7708.92,7710.29,1783272372.131
1783272373,7708.6,7707.92,7709.28,1783272373.110
1783272374,7708.5,7707.81,7709.18,1783272374.128
1783272375,7707.82,7707.14,7708.5,1783272375.107
1783272376,7708.33,7707.65,7709.01,1783272376.118
1783272377,7709.47,7708.79,7710.16,1783272377.108
1783272378,7710.74,7710.06,7711.42,1783272378.130
1783272379,7710.99,7710.31,7711.67,1783272379.113
1783272380,7709.21,7708.53,7709.89,1783272380.147
1783272381,7711.58,7710.9,7712.26,1783272381.114
1783272382,7712.38,7711.7,7713.06,1783272382.141
1783272383,7711.95,7711.27,7712.63,1783272383.110
1783272384,7710.29,7709.61,7710.97,1783272384.141
1783272385,7711.03,7710.34,7711.71,1783272385.112
1783272386,7709.94,7709.26,7710.62,1783272386.141
1783272387,7710.23,7709.55,7710.91,1783272387.117
1783272388,7710.53,7709.85,7711.22,1783272388.127
1783272389,7710.86,7710.18,7711.54,1783272389.116
1783272390,7709.93,7709.25,7710.61,1783272390.136
1783272391,7709.68,7709,7710.36,1783272391.110
1783272392,7710.72,7710.04,7711.4,1783272392.136
1783272393,7710.93,7710.25,7711.61,1783272393.117
1783272394,7710.88,7710.2,7711.57,1783272394.128
1783272395,7711.83,7711.14,7712.51,1783272395.114
1783272396,7712.39,7711.71,7713.08,1783272396.131
1783272397,7711.55,7710.87,7712.24,1783272397.103
1783272398,7710.3,7709.61,7710.98,1783272398.125
1783272399,7711.11,7710.43,7711.79,1783272399.113
1783272400,7712.34,7711.66,7713.02,1783272400.143
1783272401,7712.02,7711.33,7712.7,1783272401.116
1783272402,7711.33,7710.65,7712.01,1783272402.130
1783272403,7710,7709.32,7710.69,1783272403.108
1783272404,7709.61,7708.92,7710.29,1783272404.127
1783272405,7711.07,7710.39,7711.75,1783272405.153
1783272406,7710.89,7710.21,7711.57,1783272406.120
1783272407,7710.43,7709.74,7711.11,1783272407.102
1783272408,7711.16,7710.48,7711.84,1783272408.132
1783272409,7709.27,7708.59,7709.95,1783272409.112
1783272410,7707.87,7707.19,7708.56,1783272410.121
1783272411,7708.09,7707.41,7708.77,1783272411.122
1783272412,7707.45,7706.77,7708.13,1783272412.128
1783272413,7705.95,7705.27,7706.63,1783272413.106
1783272414,7706.19,7705.51,7706.87,1783272414.120
1783272415,7704.38,7703.7,7705.06,1783272415.116
1783272416,7704.79,7704.11,7705.47,1783272416.120
1783272417,7705.74,7705.06,7706.42,1783272417.113
1783272418,7705.19,7704.51,7705.87,1783272418.132
1783272419,7704.98,7704.3,7705.67,1783272419.107
1783272420,7704.82,7704.14,7705.5,1783272420.137
1783272421,7703.87,7703.19,7704.56,1783272421.105
1783272422,7703.23,7702.55,7703.91,1783272422.201
1783272423,7701.49,7700.8,7702.17,1783272423.105
1783272424,7701.43,7700.75,7702.11,1783272424.136
1783272425,7700.3,7699.62,7700.98,1783272425.126
1783272426,7698.99,7698.31,7699.67,1783272426.132
1783272427,7698.48,7697.79,7699.16,1783272427.110
1783272428,7699.26,7698.57,7699.94,1783272428.117
1783272429,7699.41,7698.72,7700.09,1783272429.113
1783272430,7701.03,7700.34,7701.71,1783272430.163
1783272431,7699.71,7699.02,7700.39,1783272431.107
1783272432,7699.12,7698.44,7699.8,1783272432.136
1783272433,7700.68,7700,7701.36,1783272433.110
1783272434,7700.22,7699.54,7700.9,1783272434.133
1783272435,7699.79,7699.11,7700.47,1783272435.104
1783272436,7699.27,7698.59,7699.95,1783272436.140
1783272437,7700.8,7700.12,7701.48,1783272437.107
1783272438,7699.81,7699.12,7700.49,1783272438.138
1783272439,7700.49,7699.8,7701.17,1783272439.111
1783272440,7700.45,7699.77,7701.13,1783272440.133
1783272441,7701.57,7700.89,7702.25,1783272441.105
1783272442,7702.32,7701.64,7703,1783272442.128
1783272443,7700.73,7700.04,7701.41,1783272443.108
1783272444,7701.3,7700.61,7701.98,1783272444.138
1783272445,7701.99,7701.31,7702.68,1783272445.105
1783272446,7700.31,7699.63,7700.99,1783272446.131
1783272447,7701.17,7700.49,7701.85,1783272447.112
1783272448,7701.6,7700.92,7702.28,1783272448.122
1783272449,7701.01,7700.33,7701.69,1783272449.110
1783272450,7702.12,7701.44,7702.81,1783272450.127
1783272451,7702.11,7701.43,7702.79,1783272451.102
1783272452,7703.11,7702.43,7703.79,1783272452.139
1783272453,7702.39,7701.71,7703.07,1783272453.110
1783272454,7704.74,7704.06,7705.42,1783272454.132
1783272455,7706.92,7706.24,7707.6,1783272455.104
1783272456,7706.01,7705.33,7706.69,1783272456.123
1783272457,7708.19,7707.51,7708.87,1783272457.119
1783272458,7707.03,7706.35,7707.71,1783272458.134
1783272459,7706.89,7706.21,7707.57,1783272459.108
1783272460,7707.09,7706.41,7707.77,1783272460.129
1783272461,7707.13,7706.45,7707.82,1783272461.115
1783272462,7706.63,7705.94,7707.31,1783272462.127
1783272463,7705.44,7704.76,7706.12,1783272463.102
1783272464,7706.32,7705.64,7707,1783272464.133
1783272465,7707.37,7706.68,7708.05,1783272465.118
1783272466,7708.29,7707.61,7708.97,1783272466.124
1783272467,7706.78,7706.1,7707.46,1783272467.109
1783272468,7705.39,7704.71,7706.08,1783272468.136
1783272469,7704.24,7703.56,7704.92,1783272469.115
1783272470,7705.66,7704.98,7706.34,1783272470.149
1783272471,7705.66,7704.98,7706.34,1783272471.115
1783272472,7703.83,7703.15,7704.51,1783272472.138
1783272473,7703.05,7702.37,7703.73,1783272473.114
1783272474,7703.02,7702.33,7703.7,1783272474.125
1783272475,7704.09,7703.41,7704.77,1783272475.107
1783272476,7702.28,7701.59,7702.96,1783272476.140
1783272477,7702.01,7701.33,7702.69,1783272477.112
1783272478,7702.01,7701.32,7702.69,1783272478.136
1783272479,7701.44,7700.76,7702.12,1783272479.109
1783272480,7699.29,7698.61,7699.97,1783272480.144
1783272481,7698.12,7697.44,7698.8,1783272481.123
1783272482,7697.19,7696.51,7697.87,1783272482.130
1783272483,7695.62,7694.94,7696.3,1783272483.124
1783272484,7696.05,7695.37,7696.73,1783272484.145
1783272485,7696.09,7695.41,7696.77,1783272485.108
1783272486,7696.59,7695.91,7697.27,1783272486.132
1783272487,7696.65,7695.97,7697.33,1783272487.110
1783272488,7696.01,7695.33,7696.69,1783272488.126
1783272489,7695.36,7694.68,7696.04,1783272489.121
1783272490,7693.24,7692.56,7693.92,1783272490.134
1783272491,7692.62,7691.94,7693.3,1783272491.115
1783272492,7693.41,7692.73,7694.1,1783272492.132
1783272493,7694.26,7693.58,7694.94,1783272493.118
1783272494,7694.72,7694.04,7695.4,1783272494.141
1783272495,7694.92,7694.24,7695.61,1783272495.115
1783272496,7695.76,7695.08,7696.44,1783272496.135
1783272497,7696.97,7696.28,7697.65,1783272497.117
1783272498,7697.18,7696.5,7697.87,1783272498.132
1783272499,7696.65,7695.97,7697.33,1783272499.113
1783272500,7696.49,7695.81,7697.17,1783272500.129
1783272501,7696.42,7695.74,7697.1,1783272501.110
1783272502,7696.18,7695.49,7696.86,1783272502.131
1783272503,7697.48,7696.8,7698.16,1783272503.113
1783272504,7697.28,7696.6,7697.97,1783272504.130
1783272505,7697.85,7697.16,7698.53,1783272505.115
1783272506,7698.37,7697.68,7699.05,1783272506.127
1783272507,7697.36,7696.68,7698.04,1783272507.118
1783272508,7698.64,7697.96,7699.32,1783272508.134
1783272509,7699.25,7698.57,7699.93,1783272509.105
1783272510,7697.1,7696.42,7697.78,1783272510.138
1783272511,7697.25,7696.57,7697.93,1783272511.117
1783272512,7698.23,7697.55,7698.91,1783272512.138
1783272513,7696.95,7696.27,7697.63,1783272513.114
1783272514,7698.08,7697.4,7698.76,1783272514.133
1783272515,7697.98,7697.3,7698.66,1783272515.114
1783272516,7699.85,7699.17,7700.53,1783272516.127
1783272517,7700.13,7699.45,7700.81,1783272517.121
1783272518,7698.7,7698.02,7699.38,1783272518.265
1783272519,7698.4,7697.72,7699.08,1783272519.106
1783272520,7699.22,7698.54,7699.91,1783272520.132
1783272521,7697.01,7696.33,7697.69,1783272521.106
1783272522,7696.79,7696.11,7697.47,1783272522.134
1783272523,7695.65,7694.97,7696.33,1783272523.108
1783272524,7694.62,7693.94,7695.31,1783272524.126
1783272525,7694.9,7694.22,7695.58,1783272525.115
1783272526,7695.79,7695.11,7696.47,1783272526.129
1783272527,7694.23,7693.55,7694.91,1783272527.102
1783272528,7695.84,7695.15,7696.52,1783272528.129
1783272529,7695.5,7694.82,7696.18,1783272529.161
1783272530,7694.78,7694.1,7695.47,1783272530.123
1783272531,7695.24,7694.56,7695.92,1783272531.111
1783272532,7695.17,7694.49,7695.85,1783272532.130
1783272533,7695.07,7694.38,7695.75,1783272533.111
1783272534,7694.93,7694.25,7695.61,1783272534.124
1783272535,7693.72,7693.04,7694.4,1783272535.103
1783272536,7693.85,7693.17,7694.53,1783272536.118
1783272537,7693.46,7692.78,7694.14,1783272537.109
1783272538,7693.64,7692.96,7694.32,1783272538.127
1783272539,7693.83,7693.14,7694.51,1783272539.105
1783272540,7694.99,7694.31,7695.67,1783272540.128
1783272541,7695.34,7694.66,7696.02,1783272541.108
1783272542,7694.9,7694.22,7695.58,1783272542.206
1783272543,7694.09,7693.41,7694.77,1783272543.136
1783272544,7693.1,7692.42,7693.78,1783272544.123
1783272545,7692.95,7692.27,7693.63,1783272545.114
1783272546,7693.65,7692.97,7694.33,1783272546.129
1783272547,7694.13,7693.45,7694.81,1783272547.110
1783272548,7694.84,7694.16,7695.52,1783272548.203
1783272549,7694.64,7693.96,7695.33,1783272549.110
1783272550,7695.33,7694.65,7696.02,1783272550.125
1783272551,7697.46,7696.78,7698.14,1783272551.107
1783272552,7696.51,7695.83,7697.19,1783272552.127
1783272553,7695.52,7694.84,7696.2,1783272553.103
1783272554,7696.98,7696.3,7697.66,1783272554.118
1783272555,7696.56,7695.88,7697.25,1783272555.109
1783272556,7695.83,7695.15,7696.51,1783272556.125
1783272557,7695,7694.32,7695.68,1783272557.104
1783272558,7693.03,7692.35,7693.72,1783272558.116
1783272559,7692.53,7691.85,7693.21,1783272559.128
1783272560,7691.65,7690.97,7692.33,1783272560.120
1783272561,7690.47,7689.79,7691.15,1783272561.109
1783272562,7690.49,7689.81,7691.17,1783272562.127
1783272563,7689.98,7689.3,7690.66,1783272563.108
1783272564,7689.79,7689.11,7690.47,1783272564.134
1783272565,7687.83,7687.15,7688.51,1783272565.105
1783272566,7689.56,7688.88,7690.24,1783272566.121
1783272567,7690.68,7690,7691.36,1783272567.110
1783272568,7691.8,7691.12,7692.48,1783272568.122
1783272569,7691.92,7691.24,7692.6,1783272569.109
1783272570,7691.6,7690.92,7692.28,1783272570.127
1783272571,7690.58,7689.9,7691.26,1783272571.104
1783272572,7690.93,7690.25,7691.61,1783272572.123
1783272573,7691.44,7690.76,7692.12,1783272573.105
1783272574,7692.25,7691.57,7692.93,1783272574.131
1783272575,7694.5,7693.82,7695.18,1783272575.105
1783272576,7694.66,7693.98,7695.35,1783272576.120
1783272577,7694.33,7693.64,7695.01,1783272577.107
1783272578,7694.99,7694.31,7695.67,1783272578.130
1783272579,7694.98,7694.3,7695.66,1783272579.113
1783272580,7693.96,7693.28,7694.64,1783272580.130
1783272581,7694.54,7693.86,7695.22,1783272581.105
1783272582,7695.65,7694.97,7696.33,1783272582.134
1783272583,7694.17,7693.49,7694.85,1783272583.118
1783272584,7695.14,7694.46,7695.82,1783272584.136
1783272585,7695.81,7695.13,7696.49,1783272585.107
1783272586,7695.77,7695.09,7696.45,1783272586.119
1783272587,7698.67,7697.99,7699.35,1783272587.109
1783272588,7697.7,7697.02,7698.38,1783272588.129
1783272589,7697.14,7696.46,7697.82,1783272589.102
1783272590,7698.04,7697.36,7698.72,1783272590.172
1783272591,7697.55,7696.87,7698.23,1783272591.107
1783272592,7697.94,7697.26,7698.62,1783272592.118
1783272593,7697.75,7697.07,7698.43,1783272593.103
1783272594,7697.3,7696.62,7697.98,1783272594.132
1783272595,7697.44,7696.76,7698.12,1783272595.111
1783272596,7697.36,7696.68,7698.04,1783272596.128
1783272597,7696.26,7695.58,7696.94,1783272597.104
1783272598,7694.57,7693.89,7695.25,1783272598.123
1783272599,7694.57,7693.89,7695.25,1783272599.105
1783272600,7695.53,7694.84,7696.21,1783272600.128
1783272601,7696.59,7695.91,7697.28,1783272601.120
1783272602,7697.36,7696.68,7698.04,1783272602.206
1783272603,7697.71,7697.03,7698.4,1783272603.122
1783272604,7697.3,7696.62,7697.98,1783272604.132
1783272605,7697.75,7697.07,7698.43,1783272605.126
1783272606,7697.66,7696.98,7698.34,1783272606.172
1783272607,7699.43,7698.75,7700.11,1783272607.102
1783272608,7699.45,7698.77,7700.14,1783272608.134
1783272609,7698.29,7697.61,7698.97,1783272609.111
1783272610,7698.15,7697.47,7698.83,1783272610.140
1783272611,7698.96,7698.28,7699.64,1783272611.110
1783272612,7698.94,7698.26,7699.62,1783272612.127
1783272613,7699.06,7698.38,7699.74,1783272613.104
1783272614,7698.65,7697.97,7699.33,1783272614.123
1783272615,7697.85,7697.17,7698.53,1783272615.116
1783272616,7697.54,7696.86,7698.22,1783272616.128
1783272617,7699.29,7698.61,7699.97,1783272617.119
1783272618,7699.42,7698.74,7700.1,1783272618.127
1783272619,7699.72,7699.04,7700.41,1783272619.111
1783272620,7698.4,7697.72,7699.08,1783272620.152
1783272621,7699.52,7698.84,7700.2,1783272621.102
1783272622,7698.76,7698.08,7699.44,1783272622.134
1783272623,7700.07,7699.39,7700.75,1783272623.113
1783272624,7700.58,7699.89,7701.26,1783272624.136
1783272625,7700.93,7700.25,7701.61,1783272625.103
1783272626,7701.35,7700.67,7702.03,1783272626.130
1783272627,7700.79,7700.11,7701.47,1783272627.107
1783272628,7700.85,7700.17,7701.53,1783272628.130
1783272629,7700.4,7699.72,7701.08,1783272629.109
1783272630,7700.22,7699.53,7700.9,1783272630.131
1783272631,7700.87,7700.19,7701.55,1783272631.123
1783272632,7700.65,7699.97,7701.34,1783272632.137
1783272633,7701,7700.32,7701.68,1783272633.109
1783272634,7699.87,7699.18,7700.55,1783272634.135
1783272635,7699.34,7698.66,7700.02,1783272635.104
1783272636,7699.37,7698.69,7700.05,1783272636.132
1783272637,7698.95,7698.27,7699.64,1783272637.105
1783272638,7697.27,7696.59,7697.95,1783272638.247
1783272639,7697.1,7696.42,7697.78,1783272639.104
1783272640,7697.24,7696.56,7697.92,1783272640.145
1783272641,7696.94,7696.26,7697.63,1783272641.114
1783272642,7696.47,7695.79,7697.15,1783272642.162
1783272643,7696.31,7695.63,7696.99,1783272643.118
1783272644,7696.69,7696.01,7697.37,1783272644.129
1783272645,7695.65,7694.97,7696.33,1783272645.106
1783272646,7697.79,7697.11,7698.47,1783272646.136
1783272647,7698.85,7698.17,7699.54,1783272647.108
1783272648,7699.48,7698.8,7700.17,1783272648.124
1783272649,7698.13,7697.44,7698.81,1783272649.112
1783272650,7697.04,7696.36,7697.72,1783272650.125
1783272651,7698.86,7698.18,7699.54,1783272651.104
1783272652,7699.87,7699.19,7700.55,1783272652.133
1783272653,7700.77,7700.08,7701.45,1783272653.114
1783272654,7701.78,7701.1,7702.46,1783272654.129
1783272655,7702.05,7701.37,7702.73,1783272655.103
1783272656,7702.22,7701.54,7702.91,1783272656.129
1783272657,7701.3,7700.61,7701.98,1783272657.106
1783272658,7700.49,7699.81,7701.17,1783272658.134
1783272659,7698.9,7698.22,7699.58,1783272659.106
1783272660,7698.49,7697.81,7699.17,1783272660.128
1783272661,7699,7698.32,7699.68,1783272661.111
1783272662,7700.16,7699.48,7700.84,1783272662.172
1783272663,7701.3,7700.62,7701.99,1783272663.299
1783272664,7701.5,7700.82,7702.18,1783272664.227
1783272665,7702,7701.31,7702.68,1783272665.106
1783272666,7701.27,7700.59,7701.95,1783272666.146
1783272667,7700.73,7700.04,7701.41,1783272667.101
1783272668,7700.03,7699.35,7700.71,1783272668.132
1783272669,7701.32,7700.64,7702,1783272669.107
1783272670,7700.89,7700.21,7701.57,1783272670.128
1783272671,7700.37,7699.68,7701.05,1783272671.107
1783272672,7699.86,7699.17,7700.54,1783272672.141
1783272673,7700.55,7699.87,7701.23,1783272673.105
1783272674,7699.36,7698.68,7700.04,1783272674.128
1783272675,7699.47,7698.78,7700.15,1783272675.111
1783272676,7701.21,7700.53,7701.89,1783272676.127
1783272677,7701.55,7700.87,7702.24,1783272677.114
1783272678,7700.55,7699.87,7701.24,1783272678.164
1783272679,7700.93,7700.25,7701.62,1783272679.114
1783272680,7700.59,7699.91,7701.27,1783272680.121
1783272681,7701.61,7700.93,7702.29,1783272681.112
1783272682,7703.83,7703.15,7704.52,1783272682.212
1783272683,7702.77,7702.08,7703.45,1783272683.117
1783272684,7701.88,7701.2,7702.56,1783272684.136
1783272685,7702.59,7701.91,7703.27,1783272685.109
1783272686,7701.65,7700.96,7702.33,1783272686.145
1783272687,7701.16,7700.48,7701.84,1783272687.109
1783272688,7700.48,7699.8,7701.16,1783272688.129
1783272689,7701.71,7701.03,7702.4,1783272689.115
1783272690,7701.34,7700.66,7702.02,1783272690.137
1783272691,7700.9,7700.21,7701.58,1783272691.119
1783272692,7701.22,7700.54,7701.9,1783272692.120
1783272693,7701.86,7701.18,7702.54,1783272693.104
1783272694,7702.58,7701.9,7703.26,1783272694.130
1783272695,7703.17,7702.49,7703.85,1783272695.111
1783272696,7703.21,7702.53,7703.89,1783272696.125
1783272697,7704.77,7704.09,7705.46,1783272697.101
1783272698,7703.86,7703.17,7704.54,1783272698.246
1783272699,7703.42,7702.74,7704.1,1783272699.116
1783272700,7701.37,7700.69,7702.06,1783272700.131
1783272701,7701.12,7700.44,7701.8,1783272701.112
1783272702,7698.52,7697.84,7699.2,1783272702.135
1783272703,7698.21,7697.53,7698.89,1783272703.108
1783272704,7698.69,7698.01,7699.38,1783272704.139
1783272705,7699.14,7698.46,7699.83,1783272705.113
1783272706,7699.85,7699.17,7700.53,1783272706.126
1783272707,7699.78,7699.09,7700.46,1783272707.115
1783272708,7700.14,7699.46,7700.82,1783272708.124
1783272709,7701.58,7700.9,7702.26,1783272709.123
1783272710,7703.38,7702.7,7704.06,1783272710.134
1783272711,7704.54,7703.85,7705.22,1783272711.122
1783272712,7703.51,7702.83,7704.19,1783272712.134
1783272713,7703.14,7702.46,7703.82,1783272713.117
1783272714,7703.46,7702.78,7704.15,1783272714.134
1783272715,7702.94,7702.26,7703.62,1783272715.115
1783272716,7703.29,7702.61,7703.97,1783272716.125
1783272717,7704.45,7703.77,7705.14,1783272717.113
1783272718,7703.86,7703.18,7704.54,1783272718.135
1783272719,7706.06,7705.38,7706.74,1783272719.115
1783272720,7706.02,7705.34,7706.71,1783272720.147
1783272721,7705.57,7704.89,7706.25,1783272721.113
1783272722,7705.71,7705.03,7706.4,1783272722.165
1783272723,7706.56,7705.88,7707.24,1783272723.118
1783272724,7707.39,7706.71,7708.07,1783272724.157
1783272725,7707.51,7706.83,7708.19,1783272725.110
1783272726,7707.58,7706.9,7708.26,1783272726.137
1783272727,7708.03,7707.35,7708.71,1783272727.113
1783272728,7708.49,7707.81,7709.18,1783272728.244
1783272729,7708.82,7708.14,7709.5,1783272729.109
1783272730,7708.31,7707.63,7708.99,1783272730.136
1783272731,7708.67,7707.99,7709.35,1783272731.106
1783272732,7707.6,7706.92,7708.28,1783272732.131
1783272733,7706.71,7706.03,7707.39,1783272733.117
1783272734,7708.2,7707.52,7708.88,1783272734.141
1783272735,7707.71,7707.03,7708.39,1783272735.110
1783272736,7707.8,7707.11,7708.48,1783272736.129
1783272737,7707.04,7706.36,7707.72,1783272737.109
1783272738,7706.66,7705.97,7707.34,1783272738.144
1783272739,7706.18,7705.5,7706.86,1783272739.107
1783272740,7705.43,7704.75,7706.11,1783272740.163
1783272741,7706.23,7705.54,7706.91,1783272741.122
1783272742,7705.79,7705.1,7706.47,1783272742.140
1783272743,7705.49,7704.81,7706.17,1783272743.111
1783272744,7705.36,7704.68,7706.04,1783272744.125
1783272745,7705.33,7704.65,7706.01,1783272745.101
1783272746,7704.93,7704.25,7705.61,1783272746.144
1783272747,7705.97,7705.28,7706.65,1783272747.105
1783272748,7704.97,7704.29,7705.65,1783272748.134
1783272749,7704.4,7703.72,7705.08,1783272749.111
1783272750,7705.18,7704.5,7705.87,1783272750.124
1783272751,7705.11,7704.43,7705.79,1783272751.109
1783272752,7706.39,7705.71,7707.07,1783272752.140
1783272753,7707.17,7706.49,7707.85,1783272753.115
1783272754,7705.79,7705.11,7706.47,1783272754.145
1783272755,7704.15,7703.47,7704.83,1783272755.112
1783272756,7704.53,7703.85,7705.22,1783272756.133
1783272757,7704.84,7704.16,7705.52,1783272757.109
1783272758,7704.26,7703.58,7704.94,1783272758.205
1783272759,7704.02,7703.34,7704.7,1783272759.115
1783272760,7701.99,7701.31,7702.67,1783272760.130
1783272761,7699.47,7698.79,7700.15,1783272761.119
1783272762,7701.69,7701.01,7702.38,1783272762.134
1783272763,7701.86,7701.18,7702.54,1783272763.108
1783272764,7702.73,7702.05,7703.41,1783272764.132
1783272765,7703.27,7702.59,7703.95,1783272765.113
1783272766,7703.75,7703.07,7704.43,1783272766.135
1783272767,7702.51,7701.83,7703.19,1783272767.108
1783272768,7703.52,7702.83,7704.2,1783272768.125
1783272769,7702.58,7701.89,7703.26,1783272769.108
1783272770,7703.5,7702.82,7704.18,1783272770.133
1783272771,7703.79,7703.11,7704.48,1783272771.110
1783272772,7703.79,7703.11,7704.47,1783272772.128
1783272773,7704.22,7703.54,7704.9,1783272773.113
1783272774,7703.75,7703.07,7704.44,1783272774.123
1783272775,7703.4,7702.72,7704.09,1783272775.114
1783272776,7702.22,7701.54,7702.9,1783272776.134
1783272777,7701.81,7701.13,7702.5,1783272777.138
1783272778,7702.94,7702.25,7703.62,1783272778.155
1783272779,7702.38,7701.7,7703.06,1783272779.108
1783272780,7702.64,7701.96,7703.32,1783272780.137
1783272781,7703.19,7702.5,7703.87,1783272781.105
1783272782,7702.64,7701.96,7703.32,1783272782.150
1783272783,7703.43,7702.75,7704.11,1783272783.151
1783272784,7703.43,7702.75,7704.12,1783272784.175
1783272785,7705.08,7704.4,7705.77,1783272785.122
1783272786,7705.23,7704.55,7705.91,1783272786.150
1783272787,7706.18,7705.5,7706.86,1783272787.113
1783272788,7706.53,7705.85,7707.21,1783272788.200
1783272789,7705.84,7705.16,7706.52,1783272789.120
1783272790,7706.54,7705.86,7707.22,1783272790.132
1783272791,7705.69,7705.01,7706.37,1783272791.105
1783272792,7704.38,7703.7,7705.06,1783272792.127
1783272793,7703.8,7703.12,7704.48,1783272793.112
1783272794,7703.5,7702.82,7704.18,1783272794.132
1783272795,7702.86,7702.17,7703.54,1783272795.106
1783272796,7702.54,7701.85,7703.22,1783272796.135
1783272797,7703.2,7702.52,7703.88,1783272797.103
1783272798,7702.4,7701.72,7703.08,1783272798.128
1783272799,7701.42,7700.73,7702.1,1783272799.113
1783272800,7702.7,7702.02,7703.38,1783272800.142
1783272801,7702.85,7702.17,7703.53,1783272801.112
1783272802,7702.44,7701.76,7703.12,1783272802.137
1783272803,7699.76,7699.08,7700.44,1783272803.122
1783272804,7702.15,7701.47,7702.83,1783272804.131
1783272805,7701.39,7700.71,7702.07,1783272805.107
1783272806,7702.1,7701.42,7702.78,1783272806.135
1783272807,7702.58,7701.9,7703.26,1783272807.122
1783272808,7702.51,7701.83,7703.19,1783272808.136
1783272809,7703.84,7703.15,7704.52,1783272809.117
1783272810,7702.04,7701.36,7702.72,1783272810.132
1783272811,7700.73,7700.05,7701.41,1783272811.118
1783272812,7700.56,7699.88,7701.24,1783272812.162
1783272813,7701.89,7701.21,7702.57,1783272813.110
1783272814,7702.34,7701.66,7703.02,1783272814.130
1783272815,7703.07,7702.39,7703.76,1783272815.111
1783272816,7701.75,7701.06,7702.43,1783272816.130
1783272817,7703.08,7702.4,7703.76,1783272817.105
1783272818,7702.5,7701.82,7703.18,1783272818.132
1783272819,7699.94,7699.26,7700.63,1783272819.112
1783272820,7701.08,7700.4,7701.76,1783272820.129
1783272821,7699.98,7699.29,7700.66,1783272821.106
1783272822,7698.89,7698.2,7699.57,1783272822.200
1783272823,7698.25,7697.57,7698.93,1783272823.111
1783272824,7696.59,7695.91,7697.27,1783272824.133
1783272825,7695.94,7695.26,7696.62,1783272825.108
1783272826,7694.58,7693.9,7695.26,1783272826.155
1783272827,7695.51,7694.83,7696.19,1783272827.119
1783272828,7695.11,7694.43,7695.79,1783272828.145
1783272829,7695.91,7695.23,7696.59,1783272829.120
1783272830,7696.16,7695.48,7696.84,1783272830.142
1783272831,7695.99,7695.31,7696.67,1783272831.112
1783272832,7695.24,7694.56,7695.92,1783272832.145
1783272833,7696.1,7695.42,7696.78,1783272833.122
1783272834,7696.84,7696.16,7697.52,1783272834.165
1783272835,7696.81,7696.13,7697.49,1783272835.128
1783272836,7696.09,7695.41,7696.77,1783272836.136
1783272837,7694.04,7693.36,7694.72,1783272837.123
1783272838,7694.88,7694.2,7695.56,1783272838.147
1783272839,7695.52,7694.83,7696.2,1783272839.132
1783272840,7696.37,7695.69,7697.05,1783272840.161
1783272841,7697.88,7697.2,7698.56,1783272841.115
1783272842,7697.39,7696.71,7698.07,1783272842.240
1783272843,7698.3,7697.62,7698.98,1783272843.147
1783272844,7696.13,7695.45,7696.81,1783272844.155
1783272845,7695.91,7695.23,7696.59,1783272845.125
1783272846,7696.95,7696.27,7697.63,1783272846.137
1783272847,7696.04,7695.36,7696.72,1783272847.126
1783272848,7696.61,7695.93,7697.29,1783272848.202
1783272849,7697.03,7696.35,7697.71,1783272849.140
1783272850,7698.13,7697.45,7698.81,1783272850.148
1783272851,7697.15,7696.47,7697.83,1783272851.124
1783272852,7699.38,7698.7,7700.06,1783272852.145
1783272853,7699.73,7699.05,7700.41,1783272853.128
1783272854,7698.45,7697.76,7699.13,1783272854.142
1783272855,7697.72,7697.04,7698.4,1783272855.134
1783272856,7697.45,7696.77,7698.13,1783272856.150
1783272857,7698.2,7697.52,7698.88,1783272857.118
1783272858,7698.56,7697.88,7699.24,1783272858.139
1783272859,7699.99,7699.3,7700.67,1783272859.118
1783272860,7700.87,7700.19,7701.55,1783272860.141
1783272861,7699.37,7698.69,7700.05,1783272861.125
1783272862,7698.77,7698.09,7699.45,1783272862.163
1783272863,7698.33,7697.65,7699.01,1783272863.126
1783272864,7698.05,7697.37,7698.73,1783272864.140
1783272865,7698.23,7697.55,7698.91,1783272865.114
1783272866,7698.61,7697.92,7699.29,1783272866.167
1783272867,7699.41,7698.73,7700.09,1783272867.115
1783272868,7700.43,7699.75,7701.12,1783272868.140
1783272869,7699.48,7698.8,7700.16,1783272869.119
1783272870,7698.47,7697.78,7699.15,1783272870.136
1783272871,7699.81,7699.13,7700.49,1783272871.167
1783272872,7699.79,7699.11,7700.47,1783272872.147
1783272873,7697.92,7697.23,7698.6,1783272873.130
1783272874,7697.39,7696.71,7698.07,1783272874.159
1783272875,7698.1,7697.41,7698.78,1783272875.112
1783272876,7697.04,7696.36,7697.72,1783272876.144
1783272877,7695.54,7694.86,7696.22,1783272877.134
1783272878,7695.91,7695.23,7696.59,1783272878.247
1783272879,7694.28,7693.6,7694.96,1783272879.116
1783272880,7695.35,7694.66,7696.03,1783272880.138
1783272881,7696.23,7695.55,7696.91,1783272881.116
1783272882,7696.72,7696.04,7697.41,1783272882.152
1783272883,7697.26,7696.58,7697.95,1783272883.118
1783272884,7697.66,7696.98,7698.35,1783272884.162
1783272885,7698.34,7697.66,7699.02,1783272885.123
1783272886,7696.65,7695.97,7697.34,1783272886.141
1783272887,7699.58,7698.9,7700.26,1783272887.128
1783272888,7700.65,7699.97,7701.33,1783272888.153
1783272889,7700.53,7699.85,7701.22,1783272889.137
1783272890,7700.65,7699.96,7701.33,1783272890.152
1783272891,7700.34,7699.66,7701.02,1783272891.118
1783272892,7700.19,7699.51,7700.88,1783272892.138
1783272893,7700.51,7699.82,7701.19,1783272893.108
1783272894,7701.7,7701.02,7702.38,1783272894.147
1783272895,7701.51,7700.83,7702.19,1783272895.107
1783272896,7701.2,7700.52,7701.88,1783272896.138
1783272897,7703.36,7702.68,7704.04,1783272897.107
1783272898,7702.46,7701.78,7703.14,1783272898.133
1783272899,7701.22,7700.54,7701.9,1783272899.102
1783272900,7700.74,7700.06,7701.42,1783272900.136
1783272901,7700.73,7700.05,7701.42,1783272901.108
1783272902,7701.32,7700.64,7702.01,1783272902.226
1783272903,7700.92,7700.24,7701.6,1783272903.197
1783272904,7699.94,7699.25,7700.62,1783272904.264
1783272905,7699.94,7699.26,7700.62,1783272905.125
1783272906,7700.07,7699.39,7700.75,1783272906.138
1783272907,7699.95,7699.27,7700.64,1783272907.114
1783272908,7700.19,7699.5,7700.87,1783272908.205
1783272909,7698.13,7697.45,7698.82,1783272909.110
1783272910,7698.69,7698.01,7699.37,1783272910.126
1783272911,7698.44,7697.76,7699.12,1783272911.113
1783272912,7698.55,7697.87,7699.23,1783272912.124
1783272913,7698.68,7698,7699.36,1783272913.107
1783272914,7699.76,7699.07,7700.44,1783272914.128
1783272915,7698.16,7697.48,7698.84,1783272915.115
1783272916,7699.88,7699.2,7700.56,1783272916.134
1783272917,7699.4,7698.72,7700.09,1783272917.118
1783272918,7699.73,7699.05,7700.41,1783272918.125
1783272919,7700.54,7699.86,7701.22,1783272919.110
1783272920,7700.82,7700.14,7701.5,1783272920.131
1783272921,7699.97,7699.29,7700.65,1783272921.115
1783272922,7700.24,7699.56,7700.92,1783272922.135
1783272923,7699.11,7698.42,7699.79,1783272923.107
1783272924,7699.64,7698.95,7700.32,1783272924.140
1783272925,7699.34,7698.66,7700.02,1783272925.113
1783272926,7698.66,7697.98,7699.34,1783272926.132
1783272927,7697.23,7696.55,7697.91,1783272927.103
1783272928,7697.51,7696.83,7698.19,1783272928.127
1783272929,7698.42,7697.74,7699.1,1783272929.108
1783272930,7697.95,7697.27,7698.63,1783272930.140
1783272931,7696.68,7696,7697.36,1783272931.124
1783272932,7697.75,7697.07,7698.43,1783272932.137
1783272933,7697.61,7696.93,7698.29,1783272933.110
1783272934,7699.43,7698.74,7700.11,1783272934.138
1783272935,7699.6,7698.92,7700.28,1783272935.109
1783272936,7700.99,7700.3,7701.67,1783272936.127
1783272937,7700.66,7699.98,7701.35,1783272937.108
1783272938,7700.35,7699.66,7701.03,1783272938.243
1783272939,7702.37,7701.69,7703.05,1783272939.113
1783272940,7701.36,7700.68,7702.04,1783272940.132
1783272941,7700.92,7700.24,7701.6,1783272941.111
1783272942,7699.93,7699.25,7700.61,1783272942.138
1783272943,7700.7,7700.01,7701.38,1783272943.113
1783272944,7700.16,7699.48,7700.84,1783272944.129
1783272945,7701.68,7700.99,7702.36,1783272945.108
1783272946,7698.62,7697.94,7699.3,1783272946.169
1783272947,7698.28,7697.6,7698.96,1783272947.119
1783272948,7697.93,7697.25,7698.61,1783272948.136
1783272949,7697.42,7696.74,7698.1,1783272949.110
1783272950,7698.17,7697.49,7698.85,1783272950.132
1783272951,7697.71,7697.02,7698.39,1783272951.101
1783272952,7698.36,7697.68,7699.05,1783272952.126
1783272953,7698.06,7697.38,7698.74,1783272953.109
1783272954,7696.48,7695.8,7697.16,1783272954.132
1783272955,7698.38,7697.69,7699.06,1783272955.106
1783272956,7697.84,7697.16,7698.52,1783272956.124
1783272957,7697.76,7697.08,7698.44,1783272957.106
1783272958,7697.29,7696.6,7697.97,1783272958.125
1783272959,7696.96,7696.28,7697.64,1783272959.105
1783272960,7696.89,7696.21,7697.57,1783272960.130
1783272961,7695.49,7694.81,7696.17,1783272961.118
1783272962,7696.46,7695.77,7697.14,1783272962.221
1783272963,7698.8,7698.12,7699.48,1783272963.109
1783272964,7699.77,7699.09,7700.45,1783272964.156
1783272965,7699.77,7699.08,7700.45,1783272965.117
1783272966,7699.47,7698.79,7700.16,1783272966.136
1783272967,7699.62,7698.94,7700.3,1783272967.101
1783272968,7699.82,7699.14,7700.5,1783272968.128
1783272969,7699.17,7698.49,7699.85,1783272969.106
1783272970,7701.42,7700.74,7702.1,1783272970.121
1783272971,7701.35,7700.66,7702.03,1783272971.110
1783272972,7700.71,7700.03,7701.39,1783272972.118
1783272973,7700.85,7700.17,7701.53,1783272973.113
1783272974,7700.6,7699.91,7701.28,1783272974.128
1783272975,7701.4,7700.72,7702.08,1783272975.107
1783272976,7699.6,7698.92,7700.28,1783272976.129
1783272977,7700.27,7699.59,7700.95,1783272977.108
1783272978,7700.01,7699.33,7700.7,1783272978.129
1783272979,7700.76,7700.08,7701.44,1783272979.101
1783272980,7698.31,7697.63,7698.99,1783272980.121
1783272981,7698.33,7697.65,7699.01,1783272981.117
1783272982,7696.88,7696.2,7697.56,1783272982.121
1783272983,7697.34,7696.65,7698.02,1783272983.107
1783272984,7697.88,7697.2,7698.56,1783272984.122
1783272985,7697.88,7697.2,7698.56,1783272985.102
1783272986,7697.91,7697.23,7698.59,1783272986.127
1783272987,7698.43,7697.75,7699.11,1783272987.106
1783272988,7696.44,7695.76,7697.12,1783272988.124
1783272989,7696.78,7696.1,7697.46,1783272989.107
1783272990,7699.86,7699.18,7700.55,1783272990.131
1783272991,7699.61,7698.93,7700.29,1783272991.112
1783272992,7698.3,7697.62,7698.98,1783272992.125
1783272993,7697.41,7696.73,7698.09,1783272993.118
1783272994,7697.31,7696.63,7697.99,1783272994.140
1783272995,7696.21,7695.53,7696.89,1783272995.105
1783272996,7696.31,7695.63,7696.99,1783272996.128
1783272997,7695.54,7694.86,7696.22,1783272997.108
1783272998,7696.09,7695.41,7696.77,1783272998.124
1783272999,7695.59,7694.91,7696.27,1783272999.110
1783273000,7695.22,7694.54,7695.9,1783273000.135
1783273001,7693.67,7692.99,7694.35,1783273001.106
1783273002,7694.78,7694.1,7695.46,1783273002.121
1783273003,7694.47,7693.79,7695.15,1783273003.104
1783273004,7695.88,7695.2,7696.56,1783273004.136
1783273005,7696.32,7695.64,7697,1783273005.111
1783273006,7697.3,7696.62,7697.98,1783273006.132
1783273007,7698.66,7697.98,7699.34,1783273007.106
1783273008,7698.12,7697.44,7698.81,1783273008.121
1783273009,7698.11,7697.43,7698.79,1783273009.117
1783273010,7698.54,7697.85,7699.22,1783273010.128
1783273011,7698.57,7697.89,7699.25,1783273011.121
1783273012,7697.3,7696.61,7697.98,1783273012.142
1783273013,7696.81,7696.13,7697.49,1783273013.106
1783273014,7697.79,7697.11,7698.47,1783273014.137
1783273015,7698.88,7698.19,7699.56,1783273015.107
1783273016,7697.62,7696.94,7698.3,1783273016.132
1783273017,7698.69,7698,7699.37,1783273017.104
1783273018,7698.07,7697.39,7698.75,1783273018.127
1783273019,7698.39,7697.71,7699.07,1783273019.106
1783273020,7700.01,7699.33,7700.69,1783273020.136
1783273021,7699.54,7698.85,7700.22,1783273021.102
1783273022,7698.39,7697.71,7699.07,1783273022.132
1783273023,7700.14,7699.46,7700.83,1783273023.145
1783273024,7698.24,7697.56,7698.93,1783273024.125
1783273025,7699.18,7698.5,7699.86,1783273025.106
1783273026,7697.64,7696.96,7698.33,1783273026.119
1783273027,7696.96,7696.28,7697.64,1783273027.106
1783273028,7698.45,7697.77,7699.13,1783273028.126
1783273029,7698.6,7697.92,7699.28,1783273029.107
1783273030,7698.7,7698.02,7699.39,1783273030.122
1783273031,7699.51,7698.83,7700.2,1783273031.109
1783273032,7699.23,7698.55,7699.91,1783273032.129
1783273033,7700.09,7699.4,7700.77,1783273033.110
1783273034,7700.05,7699.37,7700.73,1783273034.120
1783273035,7700.04,7699.35,7700.72,1783273035.106
1783273036,7700.45,7699.76,7701.13,1783273036.132
1783273037,7698.5,7697.82,7699.18,1783273037.106
1783273038,7697.93,7697.25,7698.61,1783273038.133
1783273039,7698.86,7698.18,7699.54,1783273039.107
1783273040,7697.97,7697.29,7698.65,1783273040.137
1783273041,7700.45,7699.77,7701.13,1783273041.108
1783273042,7701.11,7700.43,7701.79,1783273042.134
1783273043,7700.7,7700.02,7701.38,1783273043.111
1783273044,7699.92,7699.24,7700.6,1783273044.131
1783273045,7699.73,7699.04,7700.41,1783273045.114
1783273046,7698.58,7697.9,7699.26,1783273046.127
1783273047,7698.04,7697.36,7698.72,1783273047.112
1783273048,7698.08,7697.4,7698.76,1783273048.129
1783273049,7695.94,7695.26,7696.62,1783273049.110
1783273050,7696.49,7695.81,7697.17,1783273050.124
1783273051,7696.47,7695.79,7697.15,1783273051.105
1783273052,7696.34,7695.66,7697.03,1783273052.123
1783273053,7695.23,7694.54,7695.91,1783273053.103
1783273054,7696.33,7695.65,7697.01,1783273054.129
1783273055,7696.01,7695.33,7696.69,1783273055.108
1783273056,7695.79,7695.11,7696.47,1783273056.138
1783273057,7696.97,7696.29,7697.65,1783273057.105
1783273058,7697.68,7696.99,7698.36,1783273058.134
1783273059,7696.56,7695.88,7697.24,1783273059.113
1783273060,7695.44,7694.75,7696.12,1783273060.161
1783273061,7695.43,7694.75,7696.11,1783273061.116
1783273062,7695.38,7694.69,7696.06,1783273062.133
1783273063,7694.53,7693.85,7695.21,1783273063.119
1783273064,7694.76,7694.08,7695.44,1783273064.141
1783273065,7693.73,7693.04,7694.41,1783273065.121
1783273066,7694.03,7693.35,7694.71,1783273066.138
1783273067,7694.73,7694.05,7695.41,1783273067.127
1783273068,7696.38,7695.7,7697.06,1783273068.137
1783273069,7697.89,7697.21,7698.57,1783273069.110
1783273070,7697.28,7696.6,7697.96,1783273070.134
1783273071,7698.01,7697.33,7698.69,1783273071.104
1783273072,7699.29,7698.61,7699.97,1783273072.123
1783273073,7700.11,7699.43,7700.79,1783273073.108
1783273074,7699.8,7699.12,7700.49,1783273074.129
1783273075,7700.6,7699.92,7701.28,1783273075.114
1783273076,7702.14,7701.46,7702.82,1783273076.130
1783273077,7703.85,7703.17,7704.53,1783273077.106
1783273078,7702.23,7701.55,7702.92,1783273078.127
1783273079,7703.51,7702.83,7704.19,1783273079.102
1783273080,7703.8,7703.12,7704.49,1783273080.137
1783273081,7703,7702.32,7703.68,1783273081.126
1783273082,7703.52,7702.84,7704.2,1783273082.183
1783273083,7704.88,7704.2,7705.57,1783273083.163
1783273084,7705.21,7704.53,7705.89,1783273084.131
1783273085,7704.06,7703.38,7704.74,1783273085.103
1783273086,7703.56,7702.88,7704.24,1783273086.130
1783273087,7704.03,7703.35,7704.71,1783273087.111
1783273088,7705.81,7705.13,7706.49,1783273088.136
1783273089,7706.22,7705.54,7706.9,1783273089.102
1783273090,7708,7707.32,7708.69,1783273090.135
1783273091,7706.61,7705.93,7707.29,1783273091.117
1783273092,7709.09,7708.41,7709.78,1783273092.130
1783273093,7708.58,7707.9,7709.26,1783273093.106
1783273094,7708.91,7708.23,7709.59,1783273094.129
1783273095,7710.41,7709.73,7711.09,1783273095.110
1783273096,7710.6,7709.91,7711.28,1783273096.164
1783273097,7711.73,7711.05,7712.41,1783273097.112
1783273098,7710.28,7709.6,7710.96,1783273098.149
1783273099,7710.98,7710.3,7711.66,1783273099.107
1783273100,7710.6,7709.92,7711.28,1783273100.122
1783273101,7711.67,7710.99,7712.35,1783273101.112
1783273102,7712.14,7711.46,7712.82,1783273102.152
1783273103,7710.07,7709.39,7710.75,1783273103.111
1783273104,7709.95,7709.26,7710.63,1783273104.120
1783273105,7709.39,7708.7,7710.07,1783273105.105
1783273106,7710.81,7710.12,7711.49,1783273106.126
1783273107,7711.75,7711.06,7712.43,1783273107.112
1783273108,7712.95,7712.27,7713.63,1783273108.123
1783273109,7715.4,7714.72,7716.08,1783273109.116
1783273110,7716.14,7715.46,7716.82,1783273110.123
1783273111,7715.8,7715.12,7716.48,1783273111.107
1783273112,7713.85,7713.16,7714.53,1783273112.129
1783273113,7712.12,7711.44,7712.8,1783273113.107
1783273114,7711.7,7711.02,7712.39,1783273114.128
1783273115,7709.67,7708.99,7710.35,1783273115.108
1783273116,7708.93,7708.24,7709.61,1783273116.143
1783273117,7710.22,7709.54,7710.91,1783273117.105
1783273118,7710.45,7709.76,7711.13,1783273118.127
1783273119,7710.98,7710.29,7711.66,1783273119.106
1783273120,7711.92,7711.24,7712.6,1783273120.139
1783273121,7711.5,7710.82,7712.18,1783273121.120
1783273122,7709.71,7709.03,7710.4,1783273122.126
1783273123,7708.32,7707.64,7709,1783273123.111
1783273124,7707.97,7707.29,7708.65,1783273124.133
1783273125,7707.94,7707.26,7708.62,1783273125.110
1783273126,7709.73,7709.05,7710.41,1783273126.132
1783273127,7710.84,7710.16,7711.52,1783273127.101
1783273128,7711.23,7710.54,7711.91,1783273128.135
1783273129,7710.5,7709.82,7711.18,1783273129.104
1783273130,7712.85,7712.17,7713.53,1783273130.127
1783273131,7711.77,7711.09,7712.45,1783273131.110
1783273132,7712.88,7712.2,7713.56,1783273132.163
1783273133,7712.74,7712.05,7713.42,1783273133.107
1783273134,7712.67,7711.98,7713.35,1783273134.125
1783273135,7712.32,7711.64,7713,1783273135.102
1783273136,7713.52,7712.84,7714.2,1783273136.138
1783273137,7713.46,7712.77,7714.14,1783273137.110
1783273138,7712.46,7711.78,7713.14,1783273138.132
1783273139,7713.06,7712.37,7713.74,1783273139.105
1783273140,7714.64,7713.96,7715.33,1783273140.126
1783273141,7714.86,7714.18,7715.54,1783273141.116
1783273142,7715.42,7714.74,7716.1,1783273142.175
1783273143,7714.86,7714.18,7715.54,1783273143.129
1783273144,7713.97,7713.29,7714.65,1783273144.135
1783273145,7714.65,7713.96,7715.33,1783273145.113
1783273146,7716.32,7715.64,7717,1783273146.124
1783273147,7716.73,7716.04,7717.41,1783273147.123
1783273148,7715.53,7714.85,7716.22,1783273148.122
1783273149,7715.37,7714.68,7716.05,1783273149.112
1783273150,7714.45,7713.77,7715.13,1783273150.124
1783273151,7713.58,7712.9,7714.26,1783273151.107
1783273152,7715.26,7714.57,7715.94,1783273152.126
1783273153,7714.03,7713.35,7714.72,1783273153.119
1783273154,7713.79,7713.11,7714.48,1783273154.129
1783273155,7714.54,7713.86,7715.23,1783273155.113
1783273156,7713.26,7712.58,7713.94,1783273156.126
1783273157,7714.24,7713.56,7714.92,1783273157.105
1783273158,7713.91,7713.23,7714.59,1783273158.163
1783273159,7713.38,7712.7,7714.06,1783273159.110
1783273160,7712.85,7712.16,7713.53,1783273160.130
1783273161,7712.76,7712.08,7713.45,1783273161.109
1783273162,7712.66,7711.98,7713.34,1783273162.134
1783273163,7711.87,7711.18,7712.55,1783273163.107
1783273164,7710.92,7710.24,7711.61,1783273164.131
1783273165,7712.27,7711.59,7712.96,1783273165.127
1783273166,7711.25,7710.57,7711.93,1783273166.130
1783273167,7711.47,7710.78,7712.15,1783273167.122
1783273168,7711.18,7710.5,7711.87,1783273168.127
1783273169,7711.27,7710.59,7711.95,1783273169.105
1783273170,7710.12,7709.43,7710.8,1783273170.126
1783273171,7710.36,7709.67,7711.04,1783273171.110
1783273172,7712.07,7711.38,7712.75,1783273172.138
1783273173,7710.63,7709.94,7711.31,1783273173.108
1783273174,7709.54,7708.86,7710.23,1783273174.125
1783273175,7709.03,7708.34,7709.71,1783273175.108
1783273176,7710.07,7709.39,7710.75,1783273176.130
1783273177,7709.33,7708.65,7710.02,1783273177.109
1783273178,7708.61,7707.92,7709.29,1783273178.202
1783273179,7709.49,7708.8,7710.17,1783273179.127
1783273180,7708.99,7708.31,7709.67,1783273180.130
1783273181,7709.94,7709.26,7710.62,1783273181.103
1783273182,7709.19,7708.51,7709.88,1783273182.130
1783273183,7710.11,7709.42,7710.79,1783273183.114
1783273184,7711.03,7710.35,7711.71,1783273184.136
1783273185,7711.17,7710.49,7711.85,1783273185.113
1783273186,7713.25,7712.57,7713.93,1783273186.129
1783273187,7713.23,7712.54,7713.91,1783273187.107
1783273188,7713.02,7712.34,7713.71,1783273188.125
1783273189,7712.24,7711.55,7712.92,1783273189.107
1783273190,7712.21,7711.53,7712.89,1783273190.128
1783273191,7711.23,7710.55,7711.91,1783273191.121
1783273192,7711.4,7710.72,7712.08,1783273192.129
1783273193,7709.88,7709.2,7710.57,1783273193.119
1783273194,7710.48,7709.8,7711.16,1783273194.165
1783273195,7710.28,7709.6,7710.96,1783273195.113
1783273196,7711.39,7710.7,7712.07,1783273196.151
1783273197,7711.96,7711.27,7712.64,1783273197.128
1783273198,7712.86,7712.18,7713.54,1783273198.136
1783273199,7714.26,7713.57,7714.94,1783273199.108
1783273200,7712.88,7712.19,7713.56,1783273200.145
1783273201,7712.42,7711.74,7713.1,1783273201.120
1783273202,7710.01,7709.33,7710.7,1783273202.237
1783273203,7708.43,7707.75,7709.12,1783273203.500
1783273204,7707.91,7707.22,7708.59,1783273204.167
1783273205,7707.11,7706.43,7707.79,1783273205.118
1783273206,7708.23,7707.55,7708.92,1783273206.123
1783273207,7706.85,7706.17,7707.53,1783273207.116
1783273208,7705.91,7705.23,7706.6,1783273208.129
1783273209,7706.17,7705.49,7706.85,1783273209.117
1783273210,7708.08,7707.39,7708.76,1783273210.129
1783273211,7708.01,7707.32,7708.69,1783273211.113
1783273212,7707.63,7706.94,7708.31,1783273212.146
1783273213,7710.28,7709.59,7710.96,1783273213.114
1783273214,7709.93,7709.25,7710.62,1783273214.123
1783273215,7710.92,7710.24,7711.6,1783273215.106
1783273216,7711.92,7711.24,7712.61,1783273216.128
1783273217,7712.15,7711.46,7712.83,1783273217.110
1783273218,7713.48,7712.8,7714.16,1783273218.134
1783273219,7713.32,7712.64,7714,1783273219.112
1783273220,7714.13,7713.44,7714.81,1783273220.166
1783273221,7715.01,7714.32,7715.69,1783273221.124
1783273222,7715.22,7714.54,7715.9,1783273222.135
1783273223,7715.23,7714.55,7715.91,1783273223.115
1783273224,7714.1,7713.42,7714.78,1783273224.245
1783273225,7714.6,7713.92,7715.29,1783273225.173
1783273226,7712.69,7712.01,7713.38,1783273226.129
1783273227,7714.73,7714.05,7715.41,1783273227.114
1783273228,7715.47,7714.79,7716.16,1783273228.149
1783273229,7716.85,7716.17,7717.54,1783273229.120
1783273230,7716.32,7715.64,7717.01,1783273230.141
1783273231,7714.74,7714.06,7715.42,1783273231.115
1783273232,7716.8,7716.12,7717.49,1783273232.136
1783273233,7717.59,7716.9,7718.27,1783273233.120
1783273234,7717.55,7716.87,7718.23,1783273234.131
1783273235,7718.62,7717.94,7719.31,1783273235.107
1783273236,7720.06,7719.37,7720.74,1783273236.135
1783273237,7720.61,7719.93,7721.3,1783273237.115
1783273238,7720.02,7719.33,7720.7,1783273238.246
1783273239,7720.93,7720.25,7721.61,1783273239.118
1783273240,7719.91,7719.23,7720.59,1783273240.141
1783273241,7720.53,7719.84,7721.21,1783273241.146
1783273242,7722.18,7721.5,7722.87,1783273242.141
1783273243,7722.39,7721.71,7723.07,1783273243.114
1783273244,7721.67,7720.98,7722.35,1783273244.130
1783273245,7721.26,7720.58,7721.94,1783273245.110
1783273246,7721.88,7721.2,7722.56,1783273246.163
1783273247,7721.68,7721,7722.36,1783273247.113
1783273248,7719.97,7719.29,7720.65,1783273248.122
1783273249,7720.34,7719.66,7721.02,1783273249.123
1783273250,7721.19,7720.51,7721.87,1783273250.140
1783273251,7720.71,7720.02,7721.39,1783273251.120
1783273252,7720.05,7719.36,7720.73,1783273252.128
1783273253,7719.1,7718.41,7719.78,1783273253.113
1783273254,7719.08,7718.4,7719.76,1783273254.135
1783273255,7718.16,7717.48,7718.85,1783273255.115
1783273256,7718.33,7717.64,7719.01,1783273256.143
1783273257,7718.5,7717.82,7719.19,1783273257.108
1783273258,7719.22,7718.54,7719.91,1783273258.125
1783273259,7718.53,7717.85,7719.22,1783273259.113
1783273260,7718.62,7717.94,7719.3,1783273260.148
1783273261,7718.07,7717.39,7718.76,1783273261.108
1783273262,7718.38,7717.69,7719.06,1783273262.156
1783273263,7718.8,7718.12,7719.48,1783273263.137
1783273264,7718.66,7717.98,7719.35,1783273264.154
1783273265,7719.6,7718.91,7720.28,1783273265.116
1783273266,7720.94,7720.26,7721.63,1783273266.125
1783273267,7721.75,7721.07,7722.44,1783273267.127
1783273268,7720.84,7720.15,7721.52,1783273268.202
1783273269,7721.47,7720.78,7722.15,1783273269.115
1783273270,7720.59,7719.91,7721.27,1783273270.132
1783273271,7720.1,7719.42,7720.79,1783273271.109
1783273272,7720.07,7719.39,7720.75,1783273272.128
1783273273,7719.64,7718.96,7720.32,1783273273.123
1783273274,7718.22,7717.53,7718.9,1783273274.134
1783273275,7719.68,7719,7720.36,1783273275.117
1783273276,7719.65,7718.97,7720.33,1783273276.130
1783273277,7718.17,7717.48,7718.85,1783273277.109
1783273278,7716.36,7715.67,7717.04,1783273278.170
1783273279,7715.44,7714.76,7716.12,1783273279.116
1783273280,7715.69,7715,7716.37,1783273280.134
1783273281,7716.94,7716.26,7717.62,1783273281.113
1783273282,7717.39,7716.71,7718.07,1783273282.120
1783273283,7716.71,7716.03,7717.4,1783273283.115
1783273284,7716.31,7715.63,7717,1783273284.148
1783273285,7715.19,7714.51,7715.88,1783273285.112
1783273286,7714.96,7714.28,7715.65,1783273286.130
1783273287,7715.94,7715.26,7716.62,1783273287.123
1783273288,7717.17,7716.49,7717.85,1783273288.132
1783273289,7716.89,7716.21,7717.57,1783273289.114
1783273290,7715.72,7715.03,7716.4,1783273290.311
1783273291,7716.93,7716.25,7717.61,1783273291.119
1783273292,7717.03,7716.34,7717.71,1783273292.137
1783273293,7716.85,7716.17,7717.53,1783273293.107
1783273294,7716.42,7715.74,7717.1,1783273294.142
1783273295,7714.4,7713.72,7715.08,1783273295.122
1783273296,7715.68,7714.99,7716.36,1783273296.134
1783273297,7714.4,7713.71,7715.08,1783273297.110
1783273298,7713.96,7713.28,7714.64,1783273298.129
1783273299,7714.64,7713.96,7715.33,1783273299.115
1783273300,7714.15,7713.47,7714.84,1783273300.141
1783273301,7713.19,7712.5,7713.87,1783273301.108
1783273302,7713.42,7712.74,7714.11,1783273302.141
1783273303,7714.51,7713.82,7715.19,1783273303.110
1783273304,7714.87,7714.19,7715.55,1783273304.142
1783273305,7714.46,7713.78,7715.15,1783273305.108
1783273306,7715.33,7714.64,7716.01,1783273306.131
1783273307,7716.85,7716.17,7717.53,1783273307.114
1783273308,7715.2,7714.52,7715.88,1783273308.130
1783273309,7715.18,7714.5,7715.87,1783273309.137
1783273310,7714.34,7713.66,7715.03,1783273310.142
1783273311,7713.99,7713.31,7714.67,1783273311.112
1783273312,7714.39,7713.7,7715.07,1783273312.131
1783273313,7715.5,7714.81,7716.18,1783273313.104
1783273314,7716.26,7715.58,7716.95,1783273314.149
1783273315,7716.98,7716.29,7717.66,1783273315.112
1783273316,7717.78,7717.1,7718.47,1783273316.143
1783273317,7717.65,7716.97,7718.34,1783273317.124
1783273318,7717.3,7716.62,7717.98,1783273318.140
1783273319,7717.43,7716.74,7718.11,1783273319.109
1783273320,7717.66,7716.97,7718.34,1783273320.138
1783273321,7715.43,7714.75,7716.11,1783273321.180
1783273322,7714.75,7714.07,7715.43,1783273322.177
1783273323,7715.23,7714.54,7715.91,1783273323.120
1783273324,7714.37,7713.69,7715.06,1783273324.216
1783273325,7715.46,7714.78,7716.14,1783273325.112
1783273326,7715.66,7714.98,7716.34,1783273326.124
1783273327,7715.49,7714.8,7716.17,1783273327.113
1783273328,7715.87,7715.19,7716.56,1783273328.206
1783273329,7714.88,7714.2,7715.56,1783273329.114
1783273330,7715.83,7715.15,7716.51,1783273330.132
1783273331,7715.52,7714.84,7716.2,1783273331.119
1783273332,7714.05,7713.36,7714.73,1783273332.138
1783273333,7714.94,7714.26,7715.62,1783273333.113
1783273334,7717.2,7716.52,7717.89,1783273334.162
1783273335,7716.52,7715.84,7717.21,1783273335.108
1783273336,7715.09,7714.41,7715.77,1783273336.129
1783273337,7716.62,7715.93,7717.3,1783273337.122
1783273338,7716.58,7715.9,7717.27,1783273338.172
1783273339,7715.55,7714.87,7716.24,1783273339.114
1783273340,7715.88,7715.2,7716.57,1783273340.132
1783273341,7716.99,7716.31,7717.68,1783273341.112
1783273342,7718.8,7718.11,7719.48,1783273342.142
1783273343,7717.39,7716.71,7718.08,1783273343.113
1783273344,7717.47,7716.79,7718.16,1783273344.131
1783273345,7718.32,7717.64,7719.01,1783273345.113
1783273346,7717.44,7716.76,7718.13,1783273346.133
1783273347,7717.6,7716.91,7718.28,1783273347.110
1783273348,7717.65,7716.97,7718.33,1783273348.136
1783273349,7717.48,7716.8,7718.17,1783273349.129
1783273350,7715.39,7714.71,7716.07,1783273350.136
1783273351,7715.62,7714.93,7716.3,1783273351.113
1783273352,7714.61,7713.93,7715.29,1783273352.132
1783273353,7712.8,7712.12,7713.48,1783273353.109
1783273354,7712.64,7711.96,7713.32,1783273354.150
1783273355,7712.59,7711.91,7713.28,1783273355.110
1783273356,7714.31,7713.63,7714.99,1783273356.203
1783273357,7714.53,7713.84,7715.21,1783273357.107
1783273358,7713.47,7712.79,7714.16,1783273358.203
1783273359,7713.4,7712.71,7714.08,1783273359.112
1783273360,7713.72,7713.04,7714.41,1783273360.162
1783273361,7714.72,7714.04,7715.4,1783273361.111
1783273362,7713.78,7713.1,7714.46,1783273362.132
1783273363,7714.84,7714.15,7715.52,1783273363.116
1783273364,7716.4,7715.72,7717.08,1783273364.129
1783273365,7719.8,7719.12,7720.48,1783273365.111
1783273366,7718.94,7718.26,7719.63,1783273366.142
1783273367,7718.41,7717.73,7719.1,1783273367.117
1783273368,7717.16,7716.48,7717.85,1783273368.136
1783273369,7716.62,7715.94,7717.3,1783273369.113
1783273370,7717.47,7716.79,7718.15,1783273370.158
1783273371,7717.12,7716.44,7717.81,1783273371.134
1783273372,7719.17,7718.49,7719.85,1783273372.136
1783273373,7719.22,7718.54,7719.91,1783273373.121
1783273374,7720.97,7720.28,7721.65,1783273374.160
1783273375,7719.67,7718.98,7720.35,1783273375.112
1783273376,7718.78,7718.09,7719.46,1783273376.150
1783273377,7717.14,7716.46,7717.82,1783273377.131
1783273378,7716.99,7716.31,7717.67,1783273378.143
1783273379,7717.8,7717.12,7718.49,1783273379.136
1783273380,7718.94,7718.25,7719.62,1783273380.142
1783273381,7718.03,7717.34,7718.71,1783273381.124
1783273382,7717,7716.32,7717.68,1783273382.194
1783273383,7716.26,7715.58,7716.95,1783273383.246
1783273384,7718.08,7717.4,7718.76,1783273384.241
1783273385,7718.24,7717.56,7718.92,1783273385.111
1783273386,7717.86,7717.18,7718.54,1783273386.162
1783273387,7715.83,7715.15,7716.52,1783273387.126
1783273388,7715.87,7715.19,7716.55,1783273388.244
1783273389,7715.29,7714.61,7715.97,1783273389.119
1783273390,7715.17,7714.48,7715.85,1783273390.141
1783273391,7715.23,7714.54,7715.91,1783273391.124
1783273392,7714.04,7713.36,7714.72,1783273392.155
1783273393,7714.26,7713.58,7714.95,1783273393.117
1783273394,7713.85,7713.16,7714.53,1783273394.154
1783273395,7713.13,7712.44,7713.81,1783273395.119
1783273396,7713.55,7712.86,7714.23,1783273396.141
1783273397,7713.9,7713.22,7714.58,1783273397.116
1783273398,7711.25,7710.57,7711.93,1783273398.153
1783273399,7711.9,7711.22,7712.59,1783273399.111
1783273400,7712.03,7711.34,7712.71,1783273400.147
1783273401,7712.21,7711.52,7712.89,1783273401.122
1783273402,7712.29,7711.61,7712.97,1783273402.153
1783273403,7712.74,7712.05,7713.42,1783273403.117
1783273404,7714.01,7713.32,7714.69,1783273404.133
1783273405,7713.05,7712.37,7713.74,1783273405.116
1783273406,7713.24,7712.56,7713.92,1783273406.138
1783273407,7713.74,7713.06,7714.42,1783273407.117
1783273408,7714.28,7713.6,7714.96,1783273408.143
1783273409,7715.32,7714.64,7716.01,1783273409.118
1783273410,7714.56,7713.88,7715.25,1783273410.136
1783273411,7715.36,7714.68,7716.04,1783273411.116
1783273412,7715.22,7714.53,7715.9,1783273412.153
1783273413,7714.39,7713.71,7715.08,1783273413.136
1783273414,7713.28,7712.6,7713.96,1783273414.144
1783273415,7711.47,7710.79,7712.15,1783273415.124
1783273416,7710.07,7709.39,7710.76,1783273416.152
1783273417,7710.99,7710.31,7711.67,1783273417.107
1783273418,7711.9,7711.22,7712.58,1783273418.200
1783273419,7710.26,7709.58,7710.94,1783273419.117
1783273420,7710.33,7709.65,7711.01,1783273420.145
1783273421,7710.34,7709.66,7711.03,1783273421.112
1783273422,7711.46,7710.77,7712.14,1783273422.143
1783273423,7710.45,7709.77,7711.13,1783273423.118
1783273424,7710.94,7710.26,7711.63,1783273424.141
1783273425,7710.74,7710.06,7711.42,1783273425.126
1783273426,7712.16,7711.48,7712.85,1783273426.140
1783273427,7711.83,7711.15,7712.52,1783273427.116
1783273428,7712.69,7712.01,7713.37,1783273428.162
1783273429,7712.79,7712.11,7713.48,1783273429.143
1783273430,7714.02,7713.34,7714.71,1783273430.155
1783273431,7717.61,7716.93,7718.3,1783273431.114
1783273432,7717.88,7717.2,7718.57,1783273432.146
1783273433,7717.16,7716.47,7717.84,1783273433.115
1783273434,7717.17,7716.48,7717.85,1783273434.149
1783273435,7717.38,7716.7,7718.06,1783273435.111
1783273436,7718.05,7717.37,7718.73,1783273436.145
1783273437,7717.5,7716.82,7718.19,1783273437.120
1783273438,7719.74,7719.05,7720.42,1783273438.162
1783273439,7719.65,7718.97,7720.33,1783273439.123
1783273440,7720.11,7719.43,7720.8,1783273440.155
1783273441,7718.54,7717.85,7719.22,1783273441.113
1783273442,7718.95,7718.27,7719.63,1783273442.263
1783273443,7720.42,7719.74,7721.11,1783273443.112
1783273444,7719.51,7718.82,7720.19,1783273444.255
1783273445,7719.84,7719.15,7720.52,1783273445.127
1783273446,7719.89,7719.21,7720.57,1783273446.160
1783273447,7719.82,7719.13,7720.5,1783273447.117
1783273448,7718.87,7718.19,7719.56,1783273448.208
1783273449,7717.81,7717.13,7718.49,1783273449.120
1783273450,7718.45,7717.76,7719.13,1783273450.148
1783273451,7717.13,7716.45,7717.81,1783273451.128
1783273452,7718.43,7717.75,7719.11,1783273452.152
1783273453,7719.02,7718.34,7719.71,1783273453.116
1783273454,7716.94,7716.26,7717.62,1783273454.163
1783273455,7716.83,7716.14,7717.51,1783273455.136
1783273456,7716.24,7715.56,7716.93,1783273456.145
1783273457,7717.25,7716.57,7717.93,1783273457.114
1783273458,7717.48,7716.79,7718.16,1783273458.156
1783273459,7718.09,7717.4,7718.77,1783273459.118
1783273460,7717.82,7717.14,7718.51,1783273460.156
1783273461,7717.4,7716.72,7718.08,1783273461.123
1783273462,7717.41,7716.72,7718.09,1783273462.132
1783273463,7717.85,7717.17,7718.54,1783273463.114
1783273464,7717.68,7716.99,7718.36,1783273464.139
1783273465,7719.2,7718.52,7719.89,1783273465.109
1783273466,7720.31,7719.63,7721,1783273466.142
1783273467,7720.61,7719.92,7721.29,1783273467.108
1783273468,7721.27,7720.58,7721.95,1783273468.149
1783273469,7720.44,7719.75,7721.12,1783273469.111
1783273470,7720.02,7719.34,7720.7,1783273470.152
1783273471,7719.63,7718.95,7720.31,1783273471.120
1783273472,7718.45,7717.77,7719.13,1783273472.130
1783273473,7717.48,7716.8,7718.17,1783273473.111
1783273474,7717.83,7717.15,7718.51,1783273474.246
1783273475,7717.89,7717.21,7718.57,1783273475.117
1783273476,7718.18,7717.5,7718.87,1783273476.137
1783273477,7718.21,7717.53,7718.9,1783273477.112
1783273478,7717.91,7717.23,7718.6,1783273478.242
1783273479,7716.54,7715.86,7717.23,1783273479.117
1783273480,7717.54,7716.86,7718.22,1783273480.163
1783273481,7715.15,7714.47,7715.84,1783273481.118
1783273482,7715.13,7714.45,7715.82,1783273482.134
1783273483,7714.12,7713.44,7714.8,1783273483.128
1783273484,7714.04,7713.36,7714.73,1783273484.144
1783273485,7714.27,7713.59,7714.95,1783273485.109
1783273486,7714.26,7713.58,7714.95,1783273486.141
1783273487,7714.31,7713.62,7714.99,1783273487.131
1783273488,7715.35,7714.67,7716.03,1783273488.139
1783273489,7714.49,7713.81,7715.17,1783273489.102
1783273490,7715.25,7714.57,7715.93,1783273490.132
1783273491,7714.66,7713.97,7715.34,1783273491.112
1783273492,7714.02,7713.34,7714.7,1783273492.133
1783273493,7713.61,7712.93,7714.3,1783273493.117
1783273494,7715.06,7714.38,7715.74,1783273494.144
1783273495,7716.82,7716.13,7717.5,1783273495.120
1783273496,7717.53,7716.85,7718.21,1783273496.309
1783273497,7717.65,7716.96,7718.33,1783273497.113
1783273498,7717.85,7717.17,7718.54,1783273498.140
1783273499,7717.82,7717.13,7718.5,1783273499.110
1783273500,7718.43,7717.75,7719.12,1783273500.152
1783273501,7720.01,7719.32,7720.69,1783273501.109
1783273502,7720.8,7720.12,7721.48,1783273502.463
1783273503,7721.74,7721.06,7722.42,1783273503.134
1783273504,7722,7721.32,7722.68,1783273504.188
1783273505,7720.98,7720.29,7721.66,1783273505.123
1783273506,7719.55,7718.87,7720.23,1783273506.144
1783273507,7718.94,7718.25,7719.62,1783273507.115
1783273508,7720.59,7719.91,7721.27,1783273508.243
1783273509,7720.94,7720.25,7721.62,1783273509.108
1783273510,7720.37,7719.69,7721.06,1783273510.139
1783273511,7720.77,7720.09,7721.46,1783273511.108
1783273512,7721.04,7720.35,7721.72,1783273512.135
1783273513,7720.78,7720.09,7721.46,1783273513.119
1783273514,7720.61,7719.92,7721.29,1783273514.136
1783273515,7719.88,7719.2,7720.56,1783273515.118
1783273516,7717.52,7716.84,7718.21,1783273516.138
1783273517,7718.83,7718.14,7719.51,1783273517.110
1783273518,7716.95,7716.27,7717.64,1783273518.131
1783273519,7717.68,7717,7718.36,1783273519.111
1783273520,7716.94,7716.26,7717.62,1783273520.143
1783273521,7715.71,7715.02,7716.39,1783273521.113
1783273522,7715.16,7714.48,7715.84,1783273522.125
1783273523,7714.7,7714.02,7715.39,1783273523.110
1783273524,7713.69,7713.01,7714.37,1783273524.136
1783273525,7711.77,7711.09,7712.45,1783273525.113
1783273526,7711.68,7711,7712.36,1783273526.145
1783273527,7709.62,7708.93,7710.3,1783273527.117
1783273528,7709.04,7708.36,7709.72,1783273528.142
1783273529,7708.53,7707.85,7709.22,1783273529.118
1783273530,7710.2,7709.52,7710.88,1783273530.142
1783273531,7710.42,7709.74,7711.1,1783273531.116
1783273532,7710.58,7709.9,7711.26,1783273532.153
1783273533,7711.3,7710.61,7711.98,1783273533.123
1783273534,7711.18,7710.49,7711.86,1783273534.162
1783273535,7710.91,7710.23,7711.59,1783273535.164
1783273536,7710.37,7709.68,7711.05,1783273536.142
1783273537,7709.08,7708.4,7709.76,1783273537.119
1783273538,7709.63,7708.94,7710.31,1783273538.205
1783273539,7709.32,7708.64,7710,1783273539.122
1783273540,7707.21,7706.53,7707.9,1783273540.158
1783273541,7707.47,7706.79,7708.15,1783273541.124
1783273542,7707.62,7706.94,7708.31,1783273542.144
1783273543,7706.38,7705.7,7707.07,1783273543.130
1783273544,7705.47,7704.79,7706.16,1783273544.142
1783273545,7706.2,7705.52,7706.88,1783273545.132
1783273546,7705.71,7705.03,7706.39,1783273546.142
1783273547,7706.53,7705.84,7707.21,1783273547.124
1783273548,7706.73,7706.05,7707.41,1783273548.164
1783273549,7708.33,7707.65,7709.01,1783273549.123
1783273550,7711.31,7710.63,7712,1783273550.152
1783273551,7710.55,7709.86,7711.23,1783273551.117
1783273552,7711.32,7710.64,7712,1783273552.147
1783273553,7710.34,7709.66,7711.02,1783273553.134
1783273554,7712.08,7711.4,7712.77,1783273554.243
1783273555,7713.09,7712.41,7713.77,1783273555.135
1783273556,7714.08,7713.4,7714.77,1783273556.145
1783273557,7713.68,7713,7714.37,1783273557.113
1783273558,7711.95,7711.27,7712.64,1783273558.164
1783273559,7711.92,7711.24,7712.61,1783273559.204
1783273560,7711.99,7711.31,7712.68,1783273560.154
1783273561,7711.73,7711.05,7712.41,1783273561.127
1783273562,7712.6,7711.92,7713.29,1783273562.216
1783273563,7714.29,7713.6,7714.97,1783273563.132
1783273564,7713.7,7713.01,7714.38,1783273564.189
1783273565,7714.89,7714.2,7715.57,1783273565.124
1783273566,7717.05,7716.37,7717.74,1783273566.143
1783273567,7717.69,7717.01,7718.37,1783273567.119
1783273568,7716.9,7716.21,7717.58,1783273568.255
1783273569,7716.89,7716.2,7717.57,1783273569.124
1783273570,7717.32,7716.63,7718,1783273570.144
1783273571,7718.65,7717.96,7719.33,1783273571.117
1783273572,7718.33,7717.65,7719.01,1783273572.155
1783273573,7716.29,7715.61,7716.97,1783273573.115
1783273574,7718.06,7717.38,7718.74,1783273574.158
1783273575,7718.6,7717.92,7719.29,1783273575.120
1783273576,7719.69,7719,7720.37,1783273576.148
1783273577,7719.45,7718.76,7720.13,1783273577.124
1783273578,7719.42,7718.73,7720.1,1783273578.147
1783273579,7721.64,7720.96,7722.32,1783273579.120
1783273580,7723.69,7723.01,7724.38,1783273580.161
1783273581,7726.05,7725.37,7726.73,1783273581.128
1783273582,7726.59,7725.9,7727.27,1783273582.144
1783273583,7726.18,7725.5,7726.86,1783273583.124
1783273584,7725.33,7724.65,7726.02,1783273584.156
1783273585,7725.87,7725.18,7726.55,1783273585.124
1783273586,7724.56,7723.87,7725.24,1783273586.146
1783273587,7722.65,7721.97,7723.33,1783273587.125
1783273588,7722.16,7721.47,7722.84,1783273588.142
1783273589,7720.24,7719.56,7720.92,1783273589.114
1783273590,7719.69,7719.01,7720.38,1783273590.162
1783273591,7721.63,7720.95,7722.31,1783273591.128
1783273592,7721.22,7720.53,7721.9,1783273592.139
1783273593,7720.59,7719.9,7721.27,1783273593.116
1783273594,7719.97,7719.29,7720.65,1783273594.150
1783273595,7720.23,7719.55,7720.92,1783273595.123
1783273596,7720.27,7719.58,7720.95,1783273596.136
1783273597,7720.28,7719.6,7720.96,1783273597.120
1783273598,7720.23,7719.55,7720.92,1783273598.243
1783273599,7720.31,7719.63,7720.99,1783273599.124
1783273600,7719.86,7719.17,7720.54,1783273600.167
1783273601,7719.98,7719.3,7720.66,1783273601.115
1783273602,7719.87,7719.19,7720.56,1783273602.160
1783273603,7720.44,7719.76,7721.12,1783273603.168
1783273604,7718.55,7717.87,7719.23,1783273604.155
1783273605,7718.01,7717.33,7718.69,1783273605.115
1783273606,7718.53,7717.84,7719.21,1783273606.162
1783273607,7719.34,7718.65,7720.02,1783273607.116
1783273608,7717.67,7716.99,7718.36,1783273608.135
1783273609,7717.43,7716.74,7718.11,1783273609.118
1783273610,7715.73,7715.04,7716.41,1783273610.131
1783273611,7714.12,7713.43,7714.8,1783273611.112
1783273612,7714.18,7713.5,7714.87,1783273612.128
1783273613,7714.13,7713.44,7714.81,1783273613.110
1783273614,7715.62,7714.94,7716.31,1783273614.142
1783273615,7715.34,7714.66,7716.02,1783273615.118
1783273616,7716.51,7715.83,7717.2,1783273616.165
1783273617,7715.33,7714.65,7716.01,1783273617.117
1783273618,7716.13,7715.45,7716.81,1783273618.157
1783273619,7714.23,7713.55,7714.91,1783273619.116
1783273620,7713.39,7712.7,7714.07,1783273620.141
1783273621,7711.75,7711.06,7712.43,1783273621.163
1783273622,7711.39,7710.71,7712.07,1783273622.191
1783273623,7710.48,7709.8,7711.16,1783273623.112
1783273624,7712.56,7711.88,7713.25,1783273624.214
1783273625,7711.64,7710.96,7712.33,1783273625.115
1783273626,7710.03,7709.35,7710.71,1783273626.243
1783273627,7709.8,7709.12,7710.48,1783273627.107
1783273628,7708.79,7708.11,7709.48,1783273628.207
1783273629,7709.32,7708.64,7710.01,1783273629.114
1783273630,7708.46,7707.77,7709.14,1783273630.139
1783273631,7707.58,7706.89,7708.26,1783273631.114
1783273632,7708.43,7707.75,7709.11,1783273632.137
1783273633,7708.24,7707.56,7708.92,1783273633.115
1783273634,7707.26,7706.58,7707.94,1783273634.134
1783273635,7706.63,7705.94,7707.31,1783273635.109
1783273636,7708.4,7707.71,7709.08,1783273636.136
1783273637,7709.71,7709.03,7710.39,1783273637.118
1783273638,7711.23,7710.55,7711.92,1783273638.136
1783273639,7711.2,7710.52,7711.88,1783273639.112
1783273640,7710.07,7709.39,7710.75,1783273640.139
1783273641,7708.78,7708.1,7709.46,1783273641.117
1783273642,7708.69,7708,7709.37,1783273642.134
1783273643,7708.53,7707.84,7709.21,1783273643.113
1783273644,7708.51,7707.83,7709.19,1783273644.147
1783273645,7710.29,7709.61,7710.98,1783273645.113
1783273646,7709.36,7708.68,7710.05,1783273646.143
1783273647,7710.34,7709.66,7711.02,1783273647.113
1783273648,7711.85,7711.17,7712.54,1783273648.146
1783273649,7712.22,7711.54,7712.9,1783273649.114
1783273650,7712.29,7711.61,7712.98,1783273650.131
1783273651,7712.19,7711.5,7712.87,1783273651.115
1783273652,7712.91,7712.23,7713.59,1783273652.141
1783273653,7713.79,7713.11,7714.47,1783273653.107
1783273654,7712.85,7712.16,7713.53,1783273654.136
1783273655,7711.48,7710.79,7712.16,1783273655.108
1783273656,7710.51,7709.83,7711.2,1783273656.142
1783273657,7710.46,7709.78,7711.14,1783273657.107
1783273658,7708.53,7707.84,7709.21,1783273658.262
1783273659,7709.23,7708.55,7709.91,1783273659.111
1783273660,7712.6,7711.92,7713.29,1783273660.137
1783273661,7710.36,7709.68,7711.04,1783273661.124
1783273662,7709.84,7709.16,7710.53,1783273662.139
1783273663,7709.02,7708.34,7709.7,1783273663.115
1783273664,7709.04,7708.36,7709.73,1783273664.142
1783273665,7710.04,7709.36,7710.73,1783273665.119
1783273666,7708.9,7708.22,7709.58,1783273666.152
1783273667,7672.54,7671.86,7673.22,1783273667.122
1783273668,7671.45,7670.77,7672.13,1783273668.135
1783273669,7670.4,7669.72,7671.08,1783273669.120
1783273670,7671.91,7671.23,7672.59,1783273670.136
1783273671,7672.69,7672.01,7673.37,1783273671.116
1783273672,7669.86,7669.18,7670.54,1783273672.144
1783273673,7669.33,7668.65,7670.01,1783273673.115
1783273674,7670.8,7670.12,7671.48,1783273674.156
1783273675,7669.78,7669.1,7670.46,1783273675.127
1783273676,7669.32,7668.64,7670,1783273676.144
1783273677,7668.1,7667.42,7668.78,1783273677.113
1783273678,7666.37,7665.69,7667.04,1783273678.135
1783273679,7667.32,7666.64,7668,1783273679.121
1783273680,7667.7,7667.03,7668.38,1783273680.151
1783273681,7666.72,7666.04,7667.39,1783273681.141
1783273682,7667.35,7666.67,7668.03,1783273682.364
1783273683,7669.23,7668.55,7669.91,1783273683.150
1783273684,7670.99,7670.31,7671.67,1783273684.162
1783273685,7669.32,7668.64,7670,1783273685.241
1783273686,7668.1,7667.42,7668.78,1783273686.144
1783273687,7668.58,7667.9,7669.26,1783273687.111
1783273688,7669.64,7668.96,7670.32,1783273688.247
1783273689,7669.65,7668.97,7670.33,1783273689.116
1783273690,7670.17,7669.49,7670.85,1783273690.149
1783273691,7671.44,7670.76,7672.11,1783273691.114
1783273692,7670.93,7670.25,7671.6,1783273692.145
1783273693,7670.91,7670.23,7671.59,1783273693.111
1783273694,7669.05,7668.37,7669.73,1783273694.151
1783273695,7669.07,7668.4,7669.75,1783273695.113
1783273696,7667.7,7667.02,7668.38,1783273696.128
1783273697,7668.07,7667.39,7668.75,1783273697.111
1783273698,7665.71,7665.03,7666.39,1783273698.137
1783273699,7667.06,7666.39,7667.74,1783273699.128
1783273700,7666.31,7665.63,7666.98,1783273700.146
1783273701,7667.56,7666.88,7668.24,1783273701.119
1783273702,7667.76,7667.08,7668.44,1783273702.147
1783273703,7667.08,7666.4,7667.76,1783273703.114
1783273704,7668,7667.32,7668.68,1783273704.132
1783273705,7667.89,7667.21,7668.57,1783273705.129
1783273706,7666.96,7666.28,7667.64,1783273706.148
1783273707,7666.99,7666.31,7667.67,1783273707.129
1783273708,7665.87,7665.19,7666.55,1783273708.143
1783273709,7668.24,7667.56,7668.92,1783273709.112
1783273710,7669.02,7668.34,7669.7,1783273710.165
1783273711,7669.62,7668.94,7670.3,1783273711.129
1783273712,7668.37,7667.69,7669.05,1783273712.150
1783273713,7667.75,7667.07,7668.43,1783273713.120
1783273714,7668.19,7667.51,7668.87,1783273714.148
1783273715,7667.18,7666.5,7667.86,1783273715.118
1783273716,7665.18,7664.5,7665.86,1783273716.149
1783273717,7664.21,7663.53,7664.88,1783273717.118
1783273718,7664.51,7663.83,7665.19,1783273718.202
1783273719,7665.8,7665.12,7666.48,1783273719.123
1783273720,7663.97,7663.29,7664.65,1783273720.153
1783273721,7664.14,7663.46,7664.82,1783273721.119
1783273722,7664.49,7663.81,7665.16,1783273722.149
1783273723,7666.82,7666.15,7667.5,1783273723.163
1783273724,7667.07,7666.39,7667.75,1783273724.147
1783273725,7669.53,7668.85,7670.21,1783273725.127
1783273726,7667.79,7667.11,7668.47,1783273726.182
1783273727,7666.77,7666.1,7667.45,1783273727.128
1783273728,7667.56,7666.88,7668.23,1783273728.156
1783273729,7667.56,7666.88,7668.24,1783273729.128
1783273730,7668.08,7667.4,7668.76,1783273730.163
1783273731,7667.18,7666.51,7667.86,1783273731.120
1783273732,7667.16,7666.48,7667.84,1783273732.146
1783273733,7665.8,7665.12,7666.48,1783273733.126
1783273734,7666.23,7665.55,7666.91,1783273734.142
1783273735,7665.79,7665.12,7666.47,1783273735.125
1783273736,7665.81,7665.13,7666.49,1783273736.157
1783273737,7666.85,7666.17,7667.53,1783273737.115
1783273738,7666.86,7666.18,7667.54,1783273738.147
1783273739,7666.78,7666.1,7667.46,1783273739.129
1783273740,7666.88,7666.2,7667.55,1783273740.160
1783273741,7669.13,7668.46,7669.81,1783273741.122
1783273742,7668.68,7668.01,7669.36,1783273742.250
1783273743,7667.63,7666.95,7668.31,1783273743.163
1783273744,7668.03,7667.36,7668.71,1783273744.199
1783273745,7667.11,7666.43,7667.79,1783273745.110
1783273746,7668.58,7667.9,7669.26,1783273746.143
1783273747,7669.15,7668.47,7669.83,1783273747.112
1783273748,7666.62,7665.94,7667.3,1783273748.201
1783273749,7666.06,7665.38,7666.74,1783273749.128
1783273750,7666.71,7666.03,7667.39,1783273750.145
1783273751,7666.87,7666.19,7667.54,1783273751.125
1783273752,7667.6,7666.92,7668.28,1783273752.139
1783273753,7668.36,7667.68,7669.04,1783273753.110
1783273754,7667.4,7666.72,7668.08,1783273754.166
1783273755,7667.8,7667.12,7668.48,1783273755.119
1783273756,7667.84,7667.16,7668.51,1783273756.145
1783273757,7668.97,7668.29,7669.65,1783273757.116
1783273758,7670.83,7670.15,7671.51,1783273758.138
1783273759,7671.64,7670.96,7672.31,1783273759.114
1783273760,7670.01,7669.33,7670.69,1783273760.139
1783273761,7671.14,7670.47,7671.82,1783273761.116
1783273762,7671.59,7670.91,7672.27,1783273762.165
1783273763,7672.56,7671.88,7673.24,1783273763.123
1783273764,7674.21,7673.54,7674.89,1783273764.147
1783273765,7674.9,7674.23,7675.58,1783273765.118
1783273766,7676.24,7675.56,7676.92,1783273766.141
1783273767,7674.92,7674.24,7675.6,1783273767.104
1783273768,7674.37,7673.69,7675.05,1783273768.131
1783273769,7673.39,7672.71,7674.07,1783273769.113
1783273770,7673.67,7672.99,7674.35,1783273770.149
1783273771,7673.04,7672.36,7673.72,1783273771.119
1783273772,7672.88,7672.2,7673.56,1783273772.152
1783273773,7670.97,7670.3,7671.65,1783273773.109
1783273774,7670.14,7669.46,7670.81,1783273774.148
1783273775,7670.45,7669.78,7671.13,1783273775.112
1783273776,7669.83,7669.15,7670.51,1783273776.144
1783273777,7669.41,7668.73,7670.09,1783273777.113
1783273778,7669.54,7668.86,7670.22,1783273778.205
1783273779,7669.31,7668.63,7669.99,1783273779.117
1783273780,7671.03,7670.35,7671.7,1783273780.129
1783273781,7670.77,7670.09,7671.45,1783273781.114
1783273782,7669,7668.32,7669.67,1783273782.131
1783273783,7667.24,7666.57,7667.92,1783273783.108
1783273784,7667.31,7666.64,7667.99,1783273784.151
1783273785,7667.15,7666.47,7667.83,1783273785.118
1783273786,7666.52,7665.84,7667.2,1783273786.147
1783273787,7667.12,7666.45,7667.8,1783273787.104
1783273788,7666.33,7665.65,7667.01,1783273788.126
1783273789,7668.04,7667.36,7668.72,1783273789.105
1783273790,7669.28,7668.61,7669.96,1783273790.132
1783273791,7670.48,7669.8,7671.16,1783273791.116
1783273792,7672.03,7671.35,7672.71,1783273792.134
1783273793,7671.17,7670.49,7671.85,1783273793.112
1783273794,7670.26,7669.59,7670.94,1783273794.124
1783273795,7670.03,7669.35,7670.71,1783273795.113
1783273796,7670.1,7669.42,7670.78,1783273796.133
1783273797,7668.94,7668.27,7669.62,1783273797.109
1783273798,7669.97,7669.29,7670.64,1783273798.136
1783273799,7670,7669.32,7670.68,1783273799.115
1783273800,7669.27,7668.59,7669.95,1783273800.145
1783273801,7669.1,7668.42,7669.78,1783273801.127
1783273802,7670.16,7669.48,7670.84,1783273802.151
1783273803,7671.32,7670.64,7672,1783273803.254
1783273804,7672.38,7671.7,7673.06,1783273804.206
1783273805,7672.64,7671.96,7673.32,1783273805.160
1783273806,7672.1,7671.42,7672.78,1783273806.141
1783273807,7669.54,7668.86,7670.22,1783273807.119
1783273808,7669.26,7668.58,7669.94,1783273808.203
1783273809,7670.23,7669.55,7670.91,1783273809.118
1783273810,7669.21,7668.53,7669.89,1783273810.130
1783273811,7669.19,7668.52,7669.87,1783273811.127
1783273812,7669.03,7668.35,7669.7,1783273812.133
1783273813,7667.44,7666.76,7668.11,1783273813.112
1783273814,7667.72,7667.05,7668.4,1783273814.162
1783273815,7668.18,7667.5,7668.86,1783273815.126
1783273816,7666.6,7665.92,7667.28,1783273816.135
1783273817,7667.8,7667.13,7668.48,1783273817.115
1783273818,7669.56,7668.88,7670.24,1783273818.154
1783273819,7669.59,7668.91,7670.27,1783273819.109
1783273820,7669.66,7668.98,7670.34,1783273820.145
1783273821,7669.79,7669.12,7670.47,1783273821.122
1783273822,7671.56,7670.88,7672.24,1783273822.142
1783273823,7672.78,7672.1,7673.46,1783273823.113
1783273824,7673.39,7672.71,7674.06,1783273824.138
1783273825,7672.75,7672.07,7673.43,1783273825.113
1783273826,7673.45,7672.77,7674.13,1783273826.141
1783273827,7672.68,7672,7673.36,1783273827.106
1783273828,7672.8,7672.12,7673.48,1783273828.146
1783273829,7673.35,7672.67,7674.03,1783273829.119
1783273830,7672.44,7671.76,7673.12,1783273830.132
1783273831,7673.7,7673.02,7674.38,1783273831.114
1783273832,7672.66,7671.99,7673.34,1783273832.142
1783273833,7672.2,7671.52,7672.88,1783273833.121
1783273834,7671.36,7670.69,7672.04,1783273834.145
1783273835,7672.28,7671.6,7672.96,1783273835.110
1783273836,7673.23,7672.55,7673.91,1783273836.141
1783273837,7673.25,7672.58,7673.93,1783273837.120
1783273838,7672.78,7672.1,7673.46,1783273838.204
1783273839,7672.96,7672.28,7673.64,1783273839.111
1783273840,7674.56,7673.88,7675.24,1783273840.134
1783273841,7675.79,7675.11,7676.47,1783273841.112
1783273842,7674.53,7673.85,7675.21,1783273842.134
1783273843,7674.5,7673.82,7675.18,1783273843.110
1783273844,7674.11,7673.43,7674.79,1783273844.142
1783273845,7672.77,7672.09,7673.45,1783273845.111
1783273846,7672.02,7671.35,7672.7,1783273846.134
1783273847,7671.19,7670.51,7671.87,1783273847.111
1783273848,7671.82,7671.14,7672.5,1783273848.126
1783273849,7673.81,7673.13,7674.49,1783273849.115
1783273850,7674.33,7673.65,7675.01,1783273850.163
1783273851,7675.31,7674.63,7675.99,1783273851.113
1783273852,7676.61,7675.93,7677.29,1783273852.124
1783273853,7678.11,7677.43,7678.79,1783273853.126
1783273854,7678.53,7677.86,7679.21,1783273854.138
1783273855,7679.92,7679.24,7680.6,1783273855.115
1783273856,7677.21,7676.53,7677.89,1783273856.129
1783273857,7678.22,7677.54,7678.9,1783273857.152
1783273858,7677.1,7676.42,7677.78,1783273858.123
1783273859,7676.06,7675.38,7676.73,1783273859.125
1783273860,7677.49,7676.81,7678.17,1783273860.129
1783273861,7676.61,7675.93,7677.29,1783273861.113
1783273862,7674.79,7674.11,7675.47,1783273862.320
1783273863,7673.47,7672.79,7674.15,1783273863.193
1783273864,7672.74,7672.06,7673.42,1783273864.153
1783273865,7672.81,7672.13,7673.49,1783273865.108
1783273866,7673.83,7673.15,7674.51,1783273866.136
1783273867,7675.7,7675.02,7676.38,1783273867.103
1783273868,7676.75,7676.07,7677.43,1783273868.251
1783273869,7676.33,7675.65,7677.01,1783273869.128
1783273870,7675.31,7674.63,7675.99,1783273870.132
1783273871,7676.2,7675.52,7676.87,1783273871.115
1783273872,7675.79,7675.11,7676.47,1783273872.140
1783273873,7674.83,7674.15,7675.51,1783273873.111
1783273874,7676.13,7675.45,7676.81,1783273874.137
1783273875,7675.53,7674.85,7676.21,1783273875.106
1783273876,7677.23,7676.55,7677.91,1783273876.154
1783273877,7678.36,7677.68,7679.04,1783273877.115
1783273878,7679.11,7678.43,7679.79,1783273878.152
1783273879,7678.29,7677.61,7678.97,1783273879.128
1783273880,7678.42,7677.74,7679.1,1783273880.147
1783273881,7677.77,7677.09,7678.45,1783273881.103
1783273882,7678.31,7677.63,7678.99,1783273882.135
1783273883,7676.16,7675.48,7676.84,1783273883.109
1783273884,7676.28,7675.6,7676.96,1783273884.140
1783273885,7677.89,7677.21,7678.57,1783273885.124
1783273886,7677.37,7676.69,7678.04,1783273886.127
1783273887,7676.13,7675.45,7676.81,1783273887.123
1783273888,7676.91,7676.23,7677.58,1783273888.141
1783273889,7677.55,7676.87,7678.23,1783273889.114
1783273890,7677.57,7676.89,7678.25,1783273890.134
1783273891,7680.58,7679.9,7681.26,1783273891.115
1783273892,7682.17,7681.49,7682.85,1783273892.139
1783273893,7684.4,7683.72,7685.08,1783273893.111
1783273894,7684.13,7683.45,7684.81,1783273894.141
1783273895,7684.24,7683.56,7684.92,1783273895.124
1783273896,7685.2,7684.52,7685.88,1783273896.136
1783273897,7685.73,7685.05,7686.41,1783273897.115
1783273898,7685.49,7684.81,7686.17,1783273898.245
1783273899,7685.88,7685.2,7686.56,1783273899.111
1783273900,7684.33,7683.65,7685.01,1783273900.135
1783273901,7684.73,7684.05,7685.41,1783273901.182
1783273902,7684.8,7684.12,7685.48,1783273902.123
1783273903,7685.15,7684.47,7685.83,1783273903.155
1783273904,7685.28,7684.6,7685.96,1783273904.133
1783273905,7685.72,7685.04,7686.4,1783273905.112
1783273906,7686.33,7685.65,7687.01,1783273906.133
1783273907,7686.2,7685.52,7686.88,1783273907.114
1783273908,7686.63,7685.95,7687.31,1783273908.141
1783273909,7686.39,7685.71,7687.07,1783273909.110
1783273910,7686.41,7685.73,7687.09,1783273910.139
1783273911,7686.38,7685.7,7687.06,1783273911.112
1783273912,7685.83,7685.15,7686.51,1783273912.133
1783273913,7685.92,7685.24,7686.6,1783273913.112
1783273914,7686.32,7685.64,7687,1783273914.141
1783273915,7686.89,7686.21,7687.57,1783273915.107
1783273916,7685.23,7684.55,7685.91,1783273916.141
1783273917,7684.34,7683.66,7685.02,1783273917.111
1783273918,7684.81,7684.13,7685.49,1783273918.137
1783273919,7685.04,7684.36,7685.72,1783273919.131
1783273920,7685.26,7684.58,7685.94,1783273920.151
1783273921,7683.87,7683.19,7684.55,1783273921.120
1783273922,7682.53,7681.85,7683.21,1783273922.203
1783273923,7681.23,7680.55,7681.91,1783273923.176
1783273924,7682.93,7682.25,7683.61,1783273924.160
1783273925,7682.16,7681.48,7682.84,1783273925.127
1783273926,7682.66,7681.98,7683.34,1783273926.134
1783273927,7682.47,7681.79,7683.15,1783273927.118
1783273928,7683.76,7683.08,7684.44,1783273928.201
1783273929,7683.01,7682.33,7683.69,1783273929.118
1783273930,7684.15,7683.47,7684.83,1783273930.141
1783273931,7685.26,7684.58,7685.94,1783273931.115
1783273932,7684.33,7683.65,7685.01,1783273932.145
1783273933,7683.04,7682.36,7683.72,1783273933.121
1783273934,7684.71,7684.03,7685.39,1783273934.161
1783273935,7684.32,7683.64,7685,1783273935.127
1783273936,7686.27,7685.59,7686.95,1783273936.138
1783273937,7687.07,7686.39,7687.75,1783273937.118
1783273938,7686.84,7686.16,7687.52,1783273938.143
1783273939,7687.52,7686.84,7688.2,1783273939.124
1783273940,7685.54,7684.86,7686.22,1783273940.144
1783273941,7685.49,7684.81,7686.17,1783273941.119
1783273942,7684.54,7683.86,7685.22,1783273942.138
1783273943,7683.87,7683.19,7684.55,1783273943.115
1783273944,7684.05,7683.37,7684.73,1783273944.152
1783273945,7681.87,7681.19,7682.55,1783273945.153
1783273946,7682.62,7681.94,7683.3,1783273946.136
1783273947,7682.27,7681.59,7682.95,1783273947.112
1783273948,7680.98,7680.3,7681.66,1783273948.151
1783273949,7680.69,7680.01,7681.37,1783273949.112
1783273950,7680.51,7679.83,7681.19,1783273950.140
1783273951,7679.75,7679.07,7680.43,1783273951.115
1783273952,7680.02,7679.34,7680.7,1783273952.137
1783273953,7680.07,7679.39,7680.75,1783273953.115
1783273954,7680.28,7679.6,7680.96,1783273954.243
1783273955,7678.82,7678.14,7679.5,1783273955.129
1783273956,7678.55,7677.87,7679.23,1783273956.146
1783273957,7677.59,7676.92,7678.27,1783273957.125
1783273958,7676.38,7675.7,7677.06,1783273958.248
1783273959,7676.55,7675.87,7677.23,1783273959.126
1783273960,7676.61,7675.93,7677.29,1783273960.143
1783273961,7673.95,7673.27,7674.62,1783273961.117
1783273962,7672.71,7672.03,7673.39,1783273962.150
1783273963,7673.36,7672.68,7674.04,1783273963.122
1783273964,7671.94,7671.26,7672.62,1783273964.163
1783273965,7671.24,7670.56,7671.92,1783273965.117
1783273966,7670.88,7670.2,7671.56,1783273966.150
1783273967,7671.01,7670.34,7671.69,1783273967.114
1783273968,7671.59,7670.91,7672.27,1783273968.135
1783273969,7673.11,7672.43,7673.79,1783273969.130
1783273970,7674.63,7673.95,7675.31,1783273970.195
1783273971,7673.67,7672.99,7674.35,1783273971.191
1783273972,7674.96,7674.28,7675.64,1783273972.158
1783273973,7674.89,7674.21,7675.57,1783273973.117
1783273974,7672.7,7672.03,7673.38,1783273974.138
1783273975,7672.1,7671.42,7672.78,1783273975.121
1783273976,7673.56,7672.88,7674.24,1783273976.146
1783273977,7673.22,7672.54,7673.9,1783273977.163
1783273978,7673.56,7672.89,7674.24,1783273978.164
1783273979,7676.13,7675.45,7676.81,1783273979.119
1783273980,7675.21,7674.53,7675.89,1783273980.146
1783273981,7674.21,7673.53,7674.89,1783273981.126
1783273982,7674.81,7674.13,7675.49,1783273982.189
1783273983,7675.79,7675.11,7676.47,1783273983.157
1783273984,7676.61,7675.93,7677.29,1783273984.152
1783273985,7677.42,7676.74,7678.1,1783273985.136
1783273986,7677.48,7676.8,7678.16,1783273986.149
1783273987,7676.76,7676.08,7677.44,1783273987.116
1783273988,7674.96,7674.28,7675.64,1783273988.201
1783273989,7676.01,7675.33,7676.69,1783273989.131
1783273990,7674.42,7673.74,7675.1,1783273990.164
1783273991,7672.92,7672.24,7673.6,1783273991.129
1783273992,7673.51,7672.83,7674.19,1783273992.149
1783273993,7672.76,7672.08,7673.44,1783273993.130
1783273994,7672.6,7671.92,7673.28,1783273994.153
1783273995,7673.21,7672.53,7673.89,1783273995.136
1783273996,7672.69,7672.01,7673.37,1783273996.157
1783273997,7671.89,7671.21,7672.57,1783273997.135
1783273998,7672.87,7672.19,7673.55,1783273998.170
1783273999,7673.88,7673.2,7674.56,1783273999.120
1783274000,7672.64,7671.96,7673.32,1783274000.149
1783274001,7672.69,7672.01,7673.37,1783274001.121
1783274002,7673.3,7672.62,7673.98,1783274002.144
1783274003,7673.08,7672.4,7673.76,1783274003.123
1783274004,7673.09,7672.41,7673.77,1783274004.159
1783274005,7672.46,7671.78,7673.14,1783274005.116
1783274006,7674.08,7673.4,7674.76,1783274006.146
1783274007,7673.95,7673.28,7674.63,1783274007.118
1783274008,7672.85,7672.17,7673.53,1783274008.136
1783274009,7673.45,7672.77,7674.13,1783274009.116
1783274010,7672.39,7671.71,7673.06,1783274010.150
1783274011,7671.19,7670.51,7671.87,1783274011.133
1783274012,7672.08,7671.4,7672.76,1783274012.136
1783274013,7672.64,7671.96,7673.32,1783274013.127
1783274014,7672.55,7671.87,7673.22,1783274014.151
1783274015,7672.42,7671.74,7673.1,1783274015.118
1783274016,7672.34,7671.66,7673.02,1783274016.142
1783274017,7672.43,7671.75,7673.11,1783274017.128
1783274018,7673.44,7672.76,7674.12,1783274018.205
1783274019,7674.4,7673.72,7675.07,1783274019.118
1783274020,7671.23,7670.55,7671.91,1783274020.151
1783274021,7670.69,7670.01,7671.37,1783274021.118
1783274022,7669.79,7669.11,7670.47,1783274022.145
1783274023,7669.98,7669.3,7670.66,1783274023.116
1783274024,7670.14,7669.46,7670.82,1783274024.141
1783274025,7670.35,7669.67,7671.03,1783274025.122
1783274026,7671.17,7670.49,7671.85,1783274026.162
1783274027,7669.34,7668.66,7670.02,1783274027.165
1783274028,7668.99,7668.31,7669.67,1783274028.147
1783274029,7667.26,7666.58,7667.94,1783274029.120
1783274030,7666.63,7665.95,7667.31,1783274030.143
1783274031,7667.97,7667.29,7668.65,1783274031.113
1783274032,7667.25,7666.57,7667.93,1783274032.166
1783274033,7665.87,7665.19,7666.55,1783274033.123
1783274034,7665.7,7665.02,7666.38,1783274034.144
1783274035,7664.47,7663.79,7665.15,1783274035.115
1783274036,7666.38,7665.7,7667.06,1783274036.149
1783274037,7664.37,7663.69,7665.05,1783274037.114
1783274038,7663.78,7663.1,7664.46,1783274038.146
1783274039,7663.31,7662.64,7663.99,1783274039.125
1783274040,7661.68,7661,7662.36,1783274040.153
1783274041,7662.77,7662.09,7663.44,1783274041.118
1783274042,7664.37,7663.7,7665.05,1783274042.263
1783274043,7665.31,7664.63,7665.99,1783274043.135
1783274044,7666.15,7665.47,7666.83,1783274044.147
1783274045,7665.55,7664.88,7666.23,1783274045.111
1783274046,7665.9,7665.23,7666.58,1783274046.148
1783274047,7666.6,7665.93,7667.28,1783274047.126
1783274048,7665.89,7665.21,7666.57,1783274048.243
1783274049,7664.94,7664.27,7665.62,1783274049.114
1783274050,7666.1,7665.42,7666.78,1783274050.123
1783274051,7666.75,7666.07,7667.43,1783274051.109
1783274052,7666.63,7665.95,7667.31,1783274052.123
1783274053,7667.09,7666.41,7667.77,1783274053.108
1783274054,7665.6,7664.92,7666.28,1783274054.136
1783274055,7665.22,7664.55,7665.9,1783274055.116
1783274056,7663.35,7662.67,7664.03,1783274056.138
1783274057,7663.99,7663.31,7664.67,1783274057.125
1783274058,7664.17,7663.49,7664.85,1783274058.143
1783274059,7663.03,7662.35,7663.71,1783274059.109
1783274060,7665.29,7664.61,7665.96,1783274060.130
1783274061,7665.89,7665.22,7666.57,1783274061.126
1783274062,7665.7,7665.02,7666.37,1783274062.131
1783274063,7664.52,7663.84,7665.2,1783274063.117
1783274064,7663.24,7662.56,7663.92,1783274064.128
1783274065,7662.27,7661.59,7662.94,1783274065.171
1783274066,7661.13,7660.45,7661.81,1783274066.137
1783274067,7659.97,7659.29,7660.65,1783274067.139
1783274068,7659.83,7659.15,7660.51,1783274068.162
1783274069,7660.84,7660.16,7661.51,1783274069.114
1783274070,7660.16,7659.48,7660.83,1783274070.140
1783274071,7660.71,7660.04,7661.39,1783274071.115
1783274072,7661.61,7660.93,7662.29,1783274072.141
1783274073,7662.66,7661.99,7663.34,1783274073.119
1783274074,7662.54,7661.86,7663.22,1783274074.131
1783274075,7664.13,7663.45,7664.81,1783274075.111
1783274076,7665.05,7664.38,7665.73,1783274076.136
1783274077,7667.19,7666.51,7667.87,1783274077.133
1783274078,7665.41,7664.73,7666.08,1783274078.133
1783274079,7665.18,7664.5,7665.86,1783274079.118
1783274080,7665.76,7665.08,7666.44,1783274080.138
1783274081,7667.47,7666.79,7668.15,1783274081.116
1783274082,7667.91,7667.23,7668.59,1783274082.147
1783274083,7667.5,7666.82,7668.18,1783274083.131
1783274084,7668.97,7668.29,7669.65,1783274084.146
1783274085,7669.26,7668.58,7669.94,1783274085.119
1783274086,7668.13,7667.45,7668.81,1783274086.139
1783274087,7668.7,7668.03,7669.38,1783274087.115
1783274088,7667.8,7667.13,7668.48,1783274088.150
1783274089,7670.2,7669.53,7670.88,1783274089.114
1783274090,7670.03,7669.35,7670.7,1783274090.134
1783274091,7669.75,7669.07,7670.43,1783274091.111
1783274092,7670.66,7669.98,7671.34,1783274092.135
1783274093,7671.91,7671.23,7672.59,1783274093.118
1783274094,7671.12,7670.44,7671.8,1783274094.136
1783274095,7670.38,7669.7,7671.06,1783274095.116
1783274096,7671.18,7670.5,7671.86,1783274096.134
1783274097,7670.45,7669.77,7671.13,1783274097.113
1783274098,7669.68,7669,7670.35,1783274098.136
1783274099,7668.89,7668.21,7669.57,1783274099.114
1783274100,7669.08,7668.41,7669.76,1783274100.147
1783274101,7668.8,7668.12,7669.47,1783274101.120
1783274102,7669.88,7669.2,7670.55,1783274102.829
1783274103,7671.42,7670.74,7672.1,1783274103.212
1783274104,7671.92,7671.24,7672.6,1783274104.175
1783274105,7671.11,7670.43,7671.79,1783274105.134
1783274106,7671.37,7670.7,7672.05,1783274106.141
1783274107,7672.54,7671.86,7673.22,1783274107.170
1783274108,7671.11,7670.43,7671.79,1783274108.200
1783274109,7671.41,7670.74,7672.09,1783274109.109
1783274110,7671.25,7670.57,7671.93,1783274110.164
1783274111,7671.78,7671.1,7672.46,1783274111.111
1783274112,7672.23,7671.55,7672.91,1783274112.134
1783274113,7671.75,7671.07,7672.43,1783274113.118
1783274114,7672.53,7671.85,7673.21,1783274114.157
1783274115,7672.32,7671.65,7673,1783274115.112
1783274116,7673.73,7673.05,7674.41,1783274116.146
1783274117,7672.8,7672.12,7673.48,1783274117.116
1783274118,7670.69,7670.01,7671.37,1783274118.152
1783274119,7672.41,7671.73,7673.09,1783274119.113
1783274120,7672.28,7671.6,7672.96,1783274120.132
1783274121,7672.6,7671.92,7673.28,1783274121.115
1783274122,7672.56,7671.88,7673.24,1783274122.145
1783274123,7672.09,7671.41,7672.77,1783274123.116
1783274124,7673.09,7672.42,7673.77,1783274124.143
1783274125,7674.39,7673.71,7675.07,1783274125.150
1783274126,7674.57,7673.89,7675.25,1783274126.163
1783274127,7674.63,7673.95,7675.31,1783274127.117
1783274128,7673.93,7673.25,7674.61,1783274128.144
1783274129,7673.55,7672.87,7674.23,1783274129.122
1783274130,7672.87,7672.19,7673.55,1783274130.132
1783274131,7674.3,7673.62,7674.98,1783274131.112
1783274132,7675.48,7674.8,7676.16,1783274132.140
1783274133,7674.89,7674.21,7675.57,1783274133.115
1783274134,7672.5,7671.82,7673.18,1783274134.146
1783274135,7672.93,7672.25,7673.61,1783274135.111
1783274136,7673.5,7672.82,7674.18,1783274136.162
1783274137,7673.97,7673.29,7674.65,1783274137.118
1783274138,7675.36,7674.69,7676.04,1783274138.246
1783274139,7674.04,7673.36,7674.71,1783274139.116
1783274140,7674.58,7673.9,7675.26,1783274140.127
1783274141,7674.02,7673.34,7674.7,1783274141.106
1783274142,7673.15,7672.47,7673.83,1783274142.154
1783274143,7671.84,7671.16,7672.52,1783274143.121
1783274144,7673.72,7673.04,7674.4,1783274144.145
1783274145,7672.83,7672.15,7673.51,1783274145.172
1783274146,7670.85,7670.17,7671.52,1783274146.161
1783274147,7671.25,7670.57,7671.93,1783274147.138
1783274148,7670.91,7670.23,7671.59,1783274148.144
1783274149,7672.75,7672.07,7673.43,1783274149.165
1783274150,7673.43,7672.75,7674.11,1783274150.146
1783274151,7673.21,7672.53,7673.89,1783274151.118
1783274152,7671.94,7671.26,7672.62,1783274152.154
1783274153,7671.8,7671.12,7672.48,1783274153.121
1783274154,7672.43,7671.75,7673.11,1783274154.145
1783274155,7670.25,7669.57,7670.92,1783274155.199
1783274156,7670.13,7669.45,7670.8,1783274156.139
1783274157,7669.99,7669.31,7670.67,1783274157.117
1783274158,7670.56,7669.88,7671.24,1783274158.155
1783274159,7672.19,7671.52,7672.87,1783274159.123
1783274160,7672.62,7671.94,7673.3,1783274160.153
1783274161,7673.21,7672.53,7673.89,1783274161.138
1783274162,7674.71,7674.03,7675.39,1783274162.269
1783274163,7673.9,7673.22,7674.58,1783274163.139
1783274164,7675.58,7674.9,7676.25,1783274164.141
1783274165,7674.1,7673.42,7674.78,1783274165.125
1783274166,7673.66,7672.98,7674.34,1783274166.145
1783274167,7675.06,7674.38,7675.74,1783274167.125
1783274168,7675.4,7674.72,7676.08,1783274168.201
1783274169,7676.42,7675.74,7677.1,1783274169.118
1783274170,7675.97,7675.29,7676.65,1783274170.140
1783274171,7677.26,7676.58,7677.94,1783274171.117
1783274172,7676.31,7675.63,7676.99,1783274172.154
1783274173,7675.88,7675.2,7676.56,1783274173.123
1783274174,7676.13,7675.45,7676.81,1783274174.151
1783274175,7674.32,7673.64,7675,1783274175.162
1783274176,7671.03,7670.35,7671.71,1783274176.148
1783274177,7671.39,7670.71,7672.07,1783274177.125
1783274178,7671.9,7671.22,7672.58,1783274178.155
1783274179,7672.13,7671.45,7672.8,1783274179.122
1783274180,7672.75,7672.07,7673.43,1783274180.148
1783274181,7673.12,7672.44,7673.79,1783274181.135
1783274182,7674.34,7673.66,7675.02,1783274182.157
1783274183,7672.26,7671.58,7672.94,1783274183.116
1783274184,7671.15,7670.47,7671.83,1783274184.152
1783274185,7670.89,7670.21,7671.57,1783274185.156
1783274186,7671.02,7670.34,7671.7,1783274186.149
1783274187,7673.11,7672.43,7673.79,1783274187.120
1783274188,7673.72,7673.04,7674.39,1783274188.146
1783274189,7673.3,7672.62,7673.98,1783274189.128
1783274190,7672.52,7671.84,7673.2,1783274190.148
1783274191,7672.25,7671.57,7672.93,1783274191.124
1783274192,7672.84,7672.16,7673.52,1783274192.167
1783274193,7671.18,7670.5,7671.86,1783274193.135
1783274194,7671.23,7670.55,7671.91,1783274194.146
1783274195,7671.23,7670.55,7671.91,1783274195.129
1783274196,7671.46,7670.78,7672.14,1783274196.148
1783274197,7671.23,7670.55,7671.91,1783274197.124
1783274198,7672.47,7671.79,7673.15,1783274198.243
1783274199,7672.83,7672.15,7673.51,1783274199.117
1783274200,7670.3,7669.62,7670.98,1783274200.145
1783274201,7670.56,7669.88,7671.24,1783274201.122
1783274202,7671.12,7670.44,7671.8,1783274202.151
1783274203,7669.61,7668.93,7670.29,1783274203.120
1783274204,7671.84,7671.16,7672.52,1783274204.164
1783274205,7672.09,7671.41,7672.77,1783274205.119
1783274206,7674,7673.32,7674.67,1783274206.159
1783274207,7674.49,7673.81,7675.17,1783274207.124
1783274208,7673.12,7672.44,7673.8,1783274208.145
1783274209,7673.4,7672.72,7674.08,1783274209.127
1783274210,7674.19,7673.51,7674.87,1783274210.146
1783274211,7673.26,7672.58,7673.94,1783274211.118
1783274212,7672.23,7671.55,7672.91,1783274212.147
1783274213,7672.93,7672.26,7673.61,1783274213.115
1783274214,7674.48,7673.8,7675.16,1783274214.144
1783274215,7675.96,7675.29,7676.64,1783274215.118
1783274216,7677.37,7676.69,7678.05,1783274216.151
1783274217,7677.79,7677.11,7678.47,1783274217.118
1783274218,7677.67,7676.99,7678.35,1783274218.141
1783274219,7678.39,7677.71,7679.07,1783274219.112
1783274220,7677.59,7676.91,7678.27,1783274220.142
1783274221,7677.82,7677.14,7678.5,1783274221.126
1783274222,7678.22,7677.55,7678.9,1783274222.215
1783274223,7676.26,7675.58,7676.94,1783274223.150
1783274224,7677.2,7676.52,7677.88,1783274224.142
1783274225,7678.41,7677.73,7679.09,1783274225.120
1783274226,7679.99,7679.31,7680.67,1783274226.141
1783274227,7681.08,7680.4,7681.76,1783274227.119
1783274228,7680.82,7680.14,7681.5,1783274228.204
1783274229,7679.72,7679.04,7680.4,1783274229.181
1783274230,7677.83,7677.15,7678.5,1783274230.171
1783274231,7677.78,7677.1,7678.46,1783274231.122
1783274232,7678.03,7677.35,7678.71,1783274232.164
1783274233,7678.3,7677.62,7678.98,1783274233.122
1783274234,7679.27,7678.59,7679.95,1783274234.145
1783274235,7677.74,7677.06,7678.42,1783274235.122
1783274236,7677.88,7677.2,7678.56,1783274236.145
1783274237,7675.94,7675.26,7676.62,1783274237.123
1783274238,7676.58,7675.9,7677.26,1783274238.146
1783274239,7676.61,7675.93,7677.29,1783274239.115
1783274240,7676.85,7676.17,7677.53,1783274240.156
1783274241,7678.28,7677.6,7678.96,1783274241.118
1783274242,7678.93,7678.25,7679.61,1783274242.161
1783274243,7680.89,7680.21,7681.57,1783274243.163
1783274244,7681.94,7681.26,7682.62,1783274244.148
1783274245,7682.31,7681.63,7682.99,1783274245.124
1783274246,7682.93,7682.25,7683.61,1783274246.144
1783274247,7682.17,7681.49,7682.85,1783274247.110
1783274248,7682.2,7681.52,7682.88,1783274248.132
1783274249,7683.71,7683.03,7684.39,1783274249.123
1783274250,7681.94,7681.26,7682.62,1783274250.145
1783274251,7683.09,7682.41,7683.77,1783274251.125
1783274252,7683.59,7682.91,7684.27,1783274252.162
1783274253,7684.61,7683.93,7685.29,1783274253.122
1783274254,7684.46,7683.78,7685.14,1783274254.148
1783274255,7685.65,7684.97,7686.33,1783274255.113
1783274256,7683.69,7683.01,7684.37,1783274256.167
1783274257,7684.24,7683.56,7684.92,1783274257.118
1783274258,7685.07,7684.39,7685.75,1783274258.202
1783274259,7686.52,7685.84,7687.2,1783274259.120
1783274260,7686.35,7685.67,7687.03,1783274260.164
1783274261,7685.46,7684.78,7686.14,1783274261.115
1783274262,7685.57,7684.89,7686.25,1783274262.142
1783274263,7684.94,7684.26,7685.62,1783274263.122
1783274264,7685.06,7684.38,7685.74,1783274264.147
1783274265,7684.76,7684.08,7685.44,1783274265.118
1783274266,7683.92,7683.24,7684.6,1783274266.139
1783274267,7683.6,7682.92,7684.28,1783274267.122
1783274268,7682.95,7682.27,7683.63,1783274268.148
1783274269,7683.56,7682.88,7684.24,1783274269.124
1783274270,7682.33,7681.66,7683.01,1783274270.157
1783274271,7683.38,7682.7,7684.05,1783274271.132
1783274272,7680.9,7680.22,7681.58,1783274272.149
1783274273,7681.49,7680.81,7682.17,1783274273.209
1783274274,7681.78,7681.1,7682.46,1783274274.160
1783274275,7681.97,7681.29,7682.65,1783274275.126
1783274276,7682.32,7681.65,7683,1783274276.587
1783274277,7680.79,7680.11,7681.47,1783274277.126
1783274278,7679.72,7679.04,7680.4,1783274278.148
1783274279,7679.81,7679.13,7680.49,1783274279.123
1783274280,7679.27,7678.59,7679.95,1783274280.153
1783274281,7679.04,7678.36,7679.72,1783274281.123
1783274282,7679.15,7678.47,7679.83,1783274282.211
1783274283,7678.78,7678.1,7679.46,1783274283.157
1783274284,7679.16,7678.48,7679.84,1783274284.161
1783274285,7679.64,7678.96,7680.31,1783274285.136
1783274286,7678.68,7678,7679.36,1783274286.170
1783274287,7677.73,7677.05,7678.41,1783274287.131
1783274288,7679.06,7678.38,7679.74,1783274288.203
1783274289,7679.92,7679.24,7680.6,1783274289.120
1783274290,7680.97,7680.29,7681.65,1783274290.152
1783274291,7683.18,7682.5,7683.86,1783274291.117
1783274292,7683.99,7683.31,7684.67,1783274292.156
1783274293,7682.59,7681.91,7683.27,1783274293.117
1783274294,7680.58,7679.91,7681.26,1783274294.150
1783274295,7681.05,7680.37,7681.73,1783274295.123
1783274296,7683.48,7682.8,7684.16,1783274296.153
1783274297,7682.92,7682.24,7683.6,1783274297.128
1783274298,7684.59,7683.91,7685.27,1783274298.157
1783274299,7684.61,7683.93,7685.29,1783274299.123
1783274300,7684.41,7683.73,7685.09,1783274300.156
1783274301,7684,7683.32,7684.68,1783274301.126
1783274302,7684.63,7683.95,7685.31,1783274302.157
1783274303,7684.65,7683.97,7685.33,1783274303.122
1783274304,7685,7684.32,7685.68,1783274304.153
1783274305,7685.17,7684.49,7685.85,1783274305.118
1783274306,7682.29,7681.61,7682.97,1783274306.145
1783274307,7682.49,7681.81,7683.17,1783274307.123
1783274308,7681.44,7680.76,7682.12,1783274308.162
1783274309,7680.23,7679.55,7680.91,1783274309.136
1783274310,7678.68,7678,7679.36,1783274310.147
1783274311,7678.01,7677.33,7678.69,1783274311.122
1783274312,7679.27,7678.59,7679.95,1783274312.162
1783274313,7679.41,7678.73,7680.09,1783274313.122
1783274314,7678.25,7677.57,7678.93,1783274314.160
1783274315,7676.48,7675.8,7677.16,1783274315.124
1783274316,7676.49,7675.81,7677.17,1783274316.146
1783274317,7677.27,7676.6,7677.95,1783274317.160
1783274318,7678.43,7677.75,7679.11,1783274318.203
1783274319,7679.61,7678.93,7680.29,1783274319.195
1783274320,7679.74,7679.06,7680.42,1783274320.163
1783274321,7680.03,7679.35,7680.71,1783274321.116
1783274322,7680.46,7679.78,7681.14,1783274322.160
1783274323,7680.43,7679.75,7681.11,1783274323.132
1783274324,7681.09,7680.41,7681.77,1783274324.150
1783274325,7681.94,7681.26,7682.62,1783274325.162
1783274326,7681.51,7680.83,7682.19,1783274326.149
1783274327,7681.97,7681.29,7682.65,1783274327.124
1783274328,7683.28,7682.6,7683.96,1783274328.159
1783274329,7682.23,7681.55,7682.91,1783274329.128
1783274330,7683.51,7682.83,7684.19,1783274330.152
1783274331,7685.95,7685.27,7686.63,1783274331.119
1783274332,7686.88,7686.2,7687.57,1783274332.143
1783274333,7686.73,7686.05,7687.41,1783274333.122
1783274334,7687.19,7686.51,7687.87,1783274334.153
1783274335,7686.43,7685.75,7687.11,1783274335.127
1783274336,7686.76,7686.08,7687.44,1783274336.158
1783274337,7686.61,7685.93,7687.29,1783274337.126
1783274338,7686.44,7685.76,7687.12,1783274338.163
1783274339,7684.74,7684.06,7685.42,1783274339.121
1783274340,7684.87,7684.19,7685.55,1783274340.163
1783274341,7685.16,7684.48,7685.84,1783274341.124
1783274342,7684.37,7683.69,7685.05,1783274342.198
1783274343,7682.79,7682.11,7683.47,1783274343.217
1783274344,7682.92,7682.24,7683.6,1783274344.209
1783274345,7684.38,7683.7,7685.06,1783274345.130
1783274346,7683.45,7682.77,7684.13,1783274346.142
1783274347,7684.2,7683.52,7684.88,1783274347.140
1783274348,7684.16,7683.48,7684.84,1783274348.203
1783274349,7683.28,7682.6,7683.96,1783274349.121
1783274350,7683,7682.32,7683.68,1783274350.147
1783274351,7683.5,7682.82,7684.18,1783274351.121
1783274352,7683.57,7682.89,7684.25,1783274352.156
1783274353,7684.75,7684.07,7685.43,1783274353.118
1783274354,7685.41,7684.73,7686.09,1783274354.164
1783274355,7685.01,7684.33,7685.69,1783274355.120
1783274356,7686.24,7685.56,7686.92,1783274356.142
1783274357,7686.82,7686.14,7687.5,1783274357.122
1783274358,7685.56,7684.88,7686.24,1783274358.142
1783274359,7686.4,7685.72,7687.08,1783274359.148
1783274360,7686.9,7686.22,7687.58,1783274360.150
1783274361,7685.34,7684.66,7686.02,1783274361.134
1783274362,7685.63,7684.95,7686.32,1783274362.155
1783274363,7687.82,7687.14,7688.5,1783274363.202
1783274364,7687.67,7686.99,7688.35,1783274364.151
1783274365,7688.63,7687.95,7689.32,1783274365.196
1783274366,7688.59,7687.91,7689.27,1783274366.150
1783274367,7690.89,7690.21,7691.58,1783274367.187
1783274368,7692.61,7691.93,7693.29,1783274368.149
1783274369,7692.8,7692.12,7693.48,1783274369.128
1783274370,7692.47,7691.79,7693.15,1783274370.150
1783274371,7694.61,7693.93,7695.29,1783274371.127
1783274372,7693.92,7693.24,7694.61,1783274372.148
1783274373,7695.25,7694.57,7695.93,1783274373.124
1783274374,7694.89,7694.21,7695.57,1783274374.204
1783274375,7693.27,7692.59,7693.95,1783274375.127
1783274376,7693.84,7693.16,7694.52,1783274376.152
1783274377,7694.44,7693.76,7695.12,1783274377.117
1783274378,7694.98,7694.3,7695.66,1783274378.206
1783274379,7694.86,7694.18,7695.54,1783274379.121
1783274380,7693.68,7693,7694.36,1783274380.164
1783274381,7691.07,7690.39,7691.75,1783274381.123
1783274382,7689.99,7689.31,7690.68,1783274382.144
1783274383,7690.21,7689.53,7690.89,1783274383.122
1783274384,7689.3,7688.62,7689.98,1783274384.157
1783274385,7688.96,7688.28,7689.65,1783274385.138
1783274386,7688.9,7688.22,7689.58,1783274386.146
1783274387,7689.76,7689.08,7690.44,1783274387.135
1783274388,7689.92,7689.24,7690.6,1783274388.149
1783274389,7690.19,7689.51,7690.87,1783274389.126
1783274390,7689.03,7688.35,7689.71,1783274390.150
1783274391,7688.27,7687.59,7688.95,1783274391.128
1783274392,7688.66,7687.98,7689.34,1783274392.162
1783274393,7688.61,7687.93,7689.29,1783274393.162
1783274394,7688.72,7688.04,7689.4,1783274394.153
1783274395,7687.41,7686.73,7688.09,1783274395.131
1783274396,7686.76,7686.08,7687.44,1783274396.148
1783274397,7686.42,7685.74,7687.1,1783274397.126
1783274398,7685.44,7684.76,7686.12,1783274398.160
1783274399,7685.76,7685.08,7686.44,1783274399.128
1783274400,7686.89,7686.21,7687.57,1783274400.188
1783274401,7685.3,7684.62,7685.98,1783274401.148
1783274402,7684.89,7684.21,7685.57,1783274402.346
1783274403,7683.58,7682.9,7684.26,1783274403.165
1783274404,7683.27,7682.59,7683.95,1783274404.190
1783274405,7683.93,7683.25,7684.61,1783274405.178
1783274406,7683.73,7683.05,7684.41,1783274406.203
1783274407,7683.67,7682.99,7684.35,1783274407.150
1783274408,7682.2,7681.52,7682.88,1783274408.211
1783274409,7682.3,7681.62,7682.98,1783274409.220
1783274410,7683.19,7682.51,7683.87,1783274410.162
1783274411,7683.42,7682.74,7684.1,1783274411.122
1783274412,7684.85,7684.17,7685.53,1783274412.160
1783274413,7684.71,7684.03,7685.39,1783274413.128
1783274414,7685.87,7685.19,7686.55,1783274414.150
1783274415,7686.18,7685.49,7686.86,1783274415.145
1783274416,7683.49,7682.81,7684.17,1783274416.156
1783274417,7683.43,7682.75,7684.11,1783274417.134
1783274418,7682.62,7681.94,7683.3,1783274418.151
1783274419,7682.28,7681.6,7682.96,1783274419.163
1783274420,7682.71,7682.03,7683.38,1783274420.243
1783274421,7684.43,7683.75,7685.11,1783274421.131
1783274422,7685.56,7684.88,7686.24,1783274422.176
1783274423,7685.63,7684.95,7686.31,1783274423.131
1783274424,7683.97,7683.29,7684.65,1783274424.154
1783274425,7685.34,7684.66,7686.02,1783274425.135
1783274426,7685.17,7684.49,7685.85,1783274426.158
1783274427,7684.07,7683.39,7684.75,1783274427.168
1783274428,7685.84,7685.16,7686.52,1783274428.162
1783274429,7688.04,7687.36,7688.72,1783274429.129
1783274430,7689.37,7688.69,7690.05,1783274430.152
1783274431,7689.38,7688.7,7690.06,1783274431.129
1783274432,7688.65,7687.97,7689.33,1783274432.159
1783274433,7690.64,7689.96,7691.32,1783274433.124
1783274434,7690.45,7689.77,7691.13,1783274434.160
1783274435,7690.29,7689.61,7690.97,1783274435.176
1783274436,7690.96,7690.27,7691.64,1783274436.156
1783274437,7691.18,7690.5,7691.86,1783274437.125
1783274438,7691.02,7690.34,7691.7,1783274438.243
1783274439,7691.91,7691.23,7692.59,1783274439.132
1783274440,7692.78,7692.1,7693.47,1783274440.153
1783274441,7694.65,7693.97,7695.33,1783274441.133
1783274442,7695.42,7694.74,7696.1,1783274442.182
1783274443,7696.73,7696.05,7697.41,1783274443.138
1783274444,7697.74,7697.06,7698.42,1783274444.163
1783274445,7697.46,7696.78,7698.15,1783274445.130
1783274446,7697.32,7696.64,7698,1783274446.139
1783274447,7698.23,7697.55,7698.91,1783274447.118
1783274448,7696.06,7695.38,7696.74,1783274448.164
1783274449,7694.72,7694.04,7695.4,1783274449.122
1783274450,7694.29,7693.61,7694.97,1783274450.153
1783274451,7694.02,7693.34,7694.7,1783274451.153
1783274452,7692.77,7692.09,7693.45,1783274452.166
1783274453,7693.14,7692.46,7693.82,1783274453.152
1783274454,7691.52,7690.84,7692.21,1783274454.171
1783274455,7692.57,7691.89,7693.25,1783274455.142
1783274456,7691.85,7691.17,7692.53,1783274456.155
1783274457,7692.8,7692.12,7693.49,1783274457.143
1783274458,7691.24,7690.56,7691.93,1783274458.149
1783274459,7691.49,7690.81,7692.17,1783274459.243
1783274460,7690.48,7689.8,7691.16,1783274460.169
1783274461,7688.94,7688.26,7689.62,1783274461.162
1783274462,7687.44,7686.76,7688.12,1783274462.412
1783274463,7689.03,7688.35,7689.71,1783274463.213
1783274464,7688.47,7687.79,7689.15,1783274464.313
1783274465,7688.16,7687.48,7688.85,1783274465.142
1783274466,7688.92,7688.24,7689.6,1783274466.144
1783274467,7689.5,7688.82,7690.18,1783274467.127
1783274468,7688.33,7687.65,7689.02,1783274468.211
1783274469,7691.67,7690.99,7692.35,1783274469.137
1783274470,7693.87,7693.19,7694.56,1783274470.153
1783274471,7694.04,7693.36,7694.72,1783274471.127
1783274472,7695.13,7694.45,7695.81,1783274472.154
1783274473,7695.81,7695.12,7696.49,1783274473.145
1783274474,7696.59,7695.91,7697.27,1783274474.165
1783274475,7696.41,7695.73,7697.09,1783274475.133
1783274476,7698.04,7697.36,7698.72,1783274476.154
1783274477,7697.99,7697.31,7698.68,1783274477.124
1783274478,7698.32,7697.64,7699,1783274478.163
1783274479,7699.89,7699.21,7700.57,1783274479.143
1783274480,7699.44,7698.76,7700.13,1783274480.156
1783274481,7700,7699.32,7700.68,1783274481.223
1783274482,7700.52,7699.84,7701.2,1783274482.156
1783274483,7701.15,7700.47,7701.83,1783274483.141
1783274484,7701.95,7701.27,7702.64,1783274484.187
1783274485,7704.09,7703.41,7704.77,1783274485.137
1783274486,7705.26,7704.58,7705.94,1783274486.154
1783274487,7705.65,7704.97,7706.33,1783274487.129
1783274488,7705.21,7704.52,7705.89,1783274488.170
1783274489,7705.33,7704.64,7706.01,1783274489.141
1783274490,7704.19,7703.5,7704.87,1783274490.163
1783274491,7704.18,7703.5,7704.86,1783274491.128
1783274492,7703.59,7702.91,7704.27,1783274492.167
1783274493,7704.94,7704.26,7705.62,1783274493.140
1783274494,7706.33,7705.65,7707.01,1783274494.169
1783274495,7706.71,7706.03,7707.39,1783274495.136
1783274496,7706.09,7705.41,7706.77,1783274496.156
1783274497,7705.37,7704.69,7706.05,1783274497.139
1783274498,7704.99,7704.31,7705.68,1783274498.201
1783274499,7704.6,7703.92,7705.28,1783274499.219
1783274500,7704.12,7703.43,7704.8,1783274500.154
1783274501,7705.62,7704.94,7706.31,1783274501.128
1783274502,7705.87,7705.19,7706.55,1783274502.163
1783274503,7706.41,7705.72,7707.09,1783274503.163
1783274504,7706.52,7705.84,7707.2,1783274504.161
1783274505,7705.3,7704.62,7705.98,1783274505.128
1783274506,7705.69,7705.01,7706.37,1783274506.167
1783274507,7706.13,7705.44,7706.81,1783274507.127
1783274508,7704.93,7704.25,7705.61,1783274508.170
1783274509,7703.62,7702.94,7704.3,1783274509.136
1783274510,7705.25,7704.56,7705.93,1783274510.148
1783274511,7705.61,7704.93,7706.3,1783274511.131
1783274512,7705.14,7704.45,7705.82,1783274512.160
1783274513,7705.43,7704.75,7706.11,1783274513.163
1783274514,7705.05,7704.37,7705.73,1783274514.156
1783274515,7706.51,7705.82,7707.19,1783274515.128
1783274516,7707.01,7706.33,7707.69,1783274516.164
1783274517,7707.37,7706.69,7708.05,1783274517.127
1783274518,7707.98,7707.3,7708.66,1783274518.160
1783274519,7708.02,7707.34,7708.7,1783274519.127
1783274520,7706.74,7706.06,7707.43,1783274520.155
1783274521,7708.04,7707.36,7708.72,1783274521.141
1783274522,7707.64,7706.96,7708.32,1783274522.177
1783274523,7708.88,7708.19,7709.56,1783274523.128
1783274524,7708.1,7707.42,7708.78,1783274524.160
1783274525,7708.76,7708.08,7709.44,1783274525.130
1783274526,7708.67,7707.99,7709.35,1783274526.154
1783274527,7711.1,7710.42,7711.78,1783274527.126
1783274528,7710.56,7709.87,7711.24,1783274528.244
1783274529,7711.24,7710.56,7711.92,1783274529.165
1783274530,7709.69,7709.01,7710.37,1783274530.152
1783274531,7708.65,7707.96,7709.33,1783274531.138
1783274532,7707.31,7706.63,7707.99,1783274532.145
1783274533,7705.24,7704.56,7705.92,1783274533.135
1783274534,7705.21,7704.53,7705.89,1783274534.149
1783274535,7705.62,7704.94,7706.3,1783274535.126
1783274536,7706.05,7705.36,7706.73,1783274536.158
1783274537,7704.41,7703.73,7705.09,1783274537.150
1783274538,7704.98,7704.3,7705.66,1783274538.147
1783274539,7706.57,7705.89,7707.25,1783274539.143
1783274540,7706.77,7706.08,7707.45,1783274540.163
1783274541,7706.38,7705.7,7707.06,1783274541.154
1783274542,7706.2,7705.52,7706.88,1783274542.162
1783274543,7707.79,7707.11,7708.48,1783274543.150
1783274544,7707.97,7707.28,7708.65,1783274544.197
1783274545,7707.7,7707.01,7708.38,1783274545.215
1783274546,7707.28,7706.6,7707.96,1783274546.158
1783274547,7707.19,7706.51,7707.87,1783274547.204
1783274548,7670.71,7670.03,7671.39,1783274548.147
1783274549,7672.17,7671.49,7672.85,1783274549.129
1783274550,7674.43,7673.75,7675.11,1783274550.143
1783274551,7675.66,7674.98,7676.34,1783274551.130
1783274552,7675.42,7674.74,7676.1,1783274552.205
1783274553,7675.01,7674.33,7675.69,1783274553.126
1783274554,7673.34,7672.66,7674.02,1783274554.149
1783274555,7673.16,7672.48,7673.84,1783274555.124
1783274556,7674.15,7673.47,7674.83,1783274556.156
1783274557,7675.14,7674.46,7675.82,1783274557.130
1783274558,7673.33,7672.65,7674.01,1783274558.204
1783274559,7673.48,7672.8,7674.16,1783274559.128
1783274560,7674.49,7673.82,7675.17,1783274560.160
1783274561,7674.66,7673.98,7675.34,1783274561.125
1783274562,7674.48,7673.8,7675.16,1783274562.156
1783274563,7674.43,7673.75,7675.11,1783274563.131
1783274564,7674.37,7673.69,7675.05,1783274564.153
1783274565,7673.57,7672.89,7674.25,1783274565.129
1783274566,7674.05,7673.37,7674.73,1783274566.148
1783274567,7674.8,7674.12,7675.48,1783274567.126
1783274568,7674.15,7673.47,7674.83,1783274568.148
1783274569,7676.28,7675.6,7676.96,1783274569.127
1783274570,7676.38,7675.7,7677.05,1783274570.147
1783274571,7676.95,7676.27,7677.63,1783274571.132
1783274572,7674.56,7673.88,7675.24,1783274572.154
1783274573,7674.01,7673.33,7674.69,1783274573.131
1783274574,7674.41,7673.73,7675.09,1783274574.159
1783274575,7674.86,7674.18,7675.53,1783274575.132
1783274576,7675.78,7675.1,7676.46,1783274576.164
1783274577,7674.95,7674.27,7675.63,1783274577.133
1783274578,7675.38,7674.7,7676.06,1783274578.139
1783274579,7674.52,7673.84,7675.2,1783274579.142
1783274580,7675.66,7674.98,7676.33,1783274580.156
1783274581,7674.25,7673.57,7674.93,1783274581.162
1783274582,7671.81,7671.13,7672.49,1783274582.176
1783274583,7672.13,7671.45,7672.8,1783274583.196
1783274584,7670.94,7670.26,7671.62,1783274584.164
1783274585,7670.42,7669.74,7671.09,1783274585.141
1783274586,7669.3,7668.62,7669.98,1783274586.160
1783274587,7669.92,7669.24,7670.6,1783274587.155
1783274588,7669.05,7668.37,7669.73,1783274588.205
1783274589,7668.74,7668.06,7669.42,1783274589.242
1783274590,7667.75,7667.07,7668.43,1783274590.159
1783274591,7668.56,7667.88,7669.23,1783274591.185
1783274592,7667.33,7666.65,7668.01,1783274592.162
1783274593,7667.86,7667.19,7668.54,1783274593.128
1783274594,7668.13,7667.45,7668.81,1783274594.165
1783274595,7667.19,7666.51,7667.87,1783274595.130
1783274596,7666.44,7665.76,7667.11,1783274596.150
1783274597,7666.91,7666.23,7667.59,1783274597.132
1783274598,7665.37,7664.7,7666.05,1783274598.165
1783274599,7665.01,7664.33,7665.69,1783274599.130
1783274600,7664.28,7663.6,7664.96,1783274600.159
1783274601,7666.57,7665.89,7667.25,1783274601.131
1783274602,7667.63,7666.96,7668.31,1783274602.138
1783274603,7667.42,7666.74,7668.1,1783274603.134
1783274604,7669.03,7668.35,7669.71,1783274604.152
1783274605,7669.71,7669.03,7670.39,1783274605.130
1783274606,7669.79,7669.11,7670.47,1783274606.158
1783274607,7669.19,7668.51,7669.87,1783274607.131
1783274608,7668.06,7667.38,7668.74,1783274608.175
1783274609,7667.63,7666.96,7668.31,1783274609.126
1783274610,7667.86,7667.18,7668.54,1783274610.129
1783274611,7667.78,7667.1,7668.46,1783274611.132
1783274612,7666.89,7666.21,7667.57,1783274612.177
1783274613,7666.66,7665.98,7667.34,1783274613.129
1783274614,7665.97,7665.29,7666.65,1783274614.140
1783274615,7666.05,7665.38,7666.73,1783274615.136
1783274616,7665.96,7665.29,7666.64,1783274616.162
1783274617,7666.26,7665.59,7666.94,1783274617.136
1783274618,7665.09,7664.41,7665.77,1783274618.202
1783274619,7665.1,7664.42,7665.78,1783274619.132
1783274620,7665.54,7664.86,7666.22,1783274620.152
1783274621,7666.53,7665.86,7667.21,1783274621.139
1783274622,7666.35,7665.67,7667.02,1783274622.140
1783274623,7667.95,7667.27,7668.63,1783274623.162
1783274624,7667.66,7666.98,7668.33,1783274624.148
1783274625,7666.53,7665.85,7667.21,1783274625.150
1783274626,7665.76,7665.08,7666.44,1783274626.157
1783274627,7665.38,7664.7,7666.06,1783274627.242
1783274628,7664.52,7663.84,7665.2,1783274628.152
1783274629,7664.05,7663.37,7664.72,1783274629.133
1783274630,7665.47,7664.8,7666.15,1783274630.136
1783274631,7664.99,7664.31,7665.67,1783274631.135
1783274632,7665.4,7664.73,7666.08,1783274632.154
1783274633,7663.87,7663.19,7664.55,1783274633.136
1783274634,7663.82,7663.14,7664.49,1783274634.146
1783274635,7663.09,7662.41,7663.77,1783274635.138
1783274636,7662.58,7661.9,7663.26,1783274636.168
1783274637,7663.23,7662.55,7663.91,1783274637.136
1783274638,7663.4,7662.72,7664.08,1783274638.145
1783274639,7663.46,7662.78,7664.14,1783274639.117
1783274640,7664.6,7663.92,7665.28,1783274640.159
1783274641,7664.23,7663.55,7664.91,1783274641.136
1783274642,7662.39,7661.71,7663.06,1783274642.179
1783274643,7662.52,7661.84,7663.19,1783274643.162
1783274644,7661.59,7660.91,7662.26,1783274644.228
1783274645,7660.21,7659.53,7660.89,1783274645.138
1783274646,7658.39,7657.71,7659.06,1783274646.167
1783274647,7656.55,7655.87,7657.23,1783274647.136
1783274648,7654.66,7653.99,7655.34,1783274648.205
1783274649,7654.82,7654.14,7655.5,1783274649.140
1783274650,7653.49,7652.82,7654.17,1783274650.137
1783274651,7652.48,7651.8,7653.16,1783274651.146
1783274652,7651.56,7650.89,7652.24,1783274652.154
1783274653,7650.27,7649.59,7650.94,1783274653.143
1783274654,7649.7,7649.02,7650.38,1783274654.138
1783274655,7648.35,7647.68,7649.03,1783274655.139
1783274656,7648.82,7648.14,7649.49,1783274656.145
1783274657,7649.9,7649.23,7650.58,1783274657.119
1783274658,7649.87,7649.19,7650.54,1783274658.158
1783274659,7649.8,7649.13,7650.48,1783274659.121
1783274660,7650.47,7649.79,7651.15,1783274660.140
1783274661,7650.36,7649.68,7651.04,1783274661.157
1783274662,7649.23,7648.55,7649.9,1783274662.170
1783274663,7649.93,7649.26,7650.61,1783274663.122
1783274664,7649.58,7648.9,7650.25,1783274664.142
1783274665,7651.1,7650.43,7651.78,1783274665.116
1783274666,7649.94,7649.26,7650.62,1783274666.170
1783274667,7650.48,7649.8,7651.16,1783274667.125
1783274668,7647.73,7647.05,7648.4,1783274668.144
1783274669,7647.36,7646.68,7648.03,1783274669.166
1783274670,7646.19,7645.51,7646.86,1783274670.141
1783274671,7646.83,7646.16,7647.51,1783274671.146
1783274672,7646.64,7645.96,7647.31,1783274672.158
1783274673,7647.61,7646.93,7648.29,1783274673.115
1783274674,7647.99,7647.31,7648.66,1783274674.156
1783274675,7648.85,7648.17,7649.53,1783274675.122
1783274676,7648.4,7647.72,7649.07,1783274676.142
1783274677,7648.21,7647.53,7648.88,1783274677.123
1783274678,7649.29,7648.61,7649.97,1783274678.200
1783274679,7650.16,7649.48,7650.83,1783274679.118
1783274680,7652,7651.32,7652.67,1783274680.163
1783274681,7651.34,7650.66,7652.01,1783274681.124
1783274682,7651,7650.32,7651.67,1783274682.154
1783274683,7649.27,7648.59,7649.94,1783274683.143
1783274684,7649.78,7649.1,7650.45,1783274684.159
1783274685,7651.01,7650.33,7651.68,1783274685.137
1783274686,7649.46,7648.78,7650.14,1783274686.148
1783274687,7648.73,7648.05,7649.4,1783274687.150
1783274688,7648.65,7647.98,7649.33,1783274688.133
1783274689,7649.55,7648.87,7650.23,1783274689.124
1783274690,7650.55,7649.87,7651.23,1783274690.160
1783274691,7649.92,7649.24,7650.6,1783274691.120
1783274692,7649.37,7648.69,7650.04,1783274692.161
1783274693,7649.71,7649.03,7650.38,1783274693.129
1783274694,7651.27,7650.59,7651.94,1783274694.151
1783274695,7650.61,7649.94,7651.29,1783274695.123
1783274696,7651.37,7650.69,7652.04,1783274696.144
1783274697,7650.81,7650.13,7651.48,1783274697.131
1783274698,7648.93,7648.25,7649.61,1783274698.147
1783274699,7649.11,7648.44,7649.79,1783274699.125
1783274700,7648.91,7648.23,7649.59,1783274700.158
1783274701,7648.12,7647.45,7648.8,1783274701.132
1783274702,7649.1,7648.43,7649.78,1783274702.192
1783274703,7647.85,7647.17,7648.53,1783274703.246
1783274704,7647.91,7647.23,7648.58,1783274704.242
1783274705,7649.05,7648.37,7649.72,1783274705.151
1783274706,7649.01,7648.34,7649.69,1783274706.140
1783274707,7648.14,7647.46,7648.82,1783274707.131
1783274708,7647.39,7646.71,7648.06,1783274708.203
1783274709,7647.55,7646.87,7648.22,1783274709.124
1783274710,7647.75,7647.07,7648.43,1783274710.149
1783274711,7646.98,7646.31,7647.66,1783274711.121
1783274712,7646.72,7646.04,7647.39,1783274712.166
1783274713,7646.52,7645.84,7647.19,1783274713.131
1783274714,7647.7,7647.02,7648.37,1783274714.150
1783274715,7647.61,7646.94,7648.29,1783274715.120
1783274716,7648.55,7647.87,7649.23,1783274716.152
1783274717,7648.13,7647.45,7648.81,1783274717.149
1783274718,7647.35,7646.68,7648.03,1783274718.156
1783274719,7647.39,7646.71,7648.07,1783274719.133
1783274720,7649.06,7648.38,7649.74,1783274720.156
1783274721,7647.67,7646.99,7648.34,1783274721.162
1783274722,7648.92,7648.24,7649.6,1783274722.151
1783274723,7648.74,7648.06,7649.42,1783274723.122
1783274724,7647.13,7646.46,7647.81,1783274724.149
1783274725,7647.25,7646.57,7647.92,1783274725.111
1783274726,7647.87,7647.2,7648.55,1783274726.153
1783274727,7648.25,7647.57,7648.92,1783274727.122
1783274728,7646.83,7646.15,7647.5,1783274728.146
1783274729,7645.33,7644.66,7646.01,1783274729.132
1783274730,7643.62,7642.94,7644.29,1783274730.163
1783274731,7645.37,7644.7,7646.05,1783274731.116
1783274732,7646.12,7645.44,7646.8,1783274732.136
1783274733,7646.32,7645.64,7647,1783274733.129
1783274734,7647.89,7647.22,7648.57,1783274734.162
1783274735,7647.42,7646.74,7648.1,1783274735.123
1783274736,7649.58,7648.9,7650.25,1783274736.158
1783274737,7649.86,7649.18,7650.53,1783274737.130
1783274738,7651.43,7650.75,7652.11,1783274738.247
1783274739,7652.31,7651.63,7652.99,1783274739.119
1783274740,7652.77,7652.1,7653.45,1783274740.152
1783274741,7652.56,7651.88,7653.24,1783274741.122
1783274742,7652.12,7651.45,7652.8,1783274742.175
1783274743,7651.63,7650.95,7652.31,1783274743.125
1783274744,7652.28,7651.61,7652.96,1783274744.164
1783274745,7651.13,7650.45,7651.81,1783274745.254
1783274746,7651.35,7650.68,7652.03,1783274746.163
1783274747,7653.39,7652.72,7654.07,1783274747.122
1783274748,7652.65,7651.98,7653.33,1783274748.152
1783274749,7652.84,7652.17,7653.52,1783274749.117
1783274750,7654.02,7653.35,7654.7,1783274750.153
1783274751,7652.87,7652.2,7653.55,1783274751.125
1783274752,7652.99,7652.31,7653.66,1783274752.167
1783274753,7651.37,7650.69,7652.04,1783274753.206
1783274754,7650.75,7650.07,7651.43,1783274754.151
1783274755,7651.57,7650.9,7652.25,1783274755.120
1783274756,7651.26,7650.58,7651.94,1783274756.242
1783274757,7651.52,7650.84,7652.2,1783274757.162
1783274758,7650.67,7649.99,7651.34,1783274758.151
1783274759,7650.56,7649.88,7651.24,1783274759.113
1783274760,7650.12,7649.44,7650.8,1783274760.301
1783274761,7650.31,7649.63,7650.99,1783274761.132
1783274762,7648.82,7648.14,7649.49,1783274762.248
1783274763,7647.74,7647.06,7648.42,1783274763.122
1783274764,7646.36,7645.69,7647.04,1783274764.146
1783274765,7646.95,7646.28,7647.63,1783274765.121
1783274766,7645.97,7645.29,7646.64,1783274766.167
1783274767,7646.09,7645.41,7646.76,1783274767.117
1783274768,7646.5,7645.83,7647.18,1783274768.244
1783274769,7646.85,7646.17,7647.53,1783274769.114
1783274770,7648.8,7648.12,7649.47,1783274770.166
1783274771,7649.12,7648.44,7649.8,1783274771.119
1783274772,7650.14,7649.46,7650.82,1783274772.156
1783274773,7650.83,7650.15,7651.5,1783274773.117
1783274774,7650.41,7649.74,7651.09,1783274774.142
1783274775,7649.11,7648.43,7649.79,1783274775.128
1783274776,7648.54,7647.86,7649.22,1783274776.145
1783274777,7648.36,7647.69,7649.04,1783274777.117
1783274778,7647.72,7647.05,7648.4,1783274778.142
1783274779,7648.25,7647.58,7648.93,1783274779.122
1783274780,7648,7647.32,7648.67,1783274780.159
1783274781,7647.85,7647.17,7648.52,1783274781.124
1783274782,7648.43,7647.76,7649.11,1783274782.142
1783274783,7649.49,7648.81,7650.17,1783274783.125
1783274784,7651.1,7650.42,7651.78,1783274784.155
1783274785,7650.43,7649.76,7651.11,1783274785.124
1783274786,7652.08,7651.4,7652.75,1783274786.159
1783274787,7651.93,7651.25,7652.61,1783274787.118
1783274788,7653.68,7653,7654.36,1783274788.161
1783274789,7654.57,7653.89,7655.25,1783274789.117
1783274790,7656.39,7655.71,7657.07,1783274790.146
1783274791,7657.9,7657.22,7658.57,1783274791.114
1783274792,7659.07,7658.39,7659.75,1783274792.141
1783274793,7659.17,7658.49,7659.85,1783274793.128
1783274794,7659.76,7659.08,7660.44,1783274794.169
1783274795,7661.84,7661.16,7662.52,1783274795.119
1783274796,7662.26,7661.59,7662.94,1783274796.165
1783274797,7663.41,7662.73,7664.09,1783274797.117
1783274798,7663.37,7662.69,7664.05,1783274798.204
1783274799,7662.74,7662.06,7663.41,1783274799.136
1783274800,7663.07,7662.39,7663.75,1783274800.161
1783274801,7660.73,7660.05,7661.41,1783274801.127
1783274802,7660.33,7659.65,7661,1783274802.143
1783274803,7659.56,7658.88,7660.24,1783274803.119
1783274804,7659.7,7659.02,7660.38,1783274804.149
1783274805,7658.15,7657.48,7658.83,1783274805.127
1783274806,7658.36,7657.68,7659.03,1783274806.141
1783274807,7657.27,7656.59,7657.94,1783274807.118
1783274808,7656.61,7655.93,7657.28,1783274808.138
1783274809,7659.46,7658.79,7660.14,1783274809.123
1783274810,7658.37,7657.69,7659.05,1783274810.151
1783274811,7659.57,7658.89,7660.25,1783274811.117
1783274812,7658.65,7657.97,7659.33,1783274812.167
1783274813,7658.55,7657.87,7659.23,1783274813.125
1783274814,7657.24,7656.56,7657.91,1783274814.154
1783274815,7657.83,7657.15,7658.51,1783274815.127
1783274816,7659.11,7658.43,7659.79,1783274816.151
1783274817,7660.04,7659.36,7660.72,1783274817.121
1783274818,7658.96,7658.28,7659.64,1783274818.150
1783274819,7660.51,7659.83,7661.19,1783274819.120
1783274820,7660.14,7659.47,7660.82,1783274820.149
1783274821,7659.24,7658.56,7659.92,1783274821.121
1783274822,7656.7,7656.03,7657.38,1783274822.174
1783274823,7656.52,7655.84,7657.2,1783274823.125
1783274824,7657.79,7657.11,7658.47,1783274824.158
1783274825,7657.29,7656.61,7657.96,1783274825.126
1783274826,7656.42,7655.74,7657.1,1783274826.148
1783274827,7656.6,7655.92,7657.28,1783274827.120
1783274828,7657.19,7656.52,7657.87,1783274828.246
1783274829,7657.74,7657.06,7658.42,1783274829.126
1783274830,7659.57,7658.89,7660.24,1783274830.151
1783274831,7659.85,7659.18,7660.53,1783274831.124
1783274832,7659.22,7658.55,7659.9,1783274832.162
1783274833,7660.96,7660.28,7661.63,1783274833.121
1783274834,7660.82,7660.14,7661.49,1783274834.133
1783274835,7660.12,7659.44,7660.8,1783274835.126
1783274836,7661.66,7660.98,7662.33,1783274836.145
1783274837,7661.29,7660.61,7661.96,1783274837.123
1783274838,7660.68,7660,7661.36,1783274838.145
1783274839,7661.71,7661.03,7662.38,1783274839.130
1783274840,7660.84,7660.17,7661.52,1783274840.154
1783274841,7660.72,7660.05,7661.4,1783274841.126
1783274842,7659.18,7658.51,7659.86,1783274842.159
1783274843,7659.18,7658.5,7659.86,1783274843.130
1783274844,7661.07,7660.39,7661.75,1783274844.138
1783274845,7660.08,7659.4,7660.75,1783274845.132
1783274846,7660.33,7659.65,7661.01,1783274846.165
1783274847,7661.49,7660.82,7662.17,1783274847.129
1783274848,7660.39,7659.72,7661.07,1783274848.157
1783274849,7661.63,7660.95,7662.31,1783274849.118
1783274850,7659.16,7658.48,7659.84,1783274850.154
1783274851,7658.6,7657.93,7659.28,1783274851.126
1783274852,7658.43,7657.75,7659.11,1783274852.143
1783274853,7658.52,7657.84,7659.2,1783274853.120
1783274854,7660.22,7659.54,7660.9,1783274854.149
1783274855,7659.36,7658.68,7660.04,1783274855.124
1783274856,7659.61,7658.93,7660.29,1783274856.140
1783274857,7660.33,7659.66,7661.01,1783274857.135
1783274858,7661.09,7660.41,7661.77,1783274858.209
1783274859,7660.84,7660.16,7661.52,1783274859.129
1783274860,7661.4,7660.72,7662.08,1783274860.148
1783274861,7659.83,7659.15,7660.51,1783274861.115
1783274862,7660.93,7660.26,7661.61,1783274862.201
1783274863,7661.29,7660.61,7661.97,1783274863.133
1783274864,7661.2,7660.52,7661.88,1783274864.147
1783274865,7661.3,7660.62,7661.98,1783274865.133
1783274866,7661.41,7660.74,7662.09,1783274866.151
1783274867,7661.74,7661.07,7662.42,1783274867.135
1783274868,7660.16,7659.48,7660.84,1783274868.164
1783274869,7658.64,7657.97,7659.32,1783274869.143
1783274870,7658.58,7657.9,7659.25,1783274870.157
1783274871,7657.38,7656.7,7658.06,1783274871.134
1783274872,7656.47,7655.79,7657.15,1783274872.139
1783274873,7656.74,7656.07,7657.42,1783274873.124
1783274874,7654.44,7653.77,7655.12,1783274874.169
1783274875,7655.14,7654.46,7655.82,1783274875.117
1783274876,7653.82,7653.14,7654.5,1783274876.147
1783274877,7655.14,7654.47,7655.82,1783274877.128
1783274878,7655,7654.32,7655.68,1783274878.153
1783274879,7653.88,7653.2,7654.56,1783274879.127
1783274880,7653.91,7653.23,7654.59,1783274880.148
1783274881,7654.46,7653.78,7655.14,1783274881.134
1783274882,7653.46,7652.78,7654.14,1783274882.283
1783274883,7653.8,7653.13,7654.48,1783274883.146
1783274884,7652.58,7651.9,7653.26,1783274884.224
1783274885,7652.96,7652.28,7653.64,1783274885.150
1783274886,7653.6,7652.92,7654.28,1783274886.138
1783274887,7653.07,7652.4,7653.75,1783274887.123
1783274888,7653.23,7652.55,7653.9,1783274888.205
1783274889,7652.29,7651.61,7652.97,1783274889.136
1783274890,7654.46,7653.79,7655.14,1783274890.157
1783274891,7653.57,7652.9,7654.25,1783274891.119
1783274892,7653.2,7652.53,7653.88,1783274892.142
1783274893,7653.57,7652.9,7654.25,1783274893.118
1783274894,7652.15,7651.47,7652.83,1783274894.161
1783274895,7651.61,7650.93,7652.29,1783274895.125
1783274896,7651.78,7651.1,7652.46,1783274896.146
1783274897,7651.25,7650.58,7651.93,1783274897.121
1783274898,7652.12,7651.44,7652.79,1783274898.159
1783274899,7652.5,7651.83,7653.18,1783274899.116
1783274900,7653.48,7652.8,7654.15,1783274900.146
1783274901,7653.19,7652.51,7653.86,1783274901.124
1783274902,7649.66,7648.98,7650.34,1783274902.145
1783274903,7650.5,7649.83,7651.18,1783274903.126
1783274904,7650.08,7649.4,7650.75,1783274904.139
1783274905,7650.42,7649.74,7651.09,1783274905.143
1783274906,7648.9,7648.22,7649.58,1783274906.144
1783274907,7650.61,7649.93,7651.28,1783274907.120
1783274908,7649.67,7648.99,7650.34,1783274908.155
1783274909,7650.63,7649.95,7651.31,1783274909.130
1783274910,7650.68,7650,7651.35,1783274910.148
1783274911,7650.72,7650.05,7651.4,1783274911.127
1783274912,7650.87,7650.19,7651.55,1783274912.141
1783274913,7649.01,7648.33,7649.69,1783274913.127
1783274914,7650.08,7649.41,7650.76,1783274914.144
1783274915,7648.39,7647.71,7649.07,1783274915.139
1783274916,7647.98,7647.3,7648.66,1783274916.155
1783274917,7648.94,7648.26,7649.61,1783274917.165
1783274918,7646.92,7646.24,7647.6,1783274918.251
1783274919,7648.14,7647.47,7648.82,1783274919.131
1783274920,7648.61,7647.93,7649.29,1783274920.158
1783274921,7648.14,7647.46,7648.82,1783274921.118
1783274922,7647.56,7646.88,7648.23,1783274922.158
1783274923,7647.91,7647.24,7648.59,1783274923.121
1783274924,7646.97,7646.3,7647.65,1783274924.169
1783274925,7648.4,7647.72,7649.08,1783274925.134
1783274926,7649.49,7648.81,7650.17,1783274926.145
1783274927,7648.62,7647.94,7649.29,1783274927.126
1783274928,7647.88,7647.2,7648.55,1783274928.158
1783274929,7648.22,7647.54,7648.9,1783274929.131
1783274930,7646.85,7646.17,7647.52,1783274930.165
1783274931,7645.53,7644.86,7646.21,1783274931.127
1783274932,7646.44,7645.76,7647.11,1783274932.153
1783274933,7646.17,7645.49,7646.84,1783274933.125
1783274934,7644.63,7643.95,7645.31,1783274934.147
1783274935,7644.55,7643.87,7645.23,1783274935.117
1783274936,7645.07,7644.39,7645.75,1783274936.130
1783274937,7644.19,7643.51,7644.86,1783274937.140
1783274938,7644.77,7644.1,7645.45,1783274938.147
1783274939,7643.55,7642.87,7644.23,1783274939.120
1783274940,7643.52,7642.84,7644.2,1783274940.143
1783274941,7643.07,7642.39,7643.74,1783274941.125
1783274942,7642.87,7642.19,7643.54,1783274942.185
1783274943,7642.66,7641.98,7643.33,1783274943.233
1783274944,7642.16,7641.48,7642.83,1783274944.176
1783274945,7642.48,7641.81,7643.16,1783274945.125
1783274946,7642.69,7642.01,7643.37,1783274946.160
1783274947,7642.85,7642.17,7643.52,1783274947.114
1783274948,7642.58,7641.91,7643.26,1783274948.202
1783274949,7642.84,7642.17,7643.52,1783274949.117
1783274950,7644.6,7643.93,7645.28,1783274950.150
1783274951,7644.17,7643.5,7644.85,1783274951.114
1783274952,7643.18,7642.51,7643.86,1783274952.148
1783274953,7644.17,7643.5,7644.85,1783274953.119
1783274954,7642.97,7642.3,7643.65,1783274954.145
1783274955,7643.39,7642.71,7644.07,1783274955.118
1783274956,7643.2,7642.52,7643.87,1783274956.170
1783274957,7643.04,7642.36,7643.71,1783274957.119
1783274958,7644.48,7643.8,7645.15,1783274958.152
1783274959,7644.83,7644.16,7645.51,1783274959.118
1783274960,7645.05,7644.38,7645.73,1783274960.154
1783274961,7643.45,7642.77,7644.13,1783274961.127
1783274962,7643.18,7642.5,7643.85,1783274962.143
1783274963,7642.56,7641.89,7643.24,1783274963.126
1783274964,7642.42,7641.74,7643.09,1783274964.148
1783274965,7641.88,7641.2,7642.56,1783274965.127
1783274966,7640.68,7640.01,7641.36,1783274966.159
1783274967,7639,7638.32,7639.68,1783274967.132
1783274968,7638.62,7637.95,7639.3,1783274968.156
1783274969,7636.71,7636.03,7637.38,1783274969.119
1783274970,7636.24,7635.57,7636.92,1783274970.152
1783274971,7636.98,7636.3,7637.65,1783274971.121
1783274972,7636.05,7635.37,7636.72,1783274972.138
1783274973,7636.3,7635.62,7636.97,1783274973.118
1783274974,7633.4,7632.73,7634.08,1783274974.151
1783274975,7634.81,7634.13,7635.48,1783274975.132
1783274976,7634.38,7633.71,7635.06,1783274976.155
1783274977,7635.78,7635.11,7636.46,1783274977.122
1783274978,7637.19,7636.51,7637.87,1783274978.247
1783274979,7637.72,7637.04,7638.39,1783274979.119
1783274980,7636.52,7635.84,7637.2,1783274980.146
1783274981,7636.69,7636.01,7637.36,1783274981.125
1783274982,7633.33,7632.65,7634.01,1783274982.149
1783274983,7633.05,7632.38,7633.73,1783274983.129
1783274984,7631.65,7630.98,7632.33,1783274984.151
1783274985,7631.25,7630.57,7631.92,1783274985.120
1783274986,7630.1,7629.42,7630.77,1783274986.149
1783274987,7631.07,7630.4,7631.75,1783274987.135
1783274988,7687.07,7686.39,7687.75,1783274988.150
1783274989,7686.24,7685.56,7686.92,1783274989.121
1783274990,7686.01,7685.33,7686.69,1783274990.156
1783274991,7685.85,7685.17,7686.53,1783274991.135
1783274992,7684.7,7684.02,7685.38,1783274992.170
1783274993,7683.17,7682.49,7683.85,1783274993.123
1783274994,7682.9,7682.22,7683.58,1783274994.159
1783274995,7684.01,7683.33,7684.69,1783274995.127
1783274996,7684.91,7684.23,7685.59,1783274996.150
1783274997,7685.39,7684.71,7686.07,1783274997.126
1783274998,7682.06,7681.38,7682.74,1783274998.158
1783274999,7682.09,7681.41,7682.77,1783274999.124
1783275000,7682.36,7681.68,7683.04,1783275000.163
1783275001,7682.4,7681.72,7683.08,1783275001.135
1783275002,7682.88,7682.2,7683.56,1783275002.214
1783275003,7682.19,7681.51,7682.87,1783275003.159
1783275004,7680.24,7679.56,7680.92,1783275004.224
1783275005,7680.95,7680.27,7681.62,1783275005.277
1783275006,7681.38,7680.7,7682.06,1783275006.174
1783275007,7682.42,7681.74,7683.1,1783275007.125
1783275008,7681.84,7681.16,7682.52,1783275008.247
1783275009,7683.73,7683.05,7684.41,1783275009.129
1783275010,7682.33,7681.65,7683.01,1783275010.148
1783275011,7682.03,7681.35,7682.71,1783275011.118
1783275012,7682.84,7682.16,7683.52,1783275012.167
1783275013,7684.39,7683.71,7685.07,1783275013.132
1783275014,7683.93,7683.25,7684.61,1783275014.163
1783275015,7681.88,7681.2,7682.56,1783275015.123
1783275016,7679.38,7678.7,7680.06,1783275016.161
1783275017,7678.95,7678.28,7679.63,1783275017.122
1783275018,7678.47,7677.79,7679.15,1783275018.157
1783275019,7677.34,7676.66,7678.02,1783275019.126
1783275020,7676.02,7675.34,7676.7,1783275020.202
1783275021,7676.08,7675.4,7676.76,1783275021.135
1783275022,7675.14,7674.46,7675.82,1783275022.143
1783275023,7673.86,7673.18,7674.54,1783275023.129
1783275024,7674.55,7673.87,7675.23,1783275024.143
1783275025,7675.81,7675.13,7676.49,1783275025.153
1783275026,7677.36,7676.68,7678.04,1783275026.145
1783275027,7677.31,7676.64,7677.99,1783275027.129
1783275028,7677.41,7676.73,7678.09,1783275028.145
1783275029,7677.94,7677.26,7678.62,1783275029.129
1783275030,7678.15,7677.48,7678.83,1783275030.149
1783275031,7678.58,7677.9,7679.26,1783275031.129
1783275032,7678.61,7677.93,7679.29,1783275032.153
1783275033,7676.72,7676.04,7677.4,1783275033.130
1783275034,7675.42,7674.74,7676.1,1783275034.164
1783275035,7675.3,7674.62,7675.97,1783275035.128
1783275036,7674.38,7673.7,7675.06,1783275036.137
1783275037,7673.27,7672.59,7673.95,1783275037.118
1783275038,7673.12,7672.44,7673.8,1783275038.243
1783275039,7672.5,7671.82,7673.18,1783275039.132
1783275040,7671.11,7670.43,7671.79,1783275040.159
1783275041,7672.28,7671.6,7672.96,1783275041.118
1783275042,7674.08,7673.4,7674.76,1783275042.137
1783275043,7673.71,7673.03,7674.39,1783275043.119
1783275044,7673.13,7672.45,7673.81,1783275044.161
1783275045,7674.98,7674.3,7675.66,1783275045.121
1783275046,7674.88,7674.2,7675.56,1783275046.158
1783275047,7675.67,7674.99,7676.35,1783275047.126
1783275048,7675.34,7674.66,7676.02,1783275048.138
1783275049,7674.75,7674.07,7675.43,1783275049.130
1783275050,7673.34,7672.66,7674.02,1783275050.156
1783275051,7673.8,7673.12,7674.48,1783275051.138
1783275052,7673.65,7672.97,7674.33,1783275052.144
1783275053,7673.52,7672.84,7674.2,1783275053.130
1783275054,7673.64,7672.96,7674.32,1783275054.143
1783275055,7674.3,7673.62,7674.97,1783275055.122
1783275056,7675,7674.32,7675.68,1783275056.145
1783275057,7675.76,7675.08,7676.44,1783275057.119
1783275058,7675.82,7675.15,7676.5,1783275058.143
1783275059,7675.27,7674.59,7675.95,1783275059.126
1783275060,7676.41,7675.73,7677.09,1783275060.159
1783275061,7678.54,7677.86,7679.21,1783275061.138
1783275062,7678.12,7677.44,7678.8,1783275062.196
1783275063,7677.73,7677.05,7678.4,1783275063.206
1783275064,7677.19,7676.51,7677.87,1783275064.175
1783275065,7676.94,7676.26,7677.62,1783275065.133
1783275066,7675.48,7674.8,7676.16,1783275066.170
1783275067,7673.48,7672.8,7674.16,1783275067.141
1783275068,7675.14,7674.46,7675.82,1783275068.256
1783275069,7673.93,7673.25,7674.61,1783275069.122
1783275070,7674.03,7673.35,7674.71,1783275070.152
1783275071,7673.34,7672.66,7674.02,1783275071.118
1783275072,7670.67,7669.99,7671.34,1783275072.150
1783275073,7668.74,7668.07,7669.42,1783275073.126
1783275074,7668.53,7667.85,7669.2,1783275074.140
1783275075,7667.52,7666.84,7668.2,1783275075.119
1783275076,7667.1,7666.42,7667.78,1783275076.154
1783275077,7666.69,7666.01,7667.37,1783275077.125
1783275078,7667.18,7666.5,7667.86,1783275078.143
1783275079,7666.02,7665.34,7666.7,1783275079.130
1783275080,7669.16,7668.48,7669.84,1783275080.147
1783275081,7669.6,7668.92,7670.28,1783275081.126
1783275082,7670.43,7669.75,7671.1,1783275082.152
1783275083,7669.15,7668.48,7669.83,1783275083.126
1783275084,7670.19,7669.51,7670.86,1783275084.144
1783275085,7672.92,7672.24,7673.59,1783275085.130
1783275086,7672.85,7672.17,7673.53,1783275086.155
1783275087,7673.23,7672.55,7673.91,1783275087.122
1783275088,7673.64,7672.96,7674.32,1783275088.147
1783275089,7671.87,7671.19,7672.55,1783275089.116
1783275090,7671.21,7670.54,7671.89,1783275090.148
1783275091,7670.46,7669.79,7671.14,1783275091.130
1783275092,7670.9,7670.22,7671.58,1783275092.141
1783275093,7670.39,7669.71,7671.07,1783275093.136
1783275094,7670.38,7669.7,7671.05,1783275094.165
1783275095,7668.98,7668.3,7669.65,1783275095.123
1783275096,7669.64,7668.96,7670.32,1783275096.142
1783275097,7669,7668.32,7669.68,1783275097.126
1783275098,7667.95,7667.27,7668.63,1783275098.249
1783275099,7667.01,7666.34,7667.69,1783275099.122
1783275100,7667.05,7666.37,7667.73,1783275100.164
1783275101,7666.99,7666.31,7667.67,1783275101.117
1783275102,7668.93,7668.25,7669.61,1783275102.147
1783275103,7670.03,7669.35,7670.71,1783275103.133
1783275104,7670.83,7670.16,7671.51,1783275104.156
1783275105,7670.21,7669.53,7670.89,1783275105.116
1783275106,7669.05,7668.37,7669.73,1783275106.160
1783275107,7667.86,7667.19,7668.54,1783275107.118
1783275108,7666.43,7665.75,7667.11,1783275108.146
1783275109,7667.06,7666.38,7667.74,1783275109.115
1783275110,7664.86,7664.18,7665.54,1783275110.144
1783275111,7664.79,7664.11,7665.47,1783275111.126
1783275112,7665.98,7665.3,7666.66,1783275112.145
1783275113,7665.63,7664.96,7666.31,1783275113.122
1783275114,7664.35,7663.67,7665.03,1783275114.141
1783275115,7663.16,7662.48,7663.84,1783275115.124
1783275116,7664.1,7663.42,7664.78,1783275116.147
1783275117,7664.42,7663.74,7665.1,1783275117.118
1783275118,7664.73,7664.05,7665.41,1783275118.145
1783275119,7665.97,7665.29,7666.65,1783275119.126
1783275120,7666.6,7665.92,7667.28,1783275120.149
1783275121,7666.08,7665.4,7666.76,1783275121.118
1783275122,7666.27,7665.59,7666.95,1783275122.188
1783275123,7665.41,7664.73,7666.09,1783275123.202
1783275124,7666.43,7665.75,7667.11,1783275124.172
1783275125,7665.14,7664.46,7665.81,1783275125.121
1783275126,7666.66,7665.98,7667.34,1783275126.165
1783275127,7666.2,7665.52,7666.88,1783275127.128
1783275128,7665.01,7664.34,7665.69,1783275128.244
1783275129,7663.07,7662.39,7663.75,1783275129.125
1783275130,7661.59,7660.91,7662.27,1783275130.145
1783275131,7660.17,7659.49,7660.85,1783275131.124
1783275132,7660.14,7659.47,7660.82,1783275132.146
1783275133,7659.94,7659.26,7660.62,1783275133.124
1783275134,7659.39,7658.71,7660.07,1783275134.155
1783275135,7659.8,7659.12,7660.48,1783275135.122
1783275136,7658.55,7657.87,7659.23,1783275136.166
1783275137,7657.47,7656.79,7658.14,1783275137.133
1783275138,7657.74,7657.07,7658.42,1783275138.151
1783275139,7658.76,7658.08,7659.44,1783275139.125
1783275140,7656.58,7655.9,7657.26,1783275140.154
1783275141,7656.47,7655.79,7657.15,1783275141.120
1783275142,7657.15,7656.47,7657.83,1783275142.163
1783275143,7658.45,7657.77,7659.13,1783275143.133
1783275144,7658.8,7658.13,7659.48,1783275144.155
1783275145,7658.28,7657.6,7658.96,1783275145.132
1783275146,7657.99,7657.31,7658.67,1783275146.177
1783275147,7657.18,7656.5,7657.85,1783275147.129
1783275148,7657.76,7657.08,7658.43,1783275148.164
1783275149,7657.9,7657.22,7658.57,1783275149.137
1783275150,7658.26,7657.59,7658.94,1783275150.150
1783275151,7659.32,7658.65,7660,1783275151.133
1783275152,7658.87,7658.2,7659.55,1783275152.156
1783275153,7657.8,7657.12,7658.47,1783275153.128
1783275154,7656.89,7656.21,7657.57,1783275154.146
1783275155,7658.02,7657.34,7658.7,1783275155.140
1783275156,7657.45,7656.77,7658.13,1783275156.150
1783275157,7656.78,7656.1,7657.46,1783275157.124
1783275158,7657.95,7657.27,7658.62,1783275158.157
1783275159,7658,7657.32,7658.68,1783275159.224
1783275160,7655.78,7655.1,7656.46,1783275160.136
1783275161,7656.67,7655.99,7657.35,1783275161.116
1783275162,7657.54,7656.86,7658.22,1783275162.166
1783275163,7659.36,7658.69,7660.04,1783275163.122
1783275164,7659.29,7658.61,7659.96,1783275164.140
1783275165,7660.74,7660.06,7661.42,1783275165.123
1783275166,7660.14,7659.46,7660.81,1783275166.147
1783275167,7659.24,7658.57,7659.92,1783275167.128
1783275168,7660.19,7659.51,7660.87,1783275168.162
1783275169,7660.5,7659.83,7661.18,1783275169.121
1783275170,7660.09,7659.41,7660.76,1783275170.155
1783275171,7659.56,7658.88,7660.24,1783275171.138
1783275172,7658.48,7657.8,7659.16,1783275172.167
1783275173,7658.02,7657.34,7658.7,1783275173.121
1783275174,7657.27,7656.59,7657.95,1783275174.140
1783275175,7657.31,7656.63,7657.99,1783275175.120
1783275176,7657.58,7656.9,7658.26,1783275176.143
1783275177,7657.59,7656.91,7658.27,1783275177.126
1783275178,7659.62,7658.94,7660.29,1783275178.151
1783275179,7657.79,7657.12,7658.47,1783275179.119
1783275180,7657.9,7657.22,7658.58,1783275180.173
1783275181,7657.73,7657.05,7658.41,1783275181.133
1783275182,7657.9,7657.23,7658.58,1783275182.252
1783275183,7657.63,7656.95,7658.31,1783275183.121
1783275184,7657.81,7657.13,7658.48,1783275184.162
1783275185,7657.2,7656.53,7657.88,1783275185.128
1783275186,7658.6,7657.92,7659.28,1783275186.161
1783275187,7658.16,7657.48,7658.84,1783275187.119
1783275188,7659.66,7658.98,7660.34,1783275188.245
1783275189,7660.07,7659.39,7660.74,1783275189.120
1783275190,7661.47,7660.79,7662.14,1783275190.140
1783275191,7661.6,7660.93,7662.28,1783275191.122
1783275192,7662.81,7662.13,7663.48,1783275192.156
1783275193,7662.99,7662.31,7663.67,1783275193.122
1783275194,7661.93,7661.25,7662.61,1783275194.155
1783275195,7661.62,7660.94,7662.3,1783275195.119
1783275196,7662.76,7662.08,7663.44,1783275196.146
1783275197,7662.77,7662.09,7663.44,1783275197.117
1783275198,7661.46,7660.78,7662.14,1783275198.134
1783275199,7660.91,7660.23,7661.59,1783275199.132
1783275200,7661.28,7660.6,7661.96,1783275200.165
1783275201,7659.85,7659.17,7660.53,1783275201.124
1783275202,7659.71,7659.03,7660.39,1783275202.151
1783275203,7660.2,7659.52,7660.88,1783275203.124
1783275204,7661.41,7660.74,7662.09,1783275204.155
1783275205,7661.81,7661.14,7662.49,1783275205.127
1783275206,7661.14,7660.47,7661.82,1783275206.155
1783275207,7661.04,7660.36,7661.72,1783275207.140
1783275208,7661.61,7660.93,7662.29,1783275208.162
1783275209,7661.12,7660.44,7661.8,1783275209.132
1783275210,7661.76,7661.08,7662.44,1783275210.145
1783275211,7661.51,7660.83,7662.19,1783275211.120
1783275212,7660.89,7660.21,7661.56,1783275212.144
1783275213,7660.64,7659.96,7661.32,1783275213.127
1783275214,7660.82,7660.14,7661.5,1783275214.149
1783275215,7660.92,7660.24,7661.59,1783275215.121
1783275216,7661.4,7660.72,7662.07,1783275216.155
1783275217,7662.11,7661.43,7662.78,1783275217.122
1783275218,7661.2,7660.53,7661.88,1783275218.202
1783275219,7660.65,7659.97,7661.32,1783275219.124
1783275220,7660.63,7659.95,7661.31,1783275220.146
1783275221,7659.04,7658.36,7659.72,1783275221.126
1783275222,7659.07,7658.39,7659.75,1783275222.171
1783275223,7659.09,7658.41,7659.76,1783275223.127
1783275224,7659.6,7658.92,7660.28,1783275224.162
1783275225,7657.99,7657.31,7658.67,1783275225.132
1783275226,7657.39,7656.71,7658.07,1783275226.157
1783275227,7657.19,7656.51,7657.86,1783275227.127
1783275228,7658.99,7658.31,7659.67,1783275228.247
1783275229,7659.81,7659.13,7660.48,1783275229.120
1783275230,7660.54,7659.86,7661.21,1783275230.146
1783275231,7663.07,7662.4,7663.75,1783275231.122
1783275232,7662.1,7661.43,7662.78,1783275232.149
1783275233,7663.49,7662.81,7664.17,1783275233.127
1783275234,7663.43,7662.75,7664.1,1783275234.146
1783275235,7662.38,7661.7,7663.06,1783275235.176
1783275236,7664.1,7663.42,7664.78,1783275236.153
1783275237,7663.56,7662.88,7664.24,1783275237.124
1783275238,7663.64,7662.96,7664.31,1783275238.150
1783275239,7664.83,7664.15,7665.51,1783275239.132
1783275240,7666.34,7665.66,7667.02,1783275240.162
1783275241,7665.48,7664.8,7666.16,1783275241.121
1783275242,7667.31,7666.63,7667.99,1783275242.204
1783275243,7665.63,7664.95,7666.31,1783275243.177
1783275244,7665.54,7664.86,7666.22,1783275244.167
1783275245,7665.58,7664.9,7666.26,1783275245.158
1783275246,7665.76,7665.08,7666.43,1783275246.161
1783275247,7665.04,7664.36,7665.72,1783275247.117
1783275248,7664.02,7663.34,7664.7,1783275248.141
1783275249,7664.31,7663.63,7664.99,1783275249.115
1783275250,7662,7661.32,7662.68,1783275250.161
1783275251,7660.85,7660.17,7661.53,1783275251.118
1783275252,7659.93,7659.25,7660.61,1783275252.156
1783275253,7659.7,7659.02,7660.38,1783275253.120
1783275254,7659.22,7658.54,7659.9,1783275254.136
1783275255,7661.65,7660.98,7662.33,1783275255.144
1783275256,7661.44,7660.76,7662.12,1783275256.153
1783275257,7661.41,7660.73,7662.08,1783275257.116
1783275258,7660.79,7660.11,7661.47,1783275258.155
1783275259,7660.78,7660.11,7661.46,1783275259.125
1783275260,7661.21,7660.54,7661.89,1783275260.152
1783275261,7661.27,7660.59,7661.95,1783275261.118
1783275262,7661.35,7660.67,7662.03,1783275262.157
1783275263,7660.47,7659.79,7661.15,1783275263.123
1783275264,7658.96,7658.28,7659.63,1783275264.148
1783275265,7659,7658.32,7659.68,1783275265.116
1783275266,7658.68,7658,7659.36,1783275266.166
1783275267,7659.18,7658.5,7659.86,1783275267.162
1783275268,7660.27,7659.59,7660.95,1783275268.148
1783275269,7660.46,7659.79,7661.14,1783275269.136
1783275270,7659.27,7658.6,7659.95,1783275270.145
1783275271,7658.96,7658.28,7659.64,1783275271.122
1783275272,7658.43,7657.76,7659.11,1783275272.165
1783275273,7657.48,7656.81,7658.16,1783275273.119
1783275274,7655.71,7655.03,7656.38,1783275274.208
1783275275,7654.12,7653.44,7654.79,1783275275.121
1783275276,7652.99,7652.31,7653.66,1783275276.146
1783275277,7653.69,7653.01,7654.37,1783275277.127
1783275278,7654.34,7653.67,7655.02,1783275278.207
1783275279,7653.81,7653.13,7654.48,1783275279.125
1783275280,7653.32,7652.65,7654,1783275280.162
1783275281,7654.85,7654.17,7655.53,1783275281.119
1783275282,7654.02,7653.35,7654.7,1783275282.141
1783275283,7655.31,7654.63,7655.98,1783275283.132
1783275284,7655.57,7654.9,7656.25,1783275284.141
1783275285,7655.28,7654.61,7655.96,1783275285.116
1783275286,7656.56,7655.88,7657.24,1783275286.147
1783275287,7655.93,7655.25,7656.61,1783275287.116
1783275288,7655.94,7655.26,7656.62,1783275288.145
1783275289,7655.04,7654.36,7655.71,1783275289.114
1783275290,7656.26,7655.58,7656.93,1783275290.208
1783275291,7656.82,7656.14,7657.5,1783275291.120
1783275292,7656.77,7656.09,7657.45,1783275292.140
1783275293,7658.47,7657.8,7659.15,1783275293.125
1783275294,7658.91,7658.23,7659.59,1783275294.143
1783275295,7658.39,7657.72,7659.07,1783275295.117
1783275296,7658.29,7657.61,7658.97,1783275296.145
1783275297,7657.77,7657.09,7658.45,1783275297.117
1783275298,7658.11,7657.43,7658.78,1783275298.160
1783275299,7656.84,7656.16,7657.51,1783275299.123
1783275300,7657.43,7656.75,7658.1,1783275300.159
1783275301,7657.75,7657.08,7658.43,1783275301.113
1783275302,7658.11,7657.43,7658.79,1783275302.316
1783275303,7658.46,7657.78,7659.13,1783275303.129
1783275304,7660,7659.32,7660.68,1783275304.301
1783275305,7659.32,7658.64,7660,1783275305.179
1783275306,7659.71,7659.03,7660.38,1783275306.146
1783275307,7659.85,7659.17,7660.52,1783275307.127
1783275308,7659.43,7658.75,7660.1,1783275308.247
1783275309,7659.11,7658.44,7659.79,1783275309.121
1783275310,7660.02,7659.34,7660.7,1783275310.156
1783275311,7661.65,7660.98,7662.33,1783275311.111
1783275312,7661.33,7660.65,7662.01,1783275312.164
1783275313,7660.14,7659.46,7660.82,1783275313.125
1783275314,7660.76,7660.08,7661.43,1783275314.157
1783275315,7660.09,7659.42,7660.77,1783275315.129
1783275316,7661.19,7660.51,7661.87,1783275316.152
1783275317,7661.82,7661.14,7662.5,1783275317.155
1783275318,7661.52,7660.84,7662.2,1783275318.139
1783275319,7660.53,7659.85,7661.2,1783275319.122
1783275320,7660.09,7659.41,7660.77,1783275320.147
1783275321,7660.28,7659.6,7660.96,1783275321.126
1783275322,7658.4,7657.73,7659.08,1783275322.138
1783275323,7657.92,7657.24,7658.59,1783275323.129
1783275324,7659.77,7659.09,7660.44,1783275324.143
1783275325,7661.02,7660.35,7661.7,1783275325.124
1783275326,7662.2,7661.52,7662.87,1783275326.163
1783275327,7661.38,7660.71,7662.06,1783275327.119
1783275328,7661.21,7660.53,7661.89,1783275328.149
1783275329,7660.84,7660.16,7661.52,1783275329.124
1783275330,7659.9,7659.22,7660.57,1783275330.160
1783275331,7660.41,7659.74,7661.09,1783275331.115
1783275332,7662.33,7661.65,7663,1783275332.160
1783275333,7660.59,7659.92,7661.27,1783275333.123
1783275334,7660.07,7659.39,7660.75,1783275334.155
1783275335,7659.17,7658.49,7659.84,1783275335.141
1783275336,7656.06,7655.38,7656.74,1783275336.144
1783275337,7655.99,7655.32,7656.67,1783275337.134
1783275338,7656.22,7655.54,7656.89,1783275338.244
1783275339,7656.71,7656.03,7657.39,1783275339.127
1783275340,7655.82,7655.14,7656.49,1783275340.145
1783275341,7656.36,7655.68,7657.04,1783275341.113
1783275342,7657.86,7657.18,7658.54,1783275342.160
1783275343,7657.93,7657.26,7658.61,1783275343.121
1783275344,7658.93,7658.25,7659.61,1783275344.172
1783275345,7657.92,7657.24,7658.6,1783275345.124
1783275346,7659.09,7658.41,7659.77,1783275346.135
1783275347,7659.92,7659.24,7660.6,1783275347.111
1783275348,7658.77,7658.09,7659.45,1783275348.143
1783275349,7660.01,7659.33,7660.69,1783275349.120
1783275350,7661.28,7660.6,7661.96,1783275350.147
1783275351,7659.36,7658.68,7660.04,1783275351.122
1783275352,7659.84,7659.16,7660.51,1783275352.149
1783275353,7661.88,7661.2,7662.55,1783275353.118
1783275354,7661.3,7660.63,7661.98,1783275354.164
1783275355,7661.91,7661.24,7662.59,1783275355.113
1783275356,7660.78,7660.1,7661.46,1783275356.173
1783275357,7661.39,7660.71,7662.07,1783275357.187
1783275358,7659.82,7659.14,7660.5,1783275358.156
1783275359,7661.11,7660.43,7661.79,1783275359.121
1783275360,7659.63,7658.95,7660.3,1783275360.143
1783275361,7659.07,7658.39,7659.75,1783275361.120
1783275362,7660.24,7659.56,7660.92,1783275362.164
1783275363,7661.79,7661.11,7662.47,1783275363.136
1783275364,7661.1,7660.42,7661.78,1783275364.177
1783275365,7660.25,7659.57,7660.93,1783275365.129
1783275366,7660.85,7660.18,7661.53,1783275366.162
1783275367,7659.8,7659.12,7660.47,1783275367.112
1783275368,7660.23,7659.55,7660.91,1783275368.205
1783275369,7661.89,7661.21,7662.57,1783275369.128
1783275370,7661.72,7661.04,7662.39,1783275370.164
1783275371,7663.16,7662.48,7663.84,1783275371.117
1783275372,7662.13,7661.45,7662.81,1783275372.145
1783275373,7662.96,7662.28,7663.64,1783275373.125
1783275374,7663.12,7662.44,7663.8,1783275374.145
1783275375,7664.33,7663.66,7665.01,1783275375.126
1783275376,7665.31,7664.63,7665.99,1783275376.164
1783275377,7665.57,7664.89,7666.25,1783275377.122
1783275378,7666.23,7665.55,7666.91,1783275378.156
1783275379,7666.83,7666.15,7667.51,1783275379.121
1783275380,7667.59,7666.92,7668.27,1783275380.160
1783275381,7668.72,7668.04,7669.4,1783275381.119
1783275382,7668.37,7667.69,7669.05,1783275382.163
1783275383,7669.61,7668.93,7670.29,1783275383.129
1783275384,7670.06,7669.38,7670.74,1783275384.143
1783275385,7670.63,7669.96,7671.31,1783275385.129
1783275386,7670.71,7670.03,7671.39,1783275386.147
1783275387,7670.82,7670.14,7671.5,1783275387.122
1783275388,7672.03,7671.35,7672.71,1783275388.164
1783275389,7673.05,7672.37,7673.72,1783275389.121
1783275390,7671.93,7671.26,7672.61,1783275390.161
1783275391,7672.4,7671.72,7673.08,1783275391.124
1783275392,7673.7,7673.02,7674.38,1783275392.157
1783275393,7671.25,7670.57,7671.93,1783275393.117
1783275394,7670.48,7669.8,7671.16,1783275394.141
1783275395,7670.43,7669.75,7671.11,1783275395.129
1783275396,7671.61,7670.93,7672.28,1783275396.138
1783275397,7671.5,7670.82,7672.18,1783275397.119
1783275398,7670.84,7670.16,7671.52,1783275398.244
1783275399,7671.06,7670.38,7671.74,1783275399.122
1783275400,7671.31,7670.63,7671.99,1783275400.181
1783275401,7669.98,7669.3,7670.66,1783275401.159
1783275402,7670.25,7669.57,7670.93,1783275402.147
1783275403,7669.54,7668.87,7670.22,1783275403.117
1783275404,7672.42,7671.74,7673.1,1783275404.201
1783275405,7672.86,7672.18,7673.54,1783275405.120
1783275406,7674.19,7673.51,7674.87,1783275406.140
1783275407,7672.84,7672.16,7673.52,1783275407.119
1783275408,7673.85,7673.17,7674.53,1783275408.160
1783275409,7672.12,7671.44,7672.8,1783275409.125
1783275410,7670.93,7670.25,7671.61,1783275410.145
1783275411,7672.03,7671.35,7672.71,1783275411.114
1783275412,7672.78,7672.1,7673.46,1783275412.155
1783275413,7672.26,7671.58,7672.94,1783275413.126
1783275414,7671.15,7670.47,7671.83,1783275414.137
1783275415,7669.99,7669.31,7670.67,1783275415.118
1783275416,7671.65,7670.97,7672.33,1783275416.135
1783275417,7671.5,7670.82,7672.18,1783275417.127
1783275418,7672.93,7672.25,7673.61,1783275418.139
1783275419,7672.97,7672.29,7673.65,1783275419.124
1783275420,7673.73,7673.05,7674.41,1783275420.149
1783275421,7674.42,7673.74,7675.1,1783275421.122
1783275422,7671.66,7670.98,7672.34,1783275422.214
1783275423,7671.37,7670.69,7672.05,1783275423.123
1783275424,7672.29,7671.61,7672.97,1783275424.168
1783275425,7671.41,7670.73,7672.09,1783275425.127
1783275426,7673.95,7673.27,7674.62,1783275426.163
1783275427,7673.76,7673.08,7674.43,1783275427.118
1783275428,7672.59,7671.91,7673.27,1783275428.211
1783275429,7673.63,7672.95,7674.31,1783275429.118
1783275430,7674.79,7674.12,7675.47,1783275430.148
1783275431,7673.16,7672.48,7673.84,1783275431.120
1783275432,7670.95,7670.28,7671.63,1783275432.156
1783275433,7671.31,7670.63,7671.99,1783275433.117
1783275434,7670.41,7669.73,7671.09,1783275434.150
1783275435,7671.73,7671.05,7672.41,1783275435.126
1783275436,7670.87,7670.19,7671.55,1783275436.152
1783275437,7671,7670.32,7671.68,1783275437.128
1783275438,7669.8,7669.13,7670.48,1783275438.172
1783275439,7668.46,7667.78,7669.14,1783275439.136
1783275440,7671.13,7670.45,7671.8,1783275440.163
1783275441,7671.41,7670.73,7672.09,1783275441.122
1783275442,7672.18,7671.5,7672.86,1783275442.152
1783275443,7670.79,7670.11,7671.47,1783275443.119
1783275444,7670.24,7669.56,7670.92,1783275444.161
1783275445,7669.6,7668.92,7670.28,1783275445.124
1783275446,7667.5,7666.82,7668.18,1783275446.162
1783275447,7667.49,7666.81,7668.17,1783275447.126
1783275448,7664.99,7664.31,7665.66,1783275448.136
1783275449,7665.61,7664.93,7666.29,1783275449.124
1783275450,7664.16,7663.48,7664.84,1783275450.170
1783275451,7663.88,7663.21,7664.56,1783275451.129
1783275452,7664.65,7663.97,7665.32,1783275452.143
1783275453,7664.64,7663.96,7665.32,1783275453.128
1783275454,7665.31,7664.64,7665.99,1783275454.150
1783275455,7664.09,7663.41,7664.76,1783275455.119
1783275456,7664.36,7663.68,7665.04,1783275456.150
1783275457,7663.29,7662.61,7663.97,1783275457.144
1783275458,7663.01,7662.33,7663.69,1783275458.205
1783275459,7662.75,7662.07,7663.42,1783275459.138
1783275460,7663.52,7662.84,7664.2,1783275460.263
1783275461,7663.78,7663.1,7664.46,1783275461.124
1783275462,7664.96,7664.28,7665.64,1783275462.151
1783275463,7662.62,7661.94,7663.3,1783275463.130
1783275464,7663.57,7662.89,7664.25,1783275464.145
1783275465,7664.07,7663.4,7664.75,1783275465.118
1783275466,7663.25,7662.57,7663.92,1783275466.162
1783275467,7664.52,7663.84,7665.2,1783275467.118
1783275468,7661.68,7661.01,7662.36,1783275468.163
1783275469,7662.55,7661.87,7663.23,1783275469.131
1783275470,7661.67,7661,7662.35,1783275470.157
1783275471,7662.32,7661.64,7662.99,1783275471.138
1783275472,7662.25,7661.58,7662.93,1783275472.169
1783275473,7664.05,7663.38,7664.73,1783275473.120
1783275474,7664.22,7663.54,7664.9,1783275474.170
1783275475,7664.57,7663.89,7665.25,1783275475.119
1783275476,7661.74,7661.06,7662.42,1783275476.155
1783275477,7661.21,7660.53,7661.89,1783275477.135
1783275478,7661.28,7660.6,7661.96,1783275478.146
1783275479,7661.8,7661.12,7662.47,1783275479.117
1783275480,7663.01,7662.33,7663.69,1783275480.168
1783275481,7663.95,7663.27,7664.63,1783275481.131
1783275482,7664.99,7664.31,7665.67,1783275482.193
1783275483,7665.69,7665.01,7666.36,1783275483.138
1783275484,7664.54,7663.86,7665.22,1783275484.396
1783275485,7664.17,7663.49,7664.85,1783275485.189
1783275486,7663.21,7662.53,7663.89,1783275486.162
1783275487,7663.8,7663.13,7664.48,1783275487.127
1783275488,7661.52,7660.84,7662.2,1783275488.200
1783275489,7662,7661.33,7662.68,1783275489.124
1783275490,7660.79,7660.12,7661.47,1783275490.156
1783275491,7659.92,7659.24,7660.59,1783275491.127
1783275492,7660.41,7659.73,7661.09,1783275492.161
1783275493,7660.24,7659.56,7660.92,1783275493.160
1783275494,7661.32,7660.64,7661.99,1783275494.156
1783275495,7662.68,7662,7663.36,1783275495.131
1783275496,7663.01,7662.33,7663.69,1783275496.165
1783275497,7665.19,7664.51,7665.87,1783275497.129
1783275498,7666.35,7665.67,7667.02,1783275498.156
1783275499,7665.44,7664.76,7666.11,1783275499.125
1783275500,7666.17,7665.49,7666.85,1783275500.150
1783275501,7665.99,7665.31,7666.67,1783275501.123
1783275502,7666.02,7665.34,7666.7,1783275502.170
1783275503,7666.25,7665.57,7666.92,1783275503.128
1783275504,7665.4,7664.72,7666.08,1783275504.147
1783275505,7665.73,7665.06,7666.41,1783275505.124
1783275506,7665.68,7665,7666.36,1783275506.153
1783275507,7666.87,7666.19,7667.55,1783275507.123
1783275508,7666.91,7666.23,7667.59,1783275508.152
1783275509,7666.93,7666.25,7667.61,1783275509.122
1783275510,7668.53,7667.85,7669.21,1783275510.148
1783275511,7669.36,7668.69,7670.04,1783275511.133
1783275512,7670.1,7669.42,7670.78,1783275512.157
1783275513,7668.69,7668.01,7669.37,1783275513.135
1783275514,7668.19,7667.51,7668.87,1783275514.156
1783275515,7668.6,7667.93,7669.28,1783275515.117
1783275516,7669.43,7668.75,7670.11,1783275516.159
1783275517,7670.87,7670.19,7671.55,1783275517.124
1783275518,7671.59,7670.91,7672.27,1783275518.302
1783275519,7670.54,7669.86,7671.22,1783275519.212
1783275520,7671.25,7670.57,7671.93,1783275520.144
1783275521,7670.81,7670.13,7671.49,1783275521.125
1783275522,7671.03,7670.35,7671.71,1783275522.163
1783275523,7671.92,7671.24,7672.59,1783275523.126
1783275524,7671.92,7671.24,7672.6,1783275524.164
1783275525,7671.77,7671.09,7672.45,1783275525.148
1783275526,7671.23,7670.55,7671.91,1783275526.148
1783275527,7669.76,7669.08,7670.44,1783275527.132
1783275528,7669.46,7668.79,7670.14,1783275528.154
1783275529,7669.35,7668.67,7670.02,1783275529.125
1783275530,7669.99,7669.31,7670.67,1783275530.136
1783275531,7668.58,7667.9,7669.26,1783275531.133
1783275532,7667.89,7667.21,7668.57,1783275532.163
1783275533,7670.43,7669.75,7671.11,1783275533.120
1783275534,7671.01,7670.33,7671.69,1783275534.153
1783275535,7669.81,7669.13,7670.49,1783275535.120
1783275536,7670.15,7669.47,7670.82,1783275536.166
1783275537,7668.14,7667.46,7668.82,1783275537.125
1783275538,7667.12,7666.45,7667.8,1783275538.137
1783275539,7667.79,7667.12,7668.47,1783275539.120
1783275540,7666.71,7666.04,7667.39,1783275540.152
1783275541,7666.74,7666.06,7667.42,1783275541.121
1783275542,7666.63,7665.95,7667.31,1783275542.163
1783275543,7666.65,7665.97,7667.33,1783275543.151
1783275544,7667.05,7666.38,7667.73,1783275544.168
1783275545,7667.88,7667.2,7668.56,1783275545.114
1783275546,7666.57,7665.89,7667.25,1783275546.149
1783275547,7666.11,7665.44,7666.79,1783275547.120
1783275548,7665.83,7665.15,7666.5,1783275548.206
1783275549,7665.99,7665.31,7666.67,1783275549.115
1783275550,7666.22,7665.55,7666.9,1783275550.150
1783275551,7664.93,7664.25,7665.61,1783275551.128
1783275552,7664.22,7663.54,7664.9,1783275552.154
1783275553,7662.61,7661.94,7663.29,1783275553.127
1783275554,7661.97,7661.29,7662.64,1783275554.147
1783275555,7660.73,7660.06,7661.41,1783275555.128
1783275556,7659.54,7658.87,7660.22,1783275556.142
1783275557,7660.24,7659.56,7660.92,1783275557.128
1783275558,7660.13,7659.46,7660.81,1783275558.150
1783275559,7659.07,7658.39,7659.75,1783275559.126
1783275560,7658.16,7657.48,7658.83,1783275560.152
1783275561,7660.58,7659.9,7661.25,1783275561.120
1783275562,7660.43,7659.75,7661.11,1783275562.144
1783275563,7658.34,7657.66,7659.02,1783275563.134
1783275564,7658.16,7657.48,7658.84,1783275564.144
1783275565,7658.07,7657.39,7658.74,1783275565.132
1783275566,7657.51,7656.83,7658.19,1783275566.142
1783275567,7657.81,7657.14,7658.49,1783275567.126
1783275568,7657.53,7656.85,7658.2,1783275568.163
1783275569,7656.24,7655.56,7656.92,1783275569.124
1783275570,7656.86,7656.18,7657.54,1783275570.156
1783275571,7656.74,7656.07,7657.42,1783275571.123
1783275572,7655.24,7654.56,7655.92,1783275572.167
1783275573,7654.43,7653.75,7655.11,1783275573.138
1783275574,7654.8,7654.12,7655.48,1783275574.154
1783275575,7654.23,7653.55,7654.91,1783275575.119
1783275576,7654.13,7653.45,7654.81,1783275576.178
1783275577,7657.29,7656.61,7657.96,1783275577.115
1783275578,7658.51,7657.84,7659.19,1783275578.208
1783275579,7658.66,7657.98,7659.34,1783275579.117
1783275580,7656.59,7655.91,7657.26,1783275580.164
1783275581,7655.05,7654.37,7655.72,1783275581.125
1783275582,7656.25,7655.57,7656.93,1783275582.156
1783275583,7654.54,7653.86,7655.21,1783275583.134
1783275584,7654.06,7653.38,7654.73,1783275584.140
1783275585,7654.78,7654.1,7655.46,1783275585.119
1783275586,7654.44,7653.77,7655.12,1783275586.156
1783275587,7653.66,7652.99,7654.34,1783275587.123
1783275588,7653.44,7652.76,7654.12,1783275588.156
1783275589,7654.06,7653.38,7654.74,1783275589.125
1783275590,7653.99,7653.31,7654.67,1783275590.151
1783275591,7654.39,7653.71,7655.06,1783275591.120
1783275592,7653.52,7652.84,7654.2,1783275592.159
1783275593,7654.55,7653.87,7655.22,1783275593.128
1783275594,7655.03,7654.35,7655.7,1783275594.147
1783275595,7654.52,7653.84,7655.2,1783275595.128
1783275596,7654.24,7653.57,7654.92,1783275596.146
1783275597,7653.22,7652.54,7653.89,1783275597.132
1783275598,7650.93,7650.25,7651.61,1783275598.146
1783275599,7651.14,7650.47,7651.82,1783275599.136
1783275600,7648.95,7648.27,7649.62,1783275600.161
1783275601,7648.52,7647.84,7649.2,1783275601.191
1783275602,7649.33,7648.65,7650.01,1783275602.170
1783275603,7647.2,7646.52,7647.88,1783275603.212
1783275604,7646.67,7645.99,7647.35,1783275604.172
1783275605,7647.23,7646.55,7647.91,1783275605.190
1783275606,7647.32,7646.65,7648,1783275606.168
1783275607,7648,7647.32,7648.68,1783275607.120
1783275608,7647.2,7646.52,7647.87,1783275608.205
1783275609,7646.61,7645.94,7647.29,1783275609.129
1783275610,7647.13,7646.46,7647.81,1783275610.143
1783275611,7647.44,7646.76,7648.11,1783275611.116
1783275612,7648.43,7647.76,7649.11,1783275612.157
1783275613,7649.18,7648.5,7649.85,1783275613.127
1783275614,7648.1,7647.42,7648.78,1783275614.162
1783275615,7648.48,7647.8,7649.15,1783275615.124
1783275616,7649.64,7648.96,7650.32,1783275616.137
1783275617,7650.65,7649.97,7651.32,1783275617.128
1783275618,7648.37,7647.7,7649.05,1783275618.136
1783275619,7647.54,7646.86,7648.22,1783275619.117
1783275620,7649.28,7648.6,7649.95,1783275620.157
1783275621,7650.36,7649.68,7651.03,1783275621.123
1783275622,7650.18,7649.5,7650.86,1783275622.137
1783275623,7651.06,7650.39,7651.74,1783275623.124
1783275624,7650.34,7649.66,7651.01,1783275624.163
1783275625,7650.03,7649.35,7650.7,1783275625.130
1783275626,7651.07,7650.39,7651.74,1783275626.161
1783275627,7653.79,7653.11,7654.46,1783275627.122
1783275628,7654.28,7653.61,7654.96,1783275628.139
1783275629,7654.76,7654.08,7655.44,1783275629.132
1783275630,7654.19,7653.51,7654.87,1783275630.145
1783275631,7653.16,7652.48,7653.84,1783275631.127
1783275632,7651.73,7651.06,7652.41,1783275632.142
1783275633,7651.18,7650.5,7651.86,1783275633.125
1783275634,7653.24,7652.57,7653.92,1783275634.173
1783275635,7652.81,7652.14,7653.49,1783275635.128
1783275636,7652.94,7652.27,7653.62,1783275636.152
1783275637,7651.82,7651.14,7652.5,1783275637.129
1783275638,7650.98,7650.3,7651.65,1783275638.245
1783275639,7649.18,7648.51,7649.86,1783275639.205
1783275640,7649.96,7649.29,7650.64,1783275640.163
1783275641,7650.37,7649.7,7651.05,1783275641.131
1783275642,7651.23,7650.56,7651.91,1783275642.142
1783275643,7652.39,7651.71,7653.07,1783275643.119
1783275644,7652.77,7652.1,7653.45,1783275644.136
1783275645,7652.79,7652.11,7653.46,1783275645.124
1783275646,7653.58,7652.9,7654.26,1783275646.152
1783275647,7654.83,7654.15,7655.5,1783275647.131
1783275648,7652.95,7652.27,7653.62,1783275648.139
1783275649,7653.05,7652.37,7653.73,1783275649.122
1783275650,7652.41,7651.73,7653.08,1783275650.158
1783275651,7651.45,7650.78,7652.13,1783275651.126
1783275652,7649.67,7648.99,7650.34,1783275652.152
1783275653,7650.15,7649.48,7650.83,1783275653.126
1783275654,7649.41,7648.73,7650.08,1783275654.153
1783275655,7647.88,7647.2,7648.56,1783275655.117
1783275656,7648.19,7647.51,7648.87,1783275656.153
1783275657,7647.22,7646.54,7647.9,1783275657.119
1783275658,7647.69,7647.01,7648.36,1783275658.150
1783275659,7646.95,7646.27,7647.62,1783275659.126
1783275660,7646.29,7645.61,7646.96,1783275660.159
1783275661,7648.2,7647.52,7648.88,1783275661.123
1783275662,7646.35,7645.67,7647.02,1783275662.269
1783275663,7648.8,7648.13,7649.48,1783275663.205
1783275664,7648.99,7648.31,7649.66,1783275664.149
1783275665,7649.73,7649.05,7650.41,1783275665.122
1783275666,7648.29,7647.62,7648.97,1783275666.163
1783275667,7648.16,7647.48,7648.84,1783275667.147
1783275668,7647.92,7647.24,7648.59,1783275668.204
1783275669,7647.69,7647.02,7648.37,1783275669.133
1783275670,7647.26,7646.59,7647.94,1783275670.152
1783275671,7647.02,7646.35,7647.7,1783275671.125
1783275672,7646.09,7645.42,7646.77,1783275672.151
1783275673,7646.65,7645.97,7647.33,1783275673.128
1783275674,7648.01,7647.33,7648.69,1783275674.157
1783275675,7648.35,7647.67,7649.02,1783275675.127
1783275676,7647.42,7646.74,7648.1,1783275676.165
1783275677,7646.93,7646.25,7647.61,1783275677.121
1783275678,7646.45,7645.78,7647.13,1783275678.148
1783275679,7647.9,7647.22,7648.57,1783275679.136
1783275680,7648.39,7647.71,7649.06,1783275680.138
1783275681,7649.26,7648.58,7649.93,1783275681.123
1783275682,7648.12,7647.44,7648.8,1783275682.134
1783275683,7649.96,7649.28,7650.63,1783275683.121
1783275684,7649.35,7648.67,7650.02,1783275684.148
1783275685,7648.95,7648.27,7649.63,1783275685.126
1783275686,7648.18,7647.51,7648.86,1783275686.161
1783275687,7648.39,7647.71,7649.07,1783275687.121
1783275688,7650.45,7649.77,7651.12,1783275688.164
1783275689,7649.8,7649.12,7650.47,1783275689.131
1783275690,7649.15,7648.48,7649.83,1783275690.133
1783275691,7651.41,7650.74,7652.09,1783275691.125
1783275692,7653.93,7653.25,7654.61,1783275692.161
1783275693,7654.45,7653.77,7655.12,1783275693.120
1783275694,7655.43,7654.76,7656.11,1783275694.132
1783275695,7654.59,7653.91,7655.26,1783275695.123
1783275696,7654.37,7653.69,7655.05,1783275696.153
1783275697,7654.22,7653.55,7654.9,1783275697.125
1783275698,7654.51,7653.83,7655.19,1783275698.202
1783275699,7653.61,7652.93,7654.28,1783275699.128
1783275700,7653.49,7652.81,7654.16,1783275700.145
1783275701,7654.84,7654.17,7655.52,1783275701.150
1783275702,7653.81,7653.13,7654.49,1783275702.166
1783275703,7654.48,7653.8,7655.16,1783275703.136
1783275704,7654.92,7654.25,7655.6,1783275704.151
1783275705,7652.88,7652.2,7653.56,1783275705.119
1783275706,7652.48,7651.8,7653.16,1783275706.151
1783275707,7652.53,7651.85,7653.21,1783275707.121
1783275708,7653.51,7652.83,7654.19,1783275708.138
1783275709,7652.32,7651.64,7653,1783275709.134
1783275710,7654.6,7653.93,7655.28,1783275710.155
1783275711,7655.83,7655.16,7656.51,1783275711.124
1783275712,7656.09,7655.42,7656.77,1783275712.166
1783275713,7656.18,7655.5,7656.86,1783275713.130
1783275714,7656.4,7655.72,7657.07,1783275714.164
1783275715,7657.25,7656.57,7657.93,1783275715.122
1783275716,7656.82,7656.14,7657.49,1783275716.155
1783275717,7655.71,7655.03,7656.39,1783275717.124
1783275718,7656.31,7655.63,7656.98,1783275718.154
1783275719,7657.22,7656.54,7657.9,1783275719.128
1783275720,7657.1,7656.42,7657.78,1783275720.156
1783275721,7656.81,7656.13,7657.49,1783275721.148
1783275722,7656.41,7655.74,7657.09,1783275722.218
1783275723,7655.02,7654.34,7655.69,1783275723.302
1783275724,7655.17,7654.49,7655.85,1783275724.213
1783275725,7655.69,7655.02,7656.37,1783275725.165
1783275726,7656.44,7655.76,7657.12,1783275726.145
1783275727,7655.83,7655.16,7656.51,1783275727.127
1783275728,7656.86,7656.18,7657.54,1783275728.203
1783275729,7657.78,7657.1,7658.45,1783275729.119
1783275730,7657.85,7657.17,7658.52,1783275730.151
1783275731,7656.64,7655.97,7657.32,1783275731.123
1783275732,7656.84,7656.16,7657.52,1783275732.146
1783275733,7656.87,7656.19,7657.55,1783275733.117
1783275734,7657.17,7656.49,7657.85,1783275734.167
1783275735,7656.97,7656.29,7657.65,1783275735.123
1783275736,7656.27,7655.59,7656.95,1783275736.154
1783275737,7658.44,7657.77,7659.12,1783275737.122
1783275738,7660.35,7659.67,7661.03,1783275738.134
1783275739,7659.91,7659.24,7660.59,1783275739.134
1783275740,7660.05,7659.38,7660.73,1783275740.137
1783275741,7659.66,7658.98,7660.34,1783275741.123
1783275742,7659.28,7658.61,7659.96,1783275742.151
1783275743,7659.49,7658.81,7660.17,1783275743.120
1783275744,7659.47,7658.79,7660.14,1783275744.142
1783275745,7658.51,7657.83,7659.19,1783275745.127
1783275746,7658.03,7657.36,7658.71,1783275746.155
1783275747,7657.68,7657.01,7658.36,1783275747.134
1783275748,7657.3,7656.62,7657.97,1783275748.162
1783275749,7657.52,7656.84,7658.2,1783275749.132
1783275750,7658.39,7657.71,7659.07,1783275750.159
1783275751,7658.61,7657.93,7659.29,1783275751.137
1783275752,7660.17,7659.49,7660.85,1783275752.179
1783275753,7659.63,7658.95,7660.31,1783275753.129
1783275754,7659.74,7659.06,7660.42,1783275754.156
1783275755,7658.8,7658.12,7659.48,1783275755.120
1783275756,7658.96,7658.28,7659.63,1783275756.148
1783275757,7659.73,7659.06,7660.41,1783275757.126
1783275758,7659.62,7658.94,7660.29,1783275758.137
1783275759,7659.33,7658.65,7660,1783275759.127
1783275760,7658.52,7657.84,7659.19,1783275760.140
1783275761,7658.28,7657.6,7658.95,1783275761.121
1783275762,7659.22,7658.54,7659.89,1783275762.158
1783275763,7660.79,7660.12,7661.47,1783275763.121
1783275764,7661.8,7661.13,7662.48,1783275764.150
1783275765,7661.71,7661.03,7662.39,1783275765.137
1783275766,7662.84,7662.17,7663.52,1783275766.160
1783275767,7662.15,7661.47,7662.83,1783275767.132
1783275768,7661.88,7661.21,7662.56,1783275768.162
1783275769,7661.59,7660.91,7662.27,1783275769.144
1783275770,7661.51,7660.83,7662.19,1783275770.168
1783275771,7661.24,7660.56,7661.91,1783275771.119
1783275772,7663.61,7662.93,7664.29,1783275772.143
1783275773,7664.2,7663.52,7664.87,1783275773.129
1783275774,7665.45,7664.77,7666.13,1783275774.137
1783275775,7664.7,7664.02,7665.38,1783275775.126
1783275776,7662.86,7662.18,7663.54,1783275776.149
1783275777,7663.46,7662.78,7664.14,1783275777.122
1783275778,7662.55,7661.87,7663.22,1783275778.136
1783275779,7662.4,7661.72,7663.08,1783275779.122
1783275780,7663.04,7662.37,7663.72,1783275780.149
1783275781,7661.32,7660.64,7662,1783275781.137
1783275782,7659.87,7659.19,7660.55,1783275782.183
1783275783,7660.72,7660.04,7661.4,1783275783.132
1783275784,7660.75,7660.07,7661.42,1783275784.169
1783275785,7658.8,7658.12,7659.48,1783275785.123
1783275786,7658.38,7657.7,7659.05,1783275786.147
1783275787,7659.28,7658.61,7659.96,1783275787.125
1783275788,7661.22,7660.55,7661.9,1783275788.247
1783275789,7661.26,7660.58,7661.94,1783275789.137
1783275790,7660.17,7659.49,7660.85,1783275790.138
1783275791,7660.4,7659.72,7661.08,1783275791.127
1783275792,7660.55,7659.87,7661.23,1783275792.133
1783275793,7661.72,7661.04,7662.4,1783275793.122
1783275794,7660.76,7660.09,7661.44,1783275794.158
1783275795,7661.02,7660.35,7661.7,1783275795.120
1783275796,7661.16,7660.48,7661.84,1783275796.162
1783275797,7660.14,7659.46,7660.82,1783275797.162
1783275798,7661.21,7660.53,7661.89,1783275798.149
1783275799,7661.37,7660.69,7662.05,1783275799.126
1783275800,7660.54,7659.86,7661.22,1783275800.137
1783275801,7659.06,7658.38,7659.74,1783275801.119
1783275802,7658.97,7658.29,7659.64,1783275802.150
1783275803,7658.98,7658.3,7659.66,1783275803.129
1783275804,7657.96,7657.28,7658.64,1783275804.142
1783275805,7657.5,7656.82,7658.18,1783275805.116
1783275806,7657.3,7656.63,7657.98,1783275806.151
1783275807,7657.93,7657.25,7658.61,1783275807.126
1783275808,7658.92,7658.24,7659.6,1783275808.163
1783275809,7659.62,7658.94,7660.29,1783275809.119
1783275810,7659.62,7658.94,7660.3,1783275810.142
1783275811,7659.87,7659.2,7660.55,1783275811.115
1783275812,7658.04,7657.36,7658.72,1783275812.155
1783275813,7657.26,7656.58,7657.94,1783275813.117
1783275814,7658.5,7657.82,7659.18,1783275814.170
1783275815,7658.33,7657.65,7659.01,1783275815.125
1783275816,7656.24,7655.56,7656.92,1783275816.150
1783275817,7656.64,7655.97,7657.32,1783275817.120
1783275818,7656.56,7655.88,7657.24,1783275818.204
1783275819,7658,7657.32,7658.68,1783275819.123
1783275820,7657.81,7657.13,7658.49,1783275820.162
1783275821,7658.26,7657.59,7658.94,1783275821.133
1783275822,7658.05,7657.37,7658.73,1783275822.145
1783275823,7657.19,7656.52,7657.87,1783275823.122
1783275824,7657.03,7656.36,7657.71,1783275824.145
1783275825,7657.01,7656.33,7657.69,1783275825.122
1783275826,7657.22,7656.55,7657.9,1783275826.146
1783275827,7656.44,7655.76,7657.11,1783275827.123
1783275828,7656.58,7655.9,7657.25,1783275828.147
1783275829,7655.03,7654.35,7655.71,1783275829.132
1783275830,7654.22,7653.54,7654.89,1783275830.148
1783275831,7652.62,7651.95,7653.3,1783275831.123
1783275832,7652.73,7652.05,7653.41,1783275832.152
1783275833,7653.77,7653.1,7654.45,1783275833.163
1783275834,7652.38,7651.7,7653.06,1783275834.154
1783275835,7652.56,7651.88,7653.23,1783275835.133
1783275836,7652.18,7651.5,7652.86,1783275836.140
1783275837,7652.34,7651.66,7653.02,1783275837.129
1783275838,7650.76,7650.08,7651.44,1783275838.164
1783275839,7649.98,7649.3,7650.66,1783275839.122
1783275840,7649.42,7648.74,7650.09,1783275840.163
1783275841,7649.08,7648.41,7649.76,1783275841.154
1783275842,7649.36,7648.68,7650.03,1783275842.180
1783275843,7648.34,7647.67,7649.02,1783275843.146
1783275844,7646.52,7645.84,7647.2,1783275844.350
1783275845,7646.58,7645.91,7647.26,1783275845.125
1783275846,7645.99,7645.31,7646.66,1783275846.152
1783275847,7646.98,7646.3,7647.66,1783275847.126
1783275848,7647.15,7646.47,7647.83,1783275848.204
1783275849,7645.75,7645.07,7646.43,1783275849.126
1783275850,7646.79,7646.12,7647.47,1783275850.137
1783275851,7646.13,7645.46,7646.81,1783275851.124
1783275852,7646.85,7646.17,7647.52,1783275852.129
1783275853,7645.78,7645.1,7646.45,1783275853.142
1783275854,7645.38,7644.7,7646.06,1783275854.161
1783275855,7646.61,7645.93,7647.29,1783275855.132
1783275856,7647.51,7646.83,7648.19,1783275856.138
1783275857,7647.24,7646.57,7647.92,1783275857.118
1783275858,7645.9,7645.22,7646.58,1783275858.156
1783275859,7643.34,7642.66,7644.02,1783275859.117
1783275860,7643.17,7642.49,7643.85,1783275860.139
1783275861,7641.99,7641.32,7642.67,1783275861.128
1783275862,7641.4,7640.72,7642.07,1783275862.149
1783275863,7642.3,7641.62,7642.97,1783275863.120
1783275864,7643.07,7642.39,7643.74,1783275864.147
1783275865,7643.36,7642.68,7644.03,1783275865.129
1783275866,7642.84,7642.16,7643.52,1783275866.153
1783275867,7642.53,7641.85,7643.2,1783275867.130
1783275868,7642.48,7641.81,7643.16,1783275868.164
1783275869,7641.33,7640.65,7642,1783275869.168
1783275870,7641.25,7640.57,7641.92,1783275870.144
1783275871,7639.19,7638.52,7639.87,1783275871.128
1783275872,7639.31,7638.63,7639.99,1783275872.159
1783275873,7637.45,7636.78,7638.13,1783275873.123
1783275874,7636.97,7636.3,7637.65,1783275874.162
1783275875,7639.04,7638.37,7639.72,1783275875.126
1783275876,7637.09,7636.41,7637.76,1783275876.146
1783275877,7636.65,7635.98,7637.33,1783275877.206
1783275878,7636.57,7635.9,7637.25,1783275878.204
1783275879,7636.53,7635.85,7637.2,1783275879.144
1783275880,7635.88,7635.21,7636.56,1783275880.142
1783275881,7634.17,7633.49,7634.84,1783275881.120
1783275882,7635.9,7635.22,7636.57,1783275882.167
1783275883,7634.35,7633.68,7635.03,1783275883.117
1783275884,7633.57,7632.89,7634.24,1783275884.160
1783275885,7631.74,7631.07,7632.42,1783275885.120
1783275886,7630.94,7630.27,7631.62,1783275886.149
1783275887,7629.6,7628.93,7630.28,1783275887.119
1783275888,7628.6,7627.93,7629.28,1783275888.132
1783275889,7629.09,7628.42,7629.77,1783275889.136
1783275890,7630.02,7629.35,7630.7,1783275890.147
1783275891,7629.38,7628.7,7630.05,1783275891.129
1783275892,7629.36,7628.68,7630.04,1783275892.144
1783275893,7628.14,7627.47,7628.82,1783275893.120
1783275894,7627.23,7626.56,7627.91,1783275894.169
1783275895,7628.44,7627.76,7629.11,1783275895.130
1783275896,7628.41,7627.74,7629.09,1783275896.145
1783275897,7627.08,7626.4,7627.75,1783275897.124
1783275898,7626.78,7626.1,7627.45,1783275898.152
1783275899,7625.01,7624.34,7625.69,1783275899.127
1783275900,7625.1,7624.43,7625.78,1783275900.164
1783275901,7626.29,7625.61,7626.96,1783275901.135
1783275902,7625.78,7625.1,7626.45,1783275902.174
1783275903,7627,7626.32,7627.67,1783275903.153
1783275904,7626.38,7625.7,7627.05,1783275904.480
1783275905,7625.14,7624.47,7625.82,1783275905.164
1783275906,7626.35,7625.68,7627.03,1783275906.144
1783275907,7626.1,7625.42,7626.77,1783275907.126
1783275908,7625.37,7624.69,7626.04,1783275908.210
1783275909,7626.09,7625.42,7626.77,1783275909.118
1783275910,7626.61,7625.94,7627.29,1783275910.156
1783275911,7628.14,7627.46,7628.81,1783275911.121
1783275912,7628.19,7627.51,7628.87,1783275912.137
1783275913,7628.66,7627.99,7629.34,1783275913.126
1783275914,7630.24,7629.56,7630.91,1783275914.146
1783275915,7631.28,7630.6,7631.95,1783275915.163
1783275916,7631.6,7630.92,7632.27,1783275916.154
1783275917,7632.49,7631.82,7633.17,1783275917.126
1783275918,7632.58,7631.91,7633.26,1783275918.166
1783275919,7631.79,7631.11,7632.46,1783275919.118
1783275920,7632.8,7632.13,7633.48,1783275920.135
1783275921,7632.76,7632.09,7633.44,1783275921.115
1783275922,7633.41,7632.73,7634.08,1783275922.143
1783275923,7631.9,7631.23,7632.58,1783275923.131
1783275924,7629.82,7629.14,7630.5,1783275924.139
1783275925,7631.09,7630.41,7631.77,1783275925.149
1783275926,7631.94,7631.27,7632.62,1783275926.139
1783275927,7630.88,7630.2,7631.55,1783275927.127
1783275928,7629.93,7629.26,7630.61,1783275928.146
1783275929,7629.82,7629.15,7630.5,1783275929.121
1783275930,7629.05,7628.37,7629.72,1783275930.154
1783275931,7628.56,7627.89,7629.24,1783275931.162
1783275932,7626.26,7625.58,7626.93,1783275932.152
1783275933,7626.22,7625.55,7626.9,1783275933.119
1783275934,7626.29,7625.62,7626.97,1783275934.302
1783275935,7627.6,7626.93,7628.28,1783275935.120
1783275936,7626.77,7626.09,7627.44,1783275936.153
1783275937,7626.21,7625.53,7626.88,1783275937.120
1783275938,7628.1,7627.43,7628.78,1783275938.245
1783275939,7629.42,7628.74,7630.09,1783275939.120
1783275940,7629.2,7628.53,7629.88,1783275940.148
1783275941,7629.58,7628.91,7630.26,1783275941.126
1783275942,7629.89,7629.22,7630.57,1783275942.164
1783275943,7630.08,7629.41,7630.76,1783275943.143
1783275944,7631.12,7630.44,7631.8,1783275944.165
1783275945,7632.14,7631.46,7632.81,1783275945.117
1783275946,7632.59,7631.91,7633.26,1783275946.162
1783275947,7632.68,7632,7633.36,1783275947.129
1783275948,7632.67,7632,7633.35,1783275948.141
1783275949,7632.65,7631.97,7633.32,1783275949.128
1783275950,7633.8,7633.12,7634.47,1783275950.141
1783275951,7632.09,7631.41,7632.76,1783275951.126
1783275952,7633.15,7632.47,7633.82,1783275952.146
1783275953,7633.59,7632.92,7634.27,1783275953.130
1783275954,7634.63,7633.95,7635.31,1783275954.147
1783275955,7633.27,7632.6,7633.95,1783275955.127
1783275956,7633.02,7632.34,7633.69,1783275956.148
1783275957,7633.8,7633.13,7634.48,1783275957.162
1783275958,7634.83,7634.16,7635.51,1783275958.157
1783275959,7635.44,7634.77,7636.12,1783275959.145
1783275960,7635.18,7634.5,7635.85,1783275960.145
1783275961,7634.64,7633.96,7635.31,1783275961.126
1783275962,7634.48,7633.8,7635.16,1783275962.154
1783275963,7634.89,7634.22,7635.57,1783275963.137
1783275964,7634.86,7634.19,7635.54,1783275964.163
1783275965,7634.71,7634.04,7635.39,1783275965.119
1783275966,7635.78,7635.1,7636.46,1783275966.157
1783275967,7634.85,7634.17,7635.52,1783275967.115
1783275968,7633.14,7632.46,7633.81,1783275968.249
1783275969,7634,7633.33,7634.68,1783275969.135
1783275970,7634.6,7633.92,7635.27,1783275970.164
1783275971,7635.18,7634.51,7635.86,1783275971.118
1783275972,7635.31,7634.64,7635.99,1783275972.147
1783275973,7634.89,7634.21,7635.56,1783275973.119
1783275974,7635.44,7634.76,7636.11,1783275974.140
1783275975,7635.17,7634.49,7635.84,1783275975.127
1783275976,7635.89,7635.21,7636.56,1783275976.134
1783275977,7635.21,7634.54,7635.89,1783275977.129
1783275978,7635.15,7634.47,7635.82,1783275978.138
1783275979,7637.08,7636.4,7637.75,1783275979.120
1783275980,7637.91,7637.24,7638.59,1783275980.148
1783275981,7638.43,7637.76,7639.11,1783275981.118
1783275982,7639.21,7638.54,7639.89,1783275982.153
1783275983,7638.55,7637.87,7639.22,1783275983.162
1783275984,7639.53,7638.85,7640.2,1783275984.142
1783275985,7640.17,7639.5,7640.85,1783275985.116
1783275986,7637.55,7636.87,7638.23,1783275986.136
1783275987,7634.16,7633.48,7634.83,1783275987.122
1783275988,7633.35,7632.68,7634.03,1783275988.157
1783275989,7633.88,7633.2,7634.55,1783275989.122
1783275990,7633.97,7633.3,7634.65,1783275990.140
1783275991,7634.57,7633.9,7635.25,1783275991.127
1783275992,7631.24,7630.57,7631.92,1783275992.146
1783275993,7632.37,7631.7,7633.05,1783275993.132
1783275994,7631.72,7631.05,7632.4,1783275994.141
1783275995,7631.6,7630.93,7632.28,1783275995.120
1783275996,7631.95,7631.27,7632.62,1783275996.147
1783275997,7631.32,7630.65,7632,1783275997.117
1783275998,7630.88,7630.21,7631.56,1783275998.204
1783275999,7631.39,7630.72,7632.07,1783275999.118
1783276000,7628.46,7627.79,7629.14,1783276000.139
1783276001,7629.44,7628.76,7630.11,1783276001.114
1783276002,7628.15,7627.48,7628.83,1783276002.145
1783276003,7627.06,7626.38,7627.73,1783276003.117
1783276004,7626.87,7626.19,7627.54,1783276004.144
1783276005,7626.09,7625.42,7626.77,1783276005.122
1783276006,7624.69,7624.02,7625.37,1783276006.163
1783276007,7624.16,7623.49,7624.84,1783276007.121
1783276008,7623.79,7623.12,7624.47,1783276008.143
1783276009,7622.64,7621.97,7623.32,1783276009.118
1783276010,7621.57,7620.9,7622.25,1783276010.146
1783276011,7621.97,7621.29,7622.64,1783276011.131
1783276012,7623.9,7623.23,7624.57,1783276012.153
1783276013,7625.7,7625.02,7626.37,1783276013.122
1783276014,7625.17,7624.49,7625.84,1783276014.162
1783276015,7627.59,7626.92,7628.27,1783276015.122
1783276016,7628.81,7628.13,7629.48,1783276016.151
1783276017,7627.3,7626.62,7627.97,1783276017.124
1783276018,7625.18,7624.51,7625.85,1783276018.140
1783276019,7625.96,7625.28,7626.63,1783276019.115
1783276020,7625.81,7625.14,7626.49,1783276020.147
1783276021,7624.87,7624.19,7625.54,1783276021.128
1783276022,7623.97,7623.29,7624.64,1783276022.206
1783276023,7625,7624.33,7625.68,1783276023.184
1783276024,7626.06,7625.38,7626.73,1783276024.160
1783276025,7625.53,7624.86,7626.21,1783276025.116
1783276026,7626.11,7625.44,7626.79,1783276026.155
1783276027,7625.35,7624.68,7626.03,1783276027.119
1783276028,7626.26,7625.59,7626.94,1783276028.203
1783276029,7626.46,7625.79,7627.14,1783276029.118
1783276030,7626.39,7625.72,7627.07,1783276030.165
1783276031,7624.64,7623.96,7625.31,1783276031.127
1783276032,7625.24,7624.56,7625.91,1783276032.149
1783276033,7624.23,7623.56,7624.91,1783276033.128
1783276034,7625.1,7624.43,7625.78,1783276034.161
1783276035,7624.05,7623.37,7624.72,1783276035.138
1783276036,7624.91,7624.23,7625.58,1783276036.138
1783276037,7624.23,7623.55,7624.9,1783276037.120
1783276038,7625.09,7624.41,7625.76,1783276038.153
1783276039,7625.71,7625.03,7626.38,1783276039.123
1783276040,7625.89,7625.21,7626.56,1783276040.132
1783276041,7625.51,7624.84,7626.19,1783276041.123
1783276042,7625.3,7624.63,7625.98,1783276042.144
1783276043,7624.65,7623.98,7625.33,1783276043.129
1783276044,7625.82,7625.14,7626.49,1783276044.150
1783276045,7626.41,7625.73,7627.08,1783276045.163
1783276046,7625.53,7624.85,7626.2,1783276046.143
1783276047,7624.85,7624.17,7625.52,1783276047.120
1783276048,7624.78,7624.1,7625.45,1783276048.142
1783276049,7626.48,7625.8,7627.15,1783276049.123
1783276050,7626.49,7625.81,7627.16,1783276050.154
1783276051,7627.72,7627.04,7628.39,1783276051.124
1783276052,7628.49,7627.81,7629.16,1783276052.150
1783276053,7627.2,7626.52,7627.87,1783276053.134
1783276054,7626.88,7626.2,7627.55,1783276054.152
1783276055,7628.26,7627.58,7628.93,1783276055.134
1783276056,7629.07,7628.39,7629.74,1783276056.205
1783276057,7629.07,7628.4,7629.75,1783276057.128
1783276058,7629.39,7628.71,7630.06,1783276058.201
1783276059,7630.22,7629.55,7630.9,1783276059.123
1783276060,7632.07,7631.4,7632.75,1783276060.142
1783276061,7631.67,7631,7632.35,1783276061.129
1783276062,7632.35,7631.68,7633.03,1783276062.152
1783276063,7632.82,7632.15,7633.5,1783276063.125
1783276064,7634.12,7633.44,7634.79,1783276064.144
1783276065,7633.27,7632.59,7633.94,1783276065.118
1783276066,7632.87,7632.19,7633.54,1783276066.151
1783276067,7632.78,7632.11,7633.46,1783276067.135
1783276068,7634.82,7634.14,7635.49,1783276068.153
1783276069,7635.79,7635.11,7636.46,1783276069.129
1783276070,7635.4,7634.72,7636.07,1783276070.147
1783276071,7635.16,7634.48,7635.84,1783276071.130
1783276072,7635.23,7634.55,7635.9,1783276072.165
1783276073,7636.31,7635.63,7636.98,1783276073.132
1783276074,7635.32,7634.64,7635.99,1783276074.162
1783276075,7634.64,7633.97,7635.32,1783276075.131
1783276076,7635.19,7634.52,7635.87,1783276076.159
1783276077,7635.24,7634.56,7635.92,1783276077.123
1783276078,7636.28,7635.61,7636.96,1783276078.150
1783276079,7637.12,7636.44,7637.8,1783276079.124
1783276080,7637.47,7636.79,7638.14,1783276080.165
1783276081,7636.98,7636.3,7637.65,1783276081.127
1783276082,7635.71,7635.04,7636.39,1783276082.195
1783276083,7636.81,7636.13,7637.48,1783276083.125
1783276084,7636.87,7636.2,7637.55,1783276084.163
1783276085,7638.47,7637.79,7639.14,1783276085.125
1783276086,7637.74,7637.06,7638.41,1783276086.145
1783276087,7636.92,7636.24,7637.59,1783276087.118
1783276088,7638.25,7637.57,7638.93,1783276088.204
1783276089,7638.9,7638.22,7639.58,1783276089.125
1783276090,7639.29,7638.61,7639.96,1783276090.153
1783276091,7638.09,7637.41,7638.76,1783276091.113
1783276092,7636.84,7636.16,7637.52,1783276092.149
1783276093,7638.41,7637.73,7639.09,1783276093.119
1783276094,7638.49,7637.81,7639.17,1783276094.147
1783276095,7638.34,7637.67,7639.02,1783276095.116
1783276096,7638.37,7637.69,7639.04,1783276096.154
1783276097,7638.9,7638.23,7639.58,1783276097.118
1783276098,7640.69,7640.02,7641.37,1783276098.153
1783276099,7639.8,7639.12,7640.48,1783276099.126
1783276100,7640.31,7639.63,7640.98,1783276100.162
1783276101,7640.45,7639.77,7641.12,1783276101.126
1783276102,7639.51,7638.83,7640.18,1783276102.150
1783276103,7638.36,7637.68,7639.04,1783276103.112
1783276104,7640.58,7639.9,7641.25,1783276104.152
1783276105,7640.02,7639.34,7640.7,1783276105.127
1783276106,7638.49,7637.82,7639.17,1783276106.142
1783276107,7638.36,7637.68,7639.03,1783276107.122
1783276108,7637.52,7636.84,7638.2,1783276108.140
1783276109,7639.35,7638.67,7640.03,1783276109.117
1783276110,7639.52,7638.84,7640.19,1783276110.157
1783276111,7637.85,7637.17,7638.52,1783276111.122
1783276112,7637.78,7637.1,7638.46,1783276112.206
1783276113,7636.88,7636.2,7637.55,1783276113.124
1783276114,7636.91,7636.23,7637.59,1783276114.129
1783276115,7635.96,7635.29,7636.64,1783276115.131
1783276116,7634.72,7634.04,7635.39,1783276116.141
1783276117,7635.07,7634.39,7635.74,1783276117.118
1783276118,7636.48,7635.8,7637.15,1783276118.137
1783276119,7634.68,7634,7635.35,1783276119.111
1783276120,7633.86,7633.19,7634.54,1783276120.174
1783276121,7634.04,7633.36,7634.71,1783276121.124
1783276122,7634.35,7633.67,7635.03,1783276122.157
1783276123,7634.12,7633.44,7634.79,1783276123.114
1783276124,7634.46,7633.79,7635.14,1783276124.153
1783276125,7634.26,7633.58,7634.93,1783276125.112
1783276126,7634.97,7634.29,7635.64,1783276126.142
1783276127,7635.05,7634.38,7635.73,1783276127.136
1783276128,7634.08,7633.41,7634.76,1783276128.159
1783276129,7634.78,7634.1,7635.45,1783276129.115
1783276130,7633.29,7632.62,7633.97,1783276130.158
1783276131,7631.87,7631.2,7632.55,1783276131.119
1783276132,7632.15,7631.47,7632.82,1783276132.149
1783276133,7633.32,7632.64,7633.99,1783276133.112
1783276134,7634.03,7633.36,7634.71,1783276134.157
1783276135,7635.15,7634.48,7635.83,1783276135.113
1783276136,7635.91,7635.24,7636.59,1783276136.152
1783276137,7635.78,7635.1,7636.45,1783276137.123
1783276138,7636.03,7635.36,7636.71,1783276138.139
1783276139,7635.37,7634.69,7636.04,1783276139.125
1783276140,7634.99,7634.32,7635.67,1783276140.144
1783276141,7634.93,7634.25,7635.6,1783276141.132
1783276142,7635.41,7634.74,7636.09,1783276142.144
1783276143,7636.33,7635.66,7637.01,1783276143.194
1783276144,7637.06,7636.39,7637.74,1783276144.171
1783276145,7637.09,7636.41,7637.77,1783276145.114
1783276146,7635.88,7635.2,7636.55,1783276146.149
1783276147,7635.33,7634.65,7636.01,1783276147.126
1783276148,7634.77,7634.1,7635.45,1783276148.210
1783276149,7633.84,7633.16,7634.51,1783276149.122
1783276150,7631.92,7631.25,7632.6,1783276150.140
1783276151,7630.39,7629.71,7631.06,1783276151.112
1783276152,7628.93,7628.26,7629.61,1783276152.127
1783276153,7628.21,7627.54,7628.89,1783276153.125
1783276154,7629.07,7628.39,7629.74,1783276154.149
1783276155,7628.49,7627.82,7629.17,1783276155.112
1783276156,7628.98,7628.31,7629.66,1783276156.162
1783276157,7628.19,7627.52,7628.87,1783276157.124
1783276158,7628.9,7628.23,7629.58,1783276158.130
1783276159,7629.15,7628.47,7629.82,1783276159.108
1783276160,7629.78,7629.11,7630.46,1783276160.132
1783276161,7628.13,7627.46,7628.81,1783276161.156
1783276162,7628.99,7628.32,7629.67,1783276162.153
1783276163,7629.24,7628.56,7629.91,1783276163.114
1783276164,7629.99,7629.31,7630.66,1783276164.155
1783276165,7629.92,7629.25,7630.6,1783276165.145
1783276166,7628.95,7628.27,7629.62,1783276166.141
1783276167,7629.98,7629.3,7630.66,1783276167.127
1783276168,7631.02,7630.34,7631.69,1783276168.161
1783276169,7630.91,7630.24,7631.59,1783276169.113
1783276170,7631.57,7630.9,7632.25,1783276170.167
1783276171,7632.24,7631.57,7632.92,1783276171.129
1783276172,7633.15,7632.47,7633.82,1783276172.163
1783276173,7633.19,7632.51,7633.86,1783276173.131
1783276174,7633.6,7632.92,7634.28,1783276174.208
1783276175,7631.98,7631.31,7632.66,1783276175.206
1783276176,7631.21,7630.54,7631.89,1783276176.166
1783276177,7631.49,7630.81,7632.16,1783276177.121
1783276178,7631.64,7630.97,7632.32,1783276178.202
1783276179,7631.91,7631.23,7632.59,1783276179.126
1783276180,7630.46,7629.78,7631.13,1783276180.147
1783276181,7629.31,7628.64,7629.99,1783276181.131
1783276182,7629.57,7628.9,7630.25,1783276182.158
1783276183,7629.39,7628.72,7630.07,1783276183.144
1783276184,7630.88,7630.2,7631.55,1783276184.148
1783276185,7631.88,7631.2,7632.55,1783276185.120
1783276186,7632.03,7631.35,7632.7,1783276186.139
1783276187,7631.77,7631.09,7632.44,1783276187.123
1783276188,7631.15,7630.48,7631.83,1783276188.149
1783276189,7631.33,7630.66,7632.01,1783276189.166
1783276190,7632.1,7631.42,7632.77,1783276190.157
1783276191,7631.83,7631.16,7632.51,1783276191.127
1783276192,7632.54,7631.86,7633.21,1783276192.143
1783276193,7632.29,7631.62,7632.97,1783276193.117
1783276194,7631.19,7630.51,7631.86,1783276194.152
1783276195,7631.16,7630.48,7631.83,1783276195.129
1783276196,7631.99,7631.32,7632.67,1783276196.156
1783276197,7632.04,7631.36,7632.71,1783276197.125
1783276198,7630.87,7630.19,7631.54,1783276198.164
1783276199,7631,7630.32,7631.67,1783276199.127
1783276200,7631.6,7630.92,7632.27,1783276200.165
1783276201,7632.11,7631.43,7632.78,1783276201.123
1783276202,7633.45,7632.78,7634.13,1783276202.351
1783276203,7633.37,7632.69,7634.04,1783276203.166
1783276204,7632.8,7632.12,7633.48,1783276204.192
1783276205,7633.11,7632.43,7633.78,1783276205.211
1783276206,7632.49,7631.82,7633.17,1783276206.216
1783276207,7632.76,7632.09,7633.44,1783276207.137
1783276208,7631.34,7630.67,7632.02,1783276208.206
1783276209,7631.6,7630.92,7632.27,1783276209.130
1783276210,7631.42,7630.74,7632.09,1783276210.153
1783276211,7631.44,7630.76,7632.11,1783276211.134
1783276212,7631.48,7630.81,7632.16,1783276212.164
1783276213,7630.23,7629.56,7630.91,1783276213.123
1783276214,7628.68,7628,7629.35,1783276214.151
1783276215,7626.52,7625.84,7627.19,1783276215.127
1783276216,7627.52,7626.84,7628.19,1783276216.139
1783276217,7626.96,7626.28,7627.63,1783276217.122
1783276218,7627.94,7627.27,7628.62,1783276218.161
1783276219,7627.72,7627.05,7628.4,1783276219.118
1783276220,7628.64,7627.97,7629.32,1783276220.158
1783276221,7629.7,7629.03,7630.38,1783276221.128
1783276222,7630.35,7629.68,7631.03,1783276222.148
1783276223,7631.19,7630.51,7631.86,1783276223.124
1783276224,7633.44,7632.76,7634.12,1783276224.154
1783276225,7634.37,7633.69,7635.04,1783276225.208
1783276226,7635.17,7634.49,7635.85,1783276226.140
1783276227,7634.44,7633.77,7635.12,1783276227.132
1783276228,7634.94,7634.27,7635.62,1783276228.159
1783276229,7634.42,7633.75,7635.1,1783276229.116
1783276230,7634.26,7633.58,7634.94,1783276230.170
1783276231,7634.8,7634.13,7635.48,1783276231.128
1783276232,7637.24,7636.56,7637.91,1783276232.160
1783276233,7636.76,7636.09,7637.44,1783276233.114
1783276234,7636.34,7635.66,7637.01,1783276234.148
1783276235,7634.99,7634.32,7635.67,1783276235.133
1783276236,7633.27,7632.6,7633.95,1783276236.145
1783276237,7633.8,7633.12,7634.47,1783276237.123
1783276238,7632.81,7632.14,7633.49,1783276238.264
1783276239,7632.84,7632.16,7633.51,1783276239.143
1783276240,7633.48,7632.81,7634.16,1783276240.140
1783276241,7633.52,7632.84,7634.19,1783276241.134
1783276242,7634.46,7633.79,7635.14,1783276242.154
1783276243,7634.31,7633.63,7634.98,1783276243.126
