epoch,quote,bid,ask,recv_ts
1783266682,92.7972,92.7872,92.8072,1783266682.166
1783266684,92.7895,92.7795,92.7995,1783266684.164
1783266686,92.7795,92.7695,92.7895,1783266686.149
1783266688,92.7822,92.7722,92.7922,1783266688.133
1783266690,92.7862,92.7762,92.7962,1783266690.148
1783266692,92.7703,92.7603,92.7803,1783266692.149
1783266694,92.7611,92.7511,92.7711,1783266694.147
1783266696,92.7645,92.7545,92.7745,1783266696.140
1783266698,92.7607,92.7507,92.7707,1783266698.204
1783266700,92.7621,92.7521,92.7721,1783266700.144
1783266702,92.7579,92.7479,92.7679,1783266702.144
1783266704,92.7559,92.7459,92.7659,1783266704.139
1783266706,92.7522,92.7422,92.7622,1783266706.150
1783266708,92.7581,92.7481,92.7681,1783266708.138
1783266710,92.7494,92.7394,92.7594,1783266710.139
1783266712,92.7521,92.7421,92.7621,1783266712.157
1783266714,92.733,92.723,92.743,1783266714.143
1783266716,92.7514,92.7414,92.7614,1783266716.173
1783266718,92.7476,92.7376,92.7576,1783266718.164
1783266720,92.7545,92.7445,92.7645,1783266720.203
1783266722,92.75,92.74,92.76,1783266722.274
1783266724,92.7534,92.7434,92.7634,1783266724.230
1783266726,92.7602,92.7502,92.7702,1783266726.135
1783266728,92.7502,92.7402,92.7602,1783266728.202
1783266730,92.7682,92.7582,92.7782,1783266730.126
1783266732,92.7548,92.7448,92.7648,1783266732.150
1783266734,92.7688,92.7588,92.7788,1783266734.155
1783266736,92.776,92.766,92.786,1783266736.137
1783266738,92.7886,92.7786,92.7986,1783266738.145
1783266740,92.7896,92.7796,92.7996,1783266740.141
1783266742,92.7886,92.7786,92.7986,1783266742.142
1783266744,92.7818,92.7718,92.7918,1783266744.166
1783266746,92.7678,92.7578,92.7778,1783266746.147
1783266748,92.7467,92.7367,92.7567,1783266748.172
1783266750,92.7505,92.7405,92.7605,1783266750.154
1783266752,92.7405,92.7305,92.7505,1783266752.135
1783266754,92.7422,92.7322,92.7522,1783266754.164
1783266756,92.7329,92.7229,92.7429,1783266756.138
1783266758,92.7203,92.7103,92.7303,1783266758.250
1783266760,92.7181,92.7081,92.7281,1783266760.168
1783266762,92.7221,92.7121,92.7321,1783266762.134
1783266764,92.719,92.709,92.729,1783266764.138
1783266766,92.7163,92.7063,92.7263,1783266766.146
1783266768,92.7151,92.7051,92.7251,1783266768.174
1783266770,92.7177,92.7077,92.7277,1783266770.149
1783266772,92.6907,92.6807,92.7007,1783266772.155
1783266774,92.6951,92.6851,92.7051,1783266774.151
1783266776,92.6883,92.6783,92.6983,1783266776.155
1783266778,92.6953,92.6853,92.7053,1783266778.144
1783266780,92.6952,92.6852,92.7052,1783266780.164
1783266782,92.695,92.685,92.705,1783266782.196
1783266784,92.6888,92.6788,92.6988,1783266784.151
1783266786,92.6676,92.6576,92.6776,1783266786.139
1783266788,92.6774,92.6674,92.6874,1783266788.202
1783266790,92.6839,92.6739,92.6939,1783266790.162
1783266792,92.6823,92.6723,92.6923,1783266792.154
1783266794,92.6878,92.6778,92.6978,1783266794.143
1783266796,92.6956,92.6856,92.7056,1783266796.149
1783266798,92.671,92.661,92.681,1783266798.147
1783266800,92.6712,92.6612,92.6812,1783266800.137
1783266802,92.6824,92.6724,92.6924,1783266802.131
1783266804,92.6763,92.6663,92.6863,1783266804.146
1783266806,92.6706,92.6606,92.6806,1783266806.140
1783266808,92.6628,92.6528,92.6728,1783266808.163
1783266810,92.6693,92.6593,92.6793,1783266810.143
1783266812,92.6588,92.6488,92.6688,1783266812.140
1783266814,92.6434,92.6334,92.6534,1783266814.146
1783266816,92.65,92.64,92.66,1783266816.163
1783266818,92.6371,92.6271,92.6471,1783266818.244
1783266820,92.6229,92.6129,92.6329,1783266820.135
1783266822,92.619,92.609,92.629,1783266822.142
1783266824,92.6171,92.6071,92.6271,1783266824.135
1783266826,92.6128,92.6028,92.6228,1783266826.144
1783266828,92.6358,92.6258,92.6458,1783266828.138
1783266830,92.6363,92.6263,92.6463,1783266830.159
1783266832,92.6398,92.6298,92.6498,1783266832.132
1783266834,92.6473,92.6373,92.6573,1783266834.137
1783266836,92.6469,92.6369,92.6569,1783266836.132
1783266838,92.6283,92.6183,92.6383,1783266838.150
1783266840,92.6452,92.6352,92.6552,1783266840.142
1783266842,92.6443,92.6343,92.6543,1783266842.150
1783266844,92.6457,92.6357,92.6557,1783266844.146
1783266846,92.6506,92.6406,92.6606,1783266846.131
1783266848,92.649,92.639,92.659,1783266848.205
1783266850,92.6354,92.6254,92.6454,1783266850.142
1783266852,92.6277,92.6177,92.6377,1783266852.162
1783266854,92.6464,92.6364,92.6564,1783266854.136
1783266856,92.6285,92.6185,92.6385,1783266856.150
1783266858,92.6225,92.6125,92.6325,1783266858.165
1783266860,92.6409,92.6309,92.6509,1783266860.163
1783266862,92.6581,92.6481,92.6681,1783266862.139
1783266864,92.6444,92.6344,92.6544,1783266864.148
1783266866,92.6405,92.6305,92.6505,1783266866.138
1783266868,92.6413,92.6313,92.6513,1783266868.129
1783266870,92.65,92.64,92.66,1783266870.142
1783266872,92.6473,92.6373,92.6573,1783266872.154
1783266874,92.6319,92.6219,92.6419,1783266874.145
1783266876,92.6244,92.6144,92.6344,1783266876.150
1783266878,92.6308,92.6208,92.6408,1783266878.250
1783266880,92.6231,92.6131,92.6331,1783266880.130
1783266882,92.6487,92.6387,92.6587,1783266882.142
1783266884,92.6532,92.6432,92.6632,1783266884.130
1783266886,92.6724,92.6624,92.6824,1783266886.130
1783266888,92.6553,92.6453,92.6653,1783266888.140
1783266890,92.6679,92.6579,92.6779,1783266890.137
1783266892,92.6585,92.6485,92.6685,1783266892.148
1783266894,92.6558,92.6458,92.6658,1783266894.148
1783266896,92.6742,92.6642,92.6842,1783266896.135
1783266898,92.6916,92.6816,92.7016,1783266898.137
1783266900,92.7241,92.7141,92.7341,1783266900.149
1783266902,92.7283,92.7183,92.7383,1783266902.370
1783266904,92.7345,92.7245,92.7445,1783266904.276
1783266906,92.739,92.729,92.749,1783266906.151
1783266908,92.7504,92.7404,92.7604,1783266908.202
1783266910,92.7288,92.7188,92.7388,1783266910.136
1783266912,92.7282,92.7182,92.7382,1783266912.143
1783266914,92.7249,92.7149,92.7349,1783266914.140
1783266916,92.7105,92.7005,92.7205,1783266916.302
1783266918,92.6952,92.6852,92.7052,1783266918.139
1783266920,92.7087,92.6987,92.7187,1783266920.137
1783266922,92.6941,92.6841,92.7041,1783266922.138
1783266924,92.6746,92.6646,92.6846,1783266924.134
1783266926,92.6786,92.6686,92.6886,1783266926.133
1783266928,92.6647,92.6547,92.6747,1783266928.148
1783266930,92.6681,92.6581,92.6781,1783266930.156
1783266932,92.6728,92.6628,92.6828,1783266932.133
1783266934,92.6802,92.6702,92.6902,1783266934.132
1783266936,92.6725,92.6625,92.6825,1783266936.145
1783266938,92.6856,92.6756,92.6956,1783266938.208
1783266940,92.6733,92.6633,92.6833,1783266940.162
1783266942,92.6662,92.6562,92.6762,1783266942.135
1783266944,92.688,92.678,92.698,1783266944.142
1783266946,92.6835,92.6735,92.6935,1783266946.158
1783266948,92.683,92.673,92.693,1783266948.163
1783266950,92.6973,92.6873,92.7073,1783266950.146
1783266952,92.702,92.692,92.712,1783266952.138
1783266954,92.7094,92.6994,92.7194,1783266954.131
1783266956,92.69,92.68,92.7,1783266956.148
1783266958,92.6881,92.6781,92.6981,1783266958.131
1783266960,92.6824,92.6724,92.6924,1783266960.146
1783266962,92.7018,92.6918,92.7118,1783266962.312
1783266964,92.7174,92.7074,92.7274,1783266964.138
1783266966,92.7086,92.6986,92.7186,1783266966.141
1783266968,92.6939,92.6839,92.7039,1783266968.200
1783266970,92.6972,92.6872,92.7072,1783266970.149
1783266972,92.7007,92.6907,92.7107,1783266972.129
1783266974,92.6969,92.6869,92.7069,1783266974.158
1783266976,92.6641,92.6541,92.6741,1783266976.141
1783266978,92.6566,92.6466,92.6666,1783266978.162
1783266980,92.6521,92.6421,92.6621,1783266980.132
1783266982,92.6451,92.6351,92.6551,1783266982.140
1783266984,92.6426,92.6326,92.6526,1783266984.144
1783266986,92.6278,92.6178,92.6378,1783266986.143
1783266988,92.6307,92.6207,92.6407,1783266988.144
1783266990,92.6189,92.6089,92.6289,1783266990.151
1783266992,92.6081,92.5981,92.6181,1783266992.171
1783266994,92.5906,92.5806,92.6006,1783266994.132
1783266996,92.6029,92.5929,92.6129,1783266996.133
1783266998,92.6224,92.6124,92.6324,1783266998.202
1783267000,92.6185,92.6085,92.6285,1783267000.141
1783267002,92.642,92.632,92.652,1783267002.145
1783267004,92.6454,92.6354,92.6554,1783267004.135
1783267006,92.6588,92.6488,92.6688,1783267006.145
1783267008,92.6355,92.6255,92.6455,1783267008.133
1783267010,92.6433,92.6333,92.6533,1783267010.169
1783267012,92.6442,92.6342,92.6542,1783267012.145
1783267014,92.6394,92.6294,92.6494,1783267014.159
1783267016,92.6314,92.6214,92.6414,1783267016.135
1783267018,92.6279,92.6179,92.6379,1783267018.142
1783267020,92.6074,92.5974,92.6174,1783267020.151
1783267022,92.622,92.612,92.632,1783267022.259
1783267024,92.6234,92.6134,92.6334,1783267024.184
1783267026,92.636,92.626,92.646,1783267026.139
1783267028,92.6391,92.6291,92.6491,1783267028.220
1783267030,92.6518,92.6418,92.6618,1783267030.134
1783267032,92.6342,92.6242,92.6442,1783267032.135
1783267034,92.6223,92.6123,92.6323,1783267034.142
1783267036,92.6233,92.6133,92.6333,1783267036.144
1783267038,92.636,92.626,92.646,1783267038.142
1783267040,92.637,92.627,92.647,1783267040.142
1783267042,92.6432,92.6332,92.6532,1783267042.150
1783267044,92.6437,92.6337,92.6537,1783267044.132
1783267046,92.6485,92.6385,92.6585,1783267046.150
1783267048,92.6307,92.6207,92.6407,1783267048.139
1783267050,92.6492,92.6392,92.6592,1783267050.147
1783267052,92.6598,92.6498,92.6698,1783267052.154
1783267054,92.6641,92.6541,92.6741,1783267054.134
1783267056,92.6652,92.6552,92.6752,1783267056.134
1783267058,92.6632,92.6532,92.6732,1783267058.208
1783267060,92.6588,92.6488,92.6688,1783267060.164
1783267062,92.6576,92.6476,92.6676,1783267062.202
1783267064,92.6576,92.6476,92.6676,1783267064.134
1783267066,92.664,92.654,92.674,1783267066.136
1783267068,92.6821,92.6721,92.6921,1783267068.140
1783267070,92.6914,92.6814,92.7014,1783267070.147
1783267072,92.6987,92.6887,92.7087,1783267072.138
1783267074,92.7226,92.7126,92.7326,1783267074.138
1783267076,92.6936,92.6836,92.7036,1783267076.143
1783267078,92.6841,92.6741,92.6941,1783267078.153
1783267080,92.6728,92.6628,92.6828,1783267080.135
1783267082,92.6789,92.6689,92.6889,1783267082.168
1783267084,92.6832,92.6732,92.6932,1783267084.155
1783267086,92.6926,92.6826,92.7026,1783267086.158
1783267088,92.711,92.701,92.721,1783267088.134
1783267090,92.7099,92.6999,92.7199,1783267090.169
1783267092,92.7122,92.7022,92.7222,1783267092.166
1783267094,92.7149,92.7049,92.7249,1783267094.149
1783267096,92.6966,92.6866,92.7066,1783267096.157
1783267098,92.6918,92.6818,92.7018,1783267098.163
1783267100,92.7065,92.6965,92.7165,1783267100.148
1783267102,92.7089,92.6989,92.7189,1783267102.139
1783267104,92.7143,92.7043,92.7243,1783267104.147
1783267106,92.6974,92.6874,92.7074,1783267106.132
1783267108,92.6909,92.6809,92.7009,1783267108.147
1783267110,92.7212,92.7112,92.7312,1783267110.139
1783267112,92.7348,92.7248,92.7448,1783267112.136
1783267114,92.711,92.701,92.721,1783267114.138
1783267116,92.7049,92.6949,92.7149,1783267116.162
1783267118,92.713,92.703,92.723,1783267118.205
1783267120,92.6988,92.6888,92.7088,1783267120.146
1783267122,92.7078,92.6978,92.7178,1783267122.148
1783267124,92.706,92.696,92.716,1783267124.150
1783267126,92.7106,92.7006,92.7206,1783267126.256
1783267128,92.7145,92.7045,92.7245,1783267128.153
1783267130,92.72,92.71,92.73,1783267130.158
1783267132,92.7336,92.7236,92.7436,1783267132.157
1783267134,92.7356,92.7256,92.7456,1783267134.143
1783267136,92.7423,92.7323,92.7523,1783267136.164
1783267138,92.7464,92.7364,92.7564,1783267138.149
1783267140,92.7347,92.7247,92.7447,1783267140.154
1783267142,92.7266,92.7166,92.7366,1783267142.320
1783267144,92.7347,92.7247,92.7447,1783267144.173
1783267146,92.7209,92.7109,92.7309,1783267146.137
1783267148,92.7186,92.7086,92.7286,1783267148.206
1783267150,92.7165,92.7065,92.7265,1783267150.141
1783267152,92.7258,92.7158,92.7358,1783267152.139
1783267154,92.7026,92.6926,92.7126,1783267154.151
1783267156,92.7035,92.6935,92.7135,1783267156.145
1783267158,92.6982,92.6882,92.7082,1783267158.145
1783267160,92.7034,92.6934,92.7134,1783267160.154
1783267162,92.6969,92.6869,92.7069,1783267162.141
1783267164,92.7111,92.7011,92.7211,1783267164.150
1783267166,92.7276,92.7176,92.7376,1783267166.151
1783267168,92.7175,92.7075,92.7275,1783267168.156
1783267170,92.7324,92.7224,92.7424,1783267170.146
1783267172,92.7345,92.7245,92.7445,1783267172.140
1783267174,92.7355,92.7255,92.7455,1783267174.139
1783267176,92.7328,92.7228,92.7428,1783267176.144
1783267178,92.741,92.731,92.751,1783267178.203
1783267180,92.7628,92.7528,92.7728,1783267180.143
1783267182,92.7273,92.7173,92.7373,1783267182.150
1783267184,92.7384,92.7284,92.7484,1783267184.144
1783267186,92.7361,92.7261,92.7461,1783267186.146
1783267188,92.7487,92.7387,92.7587,1783267188.141
1783267190,92.7589,92.7489,92.7689,1783267190.153
1783267192,92.7465,92.7365,92.7565,1783267192.155
1783267194,92.7338,92.7238,92.7438,1783267194.147
1783267196,92.7307,92.7207,92.7407,1783267196.175
1783267198,92.7244,92.7144,92.7344,1783267198.143
1783267200,92.7179,92.7079,92.7279,1783267200.248
1783267202,92.7264,92.7164,92.7364,1783267202.195
1783267204,92.7333,92.7233,92.7433,1783267204.164
1783267206,92.7509,92.7409,92.7609,1783267206.154
1783267208,92.7405,92.7305,92.7505,1783267208.202
1783267210,92.7433,92.7333,92.7533,1783267210.151
1783267212,92.7444,92.7344,92.7544,1783267212.163
1783267214,92.7338,92.7238,92.7438,1783267214.146
1783267216,92.7266,92.7166,92.7366,1783267216.149
1783267218,92.7344,92.7244,92.7444,1783267218.158
1783267220,92.7288,92.7188,92.7388,1783267220.158
1783267222,92.7289,92.7189,92.7389,1783267222.145
1783267224,92.7002,92.6902,92.7102,1783267224.144
1783267226,92.6925,92.6825,92.7025,1783267226.137
1783267228,92.687,92.677,92.697,1783267228.150
1783267230,92.6789,92.6689,92.6889,1783267230.144
1783267232,92.6779,92.6679,92.6879,1783267232.149
1783267234,92.6813,92.6713,92.6913,1783267234.149
1783267236,92.6843,92.6743,92.6943,1783267236.144
1783267238,92.7065,92.6965,92.7165,1783267238.204
1783267240,92.7202,92.7102,92.7302,1783267240.138
1783267242,92.6892,92.6792,92.6992,1783267242.141
1783267244,92.6912,92.6812,92.7012,1783267244.154
1783267246,92.693,92.683,92.703,1783267246.149
1783267248,92.7067,92.6967,92.7167,1783267248.142
1783267250,92.7055,92.6955,92.7155,1783267250.145
1783267252,92.7191,92.7091,92.7291,1783267252.146
1783267254,92.7103,92.7003,92.7203,1783267254.157
1783267256,92.7122,92.7022,92.7222,1783267256.137
1783267258,92.7052,92.6952,92.7152,1783267258.146
1783267260,92.7022,92.6922,92.7122,1783267260.178
1783267262,92.7013,92.6913,92.7113,1783267262.291
1783267264,92.697,92.687,92.707,1783267264.161
1783267266,92.6921,92.6821,92.7021,1783267266.211
1783267268,92.6634,92.6534,92.6734,1783267268.245
1783267270,92.6567,92.6467,92.6667,1783267270.159
1783267272,92.6468,92.6368,92.6568,1783267272.167
1783267274,92.6269,92.6169,92.6369,1783267274.150
1783267276,92.6368,92.6268,92.6468,1783267276.156
1783267278,92.6391,92.6291,92.6491,1783267278.139
1783267280,92.6402,92.6302,92.6502,1783267280.151
1783267282,92.649,92.639,92.659,1783267282.151
1783267284,92.6364,92.6264,92.6464,1783267284.149
1783267286,92.6509,92.6409,92.6609,1783267286.149
1783267288,92.6725,92.6625,92.6825,1783267288.166
1783267290,92.6763,92.6663,92.6863,1783267290.154
1783267292,92.6797,92.6697,92.6897,1783267292.160
1783267294,92.6755,92.6655,92.6855,1783267294.157
1783267296,92.6867,92.6767,92.6967,1783267296.162
1783267298,92.6814,92.6714,92.6914,1783267298.206
1783267300,92.6711,92.6611,92.6811,1783267300.150
1783267302,92.6847,92.6747,92.6947,1783267302.171
1783267304,92.6849,92.6749,92.6949,1783267304.151
1783267306,92.689,92.679,92.699,1783267306.148
1783267308,92.6902,92.6802,92.7002,1783267308.151
1783267310,92.6905,92.6805,92.7005,1783267310.155
1783267312,92.703,92.693,92.713,1783267312.155
1783267314,92.7244,92.7144,92.7344,1783267314.146
1783267316,92.7317,92.7217,92.7417,1783267316.147
1783267318,92.7064,92.6964,92.7164,1783267318.142
1783267320,92.714,92.704,92.724,1783267320.158
1783267322,92.7094,92.6994,92.7194,1783267322.164
1783267324,92.685,92.675,92.695,1783267324.152
1783267326,92.6746,92.6646,92.6846,1783267326.143
1783267328,92.6707,92.6607,92.6807,1783267328.200
1783267330,92.6563,92.6463,92.6663,1783267330.154
1783267332,92.6774,92.6674,92.6874,1783267332.154
1783267334,92.6863,92.6763,92.6963,1783267334.141
1783267336,92.6695,92.6595,92.6795,1783267336.148
1783267338,92.6624,92.6524,92.6724,1783267338.148
1783267340,92.6689,92.6589,92.6789,1783267340.145
1783267342,92.6934,92.6834,92.7034,1783267342.157
1783267344,92.7152,92.7052,92.7252,1783267344.139
1783267346,92.72,92.71,92.73,1783267346.146
1783267348,92.7273,92.7173,92.7373,1783267348.149
1783267350,92.741,92.731,92.751,1783267350.150
1783267352,92.7407,92.7307,92.7507,1783267352.152
1783267354,92.7343,92.7243,92.7443,1783267354.172
1783267356,92.7613,92.7513,92.7713,1783267356.140
1783267358,92.745,92.735,92.755,1783267358.204
1783267360,92.7486,92.7386,92.7586,1783267360.168
1783267362,92.7426,92.7326,92.7526,1783267362.151
1783267364,92.7334,92.7234,92.7434,1783267364.158
1783267366,92.7237,92.7137,92.7337,1783267366.148
1783267368,92.7205,92.7105,92.7305,1783267368.138
1783267370,92.7324,92.7224,92.7424,1783267370.142
1783267372,92.7324,92.7224,92.7424,1783267372.138
1783267374,92.7247,92.7147,92.7347,1783267374.134
1783267376,92.725,92.715,92.735,1783267376.151
1783267378,92.73,92.72,92.74,1783267378.153
1783267380,92.7264,92.7164,92.7364,1783267380.164
1783267382,92.7367,92.7267,92.7467,1783267382.157
1783267384,92.7287,92.7187,92.7387,1783267384.161
1783267386,92.7326,92.7226,92.7426,1783267386.145
1783267388,92.755,92.745,92.765,1783267388.202
1783267390,92.7492,92.7392,92.7592,1783267390.135
1783267392,92.749,92.739,92.759,1783267392.141
1783267394,92.7529,92.7429,92.7629,1783267394.152
1783267396,92.7561,92.7461,92.7661,1783267396.148
1783267398,92.746,92.736,92.756,1783267398.142
1783267400,92.7332,92.7232,92.7432,1783267400.152
1783267402,92.7177,92.7077,92.7277,1783267402.149
1783267404,92.7197,92.7097,92.7297,1783267404.143
1783267406,92.7154,92.7054,92.7254,1783267406.165
1783267408,92.7165,92.7065,92.7265,1783267408.154
1783267410,92.706,92.696,92.716,1783267410.154
1783267412,92.6991,92.6891,92.7091,1783267412.153
1783267414,92.681,92.671,92.691,1783267414.151
1783267416,92.6865,92.6765,92.6965,1783267416.165
1783267418,92.6765,92.6665,92.6865,1783267418.211
1783267420,92.673,92.663,92.683,1783267420.157
1783267422,92.6728,92.6628,92.6828,1783267422.148
1783267424,92.6501,92.6401,92.6601,1783267424.146
1783267426,92.634,92.624,92.644,1783267426.156
1783267428,92.6309,92.6209,92.6409,1783267428.151
1783267430,92.618,92.608,92.628,1783267430.145
1783267432,92.6026,92.5926,92.6126,1783267432.172
1783267434,92.6047,92.5947,92.6147,1783267434.156
1783267436,92.6125,92.6025,92.6225,1783267436.140
1783267438,92.624,92.614,92.634,1783267438.136
1783267440,92.624,92.614,92.634,1783267440.162
1783267442,92.6239,92.6139,92.6339,1783267442.168
1783267444,92.6301,92.6201,92.6401,1783267444.150
1783267446,92.6389,92.6289,92.6489,1783267446.140
1783267448,92.6477,92.6377,92.6577,1783267448.242
1783267450,92.6561,92.6461,92.6661,1783267450.149
1783267452,92.6709,92.6609,92.6809,1783267452.146
1783267454,92.6736,92.6636,92.6836,1783267454.155
1783267456,92.6545,92.6445,92.6645,1783267456.156
1783267458,92.6645,92.6545,92.6745,1783267458.158
1783267460,92.6736,92.6636,92.6836,1783267460.146
1783267462,92.6699,92.6599,92.6799,1783267462.152
1783267464,92.6779,92.6679,92.6879,1783267464.146
1783267466,92.6682,92.6582,92.6782,1783267466.141
1783267468,92.6685,92.6585,92.6785,1783267468.141
1783267470,92.6555,92.6455,92.6655,1783267470.160
1783267472,92.6274,92.6174,92.6374,1783267472.141
1783267474,92.6057,92.5957,92.6157,1783267474.153
1783267476,92.6263,92.6163,92.6363,1783267476.148
1783267478,92.6288,92.6188,92.6388,1783267478.203
1783267480,92.6087,92.5987,92.6187,1783267480.151
1783267482,92.5854,92.5754,92.5954,1783267482.147
1783267484,92.5821,92.5721,92.5921,1783267484.139
1783267486,92.5801,92.5701,92.5901,1783267486.159
1783267488,92.5829,92.5729,92.5929,1783267488.166
1783267490,92.5811,92.5711,92.5911,1783267490.141
1783267492,92.5528,92.5428,92.5628,1783267492.161
1783267494,92.5566,92.5466,92.5666,1783267494.154
1783267496,92.5611,92.5511,92.5711,1783267496.149
1783267498,92.5565,92.5465,92.5665,1783267498.161
1783267500,92.5603,92.5503,92.5703,1783267500.176
1783267502,92.5631,92.5531,92.5731,1783267502.202
1783267504,92.5504,92.5404,92.5604,1783267504.397
1783267506,92.5558,92.5458,92.5658,1783267506.148
1783267508,92.552,92.542,92.562,1783267508.244
1783267510,92.5444,92.5344,92.5544,1783267510.152
1783267512,92.5405,92.5305,92.5505,1783267512.144
1783267514,92.5418,92.5318,92.5518,1783267514.173
1783267516,92.5475,92.5375,92.5575,1783267516.158
1783267518,92.5499,92.5399,92.5599,1783267518.169
1783267520,92.5508,92.5408,92.5608,1783267520.155
1783267522,92.5612,92.5512,92.5712,1783267522.154
1783267524,92.5656,92.5556,92.5756,1783267524.161
1783267526,92.5739,92.5639,92.5839,1783267526.135
1783267528,92.5836,92.5736,92.5936,1783267528.127
1783267530,92.5747,92.5647,92.5847,1783267530.149
1783267532,92.5738,92.5638,92.5838,1783267532.151
1783267534,92.5782,92.5682,92.5882,1783267534.155
1783267536,92.5835,92.5735,92.5935,1783267536.150
1783267538,92.5778,92.5678,92.5878,1783267538.248
1783267540,92.5901,92.5801,92.6001,1783267540.162
1783267542,92.5858,92.5758,92.5958,1783267542.148
1783267544,92.5842,92.5742,92.5942,1783267544.141
1783267546,92.592,92.582,92.602,1783267546.145
1783267548,92.5988,92.5888,92.6088,1783267548.160
1783267550,92.6053,92.5953,92.6153,1783267550.152
1783267552,92.5966,92.5866,92.6066,1783267552.164
1783267554,92.6143,92.6043,92.6243,1783267554.151
1783267556,92.6051,92.5951,92.6151,1783267556.152
1783267558,92.5901,92.5801,92.6001,1783267558.145
1783267560,92.5869,92.5769,92.5969,1783267560.157
1783267562,92.5899,92.5799,92.5999,1783267562.199
1783267564,92.5797,92.5697,92.5897,1783267564.172
1783267566,92.566,92.556,92.576,1783267566.160
1783267568,92.5629,92.5529,92.5729,1783267568.352
1783267570,92.562,92.552,92.572,1783267570.157
1783267572,92.5582,92.5482,92.5682,1783267572.154
1783267574,92.5476,92.5376,92.5576,1783267574.145
1783267576,92.5435,92.5335,92.5535,1783267576.163
1783267578,92.556,92.546,92.566,1783267578.153
1783267580,92.5539,92.5439,92.5639,1783267580.153
1783267582,92.5462,92.5362,92.5562,1783267582.149
1783267584,92.5491,92.5391,92.5591,1783267584.158
1783267586,92.5488,92.5388,92.5588,1783267586.163
1783267588,92.5464,92.5364,92.5564,1783267588.157
1783267590,92.5523,92.5423,92.5623,1783267590.146
1783267592,92.5425,92.5325,92.5525,1783267592.137
1783267594,92.5348,92.5248,92.5448,1783267594.138
1783267596,92.5365,92.5265,92.5465,1783267596.143
1783267598,92.5466,92.5366,92.5566,1783267598.132
1783267600,92.5593,92.5493,92.5693,1783267600.158
1783267602,92.5483,92.5383,92.5583,1783267602.164
1783267604,92.5551,92.5451,92.5651,1783267604.147
1783267606,92.5456,92.5356,92.5556,1783267606.157
1783267608,92.5273,92.5173,92.5373,1783267608.152
1783267610,92.5428,92.5328,92.5528,1783267610.135
1783267612,92.5536,92.5436,92.5636,1783267612.150
1783267614,92.5485,92.5385,92.5585,1783267614.155
1783267616,92.5548,92.5448,92.5648,1783267616.146
1783267618,92.5589,92.5489,92.5689,1783267618.150
1783267620,92.5455,92.5355,92.5555,1783267620.153
1783267622,92.5524,92.5424,92.5624,1783267622.133
1783267624,92.5565,92.5465,92.5665,1783267624.336
1783267626,92.5445,92.5345,92.5545,1783267626.149
1783267628,92.5403,92.5303,92.5503,1783267628.201
1783267630,92.5521,92.5421,92.5621,1783267630.158
1783267632,92.5545,92.5445,92.5645,1783267632.141
1783267634,92.5395,92.5295,92.5495,1783267634.163
1783267636,92.5094,92.4994,92.5194,1783267636.151
1783267638,92.5089,92.4989,92.5189,1783267638.166
1783267640,92.513,92.503,92.523,1783267640.163
1783267642,92.5122,92.5022,92.5222,1783267642.157
1783267644,92.5159,92.5059,92.5259,1783267644.141
1783267646,92.524,92.514,92.534,1783267646.136
1783267648,92.5212,92.5112,92.5312,1783267648.138
1783267650,92.5223,92.5123,92.5323,1783267650.136
1783267652,92.5109,92.5009,92.5209,1783267652.149
1783267654,92.5093,92.4993,92.5193,1783267654.166
1783267656,92.4999,92.4899,92.5099,1783267656.138
1783267658,92.4917,92.4817,92.5017,1783267658.201
1783267660,92.4899,92.4799,92.4999,1783267660.144
1783267662,92.4942,92.4842,92.5042,1783267662.144
1783267664,92.4891,92.4791,92.4991,1783267664.166
1783267666,92.4994,92.4894,92.5094,1783267666.143
1783267668,92.4811,92.4711,92.4911,1783267668.151
1783267670,92.4847,92.4747,92.4947,1783267670.146
1783267672,92.4903,92.4803,92.5003,1783267672.138
1783267674,92.5001,92.4901,92.5101,1783267674.145
1783267676,92.4985,92.4885,92.5085,1783267676.159
1783267678,92.4839,92.4739,92.4939,1783267678.170
1783267680,92.492,92.482,92.502,1783267680.156
1783267682,92.5037,92.4937,92.5137,1783267682.297
1783267684,92.4859,92.4759,92.4959,1783267684.173
1783267686,92.474,92.464,92.484,1783267686.152
1783267688,92.4794,92.4694,92.4894,1783267688.204
1783267690,92.4629,92.4529,92.4729,1783267690.151
1783267692,92.4617,92.4517,92.4717,1783267692.145
1783267694,92.4833,92.4733,92.4933,1783267694.149
1783267696,92.5016,92.4916,92.5116,1783267696.129
1783267698,92.5026,92.4926,92.5126,1783267698.144
1783267700,92.5041,92.4941,92.5141,1783267700.164
1783267702,92.4951,92.4851,92.5051,1783267702.140
1783267704,92.4688,92.4588,92.4788,1783267704.145
1783267706,92.453,92.443,92.463,1783267706.173
1783267708,92.4615,92.4515,92.4715,1783267708.148
1783267710,92.4477,92.4377,92.4577,1783267710.127
1783267712,92.4421,92.4321,92.4521,1783267712.135
1783267714,92.4349,92.4249,92.4449,1783267714.152
1783267716,92.4378,92.4278,92.4478,1783267716.142
1783267718,92.4298,92.4198,92.4398,1783267718.206
1783267720,92.4237,92.4137,92.4337,1783267720.146
1783267722,92.4112,92.4012,92.4212,1783267722.143
1783267724,92.3989,92.3889,92.4089,1783267724.151
1783267726,92.3875,92.3775,92.3975,1783267726.155
1783267728,92.3857,92.3757,92.3957,1783267728.174
1783267730,92.3902,92.3802,92.4002,1783267730.151
1783267732,92.388,92.378,92.398,1783267732.148
1783267734,92.3854,92.3754,92.3954,1783267734.165
1783267736,92.4047,92.3947,92.4147,1783267736.166
1783267738,92.404,92.394,92.414,1783267738.151
1783267740,92.3989,92.3889,92.4089,1783267740.165
1783267742,92.4017,92.3917,92.4117,1783267742.294
1783267744,92.3939,92.3839,92.4039,1783267744.259
1783267746,92.3822,92.3722,92.3922,1783267746.163
1783267748,92.3989,92.3889,92.4089,1783267748.207
1783267750,92.3982,92.3882,92.4082,1783267750.151
1783267752,92.3974,92.3874,92.4074,1783267752.158
1783267754,92.3961,92.3861,92.4061,1783267754.159
1783267756,92.3939,92.3839,92.4039,1783267756.155
1783267758,92.3834,92.3734,92.3934,1783267758.158
1783267760,92.3912,92.3812,92.4012,1783267760.157
1783267762,92.3834,92.3734,92.3934,1783267762.153
1783267764,92.394,92.384,92.404,1783267764.159
1783267766,92.3816,92.3716,92.3916,1783267766.156
1783267768,92.3858,92.3758,92.3958,1783267768.151
1783267770,92.3871,92.3771,92.3971,1783267770.157
1783267772,92.3826,92.3726,92.3926,1783267772.145
1783267774,92.3671,92.3571,92.3771,1783267774.139
1783267776,92.3719,92.3619,92.3819,1783267776.152
1783267778,92.3574,92.3474,92.3674,1783267778.209
1783267780,92.3456,92.3356,92.3556,1783267780.145
1783267782,92.3324,92.3224,92.3424,1783267782.164
1783267784,92.3258,92.3158,92.3358,1783267784.159
1783267786,92.3233,92.3133,92.3333,1783267786.154
1783267788,92.309,92.299,92.319,1783267788.158
1783267790,92.3113,92.3013,92.3213,1783267790.135
1783267792,92.341,92.331,92.351,1783267792.135
1783267794,92.3504,92.3404,92.3604,1783267794.143
1783267796,92.361,92.351,92.371,1783267796.164
1783267798,92.3553,92.3453,92.3653,1783267798.154
1783267800,92.3581,92.3481,92.3681,1783267800.148
1783267802,92.3596,92.3496,92.3696,1783267802.297
1783267804,92.3634,92.3534,92.3734,1783267804.338
1783267806,92.3632,92.3532,92.3732,1783267806.171
1783267808,92.3617,92.3517,92.3717,1783267808.243
1783267810,92.3736,92.3636,92.3836,1783267810.152
1783267812,92.3732,92.3632,92.3832,1783267812.139
1783267814,92.3796,92.3696,92.3896,1783267814.158
1783267816,92.3692,92.3592,92.3792,1783267816.244
1783267818,92.357,92.347,92.367,1783267818.142
1783267820,92.3389,92.3289,92.3489,1783267820.157
1783267822,92.3395,92.3295,92.3495,1783267822.192
1783267824,92.3306,92.3206,92.3406,1783267824.142
1783267826,92.3382,92.3282,92.3482,1783267826.156
1783267828,92.3331,92.3231,92.3431,1783267828.164
1783267830,92.3291,92.3191,92.3391,1783267830.152
1783267832,92.3075,92.2975,92.3175,1783267832.147
1783267834,92.3121,92.3021,92.3221,1783267834.137
1783267836,92.313,92.303,92.323,1783267836.154
1783267838,92.319,92.309,92.329,1783267838.245
1783267840,92.3238,92.3138,92.3338,1783267840.149
1783267842,92.3242,92.3142,92.3342,1783267842.129
1783267844,92.3241,92.3141,92.3341,1783267844.156
1783267846,92.3347,92.3247,92.3447,1783267846.141
1783267848,92.3345,92.3245,92.3445,1783267848.152
1783267850,92.3325,92.3225,92.3425,1783267850.135
1783267852,92.3236,92.3136,92.3336,1783267852.141
1783267854,92.3179,92.3079,92.3279,1783267854.155
1783267856,92.3325,92.3225,92.3425,1783267856.144
1783267858,92.3265,92.3165,92.3365,1783267858.141
1783267860,92.3401,92.3301,92.3501,1783267860.178
1783267862,92.3402,92.3302,92.3502,1783267862.328
1783267864,92.3366,92.3266,92.3466,1783267864.162
1783267866,92.331,92.321,92.341,1783267866.138
1783267868,92.3418,92.3318,92.3518,1783267868.135
1783267870,92.3601,92.3501,92.3701,1783267870.139
1783267872,92.344,92.334,92.354,1783267872.137
1783267874,92.3083,92.2983,92.3183,1783267874.158
1783267876,92.322,92.312,92.332,1783267876.138
1783267878,92.3368,92.3268,92.3468,1783267878.130
1783267880,92.3256,92.3156,92.3356,1783267880.139
1783267882,92.3186,92.3086,92.3286,1783267882.148
1783267884,92.312,92.302,92.322,1783267884.138
1783267886,92.3082,92.2982,92.3182,1783267886.135
1783267888,92.3196,92.3096,92.3296,1783267888.132
1783267890,92.3232,92.3132,92.3332,1783267890.165
1783267892,92.3454,92.3354,92.3554,1783267892.129
1783267894,92.3663,92.3563,92.3763,1783267894.144
1783267896,92.3528,92.3428,92.3628,1783267896.140
1783267898,92.3526,92.3426,92.3626,1783267898.210
1783267900,92.3405,92.3305,92.3505,1783267900.165
1783267902,92.3379,92.3279,92.3479,1783267902.166
1783267904,92.349,92.339,92.359,1783267904.140
1783267906,92.3569,92.3469,92.3669,1783267906.140
1783267908,92.3753,92.3653,92.3853,1783267908.140
1783267910,92.3818,92.3718,92.3918,1783267910.154
1783267912,92.39,92.38,92.4,1783267912.158
1783267914,92.3663,92.3563,92.3763,1783267914.157
1783267916,92.3556,92.3456,92.3656,1783267916.137
1783267918,92.3714,92.3614,92.3814,1783267918.149
1783267920,92.3615,92.3515,92.3715,1783267920.137
1783267922,92.3507,92.3407,92.3607,1783267922.165
1783267924,92.3485,92.3385,92.3585,1783267924.144
1783267926,92.3642,92.3542,92.3742,1783267926.136
1783267928,92.346,92.336,92.356,1783267928.202
1783267930,92.3465,92.3365,92.3565,1783267930.129
1783267932,92.3416,92.3316,92.3516,1783267932.149
1783267934,92.3454,92.3354,92.3554,1783267934.138
1783267936,92.3521,92.3421,92.3621,1783267936.213
1783267938,92.3638,92.3538,92.3738,1783267938.157
1783267940,92.3809,92.3709,92.3909,1783267940.153
1783267942,92.3861,92.3761,92.3961,1783267942.162
1783267944,92.3894,92.3794,92.3994,1783267944.144
1783267946,92.3742,92.3642,92.3842,1783267946.161
1783267948,92.3775,92.3675,92.3875,1783267948.139
1783267950,92.3831,92.3731,92.3931,1783267950.156
1783267952,92.3723,92.3623,92.3823,1783267952.162
1783267954,92.3687,92.3587,92.3787,1783267954.150
1783267956,92.3588,92.3488,92.3688,1783267956.156
1783267958,92.3696,92.3596,92.3796,1783267958.204
1783267960,92.3873,92.3773,92.3973,1783267960.158
1783267962,92.397,92.387,92.407,1783267962.164
1783267964,92.3986,92.3886,92.4086,1783267964.147
1783267966,92.3979,92.3879,92.4079,1783267966.152
1783267968,92.3925,92.3825,92.4025,1783267968.148
1783267970,92.3919,92.3819,92.4019,1783267970.163
1783267972,92.396,92.386,92.406,1783267972.157
1783267974,92.3819,92.3719,92.3919,1783267974.153
1783267976,92.3808,92.3708,92.3908,1783267976.146
1783267978,92.3873,92.3773,92.3973,1783267978.165
1783267980,92.3724,92.3624,92.3824,1783267980.165
1783267982,92.3776,92.3676,92.3876,1783267982.147
1783267984,92.4042,92.3942,92.4142,1783267984.160
1783267986,92.4,92.39,92.41,1783267986.159
1783267988,92.4021,92.3921,92.4121,1783267988.206
1783267990,92.4223,92.4123,92.4323,1783267990.165
1783267992,92.4145,92.4045,92.4245,1783267992.133
1783267994,92.3991,92.3891,92.4091,1783267994.147
1783267996,92.4007,92.3907,92.4107,1783267996.153
1783267998,92.3851,92.3751,92.3951,1783267998.153
1783268000,92.3832,92.3732,92.3932,1783268000.147
1783268002,92.3671,92.3571,92.3771,1783268002.160
1783268004,92.3752,92.3652,92.3852,1783268004.163
1783268006,92.3512,92.3412,92.3612,1783268006.148
1783268008,92.3528,92.3428,92.3628,1783268008.151
1783268010,92.3633,92.3533,92.3733,1783268010.158
1783268012,92.361,92.351,92.371,1783268012.147
1783268014,92.3517,92.3417,92.3617,1783268014.148
1783268016,92.353,92.343,92.363,1783268016.142
1783268018,92.3251,92.3151,92.3351,1783268018.203
1783268020,92.3503,92.3403,92.3603,1783268020.143
1783268022,92.3288,92.3188,92.3388,1783268022.132
1783268024,92.3273,92.3173,92.3373,1783268024.140
1783268026,92.3393,92.3293,92.3493,1783268026.150
1783268028,92.3343,92.3243,92.3443,1783268028.152
1783268030,92.3311,92.3211,92.3411,1783268030.172
1783268032,92.336,92.326,92.346,1783268032.239
1783268034,92.3452,92.3352,92.3552,1783268034.159
1783268036,92.3505,92.3405,92.3605,1783268036.152
1783268038,92.3305,92.3205,92.3405,1783268038.160
1783268040,92.333,92.323,92.343,1783268040.168
1783268042,92.3353,92.3253,92.3453,1783268042.213
1783268044,92.3417,92.3317,92.3517,1783268044.180
1783268046,92.3471,92.3371,92.3571,1783268046.137
1783268048,92.3564,92.3464,92.3664,1783268048.205
1783268050,92.3485,92.3385,92.3585,1783268050.136
1783268052,92.3493,92.3393,92.3593,1783268052.140
1783268054,92.3445,92.3345,92.3545,1783268054.139
1783268056,92.3603,92.3503,92.3703,1783268056.137
1783268058,92.3604,92.3504,92.3704,1783268058.136
1783268060,92.3594,92.3494,92.3694,1783268060.180
1783268062,92.352,92.342,92.362,1783268062.147
1783268064,92.3534,92.3434,92.3634,1783268064.151
1783268066,92.3429,92.3329,92.3529,1783268066.206
1783268068,92.3455,92.3355,92.3555,1783268068.151
1783268070,92.3371,92.3271,92.3471,1783268070.140
1783268072,92.3553,92.3453,92.3653,1783268072.179
1783268074,92.3252,92.3152,92.3352,1783268074.128
1783268076,92.331,92.321,92.341,1783268076.163
1783268078,92.3288,92.3188,92.3388,1783268078.204
1783268080,92.343,92.333,92.353,1783268080.152
1783268082,92.354,92.344,92.364,1783268082.145
1783268084,92.3524,92.3424,92.3624,1783268084.145
1783268086,92.3538,92.3438,92.3638,1783268086.164
1783268088,92.3636,92.3536,92.3736,1783268088.156
1783268090,92.3678,92.3578,92.3778,1783268090.173
1783268092,92.3683,92.3583,92.3783,1783268092.166
1783268094,92.3625,92.3525,92.3725,1783268094.138
1783268096,92.3663,92.3563,92.3763,1783268096.152
1783268098,92.3624,92.3524,92.3724,1783268098.162
1783268100,92.3705,92.3605,92.3805,1783268100.152
1783268102,92.3851,92.3751,92.3951,1783268102.213
1783268104,92.4021,92.3921,92.4121,1783268104.264
1783268106,92.3891,92.3791,92.3991,1783268106.165
1783268108,92.3857,92.3757,92.3957,1783268108.203
1783268110,92.4004,92.3904,92.4104,1783268110.168
1783268112,92.3939,92.3839,92.4039,1783268112.146
1783268114,92.3989,92.3889,92.4089,1783268114.153
1783268116,92.4138,92.4038,92.4238,1783268116.182
1783268118,92.4077,92.3977,92.4177,1783268118.185
1783268120,92.3937,92.3837,92.4037,1783268120.139
1783268122,92.3837,92.3737,92.3937,1783268122.162
1783268124,92.4022,92.3922,92.4122,1783268124.161
1783268126,92.4014,92.3914,92.4114,1783268126.146
1783268128,92.3898,92.3798,92.3998,1783268128.152
1783268130,92.3712,92.3612,92.3812,1783268130.146
1783268132,92.3653,92.3553,92.3753,1783268132.138
1783268134,92.3741,92.3641,92.3841,1783268134.151
1783268136,92.3777,92.3677,92.3877,1783268136.148
1783268138,92.348,92.338,92.358,1783268138.208
1783268140,92.3588,92.3488,92.3688,1783268140.152
1783268142,92.3643,92.3543,92.3743,1783268142.146
1783268144,92.3703,92.3603,92.3803,1783268144.142
1783268146,92.375,92.365,92.385,1783268146.248
1783268148,92.3748,92.3648,92.3848,1783268148.146
1783268150,92.3821,92.3721,92.3921,1783268150.155
1783268152,92.3863,92.3763,92.3963,1783268152.152
1783268154,92.3899,92.3799,92.3999,1783268154.140
1783268156,92.3614,92.3514,92.3714,1783268156.152
1783268158,92.3665,92.3565,92.3765,1783268158.134
1783268160,92.3791,92.3691,92.3891,1783268160.185
1783268162,92.3776,92.3676,92.3876,1783268162.242
1783268164,92.3846,92.3746,92.3946,1783268164.142
1783268166,92.3771,92.3671,92.3871,1783268166.173
1783268168,92.3717,92.3617,92.3817,1783268168.205
1783268170,92.3561,92.3461,92.3661,1783268170.140
1783268172,92.3757,92.3657,92.3857,1783268172.203
1783268174,92.3772,92.3672,92.3872,1783268174.143
1783268176,92.3661,92.3561,92.3761,1783268176.158
1783268178,92.3825,92.3725,92.3925,1783268178.139
1783268180,92.3723,92.3623,92.3823,1783268180.136
1783268182,92.3763,92.3663,92.3863,1783268182.159
1783268184,92.3837,92.3737,92.3937,1783268184.162
1783268186,92.388,92.378,92.398,1783268186.149
1783268188,92.4007,92.3907,92.4107,1783268188.149
1783268190,92.3905,92.3805,92.4005,1783268190.144
1783268192,92.4014,92.3914,92.4114,1783268192.149
1783268194,92.4,92.39,92.41,1783268194.172
1783268196,92.4146,92.4046,92.4246,1783268196.164
1783268198,92.4409,92.4309,92.4509,1783268198.209
1783268200,92.4466,92.4366,92.4566,1783268200.186
1783268202,92.4351,92.4251,92.4451,1783268202.142
1783268204,92.4322,92.4222,92.4422,1783268204.208
1783268206,92.4362,92.4262,92.4462,1783268206.149
1783268208,92.4327,92.4227,92.4427,1783268208.146
1783268210,92.4443,92.4343,92.4543,1783268210.162
1783268212,92.4298,92.4198,92.4398,1783268212.146
1783268214,92.4232,92.4132,92.4332,1783268214.150
1783268216,92.4238,92.4138,92.4338,1783268216.140
1783268218,92.4177,92.4077,92.4277,1783268218.154
1783268220,92.409,92.399,92.419,1783268220.161
1783268222,92.4038,92.3938,92.4138,1783268222.267
1783268224,92.4128,92.4028,92.4228,1783268224.176
1783268226,92.4245,92.4145,92.4345,1783268226.150
1783268228,92.4378,92.4278,92.4478,1783268228.203
1783268230,92.4465,92.4365,92.4565,1783268230.148
1783268232,92.4323,92.4223,92.4423,1783268232.142
1783268234,92.4364,92.4264,92.4464,1783268234.147
1783268236,92.4266,92.4166,92.4366,1783268236.168
1783268238,92.4325,92.4225,92.4425,1783268238.126
1783268240,92.4241,92.4141,92.4341,1783268240.165
1783268242,92.4154,92.4054,92.4254,1783268242.144
1783268244,92.4184,92.4084,92.4284,1783268244.142
1783268246,92.4327,92.4227,92.4427,1783268246.181
1783268248,92.4407,92.4307,92.4507,1783268248.202
1783268250,92.4388,92.4288,92.4488,1783268250.147
1783268252,92.4397,92.4297,92.4497,1783268252.139
1783268254,92.4399,92.4299,92.4499,1783268254.150
1783268256,92.4349,92.4249,92.4449,1783268256.135
1783268258,92.4261,92.4161,92.4361,1783268258.245
1783268260,92.4124,92.4024,92.4224,1783268260.147
1783268262,92.4271,92.4171,92.4371,1783268262.143
1783268264,92.4201,92.4101,92.4301,1783268264.153
1783268266,92.4275,92.4175,92.4375,1783268266.146
1783268268,92.436,92.426,92.446,1783268268.150
1783268270,92.4399,92.4299,92.4499,1783268270.139
1783268272,92.4293,92.4193,92.4393,1783268272.162
1783268274,92.4279,92.4179,92.4379,1783268274.149
1783268276,92.4054,92.3954,92.4154,1783268276.147
1783268278,92.4069,92.3969,92.4169,1783268278.136
1783268280,92.4135,92.4035,92.4235,1783268280.157
1783268282,92.4224,92.4124,92.4324,1783268282.181
1783268284,92.4285,92.4185,92.4385,1783268284.139
1783268286,92.4237,92.4137,92.4337,1783268286.142
1783268288,92.4173,92.4073,92.4273,1783268288.200
1783268290,92.4025,92.3925,92.4125,1783268290.189
1783268292,92.3929,92.3829,92.4029,1783268292.150
1783268294,92.3833,92.3733,92.3933,1783268294.135
1783268296,92.3727,92.3627,92.3827,1783268296.165
1783268298,92.3751,92.3651,92.3851,1783268298.162
1783268300,92.3682,92.3582,92.3782,1783268300.143
1783268302,92.3736,92.3636,92.3836,1783268302.156
1783268304,92.3821,92.3721,92.3921,1783268304.151
1783268306,92.3841,92.3741,92.3941,1783268306.149
1783268308,92.3658,92.3558,92.3758,1783268308.150
1783268310,92.378,92.368,92.388,1783268310.159
1783268312,92.3817,92.3717,92.3917,1783268312.143
1783268314,92.358,92.348,92.368,1783268314.141
1783268316,92.3543,92.3443,92.3643,1783268316.146
1783268318,92.3445,92.3345,92.3545,1783268318.204
1783268320,92.3299,92.3199,92.3399,1783268320.148
1783268322,92.3446,92.3346,92.3546,1783268322.154
1783268324,92.3219,92.3119,92.3319,1783268324.162
1783268326,92.3178,92.3078,92.3278,1783268326.156
1783268328,92.3187,92.3087,92.3287,1783268328.169
1783268330,92.3164,92.3064,92.3264,1783268330.138
1783268332,92.3134,92.3034,92.3234,1783268332.156
1783268334,92.3303,92.3203,92.3403,1783268334.182
1783268336,92.3117,92.3017,92.3217,1783268336.149
1783268338,92.3112,92.3012,92.3212,1783268338.144
1783268340,92.3048,92.2948,92.3148,1783268340.163
1783268342,92.3128,92.3028,92.3228,1783268342.193
1783268344,92.2874,92.2774,92.2974,1783268344.146
1783268346,92.3079,92.2979,92.3179,1783268346.147
1783268348,92.3051,92.2951,92.3151,1783268348.203
1783268350,92.2955,92.2855,92.3055,1783268350.152
1783268352,92.2703,92.2603,92.2803,1783268352.170
1783268354,92.2477,92.2377,92.2577,1783268354.132
1783268356,92.237,92.227,92.247,1783268356.145
1783268358,92.2423,92.2323,92.2523,1783268358.160
1783268360,92.2415,92.2315,92.2515,1783268360.149
1783268362,92.2525,92.2425,92.2625,1783268362.150
1783268364,92.2744,92.2644,92.2844,1783268364.151
1783268366,92.2624,92.2524,92.2724,1783268366.136
1783268368,92.2541,92.2441,92.2641,1783268368.132
1783268370,92.2613,92.2513,92.2713,1783268370.162
1783268372,92.2806,92.2706,92.2906,1783268372.204
1783268374,92.2707,92.2607,92.2807,1783268374.143
1783268376,92.2578,92.2478,92.2678,1783268376.162
1783268378,92.2591,92.2491,92.2691,1783268378.203
1783268380,92.2719,92.2619,92.2819,1783268380.150
1783268382,92.2542,92.2442,92.2642,1783268382.155
1783268384,92.2492,92.2392,92.2592,1783268384.142
1783268386,92.2612,92.2512,92.2712,1783268386.133
1783268388,92.2625,92.2525,92.2725,1783268388.155
1783268390,92.2464,92.2364,92.2564,1783268390.156
1783268392,92.2358,92.2258,92.2458,1783268392.143
1783268394,92.2242,92.2142,92.2342,1783268394.155
1783268396,92.2214,92.2114,92.2314,1783268396.157
1783268398,92.2105,92.2005,92.2205,1783268398.134
1783268400,92.217,92.207,92.227,1783268400.166
1783268402,92.204,92.194,92.214,1783268402.168
1783268404,92.1968,92.1868,92.2068,1783268404.154
1783268406,92.1893,92.1793,92.1993,1783268406.155
1783268408,92.2132,92.2032,92.2232,1783268408.201
1783268410,92.2075,92.1975,92.2175,1783268410.209
1783268412,92.2164,92.2064,92.2264,1783268412.236
1783268414,92.2133,92.2033,92.2233,1783268414.246
1783268416,92.2263,92.2163,92.2363,1783268416.143
1783268418,92.228,92.218,92.238,1783268418.148
1783268420,92.2469,92.2369,92.2569,1783268420.152
1783268422,92.2527,92.2427,92.2627,1783268422.145
1783268424,92.2499,92.2399,92.2599,1783268424.141
1783268426,92.2533,92.2433,92.2633,1783268426.145
1783268428,92.2429,92.2329,92.2529,1783268428.162
1783268430,92.2258,92.2158,92.2358,1783268430.174
1783268432,92.2316,92.2216,92.2416,1783268432.152
1783268434,92.2142,92.2042,92.2242,1783268434.160
1783268436,92.2196,92.2096,92.2296,1783268436.149
1783268438,92.2086,92.1986,92.2186,1783268438.247
1783268440,92.1983,92.1883,92.2083,1783268440.147
1783268442,92.2107,92.2007,92.2207,1783268442.150
1783268444,92.2252,92.2152,92.2352,1783268444.157
1783268446,92.2196,92.2096,92.2296,1783268446.176
1783268448,92.2231,92.2131,92.2331,1783268448.168
1783268450,92.2376,92.2276,92.2476,1783268450.162
1783268452,92.2358,92.2258,92.2458,1783268452.244
1783268454,92.251,92.241,92.261,1783268454.174
1783268456,92.2408,92.2308,92.2508,1783268456.146
1783268458,92.236,92.226,92.246,1783268458.154
1783268460,92.2257,92.2157,92.2357,1783268460.152
1783268462,92.2311,92.2211,92.2411,1783268462.157
1783268464,92.2312,92.2212,92.2412,1783268464.159
1783268466,92.2123,92.2023,92.2223,1783268466.151
1783268468,92.2073,92.1973,92.2173,1783268468.151
1783268470,92.2164,92.2064,92.2264,1783268470.153
1783268472,92.2499,92.2399,92.2599,1783268472.150
1783268474,92.2554,92.2454,92.2654,1783268474.151
1783268476,92.2491,92.2391,92.2591,1783268476.149
1783268478,92.2526,92.2426,92.2626,1783268478.151
1783268480,92.2462,92.2362,92.2562,1783268480.163
1783268482,92.2425,92.2325,92.2525,1783268482.154
1783268484,92.2182,92.2082,92.2282,1783268484.207
1783268486,92.227,92.217,92.237,1783268486.168
1783268488,92.2351,92.2251,92.2451,1783268488.133
1783268490,92.2347,92.2247,92.2447,1783268490.169
1783268492,92.2196,92.2096,92.2296,1783268492.223
1783268494,92.2175,92.2075,92.2275,1783268494.184
1783268496,92.2083,92.1983,92.2183,1783268496.154
1783268498,92.202,92.192,92.212,1783268498.203
1783268500,92.2206,92.2106,92.2306,1783268500.132
1783268502,92.2276,92.2176,92.2376,1783268502.134
1783268504,92.2454,92.2354,92.2554,1783268504.158
1783268506,92.2517,92.2417,92.2617,1783268506.172
1783268508,92.2803,92.2703,92.2903,1783268508.166
1783268510,92.3255,92.3155,92.3355,1783268510.161
1783268512,92.3171,92.3071,92.3271,1783268512.133
1783268514,92.3307,92.3207,92.3407,1783268514.158
1783268516,92.3399,92.3299,92.3499,1783268516.129
1783268518,92.3557,92.3457,92.3657,1783268518.131
1783268520,92.3518,92.3418,92.3618,1783268520.139
1783268522,92.3498,92.3398,92.3598,1783268522.231
1783268524,92.3217,92.3117,92.3317,1783268524.172
1783268526,92.3143,92.3043,92.3243,1783268526.132
1783268528,92.3239,92.3139,92.3339,1783268528.271
1783268530,92.3454,92.3354,92.3554,1783268530.154
1783268532,92.3509,92.3409,92.3609,1783268532.141
1783268534,92.3407,92.3307,92.3507,1783268534.160
1783268536,92.342,92.332,92.352,1783268536.138
1783268538,92.3312,92.3212,92.3412,1783268538.161
1783268540,92.3305,92.3205,92.3405,1783268540.129
1783268542,92.3319,92.3219,92.3419,1783268542.132
1783268544,92.3329,92.3229,92.3429,1783268544.133
1783268546,92.3352,92.3252,92.3452,1783268546.165
1783268548,92.3323,92.3223,92.3423,1783268548.154
1783268550,92.3431,92.3331,92.3531,1783268550.131
1783268552,92.3434,92.3334,92.3534,1783268552.165
1783268554,92.3516,92.3416,92.3616,1783268554.136
1783268556,92.339,92.329,92.349,1783268556.160
1783268558,92.3371,92.3271,92.3471,1783268558.200
1783268560,92.3468,92.3368,92.3568,1783268560.161
1783268562,92.3424,92.3324,92.3524,1783268562.137
1783268564,92.3462,92.3362,92.3562,1783268564.169
1783268566,92.352,92.342,92.362,1783268566.170
1783268568,92.3536,92.3436,92.3636,1783268568.158
1783268570,92.3615,92.3515,92.3715,1783268570.164
1783268572,92.3714,92.3614,92.3814,1783268572.145
1783268574,92.3378,92.3278,92.3478,1783268574.162
1783268576,92.3321,92.3221,92.3421,1783268576.135
1783268578,92.3518,92.3418,92.3618,1783268578.138
1783268580,92.3561,92.3461,92.3661,1783268580.167
1783268582,92.3469,92.3369,92.3569,1783268582.178
1783268584,92.3554,92.3454,92.3654,1783268584.139
1783268586,92.3586,92.3486,92.3686,1783268586.164
1783268588,92.3635,92.3535,92.3735,1783268588.209
1783268590,92.3689,92.3589,92.3789,1783268590.166
1783268592,92.3639,92.3539,92.3739,1783268592.165
1783268594,92.3824,92.3724,92.3924,1783268594.176
1783268596,92.4094,92.3994,92.4194,1783268596.138
1783268598,92.4062,92.3962,92.4162,1783268598.135
1783268600,92.4092,92.3992,92.4192,1783268600.147
1783268602,92.4095,92.3995,92.4195,1783268602.130
1783268604,92.4249,92.4149,92.4349,1783268604.150
1783268606,92.4113,92.4013,92.4213,1783268606.138
1783268608,92.3807,92.3707,92.3907,1783268608.142
1783268610,92.3719,92.3619,92.3819,1783268610.139
1783268612,92.3769,92.3669,92.3869,1783268612.136
1783268614,92.3884,92.3784,92.3984,1783268614.147
1783268616,92.373,92.363,92.383,1783268616.142
1783268618,92.3597,92.3497,92.3697,1783268618.243
1783268620,92.3778,92.3678,92.3878,1783268620.164
1783268622,92.3682,92.3582,92.3782,1783268622.133
1783268624,92.3692,92.3592,92.3792,1783268624.140
1783268626,92.3821,92.3721,92.3921,1783268626.134
1783268628,92.4004,92.3904,92.4104,1783268628.152
1783268630,92.4088,92.3988,92.4188,1783268630.170
1783268632,92.4096,92.3996,92.4196,1783268632.141
1783268634,92.4087,92.3987,92.4187,1783268634.174
1783268636,92.4188,92.4088,92.4288,1783268636.133
1783268638,92.4063,92.3963,92.4163,1783268638.131
1783268640,92.405,92.395,92.415,1783268640.149
1783268642,92.4186,92.4086,92.4286,1783268642.240
1783268644,92.4211,92.4111,92.4311,1783268644.253
1783268646,92.4099,92.3999,92.4199,1783268646.165
1783268648,92.3986,92.3886,92.4086,1783268648.202
1783268650,92.3866,92.3766,92.3966,1783268650.129
1783268652,92.3891,92.3791,92.3991,1783268652.147
1783268654,92.3693,92.3593,92.3793,1783268654.146
1783268656,92.3785,92.3685,92.3885,1783268656.129
1783268658,92.3892,92.3792,92.3992,1783268658.153
1783268660,92.3993,92.3893,92.4093,1783268660.149
1783268662,92.4124,92.4024,92.4224,1783268662.139
1783268664,92.4183,92.4083,92.4283,1783268664.129
1783268666,92.4171,92.4071,92.4271,1783268666.150
1783268668,92.4166,92.4066,92.4266,1783268668.134
1783268670,92.4165,92.4065,92.4265,1783268670.155
1783268672,92.404,92.394,92.414,1783268672.133
1783268674,92.4087,92.3987,92.4187,1783268674.160
1783268676,92.3955,92.3855,92.4055,1783268676.140
1783268678,92.3954,92.3854,92.4054,1783268678.205
1783268680,92.3781,92.3681,92.3881,1783268680.141
1783268682,92.3769,92.3669,92.3869,1783268682.203
1783268684,92.3561,92.3461,92.3661,1783268684.150
1783268686,92.3612,92.3512,92.3712,1783268686.142
1783268688,92.3615,92.3515,92.3715,1783268688.164
1783268690,92.36,92.35,92.37,1783268690.148
1783268692,92.3712,92.3612,92.3812,1783268692.145
1783268694,92.3861,92.3761,92.3961,1783268694.149
1783268696,92.3774,92.3674,92.3874,1783268696.150
1783268698,92.3814,92.3714,92.3914,1783268698.154
1783268700,92.3735,92.3635,92.3835,1783268700.148
1783268702,92.3499,92.3399,92.3599,1783268702.201
1783268704,92.3544,92.3444,92.3644,1783268704.272
1783268706,92.3508,92.3408,92.3608,1783268706.133
1783268708,92.3617,92.3517,92.3717,1783268708.203
1783268710,92.3453,92.3353,92.3553,1783268710.164
1783268712,92.3406,92.3306,92.3506,1783268712.150
1783268714,92.3601,92.3501,92.3701,1783268714.144
1783268716,92.3699,92.3599,92.3799,1783268716.129
1783268718,92.3777,92.3677,92.3877,1783268718.145
1783268720,92.3808,92.3708,92.3908,1783268720.158
1783268722,92.3757,92.3657,92.3857,1783268722.139
1783268724,92.3621,92.3521,92.3721,1783268724.140
1783268726,92.3652,92.3552,92.3752,1783268726.141
1783268728,92.3756,92.3656,92.3856,1783268728.147
1783268730,92.3764,92.3664,92.3864,1783268730.135
1783268732,92.3854,92.3754,92.3954,1783268732.138
1783268734,92.3694,92.3594,92.3794,1783268734.162
1783268736,92.3591,92.3491,92.3691,1783268736.138
1783268738,92.3682,92.3582,92.3782,1783268738.201
1783268740,92.3687,92.3587,92.3787,1783268740.150
1783268742,92.3709,92.3609,92.3809,1783268742.150
1783268744,92.3651,92.3551,92.3751,1783268744.148
1783268746,92.3664,92.3564,92.3764,1783268746.153
1783268748,92.3765,92.3665,92.3865,1783268748.306
1783268750,92.3628,92.3528,92.3728,1783268750.144
1783268752,92.3557,92.3457,92.3657,1783268752.135
1783268754,92.3374,92.3274,92.3474,1783268754.145
1783268756,92.3167,92.3067,92.3267,1783268756.153
1783268758,92.3123,92.3023,92.3223,1783268758.165
1783268760,92.3235,92.3135,92.3335,1783268760.165
1783268762,92.3271,92.3171,92.3371,1783268762.194
1783268764,92.3489,92.3389,92.3589,1783268764.140
1783268766,92.3558,92.3458,92.3658,1783268766.150
1783268768,92.369,92.359,92.379,1783268768.209
1783268770,92.3665,92.3565,92.3765,1783268770.162
1783268772,92.3718,92.3618,92.3818,1783268772.148
1783268774,92.3687,92.3587,92.3787,1783268774.158
1783268776,92.3341,92.3241,92.3441,1783268776.146
1783268778,92.348,92.338,92.358,1783268778.148
1783268780,92.3585,92.3485,92.3685,1783268780.139
1783268782,92.3592,92.3492,92.3692,1783268782.139
1783268784,92.3806,92.3706,92.3906,1783268784.145
1783268786,92.3747,92.3647,92.3847,1783268786.137
1783268788,92.3737,92.3637,92.3837,1783268788.134
1783268790,92.3736,92.3636,92.3836,1783268790.137
1783268792,92.3729,92.3629,92.3829,1783268792.150
1783268794,92.3709,92.3609,92.3809,1783268794.139
1783268796,92.3731,92.3631,92.3831,1783268796.166
1783268798,92.3818,92.3718,92.3918,1783268798.205
1783268800,92.3882,92.3782,92.3982,1783268800.136
1783268802,92.3923,92.3823,92.4023,1783268802.136
1783268804,92.3894,92.3794,92.3994,1783268804.134
1783268806,92.4138,92.4038,92.4238,1783268806.133
1783268808,92.4051,92.3951,92.4151,1783268808.142
1783268810,92.4139,92.4039,92.4239,1783268810.172
1783268812,92.4209,92.4109,92.4309,1783268812.151
1783268814,92.4202,92.4102,92.4302,1783268814.141
1783268816,92.415,92.405,92.425,1783268816.140
1783268818,92.4107,92.4007,92.4207,1783268818.139
1783268820,92.4211,92.4111,92.4311,1783268820.160
1783268822,92.4267,92.4167,92.4367,1783268822.307
1783268824,92.4278,92.4178,92.4378,1783268824.194
1783268826,92.4255,92.4155,92.4355,1783268826.139
1783268828,92.4433,92.4333,92.4533,1783268828.137
1783268830,92.4478,92.4378,92.4578,1783268830.145
1783268832,92.4421,92.4321,92.4521,1783268832.149
1783268834,92.4655,92.4555,92.4755,1783268834.153
1783268836,92.4687,92.4587,92.4787,1783268836.136
1783268838,92.4773,92.4673,92.4873,1783268838.158
1783268840,92.4712,92.4612,92.4812,1783268840.150
1783268842,92.4841,92.4741,92.4941,1783268842.147
1783268844,92.4749,92.4649,92.4849,1783268844.131
1783268846,92.466,92.456,92.476,1783268846.143
1783268848,92.4693,92.4593,92.4793,1783268848.144
1783268850,92.4826,92.4726,92.4926,1783268850.141
1783268852,92.4852,92.4752,92.4952,1783268852.146
1783268854,92.4753,92.4653,92.4853,1783268854.144
1783268856,92.4628,92.4528,92.4728,1783268856.156
1783268858,92.4729,92.4629,92.4829,1783268858.148
1783268860,92.4775,92.4675,92.4875,1783268860.147
1783268862,92.4722,92.4622,92.4822,1783268862.146
1783268864,92.4636,92.4536,92.4736,1783268864.155
1783268866,92.463,92.453,92.473,1783268866.131
1783268868,92.4518,92.4418,92.4618,1783268868.143
1783268870,92.4603,92.4503,92.4703,1783268870.141
1783268872,92.4616,92.4516,92.4716,1783268872.142
1783268874,92.4657,92.4557,92.4757,1783268874.139
1783268876,92.4776,92.4676,92.4876,1783268876.150
1783268878,92.4691,92.4591,92.4791,1783268878.147
1783268880,92.4715,92.4615,92.4815,1783268880.163
1783268882,92.4671,92.4571,92.4771,1783268882.218
1783268884,92.463,92.453,92.473,1783268884.153
1783268886,92.4671,92.4571,92.4771,1783268886.154
1783268888,92.4604,92.4504,92.4704,1783268888.127
1783268890,92.4456,92.4356,92.4556,1783268890.147
1783268892,92.4534,92.4434,92.4634,1783268892.201
1783268894,92.4728,92.4628,92.4828,1783268894.154
1783268896,92.4564,92.4464,92.4664,1783268896.152
1783268898,92.4622,92.4522,92.4722,1783268898.139
1783268900,92.4379,92.4279,92.4479,1783268900.144
1783268902,92.4491,92.4391,92.4591,1783268902.143
1783268904,92.4429,92.4329,92.4529,1783268904.143
1783268906,92.4565,92.4465,92.4665,1783268906.146
1783268908,92.4552,92.4452,92.4652,1783268908.144
1783268910,92.4537,92.4437,92.4637,1783268910.137
1783268912,92.4589,92.4489,92.4689,1783268912.143
1783268914,92.4475,92.4375,92.4575,1783268914.144
1783268916,92.4545,92.4445,92.4645,1783268916.136
1783268918,92.4511,92.4411,92.4611,1783268918.216
1783268920,92.4603,92.4503,92.4703,1783268920.138
1783268922,92.4851,92.4751,92.4951,1783268922.148
1783268924,92.4817,92.4717,92.4917,1783268924.148
1783268926,92.487,92.477,92.497,1783268926.131
1783268928,92.4787,92.4687,92.4887,1783268928.134
1783268930,92.4959,92.4859,92.5059,1783268930.145
1783268932,92.4958,92.4858,92.5058,1783268932.139
1783268934,92.5081,92.4981,92.5181,1783268934.136
1783268936,92.5143,92.5043,92.5243,1783268936.146
1783268938,92.5137,92.5037,92.5237,1783268938.144
1783268940,92.5286,92.5186,92.5386,1783268940.164
1783268942,92.531,92.521,92.541,1783268942.132
1783268944,92.5188,92.5088,92.5288,1783268944.149
1783268946,92.5153,92.5053,92.5253,1783268946.126
1783268948,92.5104,92.5004,92.5204,1783268948.200
1783268950,92.5113,92.5013,92.5213,1783268950.151
1783268952,92.4976,92.4876,92.5076,1783268952.137
1783268954,92.4797,92.4697,92.4897,1783268954.137
1783268956,92.4756,92.4656,92.4856,1783268956.171
1783268958,92.4554,92.4454,92.4654,1783268958.127
1783268960,92.4565,92.4465,92.4665,1783268960.212
1783268962,92.4643,92.4543,92.4743,1783268962.153
1783268964,92.4536,92.4436,92.4636,1783268964.132
1783268966,92.4651,92.4551,92.4751,1783268966.140
1783268968,92.4656,92.4556,92.4756,1783268968.139
1783268970,92.4669,92.4569,92.4769,1783268970.160
1783268972,92.4648,92.4548,92.4748,1783268972.135
1783268974,92.472,92.462,92.482,1783268974.203
1783268976,92.4558,92.4458,92.4658,1783268976.133
1783268978,92.4615,92.4515,92.4715,1783268978.205
1783268980,92.4533,92.4433,92.4633,1783268980.179
1783268982,92.464,92.454,92.474,1783268982.136
1783268984,92.4514,92.4414,92.4614,1783268984.148
1783268986,92.4434,92.4334,92.4534,1783268986.139
1783268988,92.4372,92.4272,92.4472,1783268988.135
1783268990,92.4335,92.4235,92.4435,1783268990.150
1783268992,92.423,92.413,92.433,1783268992.142
1783268994,92.4299,92.4199,92.4399,1783268994.138
1783268996,92.427,92.417,92.437,1783268996.131
1783268998,92.433,92.423,92.443,1783268998.163
1783269000,92.4286,92.4186,92.4386,1783269000.151
1783269002,92.4237,92.4137,92.4337,1783269002.169
1783269004,92.4319,92.4219,92.4419,1783269004.176
1783269006,92.4322,92.4222,92.4422,1783269006.173
1783269008,92.4124,92.4024,92.4224,1783269008.204
1783269010,92.4096,92.3996,92.4196,1783269010.164
1783269012,92.4087,92.3987,92.4187,1783269012.140
1783269014,92.4034,92.3934,92.4134,1783269014.130
1783269016,92.4047,92.3947,92.4147,1783269016.129
1783269018,92.3892,92.3792,92.3992,1783269018.164
1783269020,92.387,92.377,92.397,1783269020.137
1783269022,92.3886,92.3786,92.3986,1783269022.152
1783269024,92.3974,92.3874,92.4074,1783269024.160
1783269026,92.3704,92.3604,92.3804,1783269026.153
1783269028,92.3656,92.3556,92.3756,1783269028.140
1783269030,92.3748,92.3648,92.3848,1783269030.302
1783269032,92.3689,92.3589,92.3789,1783269032.160
1783269034,92.3652,92.3552,92.3752,1783269034.136
1783269036,92.3771,92.3671,92.3871,1783269036.136
1783269038,92.3789,92.3689,92.3889,1783269038.246
1783269040,92.3764,92.3664,92.3864,1783269040.142
1783269042,92.3649,92.3549,92.3749,1783269042.135
1783269044,92.3487,92.3387,92.3587,1783269044.145
1783269046,92.3451,92.3351,92.3551,1783269046.147
1783269048,92.3349,92.3249,92.3449,1783269048.142
1783269050,92.3549,92.3449,92.3649,1783269050.142
1783269052,92.3518,92.3418,92.3618,1783269052.135
1783269054,92.3566,92.3466,92.3666,1783269054.139
1783269056,92.3596,92.3496,92.3696,1783269056.148
1783269058,92.3701,92.3601,92.3801,1783269058.138
1783269060,92.3954,92.3854,92.4054,1783269060.162
1783269062,92.3949,92.3849,92.4049,1783269062.310
1783269064,92.3918,92.3818,92.4018,1783269064.182
1783269066,92.3927,92.3827,92.4027,1783269066.135
1783269068,92.4182,92.4082,92.4282,1783269068.209
1783269070,92.4014,92.3914,92.4114,1783269070.159
1783269072,92.44,92.43,92.45,1783269072.144
1783269074,92.4474,92.4374,92.4574,1783269074.169
1783269076,92.4529,92.4429,92.4629,1783269076.137
1783269078,92.4436,92.4336,92.4536,1783269078.132
1783269080,92.4355,92.4255,92.4455,1783269080.140
1783269082,92.4427,92.4327,92.4527,1783269082.144
1783269084,92.4245,92.4145,92.4345,1783269084.127
1783269086,92.4404,92.4304,92.4504,1783269086.129
1783269088,92.4485,92.4385,92.4585,1783269088.132
1783269090,92.44,92.43,92.45,1783269090.133
1783269092,92.4572,92.4472,92.4672,1783269092.134
1783269094,92.4568,92.4468,92.4668,1783269094.137
1783269096,92.4713,92.4613,92.4813,1783269096.144
1783269098,92.4705,92.4605,92.4805,1783269098.203
1783269100,92.4808,92.4708,92.4908,1783269100.137
1783269102,92.4785,92.4685,92.4885,1783269102.137
1783269104,92.4884,92.4784,92.4984,1783269104.135
1783269106,92.4853,92.4753,92.4953,1783269106.142
1783269108,92.483,92.473,92.493,1783269108.150
1783269110,92.4867,92.4767,92.4967,1783269110.140
1783269112,92.4651,92.4551,92.4751,1783269112.168
1783269114,92.4615,92.4515,92.4715,1783269114.134
1783269116,92.4711,92.4611,92.4811,1783269116.146
1783269118,92.4701,92.4601,92.4801,1783269118.138
1783269120,92.4958,92.4858,92.5058,1783269120.148
1783269122,92.4792,92.4692,92.4892,1783269122.139
1783269124,92.477,92.467,92.487,1783269124.175
1783269126,92.4722,92.4622,92.4822,1783269126.134
1783269128,92.4745,92.4645,92.4845,1783269128.208
1783269130,92.4837,92.4737,92.4937,1783269130.145
1783269132,92.4772,92.4672,92.4872,1783269132.131
1783269134,92.475,92.465,92.485,1783269134.138
1783269136,92.4926,92.4826,92.5026,1783269136.161
1783269138,92.5054,92.4954,92.5154,1783269138.162
1783269140,92.5094,92.4994,92.5194,1783269140.142
1783269142,92.5184,92.5084,92.5284,1783269142.141
1783269144,92.5285,92.5185,92.5385,1783269144.144
1783269146,92.5373,92.5273,92.5473,1783269146.142
1783269148,92.5485,92.5385,92.5585,1783269148.165
1783269150,92.5655,92.5555,92.5755,1783269150.148
1783269152,92.5732,92.5632,92.5832,1783269152.154
1783269154,92.5722,92.5622,92.5822,1783269154.152
1783269156,92.5756,92.5656,92.5856,1783269156.145
1783269158,92.5567,92.5467,92.5667,1783269158.208
1783269160,92.5669,92.5569,92.5769,1783269160.149
1783269162,92.5627,92.5527,92.5727,1783269162.136
1783269164,92.5699,92.5599,92.5799,1783269164.163
1783269166,92.5806,92.5706,92.5906,1783269166.145
1783269168,92.5952,92.5852,92.6052,1783269168.151
1783269170,92.5939,92.5839,92.6039,1783269170.155
1783269172,92.5882,92.5782,92.5982,1783269172.134
1783269174,92.5888,92.5788,92.5988,1783269174.164
1783269176,92.5983,92.5883,92.6083,1783269176.136
1783269178,92.5762,92.5662,92.5862,1783269178.151
1783269180,92.5855,92.5755,92.5955,1783269180.143
1783269182,92.5915,92.5815,92.6015,1783269182.159
1783269184,92.6051,92.5951,92.6151,1783269184.185
1783269186,92.6249,92.6149,92.6349,1783269186.145
1783269188,92.63,92.62,92.64,1783269188.256
1783269190,92.6368,92.6268,92.6468,1783269190.140
1783269192,92.6343,92.6243,92.6443,1783269192.155
1783269194,92.6232,92.6132,92.6332,1783269194.138
1783269196,92.6031,92.5931,92.6131,1783269196.149
1783269198,92.5973,92.5873,92.6073,1783269198.142
1783269200,92.5849,92.5749,92.5949,1783269200.174
1783269202,92.5674,92.5574,92.5774,1783269202.154
1783269204,92.5645,92.5545,92.5745,1783269204.156
1783269206,92.564,92.554,92.574,1783269206.160
1783269208,92.5691,92.5591,92.5791,1783269208.157
1783269210,92.5646,92.5546,92.5746,1783269210.156
1783269212,92.5804,92.5704,92.5904,1783269212.142
1783269214,92.5623,92.5523,92.5723,1783269214.159
1783269216,92.5576,92.5476,92.5676,1783269216.147
1783269218,92.5456,92.5356,92.5556,1783269218.201
1783269220,92.5496,92.5396,92.5596,1783269220.156
1783269222,92.552,92.542,92.562,1783269222.142
1783269224,92.5505,92.5405,92.5605,1783269224.153
1783269226,92.5417,92.5317,92.5517,1783269226.162
1783269228,92.5135,92.5035,92.5235,1783269228.142
1783269230,92.4961,92.4861,92.5061,1783269230.144
1783269232,92.4911,92.4811,92.5011,1783269232.145
1783269234,92.4694,92.4594,92.4794,1783269234.155
1783269236,92.4617,92.4517,92.4717,1783269236.153
1783269238,92.4639,92.4539,92.4739,1783269238.154
1783269240,92.4327,92.4227,92.4427,1783269240.169
1783269242,92.4353,92.4253,92.4453,1783269242.243
1783269244,92.4198,92.4098,92.4298,1783269244.207
1783269246,92.4081,92.3981,92.4181,1783269246.162
1783269248,92.4209,92.4109,92.4309,1783269248.207
1783269250,92.416,92.406,92.426,1783269250.148
1783269252,92.4024,92.3924,92.4124,1783269252.165
1783269254,92.3833,92.3733,92.3933,1783269254.158
1783269256,92.3812,92.3712,92.3912,1783269256.141
1783269258,92.374,92.364,92.384,1783269258.144
1783269260,92.3916,92.3816,92.4016,1783269260.152
1783269262,92.4046,92.3946,92.4146,1783269262.155
1783269264,92.415,92.405,92.425,1783269264.152
1783269266,92.3906,92.3806,92.4006,1783269266.146
1783269268,92.3882,92.3782,92.3982,1783269268.155
1783269270,92.4032,92.3932,92.4132,1783269270.152
1783269272,92.3663,92.3563,92.3763,1783269272.148
1783269274,92.3609,92.3509,92.3709,1783269274.151
1783269276,92.3592,92.3492,92.3692,1783269276.150
1783269278,92.3691,92.3591,92.3791,1783269278.206
1783269280,92.38,92.37,92.39,1783269280.154
1783269282,92.3962,92.3862,92.4062,1783269282.145
1783269284,92.3998,92.3898,92.4098,1783269284.168
1783269286,92.4098,92.3998,92.4198,1783269286.166
1783269288,92.3892,92.3792,92.3992,1783269288.142
1783269290,92.4049,92.3949,92.4149,1783269290.164
1783269292,92.3875,92.3775,92.3975,1783269292.152
1783269294,92.3867,92.3767,92.3967,1783269294.139
1783269296,92.3894,92.3794,92.3994,1783269296.146
1783269298,92.3903,92.3803,92.4003,1783269298.155
1783269300,92.3901,92.3801,92.4001,1783269300.161
1783269302,92.3917,92.3817,92.4017,1783269302.443
1783269304,92.3828,92.3728,92.3928,1783269304.493
1783269306,92.407,92.397,92.417,1783269306.149
1783269308,92.4003,92.3903,92.4103,1783269308.209
1783269310,92.4112,92.4012,92.4212,1783269310.151
1783269312,92.394,92.384,92.404,1783269312.142
1783269314,92.3729,92.3629,92.3829,1783269314.206
1783269316,92.3994,92.3894,92.4094,1783269316.142
1783269318,92.4144,92.4044,92.4244,1783269318.143
1783269320,92.4071,92.3971,92.4171,1783269320.140
1783269322,92.4294,92.4194,92.4394,1783269322.136
1783269324,92.4399,92.4299,92.4499,1783269324.146
1783269326,92.4313,92.4213,92.4413,1783269326.138
1783269328,92.4332,92.4232,92.4432,1783269328.141
1783269330,92.4361,92.4261,92.4461,1783269330.151
1783269332,92.431,92.421,92.441,1783269332.156
1783269334,92.4278,92.4178,92.4378,1783269334.164
1783269336,92.4043,92.3943,92.4143,1783269336.150
1783269338,92.3906,92.3806,92.4006,1783269338.247
1783269340,92.3942,92.3842,92.4042,1783269340.135
1783269342,92.3951,92.3851,92.4051,1783269342.147
1783269344,92.384,92.374,92.394,1783269344.146
1783269346,92.3847,92.3747,92.3947,1783269346.148
1783269348,92.3912,92.3812,92.4012,1783269348.204
1783269350,92.4041,92.3941,92.4141,1783269350.155
1783269352,92.4018,92.3918,92.4118,1783269352.151
1783269354,92.4002,92.3902,92.4102,1783269354.138
1783269356,92.3834,92.3734,92.3934,1783269356.168
1783269358,92.3727,92.3627,92.3827,1783269358.148
1783269360,92.3865,92.3765,92.3965,1783269360.174
1783269362,92.3783,92.3683,92.3883,1783269362.154
1783269364,92.362,92.352,92.372,1783269364.364
1783269366,92.3587,92.3487,92.3687,1783269366.163
1783269368,92.341,92.331,92.351,1783269368.213
1783269370,92.3207,92.3107,92.3307,1783269370.163
1783269372,92.3172,92.3072,92.3272,1783269372.146
1783269374,92.3154,92.3054,92.3254,1783269374.136
1783269376,92.3241,92.3141,92.3341,1783269376.154
1783269378,92.316,92.306,92.326,1783269378.154
1783269380,92.3315,92.3215,92.3415,1783269380.161
1783269382,92.3344,92.3244,92.3444,1783269382.144
1783269384,92.3291,92.3191,92.3391,1783269384.161
1783269386,92.3357,92.3257,92.3457,1783269386.156
1783269388,92.3371,92.3271,92.3471,1783269388.146
1783269390,92.3266,92.3166,92.3366,1783269390.157
1783269392,92.3268,92.3168,92.3368,1783269392.163
1783269394,92.3395,92.3295,92.3495,1783269394.135
1783269396,92.331,92.321,92.341,1783269396.152
1783269398,92.3193,92.3093,92.3293,1783269398.243
1783269400,92.3231,92.3131,92.3331,1783269400.161
1783269402,92.3263,92.3163,92.3363,1783269402.140
1783269404,92.3193,92.3093,92.3293,1783269404.154
1783269406,92.317,92.307,92.327,1783269406.154
1783269408,92.3168,92.3068,92.3268,1783269408.150
1783269410,92.3025,92.2925,92.3125,1783269410.136
1783269412,92.2991,92.2891,92.3091,1783269412.152
1783269414,92.2787,92.2687,92.2887,1783269414.160
1783269416,92.2735,92.2635,92.2835,1783269416.161
1783269418,92.2759,92.2659,92.2859,1783269418.162
1783269420,92.3009,92.2909,92.3109,1783269420.170
1783269422,92.2905,92.2805,92.3005,1783269422.438
1783269424,92.3071,92.2971,92.3171,1783269424.158
1783269426,92.2939,92.2839,92.3039,1783269426.137
1783269428,92.3003,92.2903,92.3103,1783269428.200
1783269430,92.3168,92.3068,92.3268,1783269430.147
1783269432,92.331,92.321,92.341,1783269432.155
1783269434,92.3446,92.3346,92.3546,1783269434.158
1783269436,92.3582,92.3482,92.3682,1783269436.157
1783269438,92.3658,92.3558,92.3758,1783269438.161
1783269440,92.375,92.365,92.385,1783269440.145
1783269442,92.3927,92.3827,92.4027,1783269442.144
1783269444,92.3968,92.3868,92.4068,1783269444.155
1783269446,92.3895,92.3795,92.3995,1783269446.150
1783269448,92.3763,92.3663,92.3863,1783269448.148
1783269450,92.3714,92.3614,92.3814,1783269450.166
1783269452,92.3938,92.3838,92.4038,1783269452.143
1783269454,92.3868,92.3768,92.3968,1783269454.148
1783269456,92.3824,92.3724,92.3924,1783269456.139
1783269458,92.3848,92.3748,92.3948,1783269458.136
1783269460,92.3788,92.3688,92.3888,1783269460.131
1783269462,92.3747,92.3647,92.3847,1783269462.136
1783269464,92.3689,92.3589,92.3789,1783269464.138
1783269466,92.3708,92.3608,92.3808,1783269466.141
1783269468,92.3722,92.3622,92.3822,1783269468.139
1783269470,92.3477,92.3377,92.3577,1783269470.152
1783269472,92.3524,92.3424,92.3624,1783269472.134
1783269474,92.347,92.337,92.357,1783269474.135
1783269476,92.3343,92.3243,92.3443,1783269476.156
1783269478,92.3116,92.3016,92.3216,1783269478.136
1783269480,92.3254,92.3154,92.3354,1783269480.162
1783269482,92.3218,92.3118,92.3318,1783269482.205
1783269484,92.3265,92.3165,92.3365,1783269484.176
1783269486,92.3411,92.3311,92.3511,1783269486.141
1783269488,92.3555,92.3455,92.3655,1783269488.201
1783269490,92.3486,92.3386,92.3586,1783269490.145
1783269492,92.3509,92.3409,92.3609,1783269492.144
1783269494,92.3471,92.3371,92.3571,1783269494.137
1783269496,92.3377,92.3277,92.3477,1783269496.133
1783269498,92.333,92.323,92.343,1783269498.143
1783269500,92.3387,92.3287,92.3487,1783269500.136
1783269502,92.3441,92.3341,92.3541,1783269502.142
1783269504,92.3289,92.3189,92.3389,1783269504.154
1783269506,92.3331,92.3231,92.3431,1783269506.164
1783269508,92.3109,92.3009,92.3209,1783269508.143
1783269510,92.3067,92.2967,92.3167,1783269510.153
1783269512,92.3118,92.3018,92.3218,1783269512.133
1783269514,92.3171,92.3071,92.3271,1783269514.136
1783269516,92.3227,92.3127,92.3327,1783269516.158
1783269518,92.3408,92.3308,92.3508,1783269518.202
1783269520,92.3412,92.3312,92.3512,1783269520.141
1783269522,92.3379,92.3279,92.3479,1783269522.133
1783269524,92.3293,92.3193,92.3393,1783269524.152
1783269526,92.3357,92.3257,92.3457,1783269526.145
1783269528,92.3391,92.3291,92.3491,1783269528.143
1783269530,92.335,92.325,92.345,1783269530.153
1783269532,92.3227,92.3127,92.3327,1783269532.162
1783269534,92.3202,92.3102,92.3302,1783269534.148
1783269536,92.3256,92.3156,92.3356,1783269536.143
1783269538,92.3164,92.3064,92.3264,1783269538.147
1783269540,92.3154,92.3054,92.3254,1783269540.152
1783269542,92.3209,92.3109,92.3309,1783269542.272
1783269544,92.3395,92.3295,92.3495,1783269544.145
1783269546,92.3411,92.3311,92.3511,1783269546.147
1783269548,92.3427,92.3327,92.3527,1783269548.210
1783269550,92.3304,92.3204,92.3404,1783269550.144
1783269552,92.3189,92.3089,92.3289,1783269552.150
1783269554,92.3312,92.3212,92.3412,1783269554.149
1783269556,92.3284,92.3184,92.3384,1783269556.145
1783269558,92.3364,92.3264,92.3464,1783269558.165
1783269560,92.3511,92.3411,92.3611,1783269560.150
1783269562,92.3367,92.3267,92.3467,1783269562.148
1783269564,92.3501,92.3401,92.3601,1783269564.154
1783269566,92.3541,92.3441,92.3641,1783269566.142
1783269568,92.3676,92.3576,92.3776,1783269568.150
1783269570,92.3465,92.3365,92.3565,1783269570.147
1783269572,92.3388,92.3288,92.3488,1783269572.156
1783269574,92.3418,92.3318,92.3518,1783269574.154
1783269576,92.3605,92.3505,92.3705,1783269576.242
1783269578,92.3806,92.3706,92.3906,1783269578.245
1783269580,92.3766,92.3666,92.3866,1783269580.153
1783269582,92.3788,92.3688,92.3888,1783269582.168
1783269584,92.3744,92.3644,92.3844,1783269584.164
1783269586,92.3922,92.3822,92.4022,1783269586.146
1783269588,92.4107,92.4007,92.4207,1783269588.151
1783269590,92.4167,92.4067,92.4267,1783269590.156
1783269592,92.3963,92.3863,92.4063,1783269592.141
1783269594,92.3813,92.3713,92.3913,1783269594.151
1783269596,92.3841,92.3741,92.3941,1783269596.130
1783269598,92.3945,92.3845,92.4045,1783269598.141
1783269600,92.3846,92.3746,92.3946,1783269600.143
1783269602,92.3893,92.3793,92.3993,1783269602.241
1783269604,92.3937,92.3837,92.4037,1783269604.161
1783269606,92.3872,92.3772,92.3972,1783269606.152
1783269608,92.3911,92.3811,92.4011,1783269608.249
1783269610,92.4052,92.3952,92.4152,1783269610.168
1783269612,92.4004,92.3904,92.4104,1783269612.139
1783269614,92.4151,92.4051,92.4251,1783269614.139
1783269616,92.4394,92.4294,92.4494,1783269616.143
1783269618,92.4464,92.4364,92.4564,1783269618.130
1783269620,92.4379,92.4279,92.4479,1783269620.155
1783269622,92.4336,92.4236,92.4436,1783269622.155
1783269624,92.4329,92.4229,92.4429,1783269624.156
1783269626,92.4193,92.4093,92.4293,1783269626.162
1783269628,92.4252,92.4152,92.4352,1783269628.135
1783269630,92.4141,92.4041,92.4241,1783269630.152
1783269632,92.403,92.393,92.413,1783269632.155
1783269634,92.4135,92.4035,92.4235,1783269634.156
1783269636,92.4055,92.3955,92.4155,1783269636.145
1783269638,92.4012,92.3912,92.4112,1783269638.246
1783269640,92.389,92.379,92.399,1783269640.158
1783269642,92.3983,92.3883,92.4083,1783269642.143
1783269644,92.3973,92.3873,92.4073,1783269644.165
1783269646,92.3864,92.3764,92.3964,1783269646.159
1783269648,92.3736,92.3636,92.3836,1783269648.163
1783269650,92.3768,92.3668,92.3868,1783269650.142
1783269652,92.3718,92.3618,92.3818,1783269652.147
1783269654,92.3412,92.3312,92.3512,1783269654.147
1783269656,92.3294,92.3194,92.3394,1783269656.156
1783269658,92.3226,92.3126,92.3326,1783269658.153
1783269660,92.3099,92.2999,92.3199,1783269660.146
1783269662,92.2976,92.2876,92.3076,1783269662.204
1783269664,92.3025,92.2925,92.3125,1783269664.172
1783269666,92.2948,92.2848,92.3048,1783269666.147
1783269668,92.3081,92.2981,92.3181,1783269668.202
1783269670,92.3117,92.3017,92.3217,1783269670.146
1783269672,92.2993,92.2893,92.3093,1783269672.153
1783269674,92.31,92.3,92.32,1783269674.140
1783269676,92.3103,92.3003,92.3203,1783269676.163
1783269678,92.3227,92.3127,92.3327,1783269678.158
1783269680,92.3257,92.3157,92.3357,1783269680.143
1783269682,92.3259,92.3159,92.3359,1783269682.165
1783269684,92.3053,92.2953,92.3153,1783269684.158
1783269686,92.2917,92.2817,92.3017,1783269686.158
1783269688,92.2906,92.2806,92.3006,1783269688.166
1783269690,92.2975,92.2875,92.3075,1783269690.144
1783269692,92.2802,92.2702,92.2902,1783269692.139
1783269694,92.2572,92.2472,92.2672,1783269694.153
1783269696,92.2434,92.2334,92.2534,1783269696.150
1783269698,92.2363,92.2263,92.2463,1783269698.201
1783269700,92.2251,92.2151,92.2351,1783269700.150
1783269702,92.2187,92.2087,92.2287,1783269702.154
1783269704,92.2227,92.2127,92.2327,1783269704.148
1783269706,92.2341,92.2241,92.2441,1783269706.144
1783269708,92.2207,92.2107,92.2307,1783269708.160
1783269710,92.2209,92.2109,92.2309,1783269710.156
1783269712,92.2115,92.2015,92.2215,1783269712.153
1783269714,92.209,92.199,92.219,1783269714.143
1783269716,92.2206,92.2106,92.2306,1783269716.157
1783269718,92.2312,92.2212,92.2412,1783269718.182
1783269720,92.2437,92.2337,92.2537,1783269720.161
1783269722,92.2377,92.2277,92.2477,1783269722.165
1783269724,92.2205,92.2105,92.2305,1783269724.162
1783269726,92.2365,92.2265,92.2465,1783269726.154
1783269728,92.2484,92.2384,92.2584,1783269728.209
1783269730,92.2517,92.2417,92.2617,1783269730.170
1783269732,92.2732,92.2632,92.2832,1783269732.170
1783269734,92.2718,92.2618,92.2818,1783269734.171
1783269736,92.2729,92.2629,92.2829,1783269736.155
1783269738,92.2607,92.2507,92.2707,1783269738.162
1783269740,92.2712,92.2612,92.2812,1783269740.159
1783269742,92.2736,92.2636,92.2836,1783269742.151
1783269744,92.2647,92.2547,92.2747,1783269744.163
1783269746,92.2723,92.2623,92.2823,1783269746.152
1783269748,92.2954,92.2854,92.3054,1783269748.161
1783269750,92.2935,92.2835,92.3035,1783269750.167
1783269752,92.2895,92.2795,92.2995,1783269752.160
1783269754,92.2837,92.2737,92.2937,1783269754.156
1783269756,92.2969,92.2869,92.3069,1783269756.149
1783269758,92.3128,92.3028,92.3228,1783269758.205
1783269760,92.3078,92.2978,92.3178,1783269760.159
1783269762,92.3151,92.3051,92.3251,1783269762.152
1783269764,92.3107,92.3007,92.3207,1783269764.156
1783269766,92.2911,92.2811,92.3011,1783269766.157
1783269768,92.2932,92.2832,92.3032,1783269768.155
1783269770,92.3064,92.2964,92.3164,1783269770.157
1783269772,92.294,92.284,92.304,1783269772.147
1783269774,92.2941,92.2841,92.3041,1783269774.157
1783269776,92.2983,92.2883,92.3083,1783269776.154
1783269778,92.3136,92.3036,92.3236,1783269778.187
1783269780,92.3004,92.2904,92.3104,1783269780.168
1783269782,92.294,92.284,92.304,1783269782.379
1783269784,92.2804,92.2704,92.2904,1783269784.154
1783269786,92.2795,92.2695,92.2895,1783269786.151
1783269788,92.2863,92.2763,92.2963,1783269788.203
1783269790,92.2845,92.2745,92.2945,1783269790.167
1783269792,92.2786,92.2686,92.2886,1783269792.144
1783269794,92.2938,92.2838,92.3038,1783269794.144
1783269796,92.3082,92.2982,92.3182,1783269796.160
1783269798,92.3158,92.3058,92.3258,1783269798.167
1783269800,92.2989,92.2889,92.3089,1783269800.155
1783269802,92.2964,92.2864,92.3064,1783269802.168
1783269804,92.2857,92.2757,92.2957,1783269804.142
1783269806,92.3124,92.3024,92.3224,1783269806.153
1783269808,92.3241,92.3141,92.3341,1783269808.167
1783269810,92.3257,92.3157,92.3357,1783269810.147
1783269812,92.3311,92.3211,92.3411,1783269812.168
1783269814,92.3237,92.3137,92.3337,1783269814.149
1783269816,92.3275,92.3175,92.3375,1783269816.156
1783269818,92.3171,92.3071,92.3271,1783269818.200
1783269820,92.3158,92.3058,92.3258,1783269820.151
1783269822,92.3048,92.2948,92.3148,1783269822.163
1783269824,92.3054,92.2954,92.3154,1783269824.158
1783269826,92.3083,92.2983,92.3183,1783269826.155
1783269828,92.3277,92.3177,92.3377,1783269828.163
1783269830,92.2949,92.2849,92.3049,1783269830.164
1783269832,92.2982,92.2882,92.3082,1783269832.154
1783269834,92.2766,92.2666,92.2866,1783269834.154
1783269836,92.2752,92.2652,92.2852,1783269836.160
1783269838,92.2756,92.2656,92.2856,1783269838.164
1783269840,92.2785,92.2685,92.2885,1783269840.158
1783269842,92.31,92.3,92.32,1783269842.176
1783269844,92.2977,92.2877,92.3077,1783269844.170
1783269846,92.2965,92.2865,92.3065,1783269846.163
1783269848,92.2828,92.2728,92.2928,1783269848.205
1783269850,92.2705,92.2605,92.2805,1783269850.161
1783269852,92.293,92.283,92.303,1783269852.175
1783269854,92.2958,92.2858,92.3058,1783269854.305
1783269856,92.3259,92.3159,92.3359,1783269856.158
1783269858,92.318,92.308,92.328,1783269858.162
1783269860,92.3281,92.3181,92.3381,1783269860.152
1783269862,92.307,92.297,92.317,1783269862.161
1783269864,92.31,92.3,92.32,1783269864.156
1783269866,92.3295,92.3195,92.3395,1783269866.156
1783269868,92.3213,92.3113,92.3313,1783269868.149
1783269870,92.3212,92.3112,92.3312,1783269870.136
1783269872,92.3238,92.3138,92.3338,1783269872.160
1783269874,92.3275,92.3175,92.3375,1783269874.247
1783269876,92.318,92.308,92.328,1783269876.145
1783269878,92.3258,92.3158,92.3358,1783269878.204
1783269880,92.3481,92.3381,92.3581,1783269880.147
1783269882,92.3561,92.3461,92.3661,1783269882.161
1783269884,92.3608,92.3508,92.3708,1783269884.154
1783269886,92.3458,92.3358,92.3558,1783269886.152
1783269888,92.3304,92.3204,92.3404,1783269888.167
1783269890,92.3198,92.3098,92.3298,1783269890.148
1783269892,92.3253,92.3153,92.3353,1783269892.156
1783269894,92.3374,92.3274,92.3474,1783269894.145
1783269896,92.3591,92.3491,92.3691,1783269896.155
1783269898,92.3591,92.3491,92.3691,1783269898.153
1783269900,92.3691,92.3591,92.3791,1783269900.162
1783269902,92.3496,92.3396,92.3596,1783269902.224
1783269904,92.35,92.34,92.36,1783269904.199
1783269906,92.3494,92.3394,92.3594,1783269906.156
1783269908,92.3684,92.3584,92.3784,1783269908.246
1783269910,92.3599,92.3499,92.3699,1783269910.156
1783269912,92.3676,92.3576,92.3776,1783269912.154
1783269914,92.3617,92.3517,92.3717,1783269914.163
1783269916,92.3449,92.3349,92.3549,1783269916.160
1783269918,92.3409,92.3309,92.3509,1783269918.157
1783269920,92.3317,92.3217,92.3417,1783269920.155
1783269922,92.3294,92.3194,92.3394,1783269922.160
1783269924,92.3252,92.3152,92.3352,1783269924.150
1783269926,92.3352,92.3252,92.3452,1783269926.147
1783269928,92.343,92.333,92.353,1783269928.140
1783269930,92.33,92.32,92.34,1783269930.161
1783269932,92.3244,92.3144,92.3344,1783269932.172
1783269934,92.3042,92.2942,92.3142,1783269934.155
1783269936,92.2967,92.2867,92.3067,1783269936.160
1783269938,92.3259,92.3159,92.3359,1783269938.249
1783269940,92.3298,92.3198,92.3398,1783269940.155
1783269942,92.3463,92.3363,92.3563,1783269942.153
1783269944,92.379,92.369,92.389,1783269944.152
1783269946,92.3912,92.3812,92.4012,1783269946.157
1783269948,92.4046,92.3946,92.4146,1783269948.156
1783269950,92.403,92.393,92.413,1783269950.158
1783269952,92.4058,92.3958,92.4158,1783269952.151
1783269954,92.3982,92.3882,92.4082,1783269954.143
1783269956,92.3944,92.3844,92.4044,1783269956.157
1783269958,92.4007,92.3907,92.4107,1783269958.156
1783269960,92.4087,92.3987,92.4187,1783269960.151
1783269962,92.4259,92.4159,92.4359,1783269962.295
1783269964,92.4223,92.4123,92.4323,1783269964.159
1783269966,92.4071,92.3971,92.4171,1783269966.150
1783269968,92.4198,92.4098,92.4298,1783269968.204
1783269970,92.4108,92.4008,92.4208,1783269970.171
1783269972,92.4219,92.4119,92.4319,1783269972.167
1783269974,92.4054,92.3954,92.4154,1783269974.152
1783269976,92.4111,92.4011,92.4211,1783269976.162
1783269978,92.4133,92.4033,92.4233,1783269978.163
1783269980,92.4286,92.4186,92.4386,1783269980.148
1783269982,92.4146,92.4046,92.4246,1783269982.146
1783269984,92.4052,92.3952,92.4152,1783269984.145
1783269986,92.4192,92.4092,92.4292,1783269986.137
1783269988,92.4111,92.4011,92.4211,1783269988.141
1783269990,92.3876,92.3776,92.3976,1783269990.153
1783269992,92.392,92.382,92.402,1783269992.135
1783269994,92.3838,92.3738,92.3938,1783269994.143
1783269996,92.4096,92.3996,92.4196,1783269996.131
1783269998,92.4016,92.3916,92.4116,1783269998.210
1783270000,92.4009,92.3909,92.4109,1783270000.153
1783270002,92.3929,92.3829,92.4029,1783270002.147
1783270004,92.4064,92.3964,92.4164,1783270004.149
1783270006,92.3684,92.3584,92.3784,1783270006.144
1783270008,92.3885,92.3785,92.3985,1783270008.143
1783270010,92.3983,92.3883,92.4083,1783270010.159
1783270012,92.4029,92.3929,92.4129,1783270012.135
1783270014,92.4016,92.3916,92.4116,1783270014.134
1783270016,92.4187,92.4087,92.4287,1783270016.151
1783270018,92.4094,92.3994,92.4194,1783270018.135
1783270020,92.4134,92.4034,92.4234,1783270020.155
1783270022,92.4207,92.4107,92.4307,1783270022.168
1783270024,92.4315,92.4215,92.4415,1783270024.153
1783270026,92.4505,92.4405,92.4605,1783270026.154
1783270028,92.4554,92.4454,92.4654,1783270028.206
1783270030,92.4806,92.4706,92.4906,1783270030.144
1783270032,92.4974,92.4874,92.5074,1783270032.137
1783270034,92.5053,92.4953,92.5153,1783270034.138
1783270036,92.5151,92.5051,92.5251,1783270036.165
1783270038,92.5104,92.5004,92.5204,1783270038.146
1783270040,92.5193,92.5093,92.5293,1783270040.139
1783270042,92.5033,92.4933,92.5133,1783270042.145
1783270044,92.5103,92.5003,92.5203,1783270044.156
1783270046,92.5242,92.5142,92.5342,1783270046.137
1783270048,92.5311,92.5211,92.5411,1783270048.166
1783270050,92.5437,92.5337,92.5537,1783270050.162
1783270052,92.5559,92.5459,92.5659,1783270052.153
1783270054,92.5406,92.5306,92.5506,1783270054.134
1783270056,92.54,92.53,92.55,1783270056.162
1783270058,92.5369,92.5269,92.5469,1783270058.203
1783270060,92.5532,92.5432,92.5632,1783270060.138
1783270062,92.5645,92.5545,92.5745,1783270062.144
1783270064,92.5443,92.5343,92.5543,1783270064.137
1783270066,92.5438,92.5338,92.5538,1783270066.157
1783270068,92.5514,92.5414,92.5614,1783270068.140
1783270070,92.5345,92.5245,92.5445,1783270070.151
1783270072,92.548,92.538,92.558,1783270072.144
1783270074,92.5602,92.5502,92.5702,1783270074.152
1783270076,92.5476,92.5376,92.5576,1783270076.129
1783270078,92.5729,92.5629,92.5829,1783270078.135
1783270080,92.5658,92.5558,92.5758,1783270080.142
1783270082,92.5776,92.5676,92.5876,1783270082.254
1783270084,92.5595,92.5495,92.5695,1783270084.156
1783270086,92.5625,92.5525,92.5725,1783270086.164
1783270088,92.5509,92.5409,92.5609,1783270088.205
1783270090,92.5577,92.5477,92.5677,1783270090.141
1783270092,92.5728,92.5628,92.5828,1783270092.151
1783270094,92.5911,92.5811,92.6011,1783270094.157
1783270096,92.5822,92.5722,92.5922,1783270096.134
1783270098,92.5722,92.5622,92.5822,1783270098.146
1783270100,92.56,92.55,92.57,1783270100.148
1783270102,92.5555,92.5455,92.5655,1783270102.139
1783270104,92.5515,92.5415,92.5615,1783270104.135
1783270106,92.5508,92.5408,92.5608,1783270106.131
1783270108,92.5437,92.5337,92.5537,1783270108.153
1783270110,92.548,92.538,92.558,1783270110.136
1783270112,92.5639,92.5539,92.5739,1783270112.146
1783270114,92.5604,92.5504,92.5704,1783270114.131
1783270116,92.5671,92.5571,92.5771,1783270116.147
1783270118,92.574,92.564,92.584,1783270118.205
1783270120,92.5792,92.5692,92.5892,1783270120.143
1783270122,92.5831,92.5731,92.5931,1783270122.137
1783270124,92.6023,92.5923,92.6123,1783270124.134
1783270126,92.5994,92.5894,92.6094,1783270126.153
1783270128,92.5867,92.5767,92.5967,1783270128.165
1783270130,92.563,92.553,92.573,1783270130.148
1783270132,92.557,92.547,92.567,1783270132.149
1783270134,92.5452,92.5352,92.5552,1783270134.146
1783270136,92.5505,92.5405,92.5605,1783270136.140
1783270138,92.5603,92.5503,92.5703,1783270138.162
1783270140,92.5826,92.5726,92.5926,1783270140.150
1783270142,92.5801,92.5701,92.5901,1783270142.141
1783270144,92.5591,92.5491,92.5691,1783270144.151
1783270146,92.5624,92.5524,92.5724,1783270146.149
1783270148,92.5662,92.5562,92.5762,1783270148.213
1783270150,92.5759,92.5659,92.5859,1783270150.130
1783270152,92.5784,92.5684,92.5884,1783270152.133
1783270154,92.5797,92.5697,92.5897,1783270154.128
1783270156,92.5697,92.5597,92.5797,1783270156.142
1783270158,92.5618,92.5518,92.5718,1783270158.141
1783270160,92.5553,92.5453,92.5653,1783270160.153
1783270162,92.545,92.535,92.555,1783270162.128
1783270164,92.5388,92.5288,92.5488,1783270164.122
1783270166,92.5367,92.5267,92.5467,1783270166.130
1783270168,92.5459,92.5359,92.5559,1783270168.144
1783270170,92.5329,92.5229,92.5429,1783270170.143
1783270172,92.5235,92.5135,92.5335,1783270172.137
1783270174,92.5256,92.5156,92.5356,1783270174.248
1783270176,92.5185,92.5085,92.5285,1783270176.152
1783270178,92.5279,92.5179,92.5379,1783270178.123
1783270180,92.5232,92.5132,92.5332,1783270180.139
1783270182,92.5346,92.5246,92.5446,1783270182.144
1783270184,92.5503,92.5403,92.5603,1783270184.150
1783270186,92.5475,92.5375,92.5575,1783270186.135
1783270188,92.5484,92.5384,92.5584,1783270188.139
1783270190,92.5431,92.5331,92.5531,1783270190.166
1783270192,92.5465,92.5365,92.5565,1783270192.135
1783270194,92.5549,92.5449,92.5649,1783270194.139
1783270196,92.5499,92.5399,92.5599,1783270196.141
1783270198,92.5487,92.5387,92.5587,1783270198.122
1783270200,92.5457,92.5357,92.5557,1783270200.164
1783270202,92.5449,92.5349,92.5549,1783270202.237
1783270204,92.5467,92.5367,92.5567,1783270204.312
1783270206,92.539,92.529,92.549,1783270206.132
1783270208,92.528,92.518,92.538,1783270208.123
1783270210,92.5197,92.5097,92.5297,1783270210.146
1783270212,92.5115,92.5015,92.5215,1783270212.151
1783270214,92.5134,92.5034,92.5234,1783270214.124
1783270216,92.5111,92.5011,92.5211,1783270216.163
1783270218,92.515,92.505,92.525,1783270218.132
1783270220,92.5138,92.5038,92.5238,1783270220.139
1783270222,92.5256,92.5156,92.5356,1783270222.156
1783270224,92.5135,92.5035,92.5235,1783270224.143
1783270226,92.5129,92.5029,92.5229,1783270226.149
1783270228,92.5106,92.5006,92.5206,1783270228.146
1783270230,92.5084,92.4984,92.5184,1783270230.147
1783270232,92.506,92.496,92.516,1783270232.154
1783270234,92.4971,92.4871,92.5071,1783270234.146
1783270236,92.4814,92.4714,92.4914,1783270236.130
1783270238,92.4718,92.4618,92.4818,1783270238.244
1783270240,92.4434,92.4334,92.4534,1783270240.150
1783270242,92.446,92.436,92.456,1783270242.164
1783270244,92.4563,92.4463,92.4663,1783270244.147
1783270246,92.4395,92.4295,92.4495,1783270246.157
1783270248,92.4343,92.4243,92.4443,1783270248.148
1783270250,92.4326,92.4226,92.4426,1783270250.161
1783270252,92.4168,92.4068,92.4268,1783270252.143
1783270254,92.4235,92.4135,92.4335,1783270254.137
1783270256,92.4204,92.4104,92.4304,1783270256.140
1783270258,92.431,92.421,92.441,1783270258.152
1783270260,92.4456,92.4356,92.4556,1783270260.183
1783270262,92.466,92.456,92.476,1783270262.211
1783270264,92.4881,92.4781,92.4981,1783270264.126
1783270266,92.4923,92.4823,92.5023,1783270266.124
1783270268,92.4932,92.4832,92.5032,1783270268.162
1783270270,92.488,92.478,92.498,1783270270.140
1783270272,92.4882,92.4782,92.4982,1783270272.130
1783270274,92.4859,92.4759,92.4959,1783270274.139
1783270276,92.4809,92.4709,92.4909,1783270276.134
1783270278,92.5023,92.4923,92.5123,1783270278.162
1783270280,92.5247,92.5147,92.5347,1783270280.140
1783270282,92.5194,92.5094,92.5294,1783270282.150
1783270284,92.5362,92.5262,92.5462,1783270284.168
1783270286,92.5353,92.5253,92.5453,1783270286.128
1783270288,92.5371,92.5271,92.5471,1783270288.127
1783270290,92.5356,92.5256,92.5456,1783270290.139
1783270292,92.5352,92.5252,92.5452,1783270292.143
1783270294,92.5342,92.5242,92.5442,1783270294.124
1783270296,92.5526,92.5426,92.5626,1783270296.137
1783270298,92.5538,92.5438,92.5638,1783270298.205
1783270300,92.5564,92.5464,92.5664,1783270300.144
1783270302,92.5588,92.5488,92.5688,1783270302.153
1783270304,92.5598,92.5498,92.5698,1783270304.125
1783270306,92.5637,92.5537,92.5737,1783270306.139
1783270308,92.5783,92.5683,92.5883,1783270308.143
1783270310,92.582,92.572,92.592,1783270310.163
1783270312,92.5786,92.5686,92.5886,1783270312.128
1783270314,92.5871,92.5771,92.5971,1783270314.128
1783270316,92.5748,92.5648,92.5848,1783270316.147
1783270318,92.5921,92.5821,92.6021,1783270318.126
1783270320,92.6024,92.5924,92.6124,1783270320.151
1783270322,92.5767,92.5667,92.5867,1783270322.607
1783270324,92.5763,92.5663,92.5863,1783270325.021
1783270326,92.5513,92.5413,92.5613,1783270326.148
1783270328,92.5457,92.5357,92.5557,1783270328.126
1783270330,92.5407,92.5307,92.5507,1783270330.142
1783270332,92.5466,92.5366,92.5566,1783270332.156
1783270334,92.5335,92.5235,92.5435,1783270334.144
1783270336,92.5386,92.5286,92.5486,1783270336.165
1783270338,92.5499,92.5399,92.5599,1783270338.125
1783270340,92.539,92.529,92.549,1783270340.149
1783270342,92.5256,92.5156,92.5356,1783270342.120
1783270344,92.5229,92.5129,92.5329,1783270344.123
1783270346,92.5251,92.5151,92.5351,1783270346.143
1783270348,92.5304,92.5204,92.5404,1783270348.131
1783270350,92.5639,92.5539,92.5739,1783270350.130
1783270352,92.5545,92.5445,92.5645,1783270352.187
1783270354,92.566,92.556,92.576,1783270354.139
1783270356,92.5601,92.5501,92.5701,1783270356.131
1783270358,92.5518,92.5418,92.5618,1783270358.201
1783270360,92.5631,92.5531,92.5731,1783270360.125
1783270362,92.5738,92.5638,92.5838,1783270362.135
1783270364,92.5774,92.5674,92.5874,1783270364.146
1783270366,92.5809,92.5709,92.5909,1783270366.133
1783270368,92.5813,92.5713,92.5913,1783270368.124
1783270370,92.6034,92.5934,92.6134,1783270370.147
1783270372,92.6094,92.5994,92.6194,1783270372.120
1783270374,92.628,92.618,92.638,1783270374.123
1783270376,92.6199,92.6099,92.6299,1783270376.129
1783270378,92.6247,92.6147,92.6347,1783270378.164
1783270380,92.6409,92.6309,92.6509,1783270380.152
1783270382,92.6412,92.6312,92.6512,1783270382.233
1783270384,92.6526,92.6426,92.6626,1783270384.168
1783270386,92.6266,92.6166,92.6366,1783270386.135
1783270388,92.6168,92.6068,92.6268,1783270388.124
1783270390,92.6177,92.6077,92.6277,1783270390.141
1783270392,92.6308,92.6208,92.6408,1783270392.140
1783270394,92.6414,92.6314,92.6514,1783270394.130
1783270396,92.6292,92.6192,92.6392,1783270396.120
1783270398,92.6394,92.6294,92.6494,1783270398.133
1783270400,92.6219,92.6119,92.6319,1783270400.121
1783270402,92.6167,92.6067,92.6267,1783270402.119
1783270404,92.6209,92.6109,92.6309,1783270404.120
1783270406,92.6338,92.6238,92.6438,1783270406.141
1783270408,92.6403,92.6303,92.6503,1783270408.119
1783270410,92.6359,92.6259,92.6459,1783270410.136
1783270412,92.629,92.619,92.639,1783270412.125
1783270414,92.6248,92.6148,92.6348,1783270414.138
1783270416,92.6138,92.6038,92.6238,1783270416.141
1783270418,92.6222,92.6122,92.6322,1783270418.130
1783270420,92.6285,92.6185,92.6385,1783270420.144
1783270422,92.608,92.598,92.618,1783270422.181
1783270424,92.6083,92.5983,92.6183,1783270424.151
1783270426,92.6014,92.5914,92.6114,1783270426.129
1783270428,92.618,92.608,92.628,1783270428.138
1783270430,92.6006,92.5906,92.6106,1783270430.134
1783270432,92.5841,92.5741,92.5941,1783270432.126
1783270434,92.6009,92.5909,92.6109,1783270434.132
1783270436,92.6102,92.6002,92.6202,1783270436.132
1783270438,92.6081,92.5981,92.6181,1783270438.130
1783270440,92.6286,92.6186,92.6386,1783270440.153
1783270442,92.6205,92.6105,92.6305,1783270442.153
1783270444,92.6031,92.5931,92.6131,1783270444.215
1783270446,92.6245,92.6145,92.6345,1783270446.123
1783270448,92.6366,92.6266,92.6466,1783270448.122
1783270450,92.6457,92.6357,92.6557,1783270450.129
1783270452,92.6442,92.6342,92.6542,1783270452.142
1783270454,92.6632,92.6532,92.6732,1783270454.127
1783270456,92.6447,92.6347,92.6547,1783270456.122
1783270458,92.6331,92.6231,92.6431,1783270458.132
1783270460,92.6463,92.6363,92.6563,1783270460.125
1783270462,92.6423,92.6323,92.6523,1783270462.162
1783270464,92.6591,92.6491,92.6691,1783270464.122
1783270466,92.6455,92.6355,92.6555,1783270466.137
1783270468,92.6452,92.6352,92.6552,1783270468.154
1783270470,92.6577,92.6477,92.6677,1783270470.133
1783270472,92.6459,92.6359,92.6559,1783270472.133
1783270474,92.658,92.648,92.668,1783270474.138
1783270476,92.6712,92.6612,92.6812,1783270476.125
1783270478,92.6607,92.6507,92.6707,1783270478.125
1783270480,92.6725,92.6625,92.6825,1783270480.146
1783270482,92.6452,92.6352,92.6552,1783270482.119
1783270484,92.6334,92.6234,92.6434,1783270484.138
1783270486,92.6484,92.6384,92.6584,1783270486.132
1783270488,92.6415,92.6315,92.6515,1783270488.133
1783270490,92.6389,92.6289,92.6489,1783270490.120
1783270492,92.6335,92.6235,92.6435,1783270492.123
1783270494,92.6491,92.6391,92.6591,1783270494.123
1783270496,92.6306,92.6206,92.6406,1783270496.131
1783270498,92.6142,92.6042,92.6242,1783270498.125
1783270500,92.6137,92.6037,92.6237,1783270500.133
1783270502,92.6026,92.5926,92.6126,1783270502.151
1783270504,92.5872,92.5772,92.5972,1783270504.181
1783270506,92.5899,92.5799,92.5999,1783270506.124
1783270508,92.5816,92.5716,92.5916,1783270508.125
1783270510,92.6057,92.5957,92.6157,1783270510.124
1783270512,92.5904,92.5804,92.6004,1783270512.130
1783270514,92.6014,92.5914,92.6114,1783270514.141
1783270516,92.6071,92.5971,92.6171,1783270516.128
1783270518,92.6058,92.5958,92.6158,1783270518.125
1783270520,92.6155,92.6055,92.6255,1783270520.118
1783270522,92.6144,92.6044,92.6244,1783270522.127
1783270524,92.6199,92.6099,92.6299,1783270524.134
1783270526,92.617,92.607,92.627,1783270526.146
1783270528,92.6217,92.6117,92.6317,1783270528.131
1783270530,92.5963,92.5863,92.6063,1783270530.142
1783270532,92.5728,92.5628,92.5828,1783270532.124
1783270534,92.5775,92.5675,92.5875,1783270534.132
1783270536,92.5675,92.5575,92.5775,1783270536.120
1783270538,92.5682,92.5582,92.5782,1783270538.245
1783270540,92.5724,92.5624,92.5824,1783270540.141
1783270542,92.5991,92.5891,92.6091,1783270542.124
1783270544,92.6087,92.5987,92.6187,1783270544.128
1783270546,92.61,92.6,92.62,1783270546.128
1783270548,92.6218,92.6118,92.6318,1783270548.123
1783270550,92.6154,92.6054,92.6254,1783270550.128
1783270552,92.6417,92.6317,92.6517,1783270552.121
1783270554,92.641,92.631,92.651,1783270554.137
1783270556,92.6367,92.6267,92.6467,1783270556.124
1783270558,92.6308,92.6208,92.6408,1783270558.128
1783270560,92.6177,92.6077,92.6277,1783270560.163
1783270562,92.6083,92.5983,92.6183,1783270562.280
1783270564,92.6256,92.6156,92.6356,1783270564.144
1783270566,92.634,92.624,92.644,1783270566.117
1783270568,92.6442,92.6342,92.6542,1783270568.118
1783270570,92.6664,92.6564,92.6764,1783270570.121
1783270572,92.6707,92.6607,92.6807,1783270572.120
1783270574,92.6644,92.6544,92.6744,1783270574.123
1783270576,92.6591,92.6491,92.6691,1783270576.166
1783270578,92.6475,92.6375,92.6575,1783270578.140
1783270580,92.6217,92.6117,92.6317,1783270580.121
1783270582,92.6357,92.6257,92.6457,1783270582.126
1783270584,92.6552,92.6452,92.6652,1783270584.123
1783270586,92.6407,92.6307,92.6507,1783270586.128
1783270588,92.6643,92.6543,92.6743,1783270588.181
1783270590,92.6773,92.6673,92.6873,1783270590.124
1783270592,92.665,92.655,92.675,1783270592.126
1783270594,92.6537,92.6437,92.6637,1783270594.129
1783270596,92.6697,92.6597,92.6797,1783270596.133
1783270598,92.6584,92.6484,92.6684,1783270598.201
1783270600,92.6472,92.6372,92.6572,1783270600.126
1783270602,92.6545,92.6445,92.6645,1783270602.131
1783270604,92.6585,92.6485,92.6685,1783270604.130
1783270606,92.6532,92.6432,92.6632,1783270606.122
1783270608,92.6617,92.6517,92.6717,1783270608.141
1783270610,92.6583,92.6483,92.6683,1783270610.147
1783270612,92.6742,92.6642,92.6842,1783270612.123
1783270614,92.6752,92.6652,92.6852,1783270614.127
1783270616,92.666,92.656,92.676,1783270616.132
1783270618,92.6617,92.6517,92.6717,1783270618.142
1783270620,92.672,92.662,92.682,1783270620.131
1783270622,92.6711,92.6611,92.6811,1783270622.231
1783270624,92.6608,92.6508,92.6708,1783270624.140
1783270626,92.6616,92.6516,92.6716,1783270626.127
1783270628,92.664,92.654,92.674,1783270628.244
1783270630,92.6687,92.6587,92.6787,1783270630.146
1783270632,92.678,92.668,92.688,1783270632.126
1783270634,92.6656,92.6556,92.6756,1783270634.133
1783270636,92.6738,92.6638,92.6838,1783270636.136
1783270638,92.7017,92.6917,92.7117,1783270638.130
1783270640,92.6951,92.6851,92.7051,1783270640.135
1783270642,92.7083,92.6983,92.7183,1783270642.137
1783270644,92.7087,92.6987,92.7187,1783270644.168
1783270646,92.6849,92.6749,92.6949,1783270646.129
1783270648,92.6783,92.6683,92.6883,1783270648.145
1783270650,92.6924,92.6824,92.7024,1783270650.155
1783270652,92.6901,92.6801,92.7001,1783270652.131
1783270654,92.6875,92.6775,92.6975,1783270654.127
1783270656,92.693,92.683,92.703,1783270656.132
1783270658,92.6804,92.6704,92.6904,1783270658.203
1783270660,92.669,92.659,92.679,1783270660.479
1783270662,92.6765,92.6665,92.6865,1783270662.130
1783270664,92.6783,92.6683,92.6883,1783270664.136
1783270666,92.6554,92.6454,92.6654,1783270666.122
1783270668,92.6522,92.6422,92.6622,1783270668.139
1783270670,92.6511,92.6411,92.6611,1783270670.167
1783270672,92.6638,92.6538,92.6738,1783270672.148
1783270674,92.6587,92.6487,92.6687,1783270674.142
1783270676,92.6779,92.6679,92.6879,1783270676.133
1783270678,92.6862,92.6762,92.6962,1783270678.151
1783270680,92.6963,92.6863,92.7063,1783270680.151
1783270682,92.714,92.704,92.724,1783270682.142
1783270684,92.7227,92.7127,92.7327,1783270684.175
1783270686,92.7374,92.7274,92.7474,1783270686.132
1783270688,92.7516,92.7416,92.7616,1783270688.202
1783270690,92.7524,92.7424,92.7624,1783270690.149
1783270692,92.7558,92.7458,92.7658,1783270692.143
1783270694,92.7734,92.7634,92.7834,1783270694.146
1783270696,92.7747,92.7647,92.7847,1783270696.163
1783270698,92.7748,92.7648,92.7848,1783270698.203
1783270700,92.7716,92.7616,92.7816,1783270700.127
1783270702,92.7803,92.7703,92.7903,1783270702.149
1783270704,92.7985,92.7885,92.8085,1783270704.161
1783270706,92.7974,92.7874,92.8074,1783270706.137
1783270708,92.7674,92.7574,92.7774,1783270708.140
1783270710,92.7898,92.7798,92.7998,1783270710.147
1783270712,92.7918,92.7818,92.8018,1783270712.135
1783270714,92.795,92.785,92.805,1783270714.150
1783270716,92.786,92.776,92.796,1783270716.127
1783270718,92.7942,92.7842,92.8042,1783270718.202
1783270720,92.7929,92.7829,92.8029,1783270720.125
1783270722,92.7951,92.7851,92.8051,1783270722.136
1783270724,92.787,92.777,92.797,1783270724.135
1783270726,92.7872,92.7772,92.7972,1783270726.133
1783270728,92.7727,92.7627,92.7827,1783270728.133
1783270730,92.7743,92.7643,92.7843,1783270730.145
1783270732,92.7885,92.7785,92.7985,1783270732.151
1783270734,92.7881,92.7781,92.7981,1783270734.152
1783270736,92.7752,92.7652,92.7852,1783270736.163
1783270738,92.7668,92.7568,92.7768,1783270738.163
1783270740,92.7775,92.7675,92.7875,1783270740.151
1783270742,92.7825,92.7725,92.7925,1783270742.363
1783270744,92.8004,92.7904,92.8104,1783270744.146
1783270746,92.7826,92.7726,92.7926,1783270746.134
1783270748,92.7654,92.7554,92.7754,1783270748.153
1783270750,92.7651,92.7551,92.7751,1783270750.131
1783270752,92.7748,92.7648,92.7848,1783270752.158
1783270754,92.773,92.763,92.783,1783270754.141
1783270756,92.7822,92.7722,92.7922,1783270756.143
1783270758,92.7797,92.7697,92.7897,1783270758.137
1783270760,92.7611,92.7511,92.7711,1783270760.138
1783270762,92.7482,92.7382,92.7582,1783270762.163
1783270764,92.7392,92.7292,92.7492,1783270764.163
1783270766,92.7471,92.7371,92.7571,1783270766.142
1783270768,92.7375,92.7275,92.7475,1783270768.149
1783270770,92.7244,92.7144,92.7344,1783270770.139
1783270772,92.7227,92.7127,92.7327,1783270772.148
1783270774,92.7287,92.7187,92.7387,1783270774.248
1783270776,92.7198,92.7098,92.7298,1783270776.136
1783270778,92.708,92.698,92.718,1783270778.201
1783270780,92.6936,92.6836,92.7036,1783270780.172
1783270782,92.6999,92.6899,92.7099,1783270782.148
1783270784,92.7076,92.6976,92.7176,1783270784.147
1783270786,92.7029,92.6929,92.7129,1783270786.140
1783270788,92.7117,92.7017,92.7217,1783270788.135
1783270790,92.7243,92.7143,92.7343,1783270790.148
1783270792,92.7303,92.7203,92.7403,1783270792.136
1783270794,92.7258,92.7158,92.7358,1783270794.143
1783270796,92.7337,92.7237,92.7437,1783270796.157
1783270798,92.7215,92.7115,92.7315,1783270798.148
1783270800,92.7229,92.7129,92.7329,1783270800.174
1783270802,92.7141,92.7041,92.7241,1783270802.191
1783270804,92.7415,92.7315,92.7515,1783270804.232
1783270806,92.7453,92.7353,92.7553,1783270806.192
1783270808,92.7556,92.7456,92.7656,1783270808.201
1783270810,92.7467,92.7367,92.7567,1783270810.143
1783270812,92.7561,92.7461,92.7661,1783270812.153
1783270814,92.7572,92.7472,92.7672,1783270814.137
1783270816,92.7684,92.7584,92.7784,1783270816.129
1783270818,92.7484,92.7384,92.7584,1783270818.145
1783270820,92.7593,92.7493,92.7693,1783270820.143
1783270822,92.7426,92.7326,92.7526,1783270822.143
1783270824,92.7683,92.7583,92.7783,1783270824.169
1783270826,92.7703,92.7603,92.7803,1783270826.161
1783270828,92.7676,92.7576,92.7776,1783270828.137
1783270830,92.7589,92.7489,92.7689,1783270830.145
1783270832,92.7464,92.7364,92.7564,1783270832.145
1783270834,92.7399,92.7299,92.7499,1783270834.158
1783270836,92.722,92.712,92.732,1783270836.151
1783270838,92.7229,92.7129,92.7329,1783270838.246
1783270840,92.7306,92.7206,92.7406,1783270840.136
1783270842,92.7466,92.7366,92.7566,1783270842.145
1783270844,92.7459,92.7359,92.7559,1783270844.162
1783270846,92.768,92.758,92.778,1783270846.153
1783270848,92.7716,92.7616,92.7816,1783270848.174
1783270850,92.7701,92.7601,92.7801,1783270850.140
1783270852,92.7933,92.7833,92.8033,1783270852.132
1783270854,92.8009,92.7909,92.8109,1783270854.183
1783270856,92.807,92.797,92.817,1783270856.143
1783270858,92.8134,92.8034,92.8234,1783270858.128
1783270860,92.8134,92.8034,92.8234,1783270860.158
1783270862,92.8008,92.7908,92.8108,1783270862.271
1783270864,92.7967,92.7867,92.8067,1783270864.157
1783270866,92.7853,92.7753,92.7953,1783270866.173
1783270868,92.7777,92.7677,92.7877,1783270868.202
1783270870,92.7722,92.7622,92.7822,1783270870.153
1783270872,92.7572,92.7472,92.7672,1783270872.160
1783270874,92.7704,92.7604,92.7804,1783270874.165
1783270876,92.7695,92.7595,92.7795,1783270876.134
1783270878,92.7626,92.7526,92.7726,1783270878.169
1783270880,92.7698,92.7598,92.7798,1783270880.139
1783270882,92.7537,92.7437,92.7637,1783270882.152
1783270884,92.7619,92.7519,92.7719,1783270884.145
1783270886,92.7769,92.7669,92.7869,1783270886.158
1783270888,92.7676,92.7576,92.7776,1783270888.133
1783270890,92.7296,92.7196,92.7396,1783270890.133
1783270892,92.7361,92.7261,92.7461,1783270892.157
1783270894,92.7272,92.7172,92.7372,1783270894.156
1783270896,92.7181,92.7081,92.7281,1783270896.147
1783270898,92.721,92.711,92.731,1783270898.201
1783270900,92.7194,92.7094,92.7294,1783270900.164
1783270902,92.7257,92.7157,92.7357,1783270902.145
1783270904,92.7307,92.7207,92.7407,1783270904.141
1783270906,92.7122,92.7022,92.7222,1783270906.150
1783270908,92.714,92.704,92.724,1783270908.145
1783270910,92.7193,92.7093,92.7293,1783270910.153
1783270912,92.7257,92.7157,92.7357,1783270912.168
1783270914,92.7161,92.7061,92.7261,1783270914.149
1783270916,92.7035,92.6935,92.7135,1783270916.145
1783270918,92.7003,92.6903,92.7103,1783270918.136
1783270920,92.7002,92.6902,92.7102,1783270920.154
1783270922,92.7142,92.7042,92.7242,1783270922.383
1783270924,92.7073,92.6973,92.7173,1783270924.140
1783270926,92.7102,92.7002,92.7202,1783270926.142
1783270928,92.7201,92.7101,92.7301,1783270928.211
1783270930,92.7083,92.6983,92.7183,1783270930.160
1783270932,92.7045,92.6945,92.7145,1783270932.156
1783270934,92.7002,92.6902,92.7102,1783270934.128
1783270936,92.7021,92.6921,92.7121,1783270936.147
1783270938,92.7186,92.7086,92.7286,1783270938.129
1783270940,92.7458,92.7358,92.7558,1783270940.146
1783270942,92.7565,92.7465,92.7665,1783270942.162
1783270944,92.7491,92.7391,92.7591,1783270944.125
1783270946,92.7591,92.7491,92.7691,1783270946.156
1783270948,92.7373,92.7273,92.7473,1783270948.164
1783270950,92.7285,92.7185,92.7385,1783270950.138
1783270952,92.7174,92.7074,92.7274,1783270952.147
1783270954,92.7115,92.7015,92.7215,1783270954.133
1783270956,92.7187,92.7087,92.7287,1783270956.170
1783270958,92.7489,92.7389,92.7589,1783270958.245
1783270960,92.7392,92.7292,92.7492,1783270960.141
1783270962,92.72,92.71,92.73,1783270962.159
1783270964,92.7322,92.7222,92.7422,1783270964.156
1783270966,92.7447,92.7347,92.7547,1783270966.153
1783270968,92.7404,92.7304,92.7504,1783270968.162
1783270970,92.745,92.735,92.755,1783270970.160
1783270972,92.7271,92.7171,92.7371,1783270972.135
1783270974,92.7165,92.7065,92.7265,1783270974.145
1783270976,92.7106,92.7006,92.7206,1783270976.144
1783270978,92.7224,92.7124,92.7324,1783270978.152
1783270980,92.7195,92.7095,92.7295,1783270980.166
1783270982,92.7279,92.7179,92.7379,1783270982.199
1783270984,92.721,92.711,92.731,1783270984.192
1783270986,92.7277,92.7177,92.7377,1783270986.148
1783270988,92.7234,92.7134,92.7334,1783270988.248
1783270990,92.7061,92.6961,92.7161,1783270990.156
1783270992,92.6981,92.6881,92.7081,1783270992.143
1783270994,92.7058,92.6958,92.7158,1783270994.161
1783270996,92.691,92.681,92.701,1783270996.151
1783270998,92.6907,92.6807,92.7007,1783270998.147
1783271000,92.6877,92.6777,92.6977,1783271000.151
1783271002,92.6671,92.6571,92.6771,1783271002.151
1783271004,92.6839,92.6739,92.6939,1783271004.174
1783271006,92.7021,92.6921,92.7121,1783271006.149
1783271008,92.6953,92.6853,92.7053,1783271008.135
1783271010,92.7253,92.7153,92.7353,1783271010.165
1783271012,92.7064,92.6964,92.7164,1783271012.148
1783271014,92.7233,92.7133,92.7333,1783271014.162
1783271016,92.7077,92.6977,92.7177,1783271016.150
1783271018,92.7044,92.6944,92.7144,1783271018.211
1783271020,92.6867,92.6767,92.6967,1783271020.152
1783271022,92.6962,92.6862,92.7062,1783271022.164
1783271024,92.7043,92.6943,92.7143,1783271024.145
1783271026,92.7018,92.6918,92.7118,1783271026.149
1783271028,92.7047,92.6947,92.7147,1783271028.156
1783271030,92.696,92.686,92.706,1783271030.137
1783271032,92.6996,92.6896,92.7096,1783271032.139
1783271034,92.7011,92.6911,92.7111,1783271034.159
1783271036,92.7111,92.7011,92.7211,1783271036.166
1783271038,92.7072,92.6972,92.7172,1783271038.156
1783271040,92.7141,92.7041,92.7241,1783271040.158
1783271042,92.7405,92.7305,92.7505,1783271042.158
1783271044,92.7326,92.7226,92.7426,1783271044.178
1783271046,92.7455,92.7355,92.7555,1783271046.151
1783271048,92.7538,92.7438,92.7638,1783271048.204
1783271050,92.7713,92.7613,92.7813,1783271050.135
1783271052,92.7626,92.7526,92.7726,1783271052.131
1783271054,92.7585,92.7485,92.7685,1783271054.136
1783271056,92.7656,92.7556,92.7756,1783271056.130
1783271058,92.7751,92.7651,92.7851,1783271058.123
1783271060,92.7875,92.7775,92.7975,1783271060.151
1783271062,92.7954,92.7854,92.8054,1783271062.164
1783271064,92.7855,92.7755,92.7955,1783271064.147
1783271066,92.7828,92.7728,92.7928,1783271066.153
1783271068,92.7873,92.7773,92.7973,1783271068.141
1783271070,92.7926,92.7826,92.8026,1783271070.142
1783271072,92.7885,92.7785,92.7985,1783271072.247
1783271074,92.7679,92.7579,92.7779,1783271074.130
1783271076,92.762,92.752,92.772,1783271076.152
1783271078,92.7596,92.7496,92.7696,1783271078.210
1783271080,92.7628,92.7528,92.7728,1783271080.122
1783271082,92.7627,92.7527,92.7727,1783271082.149
1783271084,92.7655,92.7555,92.7755,1783271084.138
1783271086,92.7754,92.7654,92.7854,1783271086.145
1783271088,92.777,92.767,92.787,1783271088.127
1783271090,92.7677,92.7577,92.7777,1783271090.148
1783271092,92.7873,92.7773,92.7973,1783271092.156
1783271094,92.7757,92.7657,92.7857,1783271094.163
1783271096,92.7745,92.7645,92.7845,1783271096.142
1783271098,92.782,92.772,92.792,1783271098.152
1783271100,92.7794,92.7694,92.7894,1783271100.155
1783271102,92.7985,92.7885,92.8085,1783271102.223
1783271104,92.8144,92.8044,92.8244,1783271104.233
1783271106,92.8146,92.8046,92.8246,1783271106.145
1783271108,92.837,92.827,92.847,1783271108.134
1783271110,92.8511,92.8411,92.8611,1783271110.144
1783271112,92.8386,92.8286,92.8486,1783271112.133
1783271114,92.817,92.807,92.827,1783271114.125
1783271116,92.8054,92.7954,92.8154,1783271116.129
1783271118,92.821,92.811,92.831,1783271118.140
1783271120,92.8191,92.8091,92.8291,1783271120.144
1783271122,92.81,92.8,92.82,1783271122.198
1783271124,92.7925,92.7825,92.8025,1783271124.147
1783271126,92.8034,92.7934,92.8134,1783271126.154
1783271128,92.8093,92.7993,92.8193,1783271128.149
1783271130,92.8103,92.8003,92.8203,1783271130.165
1783271132,92.7896,92.7796,92.7996,1783271132.151
1783271134,92.8047,92.7947,92.8147,1783271134.142
1783271136,92.7941,92.7841,92.8041,1783271136.120
1783271138,92.793,92.783,92.803,1783271138.203
1783271140,92.7994,92.7894,92.8094,1783271140.123
1783271142,92.8017,92.7917,92.8117,1783271142.149
1783271144,92.7866,92.7766,92.7966,1783271144.133
1783271146,92.7983,92.7883,92.8083,1783271146.124
1783271148,92.8107,92.8007,92.8207,1783271148.129
1783271150,92.8272,92.8172,92.8372,1783271150.146
1783271152,92.8333,92.8233,92.8433,1783271152.129
1783271154,92.8315,92.8215,92.8415,1783271154.130
1783271156,92.8556,92.8456,92.8656,1783271156.133
1783271158,92.8353,92.8253,92.8453,1783271158.152
1783271160,92.8312,92.8212,92.8412,1783271160.147
1783271162,92.8174,92.8074,92.8274,1783271162.171
1783271164,92.8085,92.7985,92.8185,1783271164.162
1783271166,92.8015,92.7915,92.8115,1783271166.138
1783271168,92.7799,92.7699,92.7899,1783271168.213
1783271170,92.7846,92.7746,92.7946,1783271170.157
1783271172,92.779,92.769,92.789,1783271172.152
1783271174,92.7734,92.7634,92.7834,1783271174.149
1783271176,92.7672,92.7572,92.7772,1783271176.148
1783271178,92.7518,92.7418,92.7618,1783271178.160
1783271180,92.7604,92.7504,92.7704,1783271180.132
1783271182,92.7542,92.7442,92.7642,1783271182.144
1783271184,92.7669,92.7569,92.7769,1783271184.138
1783271186,92.7806,92.7706,92.7906,1783271186.145
1783271188,92.7747,92.7647,92.7847,1783271188.129
1783271190,92.7618,92.7518,92.7718,1783271190.155
1783271192,92.7768,92.7668,92.7868,1783271192.143
1783271194,92.77,92.76,92.78,1783271194.145
1783271196,92.7616,92.7516,92.7716,1783271196.152
1783271198,92.7736,92.7636,92.7836,1783271198.148
1783271200,92.7647,92.7547,92.7747,1783271200.135
1783271202,92.7544,92.7444,92.7644,1783271202.136
1783271204,92.7601,92.7501,92.7701,1783271204.154
1783271206,92.7796,92.7696,92.7896,1783271206.142
1783271208,92.8042,92.7942,92.8142,1783271208.163
1783271210,92.8108,92.8008,92.8208,1783271210.134
1783271212,92.7916,92.7816,92.8016,1783271212.159
1783271214,92.7866,92.7766,92.7966,1783271214.146
1783271216,92.8041,92.7941,92.8141,1783271216.171
1783271218,92.8318,92.8218,92.8418,1783271218.142
1783271220,92.8233,92.8133,92.8333,1783271220.135
1783271222,92.8207,92.8107,92.8307,1783271222.272
1783271224,92.8139,92.8039,92.8239,1783271224.138
1783271226,92.7971,92.7871,92.8071,1783271226.151
1783271228,92.798,92.788,92.808,1783271228.246
1783271230,92.8045,92.7945,92.8145,1783271230.154
1783271232,92.8048,92.7948,92.8148,1783271232.126
1783271234,92.8107,92.8007,92.8207,1783271234.165
1783271236,92.8166,92.8066,92.8266,1783271236.146
1783271238,92.8198,92.8098,92.8298,1783271238.141
1783271240,92.8021,92.7921,92.8121,1783271240.148
1783271242,92.8196,92.8096,92.8296,1783271242.138
1783271244,92.8081,92.7981,92.8181,1783271244.204
1783271246,92.8198,92.8098,92.8298,1783271246.130
1783271248,92.8108,92.8008,92.8208,1783271248.148
1783271250,92.7951,92.7851,92.8051,1783271250.133
1783271252,92.7802,92.7702,92.7902,1783271252.148
1783271254,92.7616,92.7516,92.7716,1783271254.145
1783271256,92.7696,92.7596,92.7796,1783271256.145
1783271258,92.7575,92.7475,92.7675,1783271258.205
1783271260,92.7504,92.7404,92.7604,1783271260.162
1783271262,92.7704,92.7604,92.7804,1783271262.160
1783271264,92.7918,92.7818,92.8018,1783271264.152
1783271266,92.7817,92.7717,92.7917,1783271266.156
1783271268,92.7798,92.7698,92.7898,1783271268.259
1783271270,92.7726,92.7626,92.7826,1783271270.149
1783271272,92.7747,92.7647,92.7847,1783271272.145
1783271274,92.7874,92.7774,92.7974,1783271274.143
1783271276,92.7981,92.7881,92.8081,1783271276.133
1783271278,92.7761,92.7661,92.7861,1783271278.153
1783271280,92.7745,92.7645,92.7845,1783271280.157
1783271282,92.7668,92.7568,92.7768,1783271282.147
1783271284,92.7706,92.7606,92.7806,1783271284.218
1783271286,92.7632,92.7532,92.7732,1783271286.166
1783271288,92.7591,92.7491,92.7691,1783271288.206
1783271290,92.7399,92.7299,92.7499,1783271290.155
1783271292,92.7448,92.7348,92.7548,1783271292.145
1783271294,92.7363,92.7263,92.7463,1783271294.155
1783271296,92.7346,92.7246,92.7446,1783271296.140
1783271298,92.7163,92.7063,92.7263,1783271298.147
1783271300,92.732,92.722,92.742,1783271300.142
1783271302,92.7447,92.7347,92.7547,1783271302.136
1783271304,92.7451,92.7351,92.7551,1783271304.138
1783271306,92.7446,92.7346,92.7546,1783271306.133
1783271308,92.7472,92.7372,92.7572,1783271308.156
1783271310,92.7437,92.7337,92.7537,1783271310.129
1783271312,92.7585,92.7485,92.7685,1783271312.162
1783271314,92.7469,92.7369,92.7569,1783271314.133
1783271316,92.7503,92.7403,92.7603,1783271316.161
1783271318,92.745,92.735,92.755,1783271318.238
1783271320,92.7536,92.7436,92.7636,1783271320.145
1783271322,92.7507,92.7407,92.7607,1783271322.139
1783271324,92.7481,92.7381,92.7581,1783271324.149
1783271326,92.7427,92.7327,92.7527,1783271326.175
1783271328,92.7469,92.7369,92.7569,1783271328.132
1783271330,92.7706,92.7606,92.7806,1783271330.120
1783271332,92.7791,92.7691,92.7891,1783271332.146
1783271334,92.7924,92.7824,92.8024,1783271334.137
1783271336,92.7841,92.7741,92.7941,1783271336.133
1783271338,92.8031,92.7931,92.8131,1783271338.157
1783271340,92.8003,92.7903,92.8103,1783271340.158
1783271342,92.7876,92.7776,92.7976,1783271342.193
1783271344,92.7694,92.7594,92.7794,1783271344.168
1783271346,92.7659,92.7559,92.7759,1783271346.150
1783271348,92.7662,92.7562,92.7762,1783271348.204
1783271350,92.7898,92.7798,92.7998,1783271350.154
1783271352,92.7978,92.7878,92.8078,1783271352.144
1783271354,92.7826,92.7726,92.7926,1783271354.162
1783271356,92.7714,92.7614,92.7814,1783271356.153
1783271358,92.7793,92.7693,92.7893,1783271358.155
1783271360,92.7861,92.7761,92.7961,1783271360.142
1783271362,92.7681,92.7581,92.7781,1783271362.138
1783271364,92.7662,92.7562,92.7762,1783271364.153
1783271366,92.7743,92.7643,92.7843,1783271366.157
1783271368,92.7777,92.7677,92.7877,1783271368.127
1783271370,92.7791,92.7691,92.7891,1783271370.140
1783271372,92.7638,92.7538,92.7738,1783271372.136
1783271374,92.7509,92.7409,92.7609,1783271374.133
1783271376,92.7495,92.7395,92.7595,1783271376.157
1783271378,92.745,92.735,92.755,1783271378.204
1783271380,92.7503,92.7403,92.7603,1783271380.164
1783271382,92.7498,92.7398,92.7598,1783271382.150
1783271384,92.7331,92.7231,92.7431,1783271384.128
1783271386,92.7299,92.7199,92.7399,1783271386.145
1783271388,92.7464,92.7364,92.7564,1783271388.160
1783271390,92.7586,92.7486,92.7686,1783271390.151
1783271392,92.752,92.742,92.762,1783271392.132
1783271394,92.7474,92.7374,92.7574,1783271394.137
1783271396,92.7425,92.7325,92.7525,1783271396.135
1783271398,92.7444,92.7344,92.7544,1783271398.132
1783271400,92.7604,92.7504,92.7704,1783271400.160
1783271402,92.742,92.732,92.752,1783271402.207
1783271404,92.7416,92.7316,92.7516,1783271404.139
1783271406,92.7499,92.7399,92.7599,1783271406.134
1783271408,92.7273,92.7173,92.7373,1783271408.206
1783271410,92.7157,92.7057,92.7257,1783271410.147
1783271412,92.731,92.721,92.741,1783271412.133
1783271414,92.7439,92.7339,92.7539,1783271414.169
1783271416,92.7562,92.7462,92.7662,1783271416.142
1783271418,92.7514,92.7414,92.7614,1783271418.135
1783271420,92.7422,92.7322,92.7522,1783271420.155
1783271422,92.7226,92.7126,92.7326,1783271422.164
1783271424,92.7147,92.7047,92.7247,1783271424.156
1783271426,92.718,92.708,92.728,1783271426.142
1783271428,92.7114,92.7014,92.7214,1783271428.152
1783271430,92.7274,92.7174,92.7374,1783271430.137
1783271432,92.7334,92.7234,92.7434,1783271432.162
1783271434,92.7228,92.7128,92.7328,1783271434.178
1783271436,92.7232,92.7132,92.7332,1783271436.149
1783271438,92.7237,92.7137,92.7337,1783271438.247
1783271440,92.7252,92.7152,92.7352,1783271440.135
1783271442,92.7358,92.7258,92.7458,1783271442.128
1783271444,92.737,92.727,92.747,1783271444.144
1783271446,92.7372,92.7272,92.7472,1783271446.145
1783271448,92.7316,92.7216,92.7416,1783271448.155
1783271450,92.7534,92.7434,92.7634,1783271450.155
1783271452,92.7446,92.7346,92.7546,1783271452.150
1783271454,92.7439,92.7339,92.7539,1783271454.149
1783271456,92.7355,92.7255,92.7455,1783271456.166
1783271458,92.7202,92.7102,92.7302,1783271458.140
1783271460,92.7298,92.7198,92.7398,1783271460.156
1783271462,92.7223,92.7123,92.7323,1783271462.252
1783271464,92.7203,92.7103,92.7303,1783271464.151
1783271466,92.718,92.708,92.728,1783271466.157
1783271468,92.696,92.686,92.706,1783271468.245
1783271470,92.7336,92.7236,92.7436,1783271470.157
1783271472,92.7332,92.7232,92.7432,1783271472.148
1783271474,92.7516,92.7416,92.7616,1783271474.152
1783271476,92.7276,92.7176,92.7376,1783271476.152
1783271478,92.7109,92.7009,92.7209,1783271478.146
1783271480,92.7081,92.6981,92.7181,1783271480.138
1783271482,92.7205,92.7105,92.7305,1783271482.136
1783271484,92.7213,92.7113,92.7313,1783271484.162
1783271486,92.7074,92.6974,92.7174,1783271486.147
1783271488,92.6897,92.6797,92.6997,1783271488.140
1783271490,92.6895,92.6795,92.6995,1783271490.150
1783271492,92.7067,92.6967,92.7167,1783271492.151
1783271494,92.704,92.694,92.714,1783271494.162
1783271496,92.712,92.702,92.722,1783271496.156
1783271498,92.7173,92.7073,92.7273,1783271498.204
1783271500,92.7174,92.7074,92.7274,1783271500.174
1783271502,92.7207,92.7107,92.7307,1783271502.143
1783271504,92.7203,92.7103,92.7303,1783271504.159
1783271506,92.7113,92.7013,92.7213,1783271506.150
1783271508,92.7216,92.7116,92.7316,1783271508.160
1783271510,92.7255,92.7155,92.7355,1783271510.147
1783271512,92.7451,92.7351,92.7551,1783271512.136
1783271514,92.7511,92.7411,92.7611,1783271514.153
1783271516,92.7443,92.7343,92.7543,1783271516.137
1783271518,92.759,92.749,92.769,1783271518.140
1783271520,92.7533,92.7433,92.7633,1783271520.181
1783271522,92.7357,92.7257,92.7457,1783271522.209
1783271524,92.7445,92.7345,92.7545,1783271524.245
1783271526,92.7271,92.7171,92.7371,1783271526.130
1783271528,92.7394,92.7294,92.7494,1783271528.204
1783271530,92.7186,92.7086,92.7286,1783271530.150
1783271532,92.7126,92.7026,92.7226,1783271532.134
1783271534,92.7213,92.7113,92.7313,1783271534.135
1783271536,92.7125,92.7025,92.7225,1783271536.133
1783271538,92.7055,92.6955,92.7155,1783271538.146
1783271540,92.7114,92.7014,92.7214,1783271540.150
1783271542,92.7079,92.6979,92.7179,1783271542.133
1783271544,92.6997,92.6897,92.7097,1783271544.134
1783271546,92.7065,92.6965,92.7165,1783271546.163
1783271548,92.7005,92.6905,92.7105,1783271548.145
1783271550,92.6896,92.6796,92.6996,1783271550.141
1783271552,92.6901,92.6801,92.7001,1783271552.124
1783271554,92.6988,92.6888,92.7088,1783271554.147
1783271556,92.7074,92.6974,92.7174,1783271556.137
1783271558,92.7089,92.6989,92.7189,1783271558.203
1783271560,92.7296,92.7196,92.7396,1783271560.139
1783271562,92.7283,92.7183,92.7383,1783271562.130
1783271564,92.7385,92.7285,92.7485,1783271564.143
1783271566,92.7403,92.7303,92.7503,1783271566.132
1783271568,92.7409,92.7309,92.7509,1783271568.124
1783271570,92.7538,92.7438,92.7638,1783271570.148
1783271572,92.7417,92.7317,92.7517,1783271572.157
1783271574,92.7484,92.7384,92.7584,1783271574.143
1783271576,92.7587,92.7487,92.7687,1783271576.155
1783271578,92.7733,92.7633,92.7833,1783271578.165
1783271580,92.7725,92.7625,92.7825,1783271580.144
1783271582,92.7724,92.7624,92.7824,1783271582.166
1783271584,92.7839,92.7739,92.7939,1783271584.170
1783271586,92.7686,92.7586,92.7786,1783271586.135
1783271588,92.7433,92.7333,92.7533,1783271588.163
1783271590,92.7454,92.7354,92.7554,1783271590.127
1783271592,92.74,92.73,92.75,1783271592.143
1783271594,92.7377,92.7277,92.7477,1783271594.127
1783271596,92.7348,92.7248,92.7448,1783271596.131
1783271598,92.7601,92.7501,92.7701,1783271598.133
1783271600,92.7621,92.7521,92.7721,1783271600.155
1783271602,92.7671,92.7571,92.7771,1783271602.125
1783271604,92.7678,92.7578,92.7778,1783271604.127
1783271606,92.7599,92.7499,92.7699,1783271606.139
1783271608,92.7583,92.7483,92.7683,1783271608.130
1783271610,92.7617,92.7517,92.7717,1783271610.148
1783271612,92.7459,92.7359,92.7559,1783271612.129
1783271614,92.7412,92.7312,92.7512,1783271614.164
1783271616,92.7285,92.7185,92.7385,1783271616.133
1783271618,92.7258,92.7158,92.7358,1783271618.207
1783271620,92.7108,92.7008,92.7208,1783271620.158
1783271622,92.7161,92.7061,92.7261,1783271622.149
1783271624,92.7085,92.6985,92.7185,1783271624.145
1783271626,92.736,92.726,92.746,1783271626.134
1783271628,92.7253,92.7153,92.7353,1783271628.126
1783271630,92.7234,92.7134,92.7334,1783271630.171
1783271632,92.716,92.706,92.726,1783271632.124
1783271634,92.7278,92.7178,92.7378,1783271634.134
1783271636,92.7117,92.7017,92.7217,1783271636.148
1783271638,92.7023,92.6923,92.7123,1783271638.128
1783271640,92.7011,92.6911,92.7111,1783271640.139
1783271642,92.6972,92.6872,92.7072,1783271642.185
1783271644,92.6688,92.6588,92.6788,1783271644.224
1783271646,92.672,92.662,92.682,1783271646.136
1783271648,92.6706,92.6606,92.6806,1783271648.251
1783271650,92.677,92.667,92.687,1783271650.162
1783271652,92.6564,92.6464,92.6664,1783271652.130
1783271654,92.6689,92.6589,92.6789,1783271654.143
1783271656,92.6793,92.6693,92.6893,1783271656.138
1783271658,92.6721,92.6621,92.6821,1783271658.129
1783271660,92.6399,92.6299,92.6499,1783271660.139
1783271662,92.6443,92.6343,92.6543,1783271662.160
1783271664,92.6338,92.6238,92.6438,1783271664.141
1783271666,92.6181,92.6081,92.6281,1783271666.152
1783271668,92.6045,92.5945,92.6145,1783271668.133
1783271670,92.6112,92.6012,92.6212,1783271670.157
1783271672,92.6278,92.6178,92.6378,1783271672.129
1783271674,92.6252,92.6152,92.6352,1783271674.205
1783271676,92.6341,92.6241,92.6441,1783271676.134
1783271678,92.6592,92.6492,92.6692,1783271678.203
1783271680,92.6608,92.6508,92.6708,1783271680.136
1783271682,92.6562,92.6462,92.6662,1783271682.138
1783271684,92.6653,92.6553,92.6753,1783271684.147
1783271686,92.6612,92.6512,92.6712,1783271686.126
1783271688,92.6493,92.6393,92.6593,1783271688.166
1783271690,92.6381,92.6281,92.6481,1783271690.150
1783271692,92.6351,92.6251,92.6451,1783271692.142
1783271694,92.6456,92.6356,92.6556,1783271694.134
1783271696,92.6454,92.6354,92.6554,1783271696.154
1783271698,92.646,92.636,92.656,1783271698.134
1783271700,92.648,92.638,92.658,1783271700.143
1783271702,92.6794,92.6694,92.6894,1783271702.203
1783271704,92.6784,92.6684,92.6884,1783271704.142
1783271706,92.6893,92.6793,92.6993,1783271706.135
1783271708,92.6869,92.6769,92.6969,1783271708.202
1783271710,92.6873,92.6773,92.6973,1783271710.126
1783271712,92.6889,92.6789,92.6989,1783271712.145
1783271714,92.6957,92.6857,92.7057,1783271714.158
1783271716,92.6919,92.6819,92.7019,1783271716.156
1783271718,92.6953,92.6853,92.7053,1783271718.166
1783271720,92.7018,92.6918,92.7118,1783271720.140
1783271722,92.6898,92.6798,92.6998,1783271722.142
1783271724,92.6782,92.6682,92.6882,1783271724.134
1783271726,92.6654,92.6554,92.6754,1783271726.135
1783271728,92.6616,92.6516,92.6716,1783271728.131
1783271730,92.6452,92.6352,92.6552,1783271730.152
1783271732,92.6447,92.6347,92.6547,1783271732.147
1783271734,92.6191,92.6091,92.6291,1783271734.140
1783271736,92.6042,92.5942,92.6142,1783271736.135
1783271738,92.6033,92.5933,92.6133,1783271738.246
1783271740,92.6019,92.5919,92.6119,1783271740.141
1783271742,92.6193,92.6093,92.6293,1783271742.150
1783271744,92.6244,92.6144,92.6344,1783271744.135
1783271746,92.6146,92.6046,92.6246,1783271746.147
1783271748,92.6236,92.6136,92.6336,1783271748.152
1783271750,92.6122,92.6022,92.6222,1783271750.138
1783271752,92.6136,92.6036,92.6236,1783271752.143
1783271754,92.588,92.578,92.598,1783271754.146
1783271756,92.5984,92.5884,92.6084,1783271756.131
1783271758,92.5904,92.5804,92.6004,1783271758.145
1783271760,92.592,92.582,92.602,1783271760.132
1783271762,92.5971,92.5871,92.6071,1783271762.180
1783271764,92.6078,92.5978,92.6178,1783271764.191
1783271766,92.5964,92.5864,92.6064,1783271766.139
1783271768,92.6021,92.5921,92.6121,1783271768.202
1783271770,92.6302,92.6202,92.6402,1783271770.149
1783271772,92.6299,92.6199,92.6399,1783271772.135
1783271774,92.6322,92.6222,92.6422,1783271774.144
1783271776,92.6286,92.6186,92.6386,1783271776.159
1783271778,92.6511,92.6411,92.6611,1783271778.130
1783271780,92.6257,92.6157,92.6357,1783271780.136
1783271782,92.6097,92.5997,92.6197,1783271782.133
1783271784,92.6096,92.5996,92.6196,1783271784.134
1783271786,92.5978,92.5878,92.6078,1783271786.165
1783271788,92.5939,92.5839,92.6039,1783271788.130
1783271790,92.5784,92.5684,92.5884,1783271790.137
1783271792,92.5996,92.5896,92.6096,1783271792.131
1783271794,92.6006,92.5906,92.6106,1783271794.133
1783271796,92.6028,92.5928,92.6128,1783271796.151
1783271798,92.6191,92.6091,92.6291,1783271798.134
1783271800,92.6019,92.5919,92.6119,1783271800.144
1783271802,92.597,92.587,92.607,1783271802.132
1783271804,92.5965,92.5865,92.6065,1783271804.145
1783271806,92.6007,92.5907,92.6107,1783271806.132
1783271808,92.5754,92.5654,92.5854,1783271808.141
1783271810,92.5585,92.5485,92.5685,1783271810.135
1783271812,92.5689,92.5589,92.5789,1783271812.145
1783271814,92.5792,92.5692,92.5892,1783271814.149
1783271816,92.5759,92.5659,92.5859,1783271816.153
1783271818,92.5723,92.5623,92.5823,1783271818.138
1783271820,92.5695,92.5595,92.5795,1783271820.187
1783271822,92.583,92.573,92.593,1783271822.193
1783271824,92.5891,92.5791,92.5991,1783271824.154
1783271826,92.574,92.564,92.584,1783271826.154
1783271828,92.5712,92.5612,92.5812,1783271828.136
1783271830,92.5715,92.5615,92.5815,1783271830.131
1783271832,92.5827,92.5727,92.5927,1783271832.152
1783271834,92.5642,92.5542,92.5742,1783271834.127
1783271836,92.5441,92.5341,92.5541,1783271836.142
1783271838,92.5346,92.5246,92.5446,1783271838.137
1783271840,92.5522,92.5422,92.5622,1783271840.132
1783271842,92.5737,92.5637,92.5837,1783271842.152
1783271844,92.5733,92.5633,92.5833,1783271844.139
1783271846,92.5746,92.5646,92.5846,1783271846.145
1783271848,92.565,92.555,92.575,1783271848.138
1783271850,92.5553,92.5453,92.5653,1783271850.135
1783271852,92.556,92.546,92.566,1783271852.166
1783271854,92.5467,92.5367,92.5567,1783271854.156
1783271856,92.5514,92.5414,92.5614,1783271856.139
1783271858,92.5442,92.5342,92.5542,1783271858.203
1783271860,92.5505,92.5405,92.5605,1783271860.152
1783271862,92.5464,92.5364,92.5564,1783271862.147
1783271864,92.5146,92.5046,92.5246,1783271864.142
1783271866,92.5123,92.5023,92.5223,1783271866.135
1783271868,92.4998,92.4898,92.5098,1783271868.138
1783271870,92.5032,92.4932,92.5132,1783271870.140
1783271872,92.5001,92.4901,92.5101,1783271872.137
1783271874,92.5052,92.4952,92.5152,1783271874.147
1783271876,92.5148,92.5048,92.5248,1783271876.149
1783271878,92.5128,92.5028,92.5228,1783271878.147
1783271880,92.5251,92.5151,92.5351,1783271880.179
1783271882,92.536,92.526,92.546,1783271882.265
1783271884,92.5273,92.5173,92.5373,1783271884.322
1783271886,92.5451,92.5351,92.5551,1783271886.155
1783271888,92.565,92.555,92.575,1783271888.127
1783271890,92.5749,92.5649,92.5849,1783271890.145
1783271892,92.5692,92.5592,92.5792,1783271892.130
1783271894,92.579,92.569,92.589,1783271894.145
1783271896,92.5766,92.5666,92.5866,1783271896.143
1783271898,92.5602,92.5502,92.5702,1783271898.136
1783271900,92.5672,92.5572,92.5772,1783271900.125
1783271902,92.5687,92.5587,92.5787,1783271902.145
1783271904,92.5624,92.5524,92.5724,1783271904.160
1783271906,92.5588,92.5488,92.5688,1783271906.162
1783271908,92.5618,92.5518,92.5718,1783271908.133
1783271910,92.5593,92.5493,92.5693,1783271910.144
1783271912,92.5796,92.5696,92.5896,1783271912.139
1783271914,92.5891,92.5791,92.5991,1783271914.143
1783271916,92.5926,92.5826,92.6026,1783271916.144
1783271918,92.5861,92.5761,92.5961,1783271918.242
1783271920,92.577,92.567,92.587,1783271920.164
1783271922,92.5702,92.5602,92.5802,1783271922.146
1783271924,92.5781,92.5681,92.5881,1783271924.128
1783271926,92.5823,92.5723,92.5923,1783271926.136
1783271928,92.5686,92.5586,92.5786,1783271928.144
1783271930,92.5904,92.5804,92.6004,1783271930.150
1783271932,92.593,92.583,92.603,1783271932.170
1783271934,92.5843,92.5743,92.5943,1783271934.157
1783271936,92.5812,92.5712,92.5912,1783271936.151
1783271938,92.5778,92.5678,92.5878,1783271938.131
1783271940,92.5571,92.5471,92.5671,1783271940.165
1783271942,92.5459,92.5359,92.5559,1783271942.265
1783271944,92.5448,92.5348,92.5548,1783271944.161
1783271946,92.5492,92.5392,92.5592,1783271946.142
1783271948,92.5419,92.5319,92.5519,1783271948.202
1783271950,92.5229,92.5129,92.5329,1783271950.134
1783271952,92.5168,92.5068,92.5268,1783271952.150
1783271954,92.5153,92.5053,92.5253,1783271954.141
1783271956,92.4962,92.4862,92.5062,1783271956.158
1783271958,92.5082,92.4982,92.5182,1783271958.164
1783271960,92.5329,92.5229,92.5429,1783271960.133
1783271962,92.5218,92.5118,92.5318,1783271962.125
1783271964,92.5075,92.4975,92.5175,1783271964.129
1783271966,92.4968,92.4868,92.5068,1783271966.206
1783271968,92.503,92.493,92.513,1783271968.163
1783271970,92.4969,92.4869,92.5069,1783271970.152
1783271972,92.4906,92.4806,92.5006,1783271972.133
1783271974,92.5068,92.4968,92.5168,1783271974.153
1783271976,92.5061,92.4961,92.5161,1783271976.133
1783271978,92.4842,92.4742,92.4942,1783271978.254
1783271980,92.4736,92.4636,92.4836,1783271980.127
1783271982,92.4692,92.4592,92.4792,1783271982.142
1783271984,92.4727,92.4627,92.4827,1783271984.130
1783271986,92.4724,92.4624,92.4824,1783271986.151
1783271988,92.4792,92.4692,92.4892,1783271988.149
1783271990,92.4791,92.4691,92.4891,1783271990.145
1783271992,92.4833,92.4733,92.4933,1783271992.163
1783271994,92.4797,92.4697,92.4897,1783271994.128
1783271996,92.4893,92.4793,92.4993,1783271996.137
1783271998,92.5141,92.5041,92.5241,1783271998.151
1783272000,92.522,92.512,92.532,1783272000.147
1783272002,92.5025,92.4925,92.5125,1783272002.218
1783272004,92.4918,92.4818,92.5018,1783272004.200
1783272006,92.4885,92.4785,92.4985,1783272006.129
1783272008,92.4892,92.4792,92.4992,1783272008.209
1783272010,92.4978,92.4878,92.5078,1783272010.163
1783272012,92.4791,92.4691,92.4891,1783272012.134
1783272014,92.4798,92.4698,92.4898,1783272014.143
1783272016,92.4808,92.4708,92.4908,1783272016.161
1783272018,92.4615,92.4515,92.4715,1783272018.129
1783272020,92.4614,92.4514,92.4714,1783272020.132
1783272022,92.4679,92.4579,92.4779,1783272022.130
1783272024,92.4663,92.4563,92.4763,1783272024.144
1783272026,92.4568,92.4468,92.4668,1783272026.131
1783272028,92.4535,92.4435,92.4635,1783272028.129
1783272030,92.4587,92.4487,92.4687,1783272030.146
1783272032,92.4473,92.4373,92.4573,1783272032.137
1783272034,92.4349,92.4249,92.4449,1783272034.155
1783272036,92.448,92.438,92.458,1783272036.134
1783272038,92.4636,92.4536,92.4736,1783272038.245
1783272040,92.483,92.473,92.493,1783272040.134
1783272042,92.4799,92.4699,92.4899,1783272042.135
1783272044,92.4669,92.4569,92.4769,1783272044.129
1783272046,92.4853,92.4753,92.4953,1783272046.156
1783272048,92.4879,92.4779,92.4979,1783272048.134
1783272050,92.4879,92.4779,92.4979,1783272050.142
1783272052,92.4855,92.4755,92.4955,1783272052.150
1783272054,92.4838,92.4738,92.4938,1783272054.132
1783272056,92.4745,92.4645,92.4845,1783272056.121
1783272058,92.4763,92.4663,92.4863,1783272058.116
1783272060,92.4856,92.4756,92.4956,1783272060.123
1783272062,92.4826,92.4726,92.4926,1783272062.189
1783272064,92.4853,92.4753,92.4953,1783272064.134
1783272066,92.4885,92.4785,92.4985,1783272066.134
1783272068,92.4815,92.4715,92.4915,1783272068.201
1783272070,92.4919,92.4819,92.5019,1783272070.116
1783272072,92.4882,92.4782,92.4982,1783272072.117
1783272074,92.4893,92.4793,92.4993,1783272074.164
1783272076,92.4921,92.4821,92.5021,1783272076.128
1783272078,92.5173,92.5073,92.5273,1783272078.120
1783272080,92.5307,92.5207,92.5407,1783272080.125
1783272082,92.5377,92.5277,92.5477,1783272082.113
1783272084,92.5564,92.5464,92.5664,1783272084.143
1783272086,92.5429,92.5329,92.5529,1783272086.122
1783272088,92.537,92.527,92.547,1783272088.153
1783272090,92.5286,92.5186,92.5386,1783272090.140
1783272092,92.5124,92.5024,92.5224,1783272092.128
1783272094,92.4919,92.4819,92.5019,1783272094.128
1783272096,92.4919,92.4819,92.5019,1783272096.129
1783272098,92.484,92.474,92.494,1783272098.119
1783272100,92.4806,92.4706,92.4906,1783272100.127
1783272102,92.4906,92.4806,92.5006,1783272102.132
1783272104,92.4973,92.4873,92.5073,1783272104.125
1783272106,92.4895,92.4795,92.4995,1783272106.120
1783272108,92.4994,92.4894,92.5094,1783272108.129
1783272110,92.5143,92.5043,92.5243,1783272110.125
1783272112,92.5151,92.5051,92.5251,1783272112.248
1783272114,92.4868,92.4768,92.4968,1783272114.132
1783272116,92.4909,92.4809,92.5009,1783272116.127
1783272118,92.4781,92.4681,92.4881,1783272118.134
1783272120,92.4625,92.4525,92.4725,1783272120.138
1783272122,92.4574,92.4474,92.4674,1783272122.150
1783272124,92.4582,92.4482,92.4682,1783272124.146
1783272126,92.4548,92.4448,92.4648,1783272126.133
1783272128,92.4728,92.4628,92.4828,1783272128.123
1783272130,92.4561,92.4461,92.4661,1783272130.165
1783272132,92.4567,92.4467,92.4667,1783272132.126
1783272134,92.4454,92.4354,92.4554,1783272134.142
1783272136,92.4317,92.4217,92.4417,1783272136.123
1783272138,92.4382,92.4282,92.4482,1783272138.130
1783272140,92.4123,92.4023,92.4223,1783272140.163
1783272142,92.4199,92.4099,92.4299,1783272142.126
1783272144,92.3963,92.3863,92.4063,1783272144.129
1783272146,92.3783,92.3683,92.3883,1783272146.127
1783272148,92.3629,92.3529,92.3729,1783272148.245
1783272150,92.3788,92.3688,92.3888,1783272150.131
1783272152,92.3752,92.3652,92.3852,1783272152.127
1783272154,92.3682,92.3582,92.3782,1783272154.127
1783272156,92.3859,92.3759,92.3959,1783272156.124
1783272158,92.3924,92.3824,92.4024,1783272158.204
1783272160,92.4022,92.3922,92.4122,1783272160.140
1783272162,92.4016,92.3916,92.4116,1783272162.120
1783272164,92.3927,92.3827,92.4027,1783272164.129
1783272166,92.3956,92.3856,92.4056,1783272166.162
1783272168,92.3944,92.3844,92.4044,1783272168.126
1783272170,92.4049,92.3949,92.4149,1783272170.133
1783272172,92.3801,92.3701,92.3901,1783272172.130
1783272174,92.3859,92.3759,92.3959,1783272174.128
1783272176,92.402,92.392,92.412,1783272176.141
1783272178,92.3986,92.3886,92.4086,1783272178.128
1783272180,92.377,92.367,92.387,1783272180.139
1783272182,92.3724,92.3624,92.3824,1783272182.166
1783272184,92.358,92.348,92.368,1783272184.139
1783272186,92.3425,92.3325,92.3525,1783272186.119
1783272188,92.3466,92.3366,92.3566,1783272188.155
1783272190,92.3493,92.3393,92.3593,1783272190.129
1783272192,92.3521,92.3421,92.3621,1783272192.125
1783272194,92.3561,92.3461,92.3661,1783272194.121
1783272196,92.3476,92.3376,92.3576,1783272196.135
1783272198,92.3595,92.3495,92.3695,1783272198.132
1783272200,92.3687,92.3587,92.3787,1783272200.121
1783272202,92.3543,92.3443,92.3643,1783272202.137
1783272204,92.3628,92.3528,92.3728,1783272204.121
1783272206,92.3755,92.3655,92.3855,1783272206.146
1783272208,92.3707,92.3607,92.3807,1783272208.137
1783272210,92.3726,92.3626,92.3826,1783272210.133
1783272212,92.3707,92.3607,92.3807,1783272212.135
1783272214,92.3681,92.3581,92.3781,1783272214.134
1783272216,92.3617,92.3517,92.3717,1783272216.153
1783272218,92.3573,92.3473,92.3673,1783272218.208
1783272220,92.3476,92.3376,92.3576,1783272220.140
1783272222,92.3489,92.3389,92.3589,1783272222.130
1783272224,92.3586,92.3486,92.3686,1783272224.136
1783272226,92.3687,92.3587,92.3787,1783272226.138
1783272228,92.3478,92.3378,92.3578,1783272228.167
1783272230,92.3423,92.3323,92.3523,1783272230.126
1783272232,92.3416,92.3316,92.3516,1783272232.137
1783272234,92.3463,92.3363,92.3563,1783272234.204
1783272236,92.3377,92.3277,92.3477,1783272236.129
1783272238,92.3291,92.3191,92.3391,1783272238.136
1783272240,92.3318,92.3218,92.3418,1783272240.149
1783272242,92.3372,92.3272,92.3472,1783272242.165
1783272244,92.3434,92.3334,92.3534,1783272244.133
1783272246,92.3298,92.3198,92.3398,1783272246.130
1783272248,92.3136,92.3036,92.3236,1783272248.204
1783272250,92.3046,92.2946,92.3146,1783272250.144
1783272252,92.3084,92.2984,92.3184,1783272252.129
1783272254,92.294,92.284,92.304,1783272254.130
1783272256,92.2754,92.2654,92.2854,1783272256.124
1783272258,92.2784,92.2684,92.2884,1783272258.140
1783272260,92.2749,92.2649,92.2849,1783272260.130
1783272262,92.2635,92.2535,92.2735,1783272262.130
1783272264,92.2616,92.2516,92.2716,1783272264.130
1783272266,92.2387,92.2287,92.2487,1783272266.134
1783272268,92.2317,92.2217,92.2417,1783272268.132
1783272270,92.2362,92.2262,92.2462,1783272270.138
1783272272,92.2353,92.2253,92.2453,1783272272.133
1783272274,92.2248,92.2148,92.2348,1783272274.143
1783272276,92.2168,92.2068,92.2268,1783272276.135
1783272278,92.2106,92.2006,92.2206,1783272278.136
1783272280,92.2052,92.1952,92.2152,1783272280.140
1783272282,92.1936,92.1836,92.2036,1783272282.146
1783272284,92.1987,92.1887,92.2087,1783272284.135
1783272286,92.2062,92.1962,92.2162,1783272286.134
1783272288,92.2101,92.2001,92.2201,1783272288.128
1783272290,92.2065,92.1965,92.2165,1783272290.165
1783272292,92.2159,92.2059,92.2259,1783272292.205
1783272294,92.2071,92.1971,92.2171,1783272294.131
1783272296,92.2138,92.2038,92.2238,1783272296.140
1783272298,92.2077,92.1977,92.2177,1783272298.135
1783272300,92.2003,92.1903,92.2103,1783272300.131
1783272302,92.2008,92.1908,92.2108,1783272302.139
1783272304,92.1975,92.1875,92.2075,1783272304.133
1783272306,92.1966,92.1866,92.2066,1783272306.124
1783272308,92.2009,92.1909,92.2109,1783272308.202
1783272310,92.1989,92.1889,92.2089,1783272310.133
1783272312,92.2138,92.2038,92.2238,1783272312.136
1783272314,92.2038,92.1938,92.2138,1783272314.145
1783272316,92.2063,92.1963,92.2163,1783272316.129
1783272318,92.1999,92.1899,92.2099,1783272318.126
1783272320,92.1862,92.1762,92.1962,1783272320.145
1783272322,92.1905,92.1805,92.2005,1783272322.136
1783272324,92.1822,92.1722,92.1922,1783272324.141
1783272326,92.1923,92.1823,92.2023,1783272326.120
1783272328,92.1888,92.1788,92.1988,1783272328.134
1783272330,92.1773,92.1673,92.1873,1783272330.136
1783272332,92.1605,92.1505,92.1705,1783272332.125
1783272334,92.1573,92.1473,92.1673,1783272334.134
1783272336,92.1561,92.1461,92.1661,1783272336.120
1783272338,92.1567,92.1467,92.1667,1783272338.245
1783272340,92.1779,92.1679,92.1879,1783272340.131
1783272342,92.1784,92.1684,92.1884,1783272342.165
1783272344,92.1854,92.1754,92.1954,1783272344.137
1783272346,92.1905,92.1805,92.2005,1783272346.140
1783272348,92.1844,92.1744,92.1944,1783272348.138
1783272350,92.1698,92.1598,92.1798,1783272350.141
1783272352,92.1679,92.1579,92.1779,1783272352.202
1783272354,92.164,92.154,92.174,1783272354.136
1783272356,92.1709,92.1609,92.1809,1783272356.142
1783272358,92.169,92.159,92.179,1783272358.201
1783272360,92.1608,92.1508,92.1708,1783272360.143
1783272362,92.1709,92.1609,92.1809,1783272362.235
1783272364,92.1741,92.1641,92.1841,1783272364.141
1783272366,92.1769,92.1669,92.1869,1783272366.121
1783272368,92.1607,92.1507,92.1707,1783272368.120
1783272370,92.1648,92.1548,92.1748,1783272370.145
1783272372,92.158,92.148,92.168,1783272372.132
1783272374,92.1694,92.1594,92.1794,1783272374.126
1783272376,92.1659,92.1559,92.1759,1783272376.118
1783272378,92.1643,92.1543,92.1743,1783272378.130
1783272380,92.1708,92.1608,92.1808,1783272380.146
1783272382,92.1801,92.1701,92.1901,1783272382.142
1783272384,92.1822,92.1722,92.1922,1783272384.140
1783272386,92.1692,92.1592,92.1792,1783272386.142
1783272388,92.1791,92.1691,92.1891,1783272388.127
1783272390,92.1763,92.1663,92.1863,1783272390.137
1783272392,92.1465,92.1365,92.1565,1783272392.136
1783272394,92.1341,92.1241,92.1441,1783272394.128
1783272396,92.1292,92.1192,92.1392,1783272396.130
1783272398,92.1383,92.1283,92.1483,1783272398.124
1783272400,92.1325,92.1225,92.1425,1783272400.144
1783272402,92.1223,92.1123,92.1323,1783272402.129
1783272404,92.0983,92.0883,92.1083,1783272404.126
1783272406,92.101,92.091,92.111,1783272406.120
1783272408,92.1087,92.0987,92.1187,1783272408.134
1783272410,92.105,92.095,92.115,1783272410.121
1783272412,92.1187,92.1087,92.1287,1783272412.129
1783272414,92.1144,92.1044,92.1244,1783272414.121
1783272416,92.0937,92.0837,92.1037,1783272416.120
1783272418,92.0979,92.0879,92.1079,1783272418.133
1783272420,92.0906,92.0806,92.1006,1783272420.137
1783272422,92.066,92.056,92.076,1783272422.200
1783272424,92.0718,92.0618,92.0818,1783272424.135
1783272426,92.103,92.093,92.113,1783272426.132
1783272428,92.1073,92.0973,92.1173,1783272428.118
1783272430,92.0954,92.0854,92.1054,1783272430.163
1783272432,92.0869,92.0769,92.0969,1783272432.136
1783272434,92.0851,92.0751,92.0951,1783272434.132
1783272436,92.0968,92.0868,92.1068,1783272436.141
1783272438,92.0893,92.0793,92.0993,1783272438.139
1783272440,92.1012,92.0912,92.1112,1783272440.134
1783272442,92.0911,92.0811,92.1011,1783272442.129
1783272444,92.0709,92.0609,92.0809,1783272444.138
1783272446,92.0726,92.0626,92.0826,1783272446.129
1783272448,92.0639,92.0539,92.0739,1783272448.123
1783272450,92.0683,92.0583,92.0783,1783272450.127
1783272452,92.0661,92.0561,92.0761,1783272452.138
1783272454,92.0552,92.0452,92.0652,1783272454.131
1783272456,92.0608,92.0508,92.0708,1783272456.123
1783272458,92.058,92.048,92.068,1783272458.134
1783272460,92.0533,92.0433,92.0633,1783272460.128
1783272462,92.0535,92.0435,92.0635,1783272462.127
1783272464,92.0427,92.0327,92.0527,1783272464.132
1783272466,92.0499,92.0399,92.0599,1783272466.124
1783272468,92.0567,92.0467,92.0667,1783272468.137
1783272470,92.0731,92.0631,92.0831,1783272470.148
1783272472,92.1069,92.0969,92.1169,1783272472.139
1783272474,92.0832,92.0732,92.0932,1783272474.126
1783272476,92.091,92.081,92.101,1783272476.141
1783272478,92.115,92.105,92.125,1783272478.137
1783272480,92.1054,92.0954,92.1154,1783272480.144
1783272482,92.0921,92.0821,92.1021,1783272482.130
1783272484,92.0795,92.0695,92.0895,1783272484.144
1783272486,92.0579,92.0479,92.0679,1783272486.131
1783272488,92.0501,92.0401,92.0601,1783272488.126
1783272490,92.0347,92.0247,92.0447,1783272490.135
1783272492,92.0317,92.0217,92.0417,1783272492.133
1783272494,92.0324,92.0224,92.0424,1783272494.142
1783272496,92.0321,92.0221,92.0421,1783272496.134
1783272498,92.0254,92.0154,92.0354,1783272498.133
1783272500,92.028,92.018,92.038,1783272500.130
1783272502,92.0297,92.0197,92.0397,1783272502.132
1783272504,92.0409,92.0309,92.0509,1783272504.131
1783272506,92.0445,92.0345,92.0545,1783272506.126
1783272508,92.0294,92.0194,92.0394,1783272508.134
1783272510,92.0247,92.0147,92.0347,1783272510.139
1783272512,92.0092,91.9992,92.0192,1783272512.138
1783272514,92.027,92.017,92.037,1783272514.132
1783272516,92.0233,92.0133,92.0333,1783272516.126
1783272518,92.034,92.024,92.044,1783272518.265
1783272520,92.0548,92.0448,92.0648,1783272520.133
1783272522,92.0728,92.0628,92.0828,1783272522.133
1783272524,92.0728,92.0628,92.0828,1783272524.126
