epoch,quote,bid,ask,recv_ts
1783266682,7836.7,7836.7,7836.7,1783266682.166
1783266683,7836.8,7836.8,7836.8,1783266683.124
1783266684,7836.9,7836.9,7836.9,1783266684.164
1783266685,7837,7837,7837,1783266685.128
1783266686,7837.1,7837.1,7837.1,1783266686.149
1783266687,7837.2,7837.2,7837.2,1783266687.114
1783266688,7837.1,7837.1,7837.1,1783266688.134
1783266689,7837.2,7837.2,7837.2,1783266689.116
1783266690,7837.1,7837.1,7837.1,1783266690.148
1783266691,7837,7837,7837,1783266691.117
1783266692,7836.9,7836.9,7836.9,1783266692.149
1783266693,7837,7837,7837,1783266693.137
1783266694,7837.1,7837.1,7837.1,1783266694.148
1783266695,7837.2,7837.2,7837.2,1783266695.115
1783266696,7837.3,7837.3,7837.3,1783266696.140
1783266697,7837.4,7837.4,7837.4,1783266697.118
1783266698,7837.3,7837.3,7837.3,1783266698.204
1783266699,7837.2,7837.2,7837.2,1783266699.118
1783266700,7837.3,7837.3,7837.3,1783266700.144
1783266701,7837.2,7837.2,7837.2,1783266701.111
1783266702,7837.3,7837.3,7837.3,1783266702.144
1783266703,7837.2,7837.2,7837.2,1783266703.119
1783266704,7837.1,7837.1,7837.1,1783266704.139
1783266705,7837.2,7837.2,7837.2,1783266705.113
1783266706,7837.3,7837.3,7837.3,1783266706.150
1783266707,7837.4,7837.4,7837.4,1783266707.115
1783266708,7837.5,7837.5,7837.5,1783266708.138
1783266709,7837.4,7837.4,7837.4,1783266709.130
1783266710,7837.3,7837.3,7837.3,1783266710.139
1783266711,7837.2,7837.2,7837.2,1783266711.135
1783266712,7837.3,7837.3,7837.3,1783266712.157
1783266713,7837.4,7837.4,7837.4,1783266713.113
1783266714,7837.3,7837.3,7837.3,1783266714.143
1783266715,7837.4,7837.4,7837.4,1783266715.127
1783266716,7837.5,7837.5,7837.5,1783266716.172
1783266717,7837.6,7837.6,7837.6,1783266717.113
1783266718,7837.5,7837.5,7837.5,1783266718.163
1783266719,7837.6,7837.6,7837.6,1783266719.128
1783266720,7837.5,7837.5,7837.5,1783266720.203
1783266721,7837.4,7837.4,7837.4,1783266721.132
1783266722,7837.5,7837.5,7837.5,1783266722.274
1783266723,7837.4,7837.4,7837.4,1783266723.123
1783266724,7837.5,7837.5,7837.5,1783266724.230
1783266725,7837.4,7837.4,7837.4,1783266725.127
1783266726,7837.5,7837.5,7837.5,1783266726.135
1783266727,7837.6,7837.6,7837.6,1783266727.118
1783266728,7837.5,7837.5,7837.5,1783266728.202
1783266729,7837.6,7837.6,7837.6,1783266729.119
1783266730,7837.7,7837.7,7837.7,1783266730.126
1783266731,7837.6,7837.6,7837.6,1783266731.124
1783266732,7837.7,7837.7,7837.7,1783266732.150
1783266733,7837.6,7837.6,7837.6,1783266733.110
1783266734,7837.7,7837.7,7837.7,1783266734.155
1783266735,7837.6,7837.6,7837.6,1783266735.124
1783266736,7837.7,7837.7,7837.7,1783266736.136
1783266737,7837.8,7837.8,7837.8,1783266737.120
1783266738,7837.9,7837.9,7837.9,1783266738.145
1783266739,7837.8,7837.8,7837.8,1783266739.130
1783266740,7837.9,7837.9,7837.9,1783266740.141
1783266741,7838,7838,7838,1783266741.130
1783266742,7838.1,7838.1,7838.1,1783266742.142
1783266743,7838.2,7838.2,7838.2,1783266743.125
1783266744,7838.3,7838.3,7838.3,1783266744.167
1783266745,7838.2,7838.2,7838.2,1783266745.130
1783266746,7838.1,7838.1,7838.1,1783266746.147
1783266747,7838.2,7838.2,7838.2,1783266747.123
1783266748,7838.3,7838.3,7838.3,1783266748.172
1783266749,7838.2,7838.2,7838.2,1783266749.129
1783266750,7838.1,7838.1,7838.1,1783266750.154
1783266751,7838.2,7838.2,7838.2,1783266751.120
1783266752,7838.3,7838.3,7838.3,1783266752.136
1783266753,7838.2,7838.2,7838.2,1783266753.124
1783266754,7838.3,7838.3,7838.3,1783266754.163
1783266755,7838.2,7838.2,7838.2,1783266755.129
1783266756,7838.1,7838.1,7838.1,1783266756.138
1783266757,7838.2,7838.2,7838.2,1783266757.121
1783266758,7838.1,7838.1,7838.1,1783266758.250
1783266759,7838,7838,7838,1783266759.122
1783266760,7838.1,7838.1,7838.1,1783266760.168
1783266761,7838,7838,7838,1783266761.115
1783266762,7838.1,7838.1,7838.1,1783266762.134
1783266763,7838,7838,7838,1783266763.123
1783266764,7837.9,7837.9,7837.9,1783266764.138
1783266765,7838,7838,7838,1783266765.111
1783266766,7838.1,7838.1,7838.1,1783266766.147
1783266767,7838.2,7838.2,7838.2,1783266767.216
1783266768,7838.3,7838.3,7838.3,1783266768.174
1783266769,7838.4,7838.4,7838.4,1783266769.131
1783266770,7838.3,7838.3,7838.3,1783266770.149
1783266771,7838.2,7838.2,7838.2,1783266771.114
1783266772,7838.1,7838.1,7838.1,1783266772.155
1783266773,7838.2,7838.2,7838.2,1783266773.127
1783266774,7838.1,7838.1,7838.1,1783266774.151
1783266775,7838.2,7838.2,7838.2,1783266775.119
1783266776,7838.3,7838.3,7838.3,1783266776.156
1783266777,7838.4,7838.4,7838.4,1783266777.129
1783266778,7838.3,7838.3,7838.3,1783266778.144
1783266779,7838.2,7838.2,7838.2,1783266779.117
1783266780,7838.3,7838.3,7838.3,1783266780.165
1783266781,7838.2,7838.2,7838.2,1783266781.119
1783266782,7838.1,7838.1,7838.1,1783266782.195
1783266783,7838,7838,7838,1783266783.114
1783266784,7837.9,7837.9,7837.9,1783266784.151
1783266785,7837.8,7837.8,7837.8,1783266785.131
1783266786,7837.9,7837.9,7837.9,1783266786.138
1783266787,7838,7838,7838,1783266787.123
1783266788,7837.9,7837.9,7837.9,1783266788.202
1783266789,7838,7838,7838,1783266789.119
1783266790,7838.1,7838.1,7838.1,1783266790.162
1783266791,7838,7838,7838,1783266791.121
1783266792,7838.1,7838.1,7838.1,1783266792.154
1783266793,7838,7838,7838,1783266793.128
1783266794,7838.1,7838.1,7838.1,1783266794.143
1783266795,7838,7838,7838,1783266795.119
1783266796,7837.9,7837.9,7837.9,1783266796.149
1783266797,7837.8,7837.8,7837.8,1783266797.115
1783266798,7837.7,7837.7,7837.7,1783266798.147
1783266799,7837.6,7837.6,7837.6,1783266799.126
1783266800,7837.5,7837.5,7837.5,1783266800.137
1783266801,7837.6,7837.6,7837.6,1783266801.120
1783266802,7837.7,7837.7,7837.7,1783266802.130
1783266803,7837.6,7837.6,7837.6,1783266803.125
1783266804,7837.7,7837.7,7837.7,1783266804.146
1783266805,7837.8,7837.8,7837.8,1783266805.115
1783266806,7837.7,7837.7,7837.7,1783266806.140
1783266807,7837.6,7837.6,7837.6,1783266807.118
1783266808,7837.7,7837.7,7837.7,1783266808.163
1783266809,7837.6,7837.6,7837.6,1783266809.128
1783266810,7837.7,7837.7,7837.7,1783266810.143
1783266811,7837.6,7837.6,7837.6,1783266811.114
1783266812,7837.5,7837.5,7837.5,1783266812.140
1783266813,7837.6,7837.6,7837.6,1783266813.145
1783266814,7837.7,7837.7,7837.7,1783266814.146
1783266815,7837.8,7837.8,7837.8,1783266815.113
1783266816,7837.9,7837.9,7837.9,1783266816.164
1783266817,7838,7838,7838,1783266817.132
1783266818,7838.1,7838.1,7838.1,1783266818.244
1783266819,7838,7838,7838,1783266819.117
1783266820,7838.1,7838.1,7838.1,1783266820.135
1783266821,7838.2,7838.2,7838.2,1783266821.133
1783266822,7838.1,7838.1,7838.1,1783266822.142
1783266823,7838,7838,7838,1783266823.123
1783266824,7837.9,7837.9,7837.9,1783266824.135
1783266825,7837.8,7837.8,7837.8,1783266825.120
1783266826,7837.9,7837.9,7837.9,1783266826.144
1783266827,7837.8,7837.8,7837.8,1783266827.116
1783266828,7837.7,7837.7,7837.7,1783266828.138
1783266829,7837.6,7837.6,7837.6,1783266829.124
1783266830,7837.7,7837.7,7837.7,1783266830.159
1783266831,7837.8,7837.8,7837.8,1783266831.122
1783266832,7837.9,7837.9,7837.9,1783266832.132
1783266833,7837.8,7837.8,7837.8,1783266833.118
1783266834,7837.7,7837.7,7837.7,1783266834.137
1783266835,7837.8,7837.8,7837.8,1783266835.123
1783266836,7837.7,7837.7,7837.7,1783266836.132
1783266837,7837.8,7837.8,7837.8,1783266837.115
1783266838,7837.9,7837.9,7837.9,1783266838.150
1783266839,7838,7838,7838,1783266839.116
1783266840,7837.9,7837.9,7837.9,1783266840.143
1783266841,7838,7838,7838,1783266841.127
1783266842,7838.1,7838.1,7838.1,1783266842.150
1783266843,7838.2,7838.2,7838.2,1783266843.164
1783266844,7838.3,7838.3,7838.3,1783266844.146
1783266845,7838.2,7838.2,7838.2,1783266845.126
1783266846,7838.1,7838.1,7838.1,1783266846.131
1783266847,7838.2,7838.2,7838.2,1783266847.119
1783266848,7838.3,7838.3,7838.3,1783266848.204
1783266849,7838.2,7838.2,7838.2,1783266849.111
1783266850,7838.1,7838.1,7838.1,1783266850.142
1783266851,7838.2,7838.2,7838.2,1783266851.114
1783266852,7838.1,7838.1,7838.1,1783266852.163
1783266853,7838.2,7838.2,7838.2,1783266853.135
1783266854,7838.1,7838.1,7838.1,1783266854.136
1783266855,7838,7838,7838,1783266855.115
1783266856,7837.9,7837.9,7837.9,1783266856.150
1783266857,7838,7838,7838,1783266857.120
1783266858,7838.1,7838.1,7838.1,1783266858.165
1783266859,7838,7838,7838,1783266859.114
1783266860,7837.9,7837.9,7837.9,1783266860.164
1783266861,7838,7838,7838,1783266861.126
1783266862,7837.9,7837.9,7837.9,1783266862.139
1783266863,7838,7838,7838,1783266863.144
1783266864,7838.1,7838.1,7838.1,1783266864.148
1783266865,7838.2,7838.2,7838.2,1783266865.129
1783266866,7838.1,7838.1,7838.1,1783266866.138
1783266867,7838,7838,7838,1783266867.115
1783266868,7837.9,7837.9,7837.9,1783266868.129
1783266869,7838,7838,7838,1783266869.115
1783266870,7838.1,7838.1,7838.1,1783266870.143
1783266871,7838,7838,7838,1783266871.121
1783266872,7837.9,7837.9,7837.9,1783266872.152
1783266873,7838,7838,7838,1783266873.118
1783266874,7837.9,7837.9,7837.9,1783266874.144
1783266875,7837.8,7837.8,7837.8,1783266875.121
1783266876,7837.7,7837.7,7837.7,1783266876.150
1783266877,7837.6,7837.6,7837.6,1783266877.126
1783266878,7837.7,7837.7,7837.7,1783266878.250
1783266879,7837.6,7837.6,7837.6,1783266879.120
1783266880,7837.5,7837.5,7837.5,1783266880.130
1783266881,7837.4,7837.4,7837.4,1783266881.127
1783266882,7837.3,7837.3,7837.3,1783266882.142
1783266883,7837.2,7837.2,7837.2,1783266883.122
1783266884,7837.3,7837.3,7837.3,1783266884.130
1783266885,7837.2,7837.2,7837.2,1783266885.115
1783266886,7837.3,7837.3,7837.3,1783266886.130
1783266887,7837.2,7837.2,7837.2,1783266887.113
1783266888,7837.1,7837.1,7837.1,1783266888.140
1783266889,7837,7837,7837,1783266889.118
1783266890,7837.1,7837.1,7837.1,1783266890.137
1783266891,7837,7837,7837,1783266891.110
1783266892,7836.9,7836.9,7836.9,1783266892.148
1783266893,7837,7837,7837,1783266893.112
1783266894,7836.9,7836.9,7836.9,1783266894.147
1783266895,7836.8,7836.8,7836.8,1783266895.116
1783266896,7836.9,7836.9,7836.9,1783266896.136
1783266897,7836.8,7836.8,7836.8,1783266897.120
1783266898,7836.9,7836.9,7836.9,1783266898.137
1783266899,7836.8,7836.8,7836.8,1783266899.112
1783266900,7836.9,7836.9,7836.9,1783266900.149
1783266901,7836.8,7836.8,7836.8,1783266901.117
1783266902,7836.9,7836.9,7836.9,1783266902.370
1783266903,7837,7837,7837,1783266903.165
1783266904,7837.1,7837.1,7837.1,1783266904.277
1783266905,7837,7837,7837,1783266905.128
1783266906,7836.9,7836.9,7836.9,1783266906.152
1783266907,7837,7837,7837,1783266907.125
1783266908,7836.9,7836.9,7836.9,1783266908.202
1783266909,7836.8,7836.8,7836.8,1783266909.115
1783266910,7836.7,7836.7,7836.7,1783266910.135
1783266911,7836.6,7836.6,7836.6,1783266911.123
1783266912,7836.5,7836.5,7836.5,1783266912.142
1783266913,7836.4,7836.4,7836.4,1783266913.126
1783266914,7836.5,7836.5,7836.5,1783266914.140
1783266915,7836.4,7836.4,7836.4,1783266915.133
1783266916,7836.5,7836.5,7836.5,1783266916.301
1783266917,7836.4,7836.4,7836.4,1783266917.116
1783266918,7836.3,7836.3,7836.3,1783266918.139
1783266919,7836.2,7836.2,7836.2,1783266919.119
1783266920,7836.3,7836.3,7836.3,1783266920.137
1783266921,7836.4,7836.4,7836.4,1783266921.122
1783266922,7836.3,7836.3,7836.3,1783266922.138
1783266923,7836.2,7836.2,7836.2,1783266923.114
1783266924,7836.1,7836.1,7836.1,1783266924.133
1783266925,7836.2,7836.2,7836.2,1783266925.144
1783266926,7836.3,7836.3,7836.3,1783266926.133
1783266927,7836.4,7836.4,7836.4,1783266927.120
1783266928,7836.3,7836.3,7836.3,1783266928.147
1783266929,7836.4,7836.4,7836.4,1783266929.125
1783266930,7836.5,7836.5,7836.5,1783266930.156
1783266931,7836.6,7836.6,7836.6,1783266931.112
1783266932,7836.7,7836.7,7836.7,1783266932.133
1783266933,7836.8,7836.8,7836.8,1783266933.122
1783266934,7836.9,7836.9,7836.9,1783266934.132
1783266935,7836.8,7836.8,7836.8,1783266935.123
1783266936,7836.9,7836.9,7836.9,1783266936.145
1783266937,7837,7837,7837,1783266937.113
1783266938,7836.9,7836.9,7836.9,1783266938.208
1783266939,7837,7837,7837,1783266939.118
1783266940,7836.9,7836.9,7836.9,1783266940.162
1783266941,7837,7837,7837,1783266941.121
1783266942,7837.1,7837.1,7837.1,1783266942.135
1783266943,7837.2,7837.2,7837.2,1783266943.122
1783266944,7837.1,7837.1,7837.1,1783266944.143
1783266945,7837,7837,7837,1783266945.122
1783266946,7836.9,7836.9,7836.9,1783266946.158
1783266947,7837,7837,7837,1783266947.112
1783266948,7837.1,7837.1,7837.1,1783266948.164
1783266949,7837.2,7837.2,7837.2,1783266949.152
1783266950,7837.1,7837.1,7837.1,1783266950.145
1783266951,7837.2,7837.2,7837.2,1783266951.112
1783266952,7837.1,7837.1,7837.1,1783266952.138
1783266953,7837,7837,7837,1783266953.109
1783266954,7836.9,7836.9,7836.9,1783266954.131
1783266955,7836.8,7836.8,7836.8,1783266955.113
1783266956,7836.7,7836.7,7836.7,1783266956.148
1783266957,7836.8,7836.8,7836.8,1783266957.122
1783266958,7836.9,7836.9,7836.9,1783266958.131
1783266959,7837,7837,7837,1783266959.110
1783266960,7836.9,7836.9,7836.9,1783266960.146
1783266961,7837,7837,7837,1783266961.119
1783266962,7836.9,7836.9,7836.9,1783266962.312
1783266963,7837,7837,7837,1783266963.144
1783266964,7837.1,7837.1,7837.1,1783266964.138
1783266965,7837,7837,7837,1783266965.122
1783266966,7836.9,7836.9,7836.9,1783266966.140
1783266967,7837,7837,7837,1783266967.113
1783266968,7836.9,7836.9,7836.9,1783266968.200
1783266969,7837,7837,7837,1783266969.122
1783266970,7836.9,7836.9,7836.9,1783266970.149
1783266971,7837,7837,7837,1783266971.110
1783266972,7836.9,7836.9,7836.9,1783266972.129
1783266973,7836.8,7836.8,7836.8,1783266973.121
1783266974,7836.9,7836.9,7836.9,1783266974.158
1783266975,7836.8,7836.8,7836.8,1783266975.124
1783266976,7836.9,7836.9,7836.9,1783266976.141
1783266977,7837,7837,7837,1783266977.125
1783266978,7837.1,7837.1,7837.1,1783266978.162
1783266979,7837,7837,7837,1783266979.112
1783266980,7837.1,7837.1,7837.1,1783266980.133
1783266981,7837.2,7837.2,7837.2,1783266981.115
1783266982,7837.3,7837.3,7837.3,1783266982.140
1783266983,7837.2,7837.2,7837.2,1783266983.151
1783266984,7837.1,7837.1,7837.1,1783266984.144
1783266985,7837.2,7837.2,7837.2,1783266985.112
1783266986,7837.3,7837.3,7837.3,1783266986.143
1783266987,7837.2,7837.2,7837.2,1783266987.119
1783266988,7837.3,7837.3,7837.3,1783266988.144
1783266989,7837.2,7837.2,7837.2,1783266989.111
1783266990,7837.3,7837.3,7837.3,1783266990.151
1783266991,7837.2,7837.2,7837.2,1783266991.113
1783266992,7837.3,7837.3,7837.3,1783266992.171
1783266993,7837.4,7837.4,7837.4,1783266993.119
1783266994,7837.3,7837.3,7837.3,1783266994.133
1783266995,7837.4,7837.4,7837.4,1783266995.111
1783266996,7837.3,7837.3,7837.3,1783266996.133
1783266997,7837.2,7837.2,7837.2,1783266997.117
1783266998,7837.1,7837.1,7837.1,1783266998.201
1783266999,7837,7837,7837,1783266999.116
1783267000,7836.9,7836.9,7836.9,1783267000.141
1783267001,7836.8,7836.8,7836.8,1783267001.111
1783267002,7836.9,7836.9,7836.9,1783267002.145
1783267003,7836.8,7836.8,7836.8,1783267003.122
1783267004,7836.9,7836.9,7836.9,1783267004.134
1783267005,7836.8,7836.8,7836.8,1783267005.163
1783267006,7836.9,7836.9,7836.9,1783267006.144
1783267007,7837,7837,7837,1783267007.109
1783267008,7837.1,7837.1,7837.1,1783267008.133
1783267009,7837,7837,7837,1783267009.115
1783267010,7836.9,7836.9,7836.9,1783267010.168
1783267011,7837,7837,7837,1783267011.114
1783267012,7836.9,7836.9,7836.9,1783267012.146
1783267013,7836.8,7836.8,7836.8,1783267013.115
1783267014,7836.9,7836.9,7836.9,1783267014.159
1783267015,7837,7837,7837,1783267015.126
1783267016,7836.9,7836.9,7836.9,1783267016.135
1783267017,7836.8,7836.8,7836.8,1783267017.150
1783267018,7836.7,7836.7,7836.7,1783267018.142
1783267019,7836.6,7836.6,7836.6,1783267019.122
1783267020,7836.7,7836.7,7836.7,1783267020.151
1783267021,7836.6,7836.6,7836.6,1783267021.119
1783267022,7836.7,7836.7,7836.7,1783267022.260
1783267023,7836.8,7836.8,7836.8,1783267023.131
1783267024,7836.9,7836.9,7836.9,1783267024.184
1783267025,7837,7837,7837,1783267025.115
1783267026,7836.9,7836.9,7836.9,1783267026.139
1783267027,7836.8,7836.8,7836.8,1783267027.122
1783267028,7836.9,7836.9,7836.9,1783267028.220
1783267029,7836.8,7836.8,7836.8,1783267029.112
1783267030,7836.7,7836.7,7836.7,1783267030.134
1783267031,7836.6,7836.6,7836.6,1783267031.114
1783267032,7836.7,7836.7,7836.7,1783267032.135
1783267033,7836.6,7836.6,7836.6,1783267033.120
1783267034,7836.7,7836.7,7836.7,1783267034.142
1783267035,7836.8,7836.8,7836.8,1783267035.137
1783267036,7836.9,7836.9,7836.9,1783267036.144
1783267037,7836.8,7836.8,7836.8,1783267037.124
1783267038,7836.9,7836.9,7836.9,1783267038.142
1783267039,7836.8,7836.8,7836.8,1783267039.113
1783267040,7836.9,7836.9,7836.9,1783267040.142
1783267041,7836.8,7836.8,7836.8,1783267041.132
1783267042,7836.7,7836.7,7836.7,1783267042.150
1783267043,7836.6,7836.6,7836.6,1783267043.120
1783267044,7836.7,7836.7,7836.7,1783267044.132
1783267045,7836.6,7836.6,7836.6,1783267045.117
1783267046,7836.7,7836.7,7836.7,1783267046.151
1783267047,7836.6,7836.6,7836.6,1783267047.119
1783267048,7836.5,7836.5,7836.5,1783267048.138
1783267049,7836.6,7836.6,7836.6,1783267049.117
1783267050,7836.7,7836.7,7836.7,1783267050.147
1783267051,7836.6,7836.6,7836.6,1783267051.120
1783267052,7836.5,7836.5,7836.5,1783267052.153
1783267053,7836.4,7836.4,7836.4,1783267053.124
1783267054,7836.3,7836.3,7836.3,1783267054.134
1783267055,7836.2,7836.2,7836.2,1783267055.114
1783267056,7836.3,7836.3,7836.3,1783267056.134
1783267057,7836.4,7836.4,7836.4,1783267057.109
1783267058,7836.5,7836.5,7836.5,1783267058.208
1783267059,7836.4,7836.4,7836.4,1783267059.121
1783267060,7836.3,7836.3,7836.3,1783267060.164
1783267061,7836.4,7836.4,7836.4,1783267061.130
1783267062,7836.5,7836.5,7836.5,1783267062.202
1783267063,7836.4,7836.4,7836.4,1783267063.104
1783267064,7836.5,7836.5,7836.5,1783267064.134
1783267065,7836.6,7836.6,7836.6,1783267065.124
1783267066,7836.5,7836.5,7836.5,1783267066.136
1783267067,7836.4,7836.4,7836.4,1783267067.163
1783267068,7836.3,7836.3,7836.3,1783267068.140
1783267069,7836.4,7836.4,7836.4,1783267069.109
1783267070,7836.5,7836.5,7836.5,1783267070.147
1783267071,7836.4,7836.4,7836.4,1783267071.112
1783267072,7836.3,7836.3,7836.3,1783267072.138
1783267073,7836.2,7836.2,7836.2,1783267073.114
1783267074,7836.1,7836.1,7836.1,1783267074.139
1783267075,7836.2,7836.2,7836.2,1783267075.116
1783267076,7836.1,7836.1,7836.1,1783267076.143
1783267077,7836.2,7836.2,7836.2,1783267077.162
1783267078,7836.1,7836.1,7836.1,1783267078.153
1783267079,7836,7836,7836,1783267079.114
1783267080,7835.9,7835.9,7835.9,1783267080.134
1783267081,7835.8,7835.8,7835.8,1783267081.123
1783267082,7835.7,7835.7,7835.7,1783267082.169
1783267083,7835.8,7835.8,7835.8,1783267083.300
1783267084,7835.9,7835.9,7835.9,1783267084.156
1783267085,7835.8,7835.8,7835.8,1783267085.144
1783267086,7835.7,7835.7,7835.7,1783267086.158
1783267087,7835.6,7835.6,7835.6,1783267087.125
1783267088,7835.7,7835.7,7835.7,1783267088.134
1783267089,7835.8,7835.8,7835.8,1783267089.109
1783267090,7835.9,7835.9,7835.9,1783267090.170
1783267091,7836,7836,7836,1783267091.116
1783267092,7835.9,7835.9,7835.9,1783267092.166
1783267093,7836,7836,7836,1783267093.127
1783267094,7836.1,7836.1,7836.1,1783267094.150
1783267095,7836.2,7836.2,7836.2,1783267095.123
1783267096,7836.3,7836.3,7836.3,1783267096.157
1783267097,7836.4,7836.4,7836.4,1783267097.118
1783267098,7836.5,7836.5,7836.5,1783267098.163
1783267099,7836.4,7836.4,7836.4,1783267099.119
1783267100,7836.5,7836.5,7836.5,1783267100.149
1783267101,7836.4,7836.4,7836.4,1783267101.121
1783267102,7836.3,7836.3,7836.3,1783267102.140
1783267103,7836.2,7836.2,7836.2,1783267103.112
1783267104,7836.1,7836.1,7836.1,1783267104.146
1783267105,7836,7836,7836,1783267105.110
1783267106,7836.1,7836.1,7836.1,1783267106.132
1783267107,7836,7836,7836,1783267107.116
1783267108,7836.1,7836.1,7836.1,1783267108.147
1783267109,7836,7836,7836,1783267109.122
1783267110,7836.1,7836.1,7836.1,1783267110.138
1783267111,7836,7836,7836,1783267111.112
1783267112,7835.9,7835.9,7835.9,1783267112.136
1783267113,7835.8,7835.8,7835.8,1783267113.124
1783267114,7835.7,7835.7,7835.7,1783267114.138
1783267115,7835.8,7835.8,7835.8,1783267115.121
1783267116,7835.9,7835.9,7835.9,1783267116.162
1783267117,7835.8,7835.8,7835.8,1783267117.138
1783267118,7835.9,7835.9,7835.9,1783267118.206
1783267119,7836,7836,7836,1783267119.118
1783267120,7836.1,7836.1,7836.1,1783267120.146
1783267121,7836,7836,7836,1783267121.111
1783267122,7835.9,7835.9,7835.9,1783267122.149
1783267123,7836,7836,7836,1783267123.121
1783267124,7836.1,7836.1,7836.1,1783267124.149
1783267125,7836.2,7836.2,7836.2,1783267125.116
1783267126,7836.3,7836.3,7836.3,1783267126.256
1783267127,7836.2,7836.2,7836.2,1783267127.116
1783267128,7836.3,7836.3,7836.3,1783267128.153
1783267129,7836.2,7836.2,7836.2,1783267129.115
1783267130,7836.1,7836.1,7836.1,1783267130.158
1783267131,7836,7836,7836,1783267131.126
1783267132,7835.9,7835.9,7835.9,1783267132.156
1783267133,7836,7836,7836,1783267133.113
1783267134,7835.9,7835.9,7835.9,1783267134.143
1783267135,7836,7836,7836,1783267135.123
1783267136,7835.9,7835.9,7835.9,1783267136.164
1783267137,7836,7836,7836,1783267137.125
1783267138,7836.1,7836.1,7836.1,1783267138.149
1783267139,7836,7836,7836,1783267139.164
1783267140,7835.9,7835.9,7835.9,1783267140.155
1783267141,7835.8,7835.8,7835.8,1783267141.126
1783267142,7835.9,7835.9,7835.9,1783267142.320
1783267143,7836,7836,7836,1783267143.126
1783267144,7835.9,7835.9,7835.9,1783267144.172
1783267145,7835.8,7835.8,7835.8,1783267145.120
1783267146,7835.9,7835.9,7835.9,1783267146.137
1783267147,7835.8,7835.8,7835.8,1783267147.112
1783267148,7835.7,7835.7,7835.7,1783267148.206
1783267149,7835.6,7835.6,7835.6,1783267149.114
1783267150,7835.5,7835.5,7835.5,1783267150.141
1783267151,7835.6,7835.6,7835.6,1783267151.119
1783267152,7835.5,7835.5,7835.5,1783267152.140
1783267153,7835.4,7835.4,7835.4,1783267153.129
1783267154,7835.3,7835.3,7835.3,1783267154.151
1783267155,7835.2,7835.2,7835.2,1783267155.133
1783267156,7835.3,7835.3,7835.3,1783267156.145
1783267157,7835.4,7835.4,7835.4,1783267157.133
1783267158,7835.5,7835.5,7835.5,1783267158.145
1783267159,7835.4,7835.4,7835.4,1783267159.125
1783267160,7835.5,7835.5,7835.5,1783267160.153
1783267161,7835.6,7835.6,7835.6,1783267161.130
1783267162,7835.5,7835.5,7835.5,1783267162.141
1783267163,7835.4,7835.4,7835.4,1783267163.132
1783267164,7835.5,7835.5,7835.5,1783267164.151
1783267165,7835.6,7835.6,7835.6,1783267165.163
1783267166,7835.5,7835.5,7835.5,1783267166.151
1783267167,7835.4,7835.4,7835.4,1783267167.120
1783267168,7835.3,7835.3,7835.3,1783267168.157
1783267169,7835.4,7835.4,7835.4,1783267169.126
1783267170,7835.3,7835.3,7835.3,1783267170.146
1783267171,7835.4,7835.4,7835.4,1783267171.114
1783267172,7835.3,7835.3,7835.3,1783267172.139
1783267173,7835.4,7835.4,7835.4,1783267173.123
1783267174,7835.3,7835.3,7835.3,1783267174.139
1783267175,7835.2,7835.2,7835.2,1783267175.123
1783267176,7835.3,7835.3,7835.3,1783267176.145
1783267177,7835.2,7835.2,7835.2,1783267177.124
1783267178,7835.3,7835.3,7835.3,1783267178.203
1783267179,7835.2,7835.2,7835.2,1783267179.118
1783267180,7835.3,7835.3,7835.3,1783267180.144
1783267181,7835.2,7835.2,7835.2,1783267181.115
1783267182,7835.3,7835.3,7835.3,1783267182.149
1783267183,7835.4,7835.4,7835.4,1783267183.111
1783267184,7835.3,7835.3,7835.3,1783267184.143
1783267185,7835.2,7835.2,7835.2,1783267185.126
1783267186,7835.3,7835.3,7835.3,1783267186.146
1783267187,7835.4,7835.4,7835.4,1783267187.131
1783267188,7835.5,7835.5,7835.5,1783267188.141
1783267189,7835.4,7835.4,7835.4,1783267189.123
1783267190,7835.5,7835.5,7835.5,1783267190.152
1783267191,7835.6,7835.6,7835.6,1783267191.115
1783267192,7835.5,7835.5,7835.5,1783267192.155
1783267193,7835.4,7835.4,7835.4,1783267193.115
1783267194,7835.5,7835.5,7835.5,1783267194.146
1783267195,7835.4,7835.4,7835.4,1783267195.122
1783267196,7835.5,7835.5,7835.5,1783267196.175
1783267197,7835.6,7835.6,7835.6,1783267197.121
1783267198,7835.7,7835.7,7835.7,1783267198.142
1783267199,7835.6,7835.6,7835.6,1783267199.119
1783267200,7835.5,7835.5,7835.5,1783267200.248
1783267201,7835.4,7835.4,7835.4,1783267201.111
1783267202,7835.5,7835.5,7835.5,1783267202.197
1783267203,7835.4,7835.4,7835.4,1783267203.130
1783267204,7835.3,7835.3,7835.3,1783267204.164
1783267205,7835.4,7835.4,7835.4,1783267205.120
1783267206,7835.3,7835.3,7835.3,1783267206.154
1783267207,7835.2,7835.2,7835.2,1783267207.128
1783267208,7835.3,7835.3,7835.3,1783267208.203
1783267209,7835.4,7835.4,7835.4,1783267209.127
1783267210,7835.5,7835.5,7835.5,1783267210.150
1783267211,7835.6,7835.6,7835.6,1783267211.123
1783267212,7835.5,7835.5,7835.5,1783267212.162
1783267213,7835.4,7835.4,7835.4,1783267213.147
1783267214,7835.3,7835.3,7835.3,1783267214.146
1783267215,7835.2,7835.2,7835.2,1783267215.118
1783267216,7835.3,7835.3,7835.3,1783267216.149
1783267217,7835.4,7835.4,7835.4,1783267217.130
1783267218,7835.3,7835.3,7835.3,1783267218.159
1783267219,7835.4,7835.4,7835.4,1783267219.126
1783267220,7835.3,7835.3,7835.3,1783267220.158
1783267221,7835.4,7835.4,7835.4,1783267221.114
1783267222,7835.5,7835.5,7835.5,1783267222.144
1783267223,7835.4,7835.4,7835.4,1783267223.131
1783267224,7835.3,7835.3,7835.3,1783267224.144
1783267225,7835.4,7835.4,7835.4,1783267225.117
1783267226,7835.5,7835.5,7835.5,1783267226.136
1783267227,7835.4,7835.4,7835.4,1783267227.162
1783267228,7835.5,7835.5,7835.5,1783267228.149
1783267229,7835.4,7835.4,7835.4,1783267229.129
1783267230,7835.3,7835.3,7835.3,1783267230.145
1783267231,7835.2,7835.2,7835.2,1783267231.123
1783267232,7835.1,7835.1,7835.1,1783267232.149
1783267233,7835.2,7835.2,7835.2,1783267233.117
1783267234,7835.1,7835.1,7835.1,1783267234.147
1783267235,7835,7835,7835,1783267235.114
1783267236,7834.9,7834.9,7834.9,1783267236.144
1783267237,7834.8,7834.8,7834.8,1783267237.122
1783267238,7834.9,7834.9,7834.9,1783267238.204
1783267239,7835,7835,7835,1783267239.126
1783267240,7834.9,7834.9,7834.9,1783267240.139
1783267241,7834.8,7834.8,7834.8,1783267241.122
1783267242,7834.9,7834.9,7834.9,1783267242.141
1783267243,7834.8,7834.8,7834.8,1783267243.124
1783267244,7834.7,7834.7,7834.7,1783267244.154
1783267245,7834.6,7834.6,7834.6,1783267245.116
1783267246,7834.5,7834.5,7834.5,1783267246.148
1783267247,7834.6,7834.6,7834.6,1783267247.126
1783267248,7834.7,7834.7,7834.7,1783267248.142
1783267249,7834.6,7834.6,7834.6,1783267249.118
1783267250,7834.7,7834.7,7834.7,1783267250.146
1783267251,7834.6,7834.6,7834.6,1783267251.123
1783267252,7834.5,7834.5,7834.5,1783267252.146
1783267253,7834.4,7834.4,7834.4,1783267253.122
1783267254,7834.5,7834.5,7834.5,1783267254.157
1783267255,7834.6,7834.6,7834.6,1783267255.112
1783267256,7834.7,7834.7,7834.7,1783267256.137
1783267257,7834.6,7834.6,7834.6,1783267257.119
1783267258,7834.5,7834.5,7834.5,1783267258.146
1783267259,7834.4,7834.4,7834.4,1783267259.125
1783267260,7834.5,7834.5,7834.5,1783267260.177
1783267261,7834.4,7834.4,7834.4,1783267261.119
1783267262,7834.5,7834.5,7834.5,1783267262.291
1783267263,7834.4,7834.4,7834.4,1783267263.169
1783267264,7834.3,7834.3,7834.3,1783267264.161
1783267265,7834.2,7834.2,7834.2,1783267265.126
1783267266,7834.1,7834.1,7834.1,1783267266.210
1783267267,7834,7834,7834,1783267267.127
1783267268,7834.1,7834.1,7834.1,1783267268.245
1783267269,7834.2,7834.2,7834.2,1783267269.111
1783267270,7834.1,7834.1,7834.1,1783267270.159
1783267271,7834,7834,7834,1783267271.118
1783267272,7834.1,7834.1,7834.1,1783267272.168
1783267273,7834.2,7834.2,7834.2,1783267273.124
1783267274,7834.1,7834.1,7834.1,1783267274.150
1783267275,7834,7834,7834,1783267275.122
1783267276,7833.9,7833.9,7833.9,1783267276.155
1783267277,7834,7834,7834,1783267277.132
1783267278,7833.9,7833.9,7833.9,1783267278.139
1783267279,7834,7834,7834,1783267279.114
1783267280,7834.1,7834.1,7834.1,1783267280.152
1783267281,7834.2,7834.2,7834.2,1783267281.128
1783267282,7834.1,7834.1,7834.1,1783267282.151
1783267283,7834.2,7834.2,7834.2,1783267283.124
1783267284,7834.3,7834.3,7834.3,1783267284.149
1783267285,7834.4,7834.4,7834.4,1783267285.119
1783267286,7834.5,7834.5,7834.5,1783267286.149
1783267287,7834.4,7834.4,7834.4,1783267287.140
1783267288,7834.5,7834.5,7834.5,1783267288.166
1783267289,7834.6,7834.6,7834.6,1783267289.116
1783267290,7834.7,7834.7,7834.7,1783267290.154
1783267291,7834.6,7834.6,7834.6,1783267291.124
1783267292,7834.7,7834.7,7834.7,1783267292.160
1783267293,7834.8,7834.8,7834.8,1783267293.140
1783267294,7834.7,7834.7,7834.7,1783267294.157
1783267295,7834.8,7834.8,7834.8,1783267295.115
1783267296,7834.7,7834.7,7834.7,1783267296.161
1783267297,7834.8,7834.8,7834.8,1783267297.137
1783267298,7834.9,7834.9,7834.9,1783267298.207
1783267299,7834.8,7834.8,7834.8,1783267299.133
1783267300,7834.7,7834.7,7834.7,1783267300.149
1783267301,7834.8,7834.8,7834.8,1783267301.143
1783267302,7834.9,7834.9,7834.9,1783267302.169
1783267303,7834.8,7834.8,7834.8,1783267303.125
1783267304,7834.9,7834.9,7834.9,1783267304.151
1783267305,7834.8,7834.8,7834.8,1783267305.125
1783267306,7834.7,7834.7,7834.7,1783267306.148
1783267307,7834.8,7834.8,7834.8,1783267307.121
1783267308,7834.7,7834.7,7834.7,1783267308.151
1783267309,7834.8,7834.8,7834.8,1783267309.122
1783267310,7834.7,7834.7,7834.7,1783267310.155
1783267311,7834.8,7834.8,7834.8,1783267311.123
1783267312,7834.7,7834.7,7834.7,1783267312.155
1783267313,7834.6,7834.6,7834.6,1783267313.126
1783267314,7834.5,7834.5,7834.5,1783267314.145
1783267315,7834.4,7834.4,7834.4,1783267315.125
1783267316,7834.3,7834.3,7834.3,1783267316.147
1783267317,7834.4,7834.4,7834.4,1783267317.124
1783267318,7834.5,7834.5,7834.5,1783267318.142
1783267319,7834.4,7834.4,7834.4,1783267319.117
1783267320,7834.3,7834.3,7834.3,1783267320.158
1783267321,7834.4,7834.4,7834.4,1783267321.144
1783267322,7834.3,7834.3,7834.3,1783267322.164
1783267323,7834.4,7834.4,7834.4,1783267323.125
1783267324,7834.3,7834.3,7834.3,1783267324.152
1783267325,7834.4,7834.4,7834.4,1783267325.135
1783267326,7834.3,7834.3,7834.3,1783267326.143
1783267327,7834.2,7834.2,7834.2,1783267327.116
1783267328,7834.1,7834.1,7834.1,1783267328.200
1783267329,7834.2,7834.2,7834.2,1783267329.130
1783267330,7834.1,7834.1,7834.1,1783267330.154
1783267331,7834,7834,7834,1783267331.136
1783267332,7833.9,7833.9,7833.9,1783267332.154
1783267333,7833.8,7833.8,7833.8,1783267333.120
1783267334,7833.9,7833.9,7833.9,1783267334.141
1783267335,7834,7834,7834,1783267335.119
1783267336,7833.9,7833.9,7833.9,1783267336.147
1783267337,7834,7834,7834,1783267337.136
1783267338,7834.1,7834.1,7834.1,1783267338.149
1783267339,7834,7834,7834,1783267339.129
1783267340,7834.1,7834.1,7834.1,1783267340.146
1783267341,7834,7834,7834,1783267341.162
1783267342,7833.9,7833.9,7833.9,1783267342.156
1783267343,7833.8,7833.8,7833.8,1783267343.116
1783267344,7833.9,7833.9,7833.9,1783267344.139
1783267345,7833.8,7833.8,7833.8,1783267345.130
1783267346,7833.9,7833.9,7833.9,1783267346.146
1783267347,7834,7834,7834,1783267347.135
1783267348,7834.1,7834.1,7834.1,1783267348.150
1783267349,7834,7834,7834,1783267349.118
1783267350,7834.1,7834.1,7834.1,1783267350.150
1783267351,7834.2,7834.2,7834.2,1783267351.136
1783267352,7834.1,7834.1,7834.1,1783267352.151
1783267353,7834,7834,7834,1783267353.120
1783267354,7834.1,7834.1,7834.1,1783267354.169
1783267355,7834.2,7834.2,7834.2,1783267355.117
1783267356,7834.1,7834.1,7834.1,1783267356.140
1783267357,7834.2,7834.2,7834.2,1783267357.123
1783267358,7834.3,7834.3,7834.3,1783267358.204
1783267359,7834.2,7834.2,7834.2,1783267359.126
1783267360,7834.3,7834.3,7834.3,1783267360.168
1783267361,7834.2,7834.2,7834.2,1783267361.127
1783267362,7834.3,7834.3,7834.3,1783267362.151
1783267363,7834.4,7834.4,7834.4,1783267363.130
1783267364,7834.3,7834.3,7834.3,1783267364.158
1783267365,7834.2,7834.2,7834.2,1783267365.128
1783267366,7834.3,7834.3,7834.3,1783267366.148
1783267367,7834.4,7834.4,7834.4,1783267367.122
1783267368,7834.3,7834.3,7834.3,1783267368.138
1783267369,7834.4,7834.4,7834.4,1783267369.118
1783267370,7834.3,7834.3,7834.3,1783267370.142
1783267371,7834.2,7834.2,7834.2,1783267371.126
1783267372,7834.3,7834.3,7834.3,1783267372.138
1783267373,7834.2,7834.2,7834.2,1783267373.119
1783267374,7834.1,7834.1,7834.1,1783267374.134
1783267375,7834.2,7834.2,7834.2,1783267375.111
1783267376,7834.3,7834.3,7834.3,1783267376.151
1783267377,7834.2,7834.2,7834.2,1783267377.118
1783267378,7834.1,7834.1,7834.1,1783267378.153
1783267379,7834.2,7834.2,7834.2,1783267379.130
1783267380,7834.1,7834.1,7834.1,1783267380.164
1783267381,7834,7834,7834,1783267381.145
1783267382,7834.1,7834.1,7834.1,1783267382.157
1783267383,7834.2,7834.2,7834.2,1783267383.168
1783267384,7834.1,7834.1,7834.1,1783267384.161
1783267385,7834.2,7834.2,7834.2,1783267385.115
1783267386,7834.1,7834.1,7834.1,1783267386.144
1783267387,7834.2,7834.2,7834.2,1783267387.114
1783267388,7834.3,7834.3,7834.3,1783267388.201
1783267389,7834.2,7834.2,7834.2,1783267389.131
1783267390,7834.3,7834.3,7834.3,1783267390.136
1783267391,7834.2,7834.2,7834.2,1783267391.123
1783267392,7834.3,7834.3,7834.3,1783267392.141
1783267393,7834.2,7834.2,7834.2,1783267393.130
1783267394,7834.3,7834.3,7834.3,1783267394.151
1783267395,7834.2,7834.2,7834.2,1783267395.122
1783267396,7834.3,7834.3,7834.3,1783267396.148
1783267397,7834.2,7834.2,7834.2,1783267397.127
1783267398,7834.1,7834.1,7834.1,1783267398.142
1783267399,7834.2,7834.2,7834.2,1783267399.118
1783267400,7834.3,7834.3,7834.3,1783267400.152
1783267401,7834.4,7834.4,7834.4,1783267401.124
1783267402,7834.5,7834.5,7834.5,1783267402.149
1783267403,7834.6,7834.6,7834.6,1783267403.125
1783267404,7834.7,7834.7,7834.7,1783267404.142
1783267405,7834.8,7834.8,7834.8,1783267405.124
1783267406,7834.9,7834.9,7834.9,1783267406.165
1783267407,7835,7835,7835,1783267407.129
1783267408,7835.1,7835.1,7835.1,1783267408.154
1783267409,7835.2,7835.2,7835.2,1783267409.126
1783267410,7835.1,7835.1,7835.1,1783267410.153
1783267411,7835.2,7835.2,7835.2,1783267411.117
1783267412,7835.3,7835.3,7835.3,1783267412.154
1783267413,7835.4,7835.4,7835.4,1783267413.124
1783267414,7835.5,7835.5,7835.5,1783267414.151
1783267415,7835.4,7835.4,7835.4,1783267415.115
1783267416,7835.5,7835.5,7835.5,1783267416.164
1783267417,7835.4,7835.4,7835.4,1783267417.123
1783267418,7835.5,7835.5,7835.5,1783267418.211
1783267419,7835.4,7835.4,7835.4,1783267419.115
1783267420,7835.3,7835.3,7835.3,1783267420.157
1783267421,7835.2,7835.2,7835.2,1783267421.120
1783267422,7835.1,7835.1,7835.1,1783267422.148
1783267423,7835,7835,7835,1783267423.120
1783267424,7834.9,7834.9,7834.9,1783267424.146
1783267425,7834.8,7834.8,7834.8,1783267425.119
1783267426,7834.7,7834.7,7834.7,1783267426.157
1783267427,7834.8,7834.8,7834.8,1783267427.113
1783267428,7834.9,7834.9,7834.9,1783267428.151
1783267429,7834.8,7834.8,7834.8,1783267429.127
1783267430,7834.7,7834.7,7834.7,1783267430.145
1783267431,7834.8,7834.8,7834.8,1783267431.130
1783267432,7834.9,7834.9,7834.9,1783267432.172
1783267433,7835,7835,7835,1783267433.121
1783267434,7835.1,7835.1,7835.1,1783267434.156
1783267435,7835,7835,7835,1783267435.121
1783267436,7835.1,7835.1,7835.1,1783267436.140
1783267437,7835,7835,7835,1783267437.120
1783267438,7835.1,7835.1,7835.1,1783267438.136
1783267439,7835.2,7835.2,7835.2,1783267439.122
1783267440,7835.1,7835.1,7835.1,1783267440.163
1783267441,7835,7835,7835,1783267441.142
1783267442,7835.1,7835.1,7835.1,1783267442.169
1783267443,7835.2,7835.2,7835.2,1783267443.139
1783267444,7835.1,7835.1,7835.1,1783267444.150
1783267445,7835.2,7835.2,7835.2,1783267445.123
1783267446,7835.1,7835.1,7835.1,1783267446.141
1783267447,7835.2,7835.2,7835.2,1783267447.126
1783267448,7835.3,7835.3,7835.3,1783267448.242
1783267449,7835.4,7835.4,7835.4,1783267449.132
1783267450,7835.5,7835.5,7835.5,1783267450.149
1783267451,7835.4,7835.4,7835.4,1783267451.127
1783267452,7835.5,7835.5,7835.5,1783267452.146
1783267453,7835.6,7835.6,7835.6,1783267453.125
1783267454,7835.7,7835.7,7835.7,1783267454.154
1783267455,7835.6,7835.6,7835.6,1783267455.126
1783267456,7835.5,7835.5,7835.5,1783267456.157
1783267457,7835.6,7835.6,7835.6,1783267457.121
1783267458,7835.7,7835.7,7835.7,1783267458.159
1783267459,7835.6,7835.6,7835.6,1783267459.122
1783267460,7835.7,7835.7,7835.7,1783267460.146
1783267461,7835.8,7835.8,7835.8,1783267461.121
1783267462,7835.7,7835.7,7835.7,1783267462.152
1783267463,7835.8,7835.8,7835.8,1783267463.125
1783267464,7835.9,7835.9,7835.9,1783267464.146
1783267465,7836,7836,7836,1783267465.119
1783267466,7836.1,7836.1,7836.1,1783267466.141
1783267467,7836.2,7836.2,7836.2,1783267467.133
1783267468,7836.1,7836.1,7836.1,1783267468.141
1783267469,7836,7836,7836,1783267469.134
1783267470,7836.1,7836.1,7836.1,1783267470.160
1783267471,7836.2,7836.2,7836.2,1783267471.114
1783267472,7836.3,7836.3,7836.3,1783267472.142
1783267473,7836.2,7836.2,7836.2,1783267473.119
1783267474,7836.3,7836.3,7836.3,1783267474.155
1783267475,7836.4,7836.4,7836.4,1783267475.118
1783267476,7836.3,7836.3,7836.3,1783267476.149
1783267477,7836.2,7836.2,7836.2,1783267477.126
1783267478,7836.1,7836.1,7836.1,1783267478.203
1783267479,7836,7836,7836,1783267479.128
1783267480,7835.9,7835.9,7835.9,1783267480.151
1783267481,7836,7836,7836,1783267481.119
1783267482,7835.9,7835.9,7835.9,1783267482.147
1783267483,7835.8,7835.8,7835.8,1783267483.121
1783267484,7835.9,7835.9,7835.9,1783267484.139
1783267485,7835.8,7835.8,7835.8,1783267485.125
1783267486,7835.9,7835.9,7835.9,1783267486.160
1783267487,7835.8,7835.8,7835.8,1783267487.122
1783267488,7835.7,7835.7,7835.7,1783267488.166
1783267489,7835.6,7835.6,7835.6,1783267489.121
1783267490,7835.5,7835.5,7835.5,1783267490.141
1783267491,7835.6,7835.6,7835.6,1783267491.166
1783267492,7835.5,7835.5,7835.5,1783267492.161
1783267493,7835.6,7835.6,7835.6,1783267493.117
1783267494,7835.5,7835.5,7835.5,1783267494.154
1783267495,7835.6,7835.6,7835.6,1783267495.122
1783267496,7835.5,7835.5,7835.5,1783267496.149
1783267497,7835.6,7835.6,7835.6,1783267497.136
1783267498,7835.5,7835.5,7835.5,1783267498.161
1783267499,7835.6,7835.6,7835.6,1783267499.138
1783267500,7835.5,7835.5,7835.5,1783267500.175
1783267501,7835.6,7835.6,7835.6,1783267501.160
1783267502,7835.7,7835.7,7835.7,1783267502.203
1783267503,7835.6,7835.6,7835.6,1783267503.143
1783267504,7835.5,7835.5,7835.5,1783267504.396
1783267505,7835.6,7835.6,7835.6,1783267505.153
1783267506,7835.7,7835.7,7835.7,1783267506.148
1783267507,7835.6,7835.6,7835.6,1783267507.126
1783267508,7835.7,7835.7,7835.7,1783267508.245
1783267509,7835.6,7835.6,7835.6,1783267509.118
1783267510,7835.7,7835.7,7835.7,1783267510.152
1783267511,7835.8,7835.8,7835.8,1783267511.125
1783267512,7835.7,7835.7,7835.7,1783267512.145
1783267513,7835.6,7835.6,7835.6,1783267513.119
1783267514,7835.5,7835.5,7835.5,1783267514.172
1783267515,7835.6,7835.6,7835.6,1783267515.119
1783267516,7835.7,7835.7,7835.7,1783267516.159
1783267517,7835.8,7835.8,7835.8,1783267517.122
1783267518,7835.9,7835.9,7835.9,1783267518.169
1783267519,7835.8,7835.8,7835.8,1783267519.123
1783267520,7835.9,7835.9,7835.9,1783267520.155
1783267521,7835.8,7835.8,7835.8,1783267521.127
1783267522,7835.9,7835.9,7835.9,1783267522.154
1783267523,7835.8,7835.8,7835.8,1783267523.125
1783267524,7835.9,7835.9,7835.9,1783267524.161
1783267525,7835.8,7835.8,7835.8,1783267525.135
1783267526,7835.9,7835.9,7835.9,1783267526.136
1783267527,7835.8,7835.8,7835.8,1783267527.121
1783267528,7835.7,7835.7,7835.7,1783267528.127
1783267529,7835.8,7835.8,7835.8,1783267529.128
1783267530,7835.9,7835.9,7835.9,1783267530.149
1783267531,7836,7836,7836,1783267531.158
1783267532,7836.1,7836.1,7836.1,1783267532.152
1783267533,7836,7836,7836,1783267533.121
1783267534,7835.9,7835.9,7835.9,1783267534.155
1783267535,7836,7836,7836,1783267535.121
1783267536,7836.1,7836.1,7836.1,1783267536.150
1783267537,7836.2,7836.2,7836.2,1783267537.120
1783267538,7836.1,7836.1,7836.1,1783267538.249
1783267539,7836,7836,7836,1783267539.122
1783267540,7836.1,7836.1,7836.1,1783267540.162
1783267541,7836.2,7836.2,7836.2,1783267541.121
1783267542,7836.1,7836.1,7836.1,1783267542.149
1783267543,7836,7836,7836,1783267543.122
1783267544,7836.1,7836.1,7836.1,1783267544.141
1783267545,7836,7836,7836,1783267545.116
1783267546,7836.1,7836.1,7836.1,1783267546.146
1783267547,7836.2,7836.2,7836.2,1783267547.119
1783267548,7836.1,7836.1,7836.1,1783267548.160
1783267549,7836.2,7836.2,7836.2,1783267549.128
1783267550,7836.3,7836.3,7836.3,1783267550.152
1783267551,7836.2,7836.2,7836.2,1783267551.116
1783267552,7836.1,7836.1,7836.1,1783267552.165
1783267553,7836,7836,7836,1783267553.118
1783267554,7835.9,7835.9,7835.9,1783267554.150
1783267555,7836,7836,7836,1783267555.133
1783267556,7835.9,7835.9,7835.9,1783267556.151
1783267557,7835.8,7835.8,7835.8,1783267557.121
1783267558,7835.9,7835.9,7835.9,1783267558.145
1783267559,7835.8,7835.8,7835.8,1783267559.121
1783267560,7835.7,7835.7,7835.7,1783267560.157
1783267561,7835.8,7835.8,7835.8,1783267561.116
1783267562,7835.9,7835.9,7835.9,1783267562.199
1783267563,7836,7836,7836,1783267563.218
1783267564,7836.1,7836.1,7836.1,1783267564.172
1783267565,7836,7836,7836,1783267565.128
1783267566,7835.9,7835.9,7835.9,1783267566.160
1783267567,7836,7836,7836,1783267567.115
1783267568,7835.9,7835.9,7835.9,1783267568.352
1783267569,7835.8,7835.8,7835.8,1783267569.116
1783267570,7835.9,7835.9,7835.9,1783267570.157
1783267571,7835.8,7835.8,7835.8,1783267571.126
1783267572,7835.9,7835.9,7835.9,1783267572.155
1783267573,7835.8,7835.8,7835.8,1783267573.132
1783267574,7835.7,7835.7,7835.7,1783267574.144
1783267575,7835.6,7835.6,7835.6,1783267575.113
1783267576,7835.5,7835.5,7835.5,1783267576.163
1783267577,7835.6,7835.6,7835.6,1783267577.162
1783267578,7835.5,7835.5,7835.5,1783267578.153
1783267579,7835.6,7835.6,7835.6,1783267579.125
1783267580,7835.5,7835.5,7835.5,1783267580.154
1783267581,7835.6,7835.6,7835.6,1783267581.122
1783267582,7835.7,7835.7,7835.7,1783267582.148
1783267583,7835.8,7835.8,7835.8,1783267583.123
1783267584,7835.9,7835.9,7835.9,1783267584.157
1783267585,7835.8,7835.8,7835.8,1783267585.118
1783267586,7835.9,7835.9,7835.9,1783267586.163
1783267587,7836,7836,7836,1783267587.121
1783267588,7835.9,7835.9,7835.9,1783267588.157
1783267589,7835.8,7835.8,7835.8,1783267589.116
1783267590,7835.9,7835.9,7835.9,1783267590.147
1783267591,7836,7836,7836,1783267591.116
1783267592,7836.1,7836.1,7836.1,1783267592.138
1783267593,7836.2,7836.2,7836.2,1783267593.120
1783267594,7836.1,7836.1,7836.1,1783267594.138
1783267595,7836.2,7836.2,7836.2,1783267595.114
1783267596,7836.3,7836.3,7836.3,1783267596.143
1783267597,7836.4,7836.4,7836.4,1783267597.119
1783267598,7836.5,7836.5,7836.5,1783267598.133
1783267599,7836.4,7836.4,7836.4,1783267599.121
1783267600,7836.3,7836.3,7836.3,1783267600.158
1783267601,7836.4,7836.4,7836.4,1783267601.117
1783267602,7836.5,7836.5,7836.5,1783267602.164
1783267603,7836.4,7836.4,7836.4,1783267603.125
1783267604,7836.5,7836.5,7836.5,1783267604.148
1783267605,7836.4,7836.4,7836.4,1783267605.117
1783267606,7836.5,7836.5,7836.5,1783267606.157
1783267607,7836.4,7836.4,7836.4,1783267607.115
1783267608,7836.3,7836.3,7836.3,1783267608.152
1783267609,7836.4,7836.4,7836.4,1783267609.113
1783267610,7836.3,7836.3,7836.3,1783267610.135
1783267611,7836.4,7836.4,7836.4,1783267611.122
1783267612,7836.3,7836.3,7836.3,1783267612.151
1783267613,7836.2,7836.2,7836.2,1783267613.119
1783267614,7836.1,7836.1,7836.1,1783267614.155
1783267615,7836.2,7836.2,7836.2,1783267615.115
1783267616,7836.1,7836.1,7836.1,1783267616.146
1783267617,7836,7836,7836,1783267617.124
1783267618,7835.9,7835.9,7835.9,1783267618.150
1783267619,7836,7836,7836,1783267619.125
1783267620,7836.1,7836.1,7836.1,1783267620.153
1783267621,7836,7836,7836,1783267621.118
1783267622,7836.1,7836.1,7836.1,1783267622.133
1783267623,7836,7836,7836,1783267623.136
1783267624,7835.9,7835.9,7835.9,1783267624.336
1783267625,7835.8,7835.8,7835.8,1783267625.138
1783267626,7835.9,7835.9,7835.9,1783267626.148
1783267627,7836,7836,7836,1783267627.125
1783267628,7835.9,7835.9,7835.9,1783267628.201
1783267629,7835.8,7835.8,7835.8,1783267629.111
1783267630,7835.7,7835.7,7835.7,1783267630.157
1783267631,7835.6,7835.6,7835.6,1783267631.124
1783267632,7835.5,7835.5,7835.5,1783267632.140
1783267633,7835.4,7835.4,7835.4,1783267633.133
1783267634,7835.3,7835.3,7835.3,1783267634.163
1783267635,7835.2,7835.2,7835.2,1783267635.126
1783267636,7835.1,7835.1,7835.1,1783267636.150
1783267637,7835.2,7835.2,7835.2,1783267637.115
1783267638,7835.1,7835.1,7835.1,1783267638.166
1783267639,7835,7835,7835,1783267639.115
1783267640,7834.9,7834.9,7834.9,1783267640.163
1783267641,7834.8,7834.8,7834.8,1783267641.117
1783267642,7834.7,7834.7,7834.7,1783267642.157
1783267643,7834.6,7834.6,7834.6,1783267643.126
1783267644,7834.7,7834.7,7834.7,1783267644.141
1783267645,7834.8,7834.8,7834.8,1783267645.118
1783267646,7834.7,7834.7,7834.7,1783267646.136
1783267647,7834.6,7834.6,7834.6,1783267647.125
1783267648,7834.5,7834.5,7834.5,1783267648.138
1783267649,7834.4,7834.4,7834.4,1783267649.123
1783267650,7834.5,7834.5,7834.5,1783267650.136
1783267651,7834.6,7834.6,7834.6,1783267651.129
1783267652,7834.5,7834.5,7834.5,1783267652.149
1783267653,7834.4,7834.4,7834.4,1783267653.125
1783267654,7834.5,7834.5,7834.5,1783267654.166
1783267655,7834.6,7834.6,7834.6,1783267655.116
1783267656,7834.5,7834.5,7834.5,1783267656.137
1783267657,7834.6,7834.6,7834.6,1783267657.113
1783267658,7834.5,7834.5,7834.5,1783267658.201
1783267659,7834.6,7834.6,7834.6,1783267659.129
1783267660,7834.7,7834.7,7834.7,1783267660.144
1783267661,7834.8,7834.8,7834.8,1783267661.120
1783267662,7834.9,7834.9,7834.9,1783267662.144
1783267663,7835,7835,7835,1783267663.120
1783267664,7835.1,7835.1,7835.1,1783267664.165
1783267665,7835,7835,7835,1783267665.122
1783267666,7835.1,7835.1,7835.1,1783267666.143
1783267667,7835.2,7835.2,7835.2,1783267667.117
1783267668,7835.3,7835.3,7835.3,1783267668.150
1783267669,7835.2,7835.2,7835.2,1783267669.120
1783267670,7835.1,7835.1,7835.1,1783267670.146
1783267671,7835.2,7835.2,7835.2,1783267671.118
1783267672,7835.3,7835.3,7835.3,1783267672.138
1783267673,7835.2,7835.2,7835.2,1783267673.126
1783267674,7835.3,7835.3,7835.3,1783267674.145
1783267675,7835.2,7835.2,7835.2,1783267675.116
1783267676,7835.1,7835.1,7835.1,1783267676.160
1783267677,7835.2,7835.2,7835.2,1783267677.120
1783267678,7835.1,7835.1,7835.1,1783267678.168
1783267679,7835,7835,7835,1783267679.115
1783267680,7835.1,7835.1,7835.1,1783267680.157
1783267681,7835,7835,7835,1783267681.228
1783267682,7834.9,7834.9,7834.9,1783267682.298
1783267683,7834.8,7834.8,7834.8,1783267683.160
1783267684,7834.9,7834.9,7834.9,1783267684.173
1783267685,7835,7835,7835,1783267685.120
1783267686,7835.1,7835.1,7835.1,1783267686.152
1783267687,7835,7835,7835,1783267687.122
1783267688,7835.1,7835.1,7835.1,1783267688.204
1783267689,7835.2,7835.2,7835.2,1783267689.117
1783267690,7835.1,7835.1,7835.1,1783267690.151
1783267691,7835.2,7835.2,7835.2,1783267691.119
1783267692,7835.3,7835.3,7835.3,1783267692.145
1783267693,7835.4,7835.4,7835.4,1783267693.115
1783267694,7835.3,7835.3,7835.3,1783267694.149
1783267695,7835.2,7835.2,7835.2,1783267695.126
1783267696,7835.1,7835.1,7835.1,1783267696.129
1783267697,7835,7835,7835,1783267697.114
1783267698,7835.1,7835.1,7835.1,1783267698.144
1783267699,7835.2,7835.2,7835.2,1783267699.115
1783267700,7835.1,7835.1,7835.1,1783267700.164
1783267701,7835,7835,7835,1783267701.123
1783267702,7834.9,7834.9,7834.9,1783267702.141
1783267703,7835,7835,7835,1783267703.123
1783267704,7835.1,7835.1,7835.1,1783267704.145
1783267705,7835,7835,7835,1783267705.121
1783267706,7834.9,7834.9,7834.9,1783267706.173
1783267707,7835,7835,7835,1783267707.132
1783267708,7835.1,7835.1,7835.1,1783267708.147
1783267709,7835.2,7835.2,7835.2,1783267709.248
1783267710,7835.1,7835.1,7835.1,1783267710.128
1783267711,7835.2,7835.2,7835.2,1783267711.122
1783267712,7835.1,7835.1,7835.1,1783267712.136
1783267713,7835.2,7835.2,7835.2,1783267713.123
1783267714,7835.3,7835.3,7835.3,1783267714.152
1783267715,7835.4,7835.4,7835.4,1783267715.118
1783267716,7835.5,7835.5,7835.5,1783267716.142
1783267717,7835.6,7835.6,7835.6,1783267717.132
1783267718,7835.5,7835.5,7835.5,1783267718.207
1783267719,7835.4,7835.4,7835.4,1783267719.125
1783267720,7835.3,7835.3,7835.3,1783267720.146
1783267721,7835.4,7835.4,7835.4,1783267721.124
1783267722,7835.5,7835.5,7835.5,1783267722.143
1783267723,7835.6,7835.6,7835.6,1783267723.130
1783267724,7835.7,7835.7,7835.7,1783267724.150
1783267725,7835.6,7835.6,7835.6,1783267725.125
1783267726,7835.5,7835.5,7835.5,1783267726.155
1783267727,7835.4,7835.4,7835.4,1783267727.120
1783267728,7835.3,7835.3,7835.3,1783267728.174
1783267729,7835.4,7835.4,7835.4,1783267729.122
1783267730,7835.5,7835.5,7835.5,1783267730.151
1783267731,7835.4,7835.4,7835.4,1783267731.119
1783267732,7835.5,7835.5,7835.5,1783267732.147
1783267733,7835.6,7835.6,7835.6,1783267733.130
1783267734,7835.5,7835.5,7835.5,1783267734.165
1783267735,7835.6,7835.6,7835.6,1783267735.125
1783267736,7835.7,7835.7,7835.7,1783267736.166
1783267737,7835.8,7835.8,7835.8,1783267737.133
1783267738,7835.7,7835.7,7835.7,1783267738.151
1783267739,7835.6,7835.6,7835.6,1783267739.121
1783267740,7835.7,7835.7,7835.7,1783267740.166
1783267741,7835.8,7835.8,7835.8,1783267741.135
1783267742,7835.7,7835.7,7835.7,1783267742.294
1783267743,7835.8,7835.8,7835.8,1783267743.147
1783267744,7835.9,7835.9,7835.9,1783267744.258
1783267745,7835.8,7835.8,7835.8,1783267745.117
1783267746,7835.7,7835.7,7835.7,1783267746.163
1783267747,7835.8,7835.8,7835.8,1783267747.126
1783267748,7835.7,7835.7,7835.7,1783267748.206
1783267749,7835.6,7835.6,7835.6,1783267749.120
1783267750,7835.5,7835.5,7835.5,1783267750.150
1783267751,7835.4,7835.4,7835.4,1783267751.121
1783267752,7835.5,7835.5,7835.5,1783267752.157
1783267753,7835.6,7835.6,7835.6,1783267753.120
1783267754,7835.5,7835.5,7835.5,1783267754.159
1783267755,7835.4,7835.4,7835.4,1783267755.122
1783267756,7835.3,7835.3,7835.3,1783267756.154
1783267757,7835.2,7835.2,7835.2,1783267757.125
1783267758,7835.1,7835.1,7835.1,1783267758.157
1783267759,7835.2,7835.2,7835.2,1783267759.123
1783267760,7835.1,7835.1,7835.1,1783267760.157
1783267761,7835,7835,7835,1783267761.120
1783267762,7834.9,7834.9,7834.9,1783267762.152
1783267763,7835,7835,7835,1783267763.125
1783267764,7835.1,7835.1,7835.1,1783267764.158
1783267765,7835.2,7835.2,7835.2,1783267765.123
1783267766,7835.1,7835.1,7835.1,1783267766.156
1783267767,7835.2,7835.2,7835.2,1783267767.124
1783267768,7835.1,7835.1,7835.1,1783267768.150
1783267769,7835.2,7835.2,7835.2,1783267769.118
1783267770,7835.1,7835.1,7835.1,1783267770.157
1783267771,7835,7835,7835,1783267771.123
1783267772,7834.9,7834.9,7834.9,1783267772.145
1783267773,7834.8,7834.8,7834.8,1783267773.123
1783267774,7834.9,7834.9,7834.9,1783267774.139
1783267775,7835,7835,7835,1783267775.127
1783267776,7835.1,7835.1,7835.1,1783267776.152
1783267777,7835.2,7835.2,7835.2,1783267777.122
1783267778,7835.3,7835.3,7835.3,1783267778.209
1783267779,7835.2,7835.2,7835.2,1783267779.122
1783267780,7835.3,7835.3,7835.3,1783267780.145
1783267781,7835.2,7835.2,7835.2,1783267781.118
1783267782,7835.1,7835.1,7835.1,1783267782.163
1783267783,7835,7835,7835,1783267783.118
1783267784,7835.1,7835.1,7835.1,1783267784.160
1783267785,7835,7835,7835,1783267785.132
1783267786,7835.1,7835.1,7835.1,1783267786.154
1783267787,7835,7835,7835,1783267787.126
1783267788,7834.9,7834.9,7834.9,1783267788.157
1783267789,7835,7835,7835,1783267789.127
1783267790,7834.9,7834.9,7834.9,1783267790.135
1783267791,7835,7835,7835,1783267791.157
1783267792,7835.1,7835.1,7835.1,1783267792.135
1783267793,7835.2,7835.2,7835.2,1783267793.114
1783267794,7835.3,7835.3,7835.3,1783267794.145
1783267795,7835.4,7835.4,7835.4,1783267795.121
1783267796,7835.3,7835.3,7835.3,1783267796.163
1783267797,7835.2,7835.2,7835.2,1783267797.118
1783267798,7835.1,7835.1,7835.1,1783267798.154
1783267799,7835,7835,7835,1783267799.126
1783267800,7834.9,7834.9,7834.9,1783267800.148
1783267801,7834.8,7834.8,7834.8,1783267801.135
1783267802,7834.9,7834.9,7834.9,1783267802.297
1783267803,7835,7835,7835,1783267803.206
1783267804,7834.9,7834.9,7834.9,1783267804.338
1783267805,7834.8,7834.8,7834.8,1783267805.132
1783267806,7834.9,7834.9,7834.9,1783267806.171
1783267807,7835,7835,7835,1783267807.113
1783267808,7835.1,7835.1,7835.1,1783267808.243
1783267809,7835.2,7835.2,7835.2,1783267809.125
1783267810,7835.3,7835.3,7835.3,1783267810.152
1783267811,7835.4,7835.4,7835.4,1783267811.137
1783267812,7835.5,7835.5,7835.5,1783267812.139
1783267813,7835.6,7835.6,7835.6,1783267813.116
1783267814,7835.7,7835.7,7835.7,1783267814.158
1783267815,7835.6,7835.6,7835.6,1783267815.126
1783267816,7835.7,7835.7,7835.7,1783267816.244
1783267817,7835.6,7835.6,7835.6,1783267817.115
1783267818,7835.7,7835.7,7835.7,1783267818.142
1783267819,7835.8,7835.8,7835.8,1783267819.114
1783267820,7835.9,7835.9,7835.9,1783267820.157
1783267821,7836,7836,7836,1783267821.124
1783267822,7836.1,7836.1,7836.1,1783267822.192
1783267823,7836,7836,7836,1783267823.125
1783267824,7836.1,7836.1,7836.1,1783267824.142
1783267825,7836.2,7836.2,7836.2,1783267825.148
1783267826,7836.1,7836.1,7836.1,1783267826.156
1783267827,7836.2,7836.2,7836.2,1783267827.113
1783267828,7836.3,7836.3,7836.3,1783267828.164
1783267829,7836.2,7836.2,7836.2,1783267829.124
1783267830,7836.3,7836.3,7836.3,1783267830.152
1783267831,7836.2,7836.2,7836.2,1783267831.124
1783267832,7836.3,7836.3,7836.3,1783267832.147
1783267833,7836.4,7836.4,7836.4,1783267833.122
1783267834,7836.5,7836.5,7836.5,1783267834.138
1783267835,7836.6,7836.6,7836.6,1783267835.127
1783267836,7836.5,7836.5,7836.5,1783267836.153
1783267837,7836.6,7836.6,7836.6,1783267837.118
1783267838,7836.7,7836.7,7836.7,1783267838.245
1783267839,7836.8,7836.8,7836.8,1783267839.126
1783267840,7836.9,7836.9,7836.9,1783267840.149
1783267841,7837,7837,7837,1783267841.119
1783267842,7836.9,7836.9,7836.9,1783267842.128
1783267843,7836.8,7836.8,7836.8,1783267843.118
1783267844,7836.7,7836.7,7836.7,1783267844.156
1783267845,7836.6,7836.6,7836.6,1783267845.136
1783267846,7836.5,7836.5,7836.5,1783267846.141
1783267847,7836.4,7836.4,7836.4,1783267847.120
1783267848,7836.3,7836.3,7836.3,1783267848.152
1783267849,7836.2,7836.2,7836.2,1783267849.114
1783267850,7836.3,7836.3,7836.3,1783267850.136
1783267851,7836.4,7836.4,7836.4,1783267851.121
1783267852,7836.3,7836.3,7836.3,1783267852.141
1783267853,7836.2,7836.2,7836.2,1783267853.121
1783267854,7836.3,7836.3,7836.3,1783267854.156
1783267855,7836.4,7836.4,7836.4,1783267855.110
1783267856,7836.5,7836.5,7836.5,1783267856.144
1783267857,7836.6,7836.6,7836.6,1783267857.115
1783267858,7836.7,7836.7,7836.7,1783267858.141
1783267859,7836.6,7836.6,7836.6,1783267859.121
1783267860,7836.7,7836.7,7836.7,1783267860.178
1783267861,7836.6,7836.6,7836.6,1783267861.133
1783267862,7836.7,7836.7,7836.7,1783267862.328
1783267863,7836.8,7836.8,7836.8,1783267863.136
1783267864,7836.9,7836.9,7836.9,1783267864.163
1783267865,7837,7837,7837,1783267865.113
1783267866,7837.1,7837.1,7837.1,1783267866.138
1783267867,7837,7837,7837,1783267867.115
1783267868,7836.9,7836.9,7836.9,1783267868.134
1783267869,7837,7837,7837,1783267869.115
1783267870,7836.9,7836.9,7836.9,1783267870.139
1783267871,7836.8,7836.8,7836.8,1783267871.132
1783267872,7836.7,7836.7,7836.7,1783267872.137
1783267873,7836.6,7836.6,7836.6,1783267873.120
1783267874,7836.7,7836.7,7836.7,1783267874.158
1783267875,7836.8,7836.8,7836.8,1783267875.112
1783267876,7836.7,7836.7,7836.7,1783267876.138
1783267877,7836.8,7836.8,7836.8,1783267877.109
1783267878,7836.9,7836.9,7836.9,1783267878.130
1783267879,7837,7837,7837,1783267879.117
1783267880,7837.1,7837.1,7837.1,1783267880.138
1783267881,7837,7837,7837,1783267881.140
1783267882,7837.1,7837.1,7837.1,1783267882.148
1783267883,7837,7837,7837,1783267883.115
1783267884,7837.1,7837.1,7837.1,1783267884.139
1783267885,7837.2,7837.2,7837.2,1783267885.114
1783267886,7837.1,7837.1,7837.1,1783267886.135
1783267887,7837,7837,7837,1783267887.125
1783267888,7836.9,7836.9,7836.9,1783267888.132
1783267889,7837,7837,7837,1783267889.122
1783267890,7837.1,7837.1,7837.1,1783267890.166
1783267891,7837.2,7837.2,7837.2,1783267891.116
1783267892,7837.3,7837.3,7837.3,1783267892.129
1783267893,7837.4,7837.4,7837.4,1783267893.143
1783267894,7837.5,7837.5,7837.5,1783267894.144
1783267895,7837.6,7837.6,7837.6,1783267895.120
1783267896,7837.7,7837.7,7837.7,1783267896.140
1783267897,7837.8,7837.8,7837.8,1783267897.113
1783267898,7837.9,7837.9,7837.9,1783267898.210
1783267899,7837.8,7837.8,7837.8,1783267899.112
1783267900,7837.9,7837.9,7837.9,1783267900.165
1783267901,7837.8,7837.8,7837.8,1783267901.120
1783267902,7837.9,7837.9,7837.9,1783267902.166
1783267903,7838,7838,7838,1783267903.123
1783267904,7838.1,7838.1,7838.1,1783267904.140
1783267905,7838.2,7838.2,7838.2,1783267905.122
1783267906,7838.1,7838.1,7838.1,1783267906.140
1783267907,7838.2,7838.2,7838.2,1783267907.113
1783267908,7838.3,7838.3,7838.3,1783267908.139
1783267909,7838.2,7838.2,7838.2,1783267909.138
1783267910,7838.3,7838.3,7838.3,1783267910.154
1783267911,7838.4,7838.4,7838.4,1783267911.112
1783267912,7838.5,7838.5,7838.5,1783267912.159
1783267913,7838.4,7838.4,7838.4,1783267913.163
1783267914,7838.5,7838.5,7838.5,1783267914.157
1783267915,7838.6,7838.6,7838.6,1783267915.114
1783267916,7838.7,7838.7,7838.7,1783267916.137
1783267917,7838.6,7838.6,7838.6,1783267917.114
1783267918,7838.7,7838.7,7838.7,1783267918.150
1783267919,7838.6,7838.6,7838.6,1783267919.119
1783267920,7838.7,7838.7,7838.7,1783267920.137
1783267921,7838.8,7838.8,7838.8,1783267921.119
1783267922,7838.9,7838.9,7838.9,1783267922.165
1783267923,7838.8,7838.8,7838.8,1783267923.160
1783267924,7838.7,7838.7,7838.7,1783267924.144
1783267925,7838.6,7838.6,7838.6,1783267925.122
1783267926,7838.7,7838.7,7838.7,1783267926.137
1783267927,7838.8,7838.8,7838.8,1783267927.123
1783267928,7838.7,7838.7,7838.7,1783267928.202
1783267929,7838.6,7838.6,7838.6,1783267929.112
1783267930,7838.5,7838.5,7838.5,1783267930.128
1783267931,7838.4,7838.4,7838.4,1783267931.121
1783267932,7838.3,7838.3,7838.3,1783267932.149
1783267933,7838.2,7838.2,7838.2,1783267933.105
1783267934,7838.1,7838.1,7838.1,1783267934.138
1783267935,7838,7838,7838,1783267935.119
1783267936,7838.1,7838.1,7838.1,1783267936.212
1783267937,7838,7838,7838,1783267937.121
1783267938,7838.1,7838.1,7838.1,1783267938.157
1783267939,7838.2,7838.2,7838.2,1783267939.126
1783267940,7838.1,7838.1,7838.1,1783267940.153
1783267941,7838.2,7838.2,7838.2,1783267941.120
1783267942,7838.3,7838.3,7838.3,1783267942.162
1783267943,7838.4,7838.4,7838.4,1783267943.125
1783267944,7838.3,7838.3,7838.3,1783267944.144
1783267945,7838.4,7838.4,7838.4,1783267945.117
1783267946,7838.5,7838.5,7838.5,1783267946.161
1783267947,7838.6,7838.6,7838.6,1783267947.123
1783267948,7838.5,7838.5,7838.5,1783267948.139
1783267949,7838.4,7838.4,7838.4,1783267949.132
1783267950,7838.3,7838.3,7838.3,1783267950.155
1783267951,7838.2,7838.2,7838.2,1783267951.133
1783267952,7838.1,7838.1,7838.1,1783267952.162
1783267953,7838.2,7838.2,7838.2,1783267953.115
1783267954,7838.1,7838.1,7838.1,1783267954.149
1783267955,7838,7838,7838,1783267955.124
1783267956,7838.1,7838.1,7838.1,1783267956.155
1783267957,7838,7838,7838,1783267957.130
1783267958,7837.9,7837.9,7837.9,1783267958.204
1783267959,7838,7838,7838,1783267959.124
1783267960,7838.1,7838.1,7838.1,1783267960.158
1783267961,7838.2,7838.2,7838.2,1783267961.120
1783267962,7838.3,7838.3,7838.3,1783267962.164
1783267963,7838.4,7838.4,7838.4,1783267963.123
1783267964,7838.3,7838.3,7838.3,1783267964.147
1783267965,7838.4,7838.4,7838.4,1783267965.121
1783267966,7838.3,7838.3,7838.3,1783267966.152
1783267967,7838.2,7838.2,7838.2,1783267967.118
1783267968,7838.1,7838.1,7838.1,1783267968.147
1783267969,7838.2,7838.2,7838.2,1783267969.113
1783267970,7838.3,7838.3,7838.3,1783267970.164
1783267971,7838.2,7838.2,7838.2,1783267971.128
1783267972,7838.3,7838.3,7838.3,1783267972.157
1783267973,7838.2,7838.2,7838.2,1783267973.125
1783267974,7838.3,7838.3,7838.3,1783267974.154
1783267975,7838.2,7838.2,7838.2,1783267975.131
1783267976,7838.1,7838.1,7838.1,1783267976.146
1783267977,7838,7838,7838,1783267977.115
1783267978,7837.9,7837.9,7837.9,1783267978.164
1783267979,7838,7838,7838,1783267979.124
1783267980,7838.1,7838.1,7838.1,1783267980.165
1783267981,7838.2,7838.2,7838.2,1783267981.116
1783267982,7838.1,7838.1,7838.1,1783267982.147
1783267983,7838,7838,7838,1783267983.124
1783267984,7838.1,7838.1,7838.1,1783267984.160
1783267985,7838,7838,7838,1783267985.125
1783267986,7837.9,7837.9,7837.9,1783267986.158
1783267987,7838,7838,7838,1783267987.119
1783267988,7837.9,7837.9,7837.9,1783267988.206
1783267989,7837.8,7837.8,7837.8,1783267989.131
1783267990,7837.9,7837.9,7837.9,1783267990.164
1783267991,7838,7838,7838,1783267991.130
1783267992,7838.1,7838.1,7838.1,1783267992.134
1783267993,7838.2,7838.2,7838.2,1783267993.135
1783267994,7838.1,7838.1,7838.1,1783267994.146
1783267995,7838,7838,7838,1783267995.118
1783267996,7838.1,7838.1,7838.1,1783267996.153
1783267997,7838,7838,7838,1783267997.123
1783267998,7838.1,7838.1,7838.1,1783267998.154
1783267999,7838.2,7838.2,7838.2,1783267999.121
1783268000,7838.1,7838.1,7838.1,1783268000.148
1783268001,7838.2,7838.2,7838.2,1783268001.116
1783268002,7838.3,7838.3,7838.3,1783268002.159
1783268003,7838.4,7838.4,7838.4,1783268003.127
1783268004,7838.5,7838.5,7838.5,1783268004.163
1783268005,7838.6,7838.6,7838.6,1783268005.124
1783268006,7838.7,7838.7,7838.7,1783268006.148
1783268007,7838.6,7838.6,7838.6,1783268007.118
1783268008,7838.7,7838.7,7838.7,1783268008.150
1783268009,7838.6,7838.6,7838.6,1783268009.122
1783268010,7838.7,7838.7,7838.7,1783268010.158
1783268011,7838.8,7838.8,7838.8,1783268011.115
1783268012,7838.7,7838.7,7838.7,1783268012.146
1783268013,7838.8,7838.8,7838.8,1783268013.118
1783268014,7838.9,7838.9,7838.9,1783268014.148
1783268015,7839,7839,7839,1783268015.119
1783268016,7838.9,7838.9,7838.9,1783268016.142
1783268017,7839,7839,7839,1783268017.121
1783268018,7839.1,7839.1,7839.1,1783268018.203
1783268019,7839,7839,7839,1783268019.121
1783268020,7838.9,7838.9,7838.9,1783268020.143
1783268021,7838.8,7838.8,7838.8,1783268021.119
1783268022,7838.7,7838.7,7838.7,1783268022.132
1783268023,7838.8,7838.8,7838.8,1783268023.114
1783268024,7838.9,7838.9,7838.9,1783268024.140
1783268025,7838.8,7838.8,7838.8,1783268025.127
1783268026,7838.9,7838.9,7838.9,1783268026.150
1783268027,7838.8,7838.8,7838.8,1783268027.120
1783268028,7838.9,7838.9,7838.9,1783268028.152
1783268029,7839,7839,7839,1783268029.118
1783268030,7839.1,7839.1,7839.1,1783268030.172
1783268031,7839,7839,7839,1783268031.118
1783268032,7839.1,7839.1,7839.1,1783268032.238
1783268033,7839,7839,7839,1783268033.114
1783268034,7838.9,7838.9,7838.9,1783268034.159
1783268035,7838.8,7838.8,7838.8,1783268035.118
1783268036,7838.7,7838.7,7838.7,1783268036.152
1783268037,7838.6,7838.6,7838.6,1783268037.125
1783268038,7838.7,7838.7,7838.7,1783268038.159
1783268039,7838.8,7838.8,7838.8,1783268039.119
1783268040,7838.7,7838.7,7838.7,1783268040.168
1783268041,7838.8,7838.8,7838.8,1783268041.119
1783268042,7838.7,7838.7,7838.7,1783268042.212
1783268043,7838.8,7838.8,7838.8,1783268043.153
1783268044,7838.7,7838.7,7838.7,1783268044.180
1783268045,7838.8,7838.8,7838.8,1783268045.133
1783268046,7838.7,7838.7,7838.7,1783268046.137
1783268047,7838.6,7838.6,7838.6,1783268047.144
1783268048,7838.5,7838.5,7838.5,1783268048.205
1783268049,7838.6,7838.6,7838.6,1783268049.116
1783268050,7838.7,7838.7,7838.7,1783268050.136
1783268051,7838.6,7838.6,7838.6,1783268051.121
1783268052,7838.7,7838.7,7838.7,1783268052.139
1783268053,7838.8,7838.8,7838.8,1783268053.117
1783268054,7838.7,7838.7,7838.7,1783268054.138
1783268055,7838.8,7838.8,7838.8,1783268055.132
1783268056,7838.7,7838.7,7838.7,1783268056.137
1783268057,7838.6,7838.6,7838.6,1783268057.130
1783268058,7838.5,7838.5,7838.5,1783268058.136
1783268059,7838.4,7838.4,7838.4,1783268059.113
1783268060,7838.3,7838.3,7838.3,1783268060.180
1783268061,7838.4,7838.4,7838.4,1783268061.118
1783268062,7838.3,7838.3,7838.3,1783268062.146
1783268063,7838.2,7838.2,7838.2,1783268063.124
1783268064,7838.3,7838.3,7838.3,1783268064.152
1783268065,7838.4,7838.4,7838.4,1783268065.113
1783268066,7838.5,7838.5,7838.5,1783268066.206
1783268067,7838.6,7838.6,7838.6,1783268067.119
1783268068,7838.5,7838.5,7838.5,1783268068.151
1783268069,7838.4,7838.4,7838.4,1783268069.116
1783268070,7838.5,7838.5,7838.5,1783268070.140
1783268071,7838.4,7838.4,7838.4,1783268071.111
1783268072,7838.3,7838.3,7838.3,1783268072.178
1783268073,7838.4,7838.4,7838.4,1783268073.131
1783268074,7838.3,7838.3,7838.3,1783268074.129
1783268075,7838.2,7838.2,7838.2,1783268075.118
1783268076,7838.1,7838.1,7838.1,1783268076.163
1783268077,7838.2,7838.2,7838.2,1783268077.117
1783268078,7838.3,7838.3,7838.3,1783268078.203
1783268079,7838.4,7838.4,7838.4,1783268079.118
1783268080,7838.3,7838.3,7838.3,1783268080.152
1783268081,7838.4,7838.4,7838.4,1783268081.120
1783268082,7838.5,7838.5,7838.5,1783268082.145
1783268083,7838.6,7838.6,7838.6,1783268083.118
1783268084,7838.5,7838.5,7838.5,1783268084.146
1783268085,7838.4,7838.4,7838.4,1783268085.123
1783268086,7838.5,7838.5,7838.5,1783268086.163
1783268087,7838.6,7838.6,7838.6,1783268087.126
1783268088,7838.7,7838.7,7838.7,1783268088.156
1783268089,7838.8,7838.8,7838.8,1783268089.131
1783268090,7838.9,7838.9,7838.9,1783268090.174
1783268091,7839,7839,7839,1783268091.121
1783268092,7839.1,7839.1,7839.1,1783268092.166
1783268093,7839,7839,7839,1783268093.123
1783268094,7839.1,7839.1,7839.1,1783268094.137
1783268095,7839,7839,7839,1783268095.131
1783268096,7838.9,7838.9,7838.9,1783268096.152
1783268097,7839,7839,7839,1783268097.128
1783268098,7839.1,7839.1,7839.1,1783268098.162
1783268099,7839,7839,7839,1783268099.118
1783268100,7838.9,7838.9,7838.9,1783268100.151
1783268101,7839,7839,7839,1783268101.142
1783268102,7838.9,7838.9,7838.9,1783268102.213
1783268103,7838.8,7838.8,7838.8,1783268103.254
1783268104,7838.9,7838.9,7838.9,1783268104.263
1783268105,7839,7839,7839,1783268105.164
1783268106,7839.1,7839.1,7839.1,1783268106.165
1783268107,7839,7839,7839,1783268107.122
1783268108,7838.9,7838.9,7838.9,1783268108.203
1783268109,7838.8,7838.8,7838.8,1783268109.172
1783268110,7838.7,7838.7,7838.7,1783268110.168
1783268111,7838.8,7838.8,7838.8,1783268111.129
1783268112,7838.9,7838.9,7838.9,1783268112.146
1783268113,7839,7839,7839,1783268113.119
1783268114,7838.9,7838.9,7838.9,1783268114.154
1783268115,7838.8,7838.8,7838.8,1783268115.125
1783268116,7838.7,7838.7,7838.7,1783268116.183
1783268117,7838.8,7838.8,7838.8,1783268117.115
1783268118,7838.9,7838.9,7838.9,1783268118.185
1783268119,7838.8,7838.8,7838.8,1783268119.133
1783268120,7838.9,7838.9,7838.9,1783268120.138
1783268121,7839,7839,7839,1783268121.121
1783268122,7839.1,7839.1,7839.1,1783268122.162
1783268123,7839.2,7839.2,7839.2,1783268123.129
1783268124,7839.1,7839.1,7839.1,1783268124.160
1783268125,7839,7839,7839,1783268125.132
1783268126,7839.1,7839.1,7839.1,1783268126.145
1783268127,7839.2,7839.2,7839.2,1783268127.126
1783268128,7839.3,7839.3,7839.3,1783268128.152
1783268129,7839.4,7839.4,7839.4,1783268129.120
1783268130,7839.5,7839.5,7839.5,1783268130.146
1783268131,7839.6,7839.6,7839.6,1783268131.114
1783268132,7839.7,7839.7,7839.7,1783268132.138
1783268133,7839.6,7839.6,7839.6,1783268133.118
1783268134,7839.7,7839.7,7839.7,1783268134.151
1783268135,7839.8,7839.8,7839.8,1783268135.120
1783268136,7839.7,7839.7,7839.7,1783268136.148
1783268137,7839.8,7839.8,7839.8,1783268137.116
1783268138,7839.7,7839.7,7839.7,1783268138.208
1783268139,7839.8,7839.8,7839.8,1783268139.203
1783268140,7839.7,7839.7,7839.7,1783268140.152
1783268141,7839.8,7839.8,7839.8,1783268141.122
1783268142,7839.9,7839.9,7839.9,1783268142.146
1783268143,7840,7840,7840,1783268143.117
1783268144,7840.1,7840.1,7840.1,1783268144.142
1783268145,7840,7840,7840,1783268145.124
1783268146,7839.9,7839.9,7839.9,1783268146.247
1783268147,7839.8,7839.8,7839.8,1783268147.113
1783268148,7839.7,7839.7,7839.7,1783268148.146
1783268149,7839.8,7839.8,7839.8,1783268149.115
1783268150,7839.9,7839.9,7839.9,1783268150.155
1783268151,7839.8,7839.8,7839.8,1783268151.116
1783268152,7839.9,7839.9,7839.9,1783268152.152
1783268153,7839.8,7839.8,7839.8,1783268153.115
1783268154,7839.7,7839.7,7839.7,1783268154.140
1783268155,7839.6,7839.6,7839.6,1783268155.125
1783268156,7839.5,7839.5,7839.5,1783268156.152
1783268157,7839.4,7839.4,7839.4,1783268157.112
1783268158,7839.5,7839.5,7839.5,1783268158.134
1783268159,7839.4,7839.4,7839.4,1783268159.118
1783268160,7839.5,7839.5,7839.5,1783268160.185
1783268161,7839.6,7839.6,7839.6,1783268161.119
1783268162,7839.7,7839.7,7839.7,1783268162.241
1783268163,7839.6,7839.6,7839.6,1783268163.165
1783268164,7839.7,7839.7,7839.7,1783268164.142
1783268165,7839.8,7839.8,7839.8,1783268165.129
1783268166,7839.7,7839.7,7839.7,1783268166.173
1783268167,7839.6,7839.6,7839.6,1783268167.125
1783268168,7839.7,7839.7,7839.7,1783268168.205
1783268169,7839.6,7839.6,7839.6,1783268169.118
1783268170,7839.5,7839.5,7839.5,1783268170.140
1783268171,7839.4,7839.4,7839.4,1783268171.117
1783268172,7839.5,7839.5,7839.5,1783268172.203
1783268173,7839.4,7839.4,7839.4,1783268173.126
1783268174,7839.5,7839.5,7839.5,1783268174.143
1783268175,7839.4,7839.4,7839.4,1783268175.122
1783268176,7839.3,7839.3,7839.3,1783268176.158
1783268177,7839.4,7839.4,7839.4,1783268177.119
1783268178,7839.5,7839.5,7839.5,1783268178.140
1783268179,7839.6,7839.6,7839.6,1783268179.124
1783268180,7839.5,7839.5,7839.5,1783268180.136
1783268181,7839.6,7839.6,7839.6,1783268181.142
1783268182,7839.5,7839.5,7839.5,1783268182.160
1783268183,7839.6,7839.6,7839.6,1783268183.117
1783268184,7839.5,7839.5,7839.5,1783268184.162
1783268185,7839.4,7839.4,7839.4,1783268185.119
1783268186,7839.5,7839.5,7839.5,1783268186.149
1783268187,7839.6,7839.6,7839.6,1783268187.124
1783268188,7839.5,7839.5,7839.5,1783268188.151
1783268189,7839.4,7839.4,7839.4,1783268189.121
1783268190,7839.3,7839.3,7839.3,1783268190.144
1783268191,7839.2,7839.2,7839.2,1783268191.156
1783268192,7839.3,7839.3,7839.3,1783268192.149
1783268193,7839.2,7839.2,7839.2,1783268193.120
1783268194,7839.1,7839.1,7839.1,1783268194.171
1783268195,7839.2,7839.2,7839.2,1783268195.123
1783268196,7839.3,7839.3,7839.3,1783268196.165
1783268197,7839.4,7839.4,7839.4,1783268197.119
1783268198,7839.5,7839.5,7839.5,1783268198.210
1783268199,7839.6,7839.6,7839.6,1783268199.121
1783268200,7839.5,7839.5,7839.5,1783268200.186
1783268201,7839.4,7839.4,7839.4,1783268201.119
1783268202,7839.3,7839.3,7839.3,1783268202.142
1783268203,7839.4,7839.4,7839.4,1783268203.124
1783268204,7839.3,7839.3,7839.3,1783268204.208
1783268205,7839.4,7839.4,7839.4,1783268205.135
1783268206,7839.3,7839.3,7839.3,1783268206.149
1783268207,7839.4,7839.4,7839.4,1783268207.122
1783268208,7839.3,7839.3,7839.3,1783268208.146
1783268209,7839.4,7839.4,7839.4,1783268209.119
1783268210,7839.3,7839.3,7839.3,1783268210.161
1783268211,7839.4,7839.4,7839.4,1783268211.115
1783268212,7839.5,7839.5,7839.5,1783268212.147
1783268213,7839.6,7839.6,7839.6,1783268213.116
1783268214,7839.7,7839.7,7839.7,1783268214.149
1783268215,7839.6,7839.6,7839.6,1783268215.124
1783268216,7839.5,7839.5,7839.5,1783268216.140
1783268217,7839.4,7839.4,7839.4,1783268217.138
1783268218,7839.3,7839.3,7839.3,1783268218.154
1783268219,7839.4,7839.4,7839.4,1783268219.139
1783268220,7839.3,7839.3,7839.3,1783268220.163
1783268221,7839.2,7839.2,7839.2,1783268221.120
1783268222,7839.3,7839.3,7839.3,1783268222.267
1783268223,7839.2,7839.2,7839.2,1783268223.159
1783268224,7839.1,7839.1,7839.1,1783268224.176
1783268225,7839.2,7839.2,7839.2,1783268225.117
1783268226,7839.1,7839.1,7839.1,1783268226.149
1783268227,7839,7839,7839,1783268227.129
1783268228,7838.9,7838.9,7838.9,1783268228.204
1783268229,7838.8,7838.8,7838.8,1783268229.113
1783268230,7838.7,7838.7,7838.7,1783268230.148
1783268231,7838.8,7838.8,7838.8,1783268231.125
1783268232,7838.9,7838.9,7838.9,1783268232.143
1783268233,7839,7839,7839,1783268233.123
1783268234,7839.1,7839.1,7839.1,1783268234.147
1783268235,7839,7839,7839,1783268235.131
1783268236,7838.9,7838.9,7838.9,1783268236.168
1783268237,7839,7839,7839,1783268237.121
1783268238,7838.9,7838.9,7838.9,1783268238.126
1783268239,7839,7839,7839,1783268239.116
1783268240,7838.9,7838.9,7838.9,1783268240.166
1783268241,7839,7839,7839,1783268241.116
1783268242,7838.9,7838.9,7838.9,1783268242.144
1783268243,7838.8,7838.8,7838.8,1783268243.121
1783268244,7838.9,7838.9,7838.9,1783268244.143
1783268245,7839,7839,7839,1783268245.125
1783268246,7838.9,7838.9,7838.9,1783268246.182
1783268247,7838.8,7838.8,7838.8,1783268247.124
1783268248,7838.7,7838.7,7838.7,1783268248.201
1783268249,7838.6,7838.6,7838.6,1783268249.123
1783268250,7838.7,7838.7,7838.7,1783268250.147
1783268251,7838.6,7838.6,7838.6,1783268251.120
1783268252,7838.7,7838.7,7838.7,1783268252.138
1783268253,7838.6,7838.6,7838.6,1783268253.135
1783268254,7838.5,7838.5,7838.5,1783268254.149
1783268255,7838.4,7838.4,7838.4,1783268255.119
1783268256,7838.3,7838.3,7838.3,1783268256.134
1783268257,7838.4,7838.4,7838.4,1783268257.118
1783268258,7838.5,7838.5,7838.5,1783268258.245
1783268259,7838.4,7838.4,7838.4,1783268259.116
1783268260,7838.5,7838.5,7838.5,1783268260.146
1783268261,7838.4,7838.4,7838.4,1783268261.121
1783268262,7838.3,7838.3,7838.3,1783268262.143
1783268263,7838.4,7838.4,7838.4,1783268263.124
1783268264,7838.3,7838.3,7838.3,1783268264.154
1783268265,7838.4,7838.4,7838.4,1783268265.128
1783268266,7838.5,7838.5,7838.5,1783268266.147
1783268267,7838.4,7838.4,7838.4,1783268267.113
1783268268,7838.3,7838.3,7838.3,1783268268.150
1783268269,7838.2,7838.2,7838.2,1783268269.118
1783268270,7838.3,7838.3,7838.3,1783268270.139
1783268271,7838.2,7838.2,7838.2,1783268271.140
1783268272,7838.3,7838.3,7838.3,1783268272.162
1783268273,7838.4,7838.4,7838.4,1783268273.121
1783268274,7838.5,7838.5,7838.5,1783268274.149
1783268275,7838.6,7838.6,7838.6,1783268275.128
1783268276,7838.5,7838.5,7838.5,1783268276.147
1783268277,7838.6,7838.6,7838.6,1783268277.123
1783268278,7838.5,7838.5,7838.5,1783268278.136
1783268279,7838.4,7838.4,7838.4,1783268279.120
1783268280,7838.5,7838.5,7838.5,1783268280.156
1783268281,7838.4,7838.4,7838.4,1783268281.119
1783268282,7838.5,7838.5,7838.5,1783268282.181
1783268283,7838.4,7838.4,7838.4,1783268283.171
1783268284,7838.3,7838.3,7838.3,1783268284.138
1783268285,7838.2,7838.2,7838.2,1783268285.225
1783268286,7838.3,7838.3,7838.3,1783268286.142
1783268287,7838.2,7838.2,7838.2,1783268287.120
1783268288,7838.3,7838.3,7838.3,1783268288.200
1783268289,7838.2,7838.2,7838.2,1783268289.124
1783268290,7838.3,7838.3,7838.3,1783268290.188
1783268291,7838.2,7838.2,7838.2,1783268291.123
1783268292,7838.1,7838.1,7838.1,1783268292.150
1783268293,7838.2,7838.2,7838.2,1783268293.119
1783268294,7838.1,7838.1,7838.1,1783268294.134
1783268295,7838.2,7838.2,7838.2,1783268295.117
1783268296,7838.1,7838.1,7838.1,1783268296.165
1783268297,7838,7838,7838,1783268297.121
1783268298,7838.1,7838.1,7838.1,1783268298.162
1783268299,7838.2,7838.2,7838.2,1783268299.118
1783268300,7838.3,7838.3,7838.3,1783268300.143
1783268301,7838.2,7838.2,7838.2,1783268301.140
1783268302,7838.3,7838.3,7838.3,1783268302.155
1783268303,7838.4,7838.4,7838.4,1783268303.117
1783268304,7838.3,7838.3,7838.3,1783268304.151
1783268305,7838.2,7838.2,7838.2,1783268305.122
1783268306,7838.3,7838.3,7838.3,1783268306.149
1783268307,7838.4,7838.4,7838.4,1783268307.126
1783268308,7838.3,7838.3,7838.3,1783268308.150
1783268309,7838.2,7838.2,7838.2,1783268309.124
1783268310,7838.1,7838.1,7838.1,1783268310.159
1783268311,7838,7838,7838,1783268311.124
1783268312,7837.9,7837.9,7837.9,1783268312.144
1783268313,7838,7838,7838,1783268313.124
1783268314,7837.9,7837.9,7837.9,1783268314.141
1783268315,7838,7838,7838,1783268315.131
1783268316,7838.1,7838.1,7838.1,1783268316.146
1783268317,7838,7838,7838,1783268317.113
1783268318,7837.9,7837.9,7837.9,1783268318.204
1783268319,7838,7838,7838,1783268319.118
1783268320,7837.9,7837.9,7837.9,1783268320.148
1783268321,7838,7838,7838,1783268321.122
1783268322,7838.1,7838.1,7838.1,1783268322.154
1783268323,7838.2,7838.2,7838.2,1783268323.123
1783268324,7838.3,7838.3,7838.3,1783268324.162
1783268325,7838.2,7838.2,7838.2,1783268325.123
1783268326,7838.3,7838.3,7838.3,1783268326.157
1783268327,7838.4,7838.4,7838.4,1783268327.125
1783268328,7838.3,7838.3,7838.3,1783268328.169
1783268329,7838.2,7838.2,7838.2,1783268329.128
1783268330,7838.3,7838.3,7838.3,1783268330.139
1783268331,7838.4,7838.4,7838.4,1783268331.126
1783268332,7838.3,7838.3,7838.3,1783268332.156
1783268333,7838.2,7838.2,7838.2,1783268333.117
1783268334,7838.3,7838.3,7838.3,1783268334.183
1783268335,7838.4,7838.4,7838.4,1783268335.132
1783268336,7838.3,7838.3,7838.3,1783268336.149
1783268337,7838.2,7838.2,7838.2,1783268337.117
1783268338,7838.1,7838.1,7838.1,1783268338.144
1783268339,7838.2,7838.2,7838.2,1783268339.125
1783268340,7838.3,7838.3,7838.3,1783268340.163
1783268341,7838.4,7838.4,7838.4,1783268341.119
1783268342,7838.3,7838.3,7838.3,1783268342.193
1783268343,7838.2,7838.2,7838.2,1783268343.132
1783268344,7838.1,7838.1,7838.1,1783268344.147
1783268345,7838,7838,7838,1783268345.117
1783268346,7838.1,7838.1,7838.1,1783268346.146
1783268347,7838,7838,7838,1783268347.121
1783268348,7838.1,7838.1,7838.1,1783268348.203
1783268349,7838,7838,7838,1783268349.110
1783268350,7837.9,7837.9,7837.9,1783268350.152
1783268351,7837.8,7837.8,7837.8,1783268351.128
1783268352,7837.9,7837.9,7837.9,1783268352.170
1783268353,7838,7838,7838,1783268353.125
1783268354,7837.9,7837.9,7837.9,1783268354.132
1783268355,7837.8,7837.8,7837.8,1783268355.131
1783268356,7837.9,7837.9,7837.9,1783268356.145
1783268357,7837.8,7837.8,7837.8,1783268357.122
1783268358,7837.7,7837.7,7837.7,1783268358.160
1783268359,7837.6,7837.6,7837.6,1783268359.116
1783268360,7837.5,7837.5,7837.5,1783268360.149
1783268361,7837.4,7837.4,7837.4,1783268361.123
1783268362,7837.5,7837.5,7837.5,1783268362.150
1783268363,7837.4,7837.4,7837.4,1783268363.136
1783268364,7837.3,7837.3,7837.3,1783268364.151
1783268365,7837.4,7837.4,7837.4,1783268365.118
1783268366,7837.3,7837.3,7837.3,1783268366.136
1783268367,7837.4,7837.4,7837.4,1783268367.125
1783268368,7837.5,7837.5,7837.5,1783268368.132
1783268369,7837.4,7837.4,7837.4,1783268369.123
1783268370,7837.3,7837.3,7837.3,1783268370.163
1783268371,7837.4,7837.4,7837.4,1783268371.134
1783268372,7837.5,7837.5,7837.5,1783268372.204
1783268373,7837.6,7837.6,7837.6,1783268373.121
1783268374,7837.7,7837.7,7837.7,1783268374.143
1783268375,7837.8,7837.8,7837.8,1783268375.147
1783268376,7837.9,7837.9,7837.9,1783268376.162
1783268377,7838,7838,7838,1783268377.116
1783268378,7837.9,7837.9,7837.9,1783268378.203
1783268379,7838,7838,7838,1783268379.118
1783268380,7838.1,7838.1,7838.1,1783268380.150
1783268381,7838,7838,7838,1783268381.113
1783268382,7838.1,7838.1,7838.1,1783268382.156
1783268383,7838,7838,7838,1783268383.127
1783268384,7838.1,7838.1,7838.1,1783268384.142
1783268385,7838.2,7838.2,7838.2,1783268385.118
1783268386,7838.3,7838.3,7838.3,1783268386.133
1783268387,7838.2,7838.2,7838.2,1783268387.122
1783268388,7838.3,7838.3,7838.3,1783268388.155
1783268389,7838.4,7838.4,7838.4,1783268389.120
1783268390,7838.3,7838.3,7838.3,1783268390.156
1783268391,7838.4,7838.4,7838.4,1783268391.116
1783268392,7838.3,7838.3,7838.3,1783268392.143
1783268393,7838.2,7838.2,7838.2,1783268393.126
1783268394,7838.3,7838.3,7838.3,1783268394.155
1783268395,7838.2,7838.2,7838.2,1783268395.123
1783268396,7838.1,7838.1,7838.1,1783268396.157
1783268397,7838,7838,7838,1783268397.119
1783268398,7837.9,7837.9,7837.9,1783268398.135
1783268399,7837.8,7837.8,7837.8,1783268399.122
1783268400,7837.7,7837.7,7837.7,1783268400.166
1783268401,7837.8,7837.8,7837.8,1783268401.151
1783268402,7837.9,7837.9,7837.9,1783268402.167
1783268403,7837.8,7837.8,7837.8,1783268403.348
1783268404,7837.7,7837.7,7837.7,1783268404.154
1783268405,7837.8,7837.8,7837.8,1783268405.182
1783268406,7837.7,7837.7,7837.7,1783268406.155
1783268407,7837.8,7837.8,7837.8,1783268407.117
1783268408,7837.9,7837.9,7837.9,1783268408.201
1783268409,7838,7838,7838,1783268409.125
1783268410,7837.9,7837.9,7837.9,1783268410.209
1783268411,7838,7838,7838,1783268411.119
1783268412,7837.9,7837.9,7837.9,1783268412.237
1783268413,7837.8,7837.8,7837.8,1783268413.118
1783268414,7837.7,7837.7,7837.7,1783268414.246
1783268415,7837.6,7837.6,7837.6,1783268415.113
1783268416,7837.5,7837.5,7837.5,1783268416.143
1783268417,7837.4,7837.4,7837.4,1783268417.113
1783268418,7837.5,7837.5,7837.5,1783268418.148
1783268419,7837.4,7837.4,7837.4,1783268419.110
1783268420,7837.5,7837.5,7837.5,1783268420.152
1783268421,7837.6,7837.6,7837.6,1783268421.123
1783268422,7837.7,7837.7,7837.7,1783268422.145
1783268423,7837.8,7837.8,7837.8,1783268423.133
1783268424,7837.9,7837.9,7837.9,1783268424.141
1783268425,7838,7838,7838,1783268425.114
1783268426,7838.1,7838.1,7838.1,1783268426.145
1783268427,7838,7838,7838,1783268427.113
1783268428,7837.9,7837.9,7837.9,1783268428.161
1783268429,7838,7838,7838,1783268429.121
1783268430,7838.1,7838.1,7838.1,1783268430.174
1783268431,7838.2,7838.2,7838.2,1783268431.128
1783268432,7838.3,7838.3,7838.3,1783268432.151
1783268433,7838.4,7838.4,7838.4,1783268433.136
1783268434,7838.5,7838.5,7838.5,1783268434.160
1783268435,7838.4,7838.4,7838.4,1783268435.133
1783268436,7838.5,7838.5,7838.5,1783268436.149
1783268437,7838.6,7838.6,7838.6,1783268437.131
1783268438,7838.7,7838.7,7838.7,1783268438.246
1783268439,7838.6,7838.6,7838.6,1783268439.133
1783268440,7838.5,7838.5,7838.5,1783268440.147
1783268441,7838.4,7838.4,7838.4,1783268441.136
1783268442,7838.3,7838.3,7838.3,1783268442.151
1783268443,7838.2,7838.2,7838.2,1783268443.116
1783268444,7838.1,7838.1,7838.1,1783268444.157
1783268445,7838.2,7838.2,7838.2,1783268445.130
1783268446,7838.1,7838.1,7838.1,1783268446.176
1783268447,7838.2,7838.2,7838.2,1783268447.123
1783268448,7838.1,7838.1,7838.1,1783268448.168
1783268449,7838.2,7838.2,7838.2,1783268449.119
1783268450,7838.1,7838.1,7838.1,1783268450.163
1783268451,7838.2,7838.2,7838.2,1783268451.124
1783268452,7838.3,7838.3,7838.3,1783268452.244
1783268453,7838.2,7838.2,7838.2,1783268453.116
1783268454,7838.3,7838.3,7838.3,1783268454.174
1783268455,7838.4,7838.4,7838.4,1783268455.118
1783268456,7838.3,7838.3,7838.3,1783268456.146
1783268457,7838.4,7838.4,7838.4,1783268457.118
1783268458,7838.5,7838.5,7838.5,1783268458.153
1783268459,7838.6,7838.6,7838.6,1783268459.109
1783268460,7838.5,7838.5,7838.5,1783268460.152
1783268461,7838.4,7838.4,7838.4,1783268461.123
1783268462,7838.3,7838.3,7838.3,1783268462.157
1783268463,7838.4,7838.4,7838.4,1783268463.135
1783268464,7838.5,7838.5,7838.5,1783268464.159
1783268465,7838.4,7838.4,7838.4,1783268465.123
1783268466,7838.3,7838.3,7838.3,1783268466.151
1783268467,7838.4,7838.4,7838.4,1783268467.162
1783268468,7838.5,7838.5,7838.5,1783268468.152
1783268469,7838.6,7838.6,7838.6,1783268469.129
1783268470,7838.5,7838.5,7838.5,1783268470.153
1783268471,7838.4,7838.4,7838.4,1783268471.121
1783268472,7838.5,7838.5,7838.5,1783268472.149
1783268473,7838.4,7838.4,7838.4,1783268473.121
1783268474,7838.3,7838.3,7838.3,1783268474.151
1783268475,7838.2,7838.2,7838.2,1783268475.143
1783268476,7838.1,7838.1,7838.1,1783268476.149
1783268477,7838,7838,7838,1783268477.128
1783268478,7838.1,7838.1,7838.1,1783268478.151
1783268479,7838.2,7838.2,7838.2,1783268479.121
1783268480,7838.1,7838.1,7838.1,1783268480.163
1783268481,7838,7838,7838,1783268481.121
1783268482,7838.1,7838.1,7838.1,1783268482.154
1783268483,7838,7838,7838,1783268483.116
1783268484,7837.9,7837.9,7837.9,1783268484.207
1783268485,7838,7838,7838,1783268485.129
1783268486,7838.1,7838.1,7838.1,1783268486.167
1783268487,7838,7838,7838,1783268487.116
1783268488,7838.1,7838.1,7838.1,1783268488.133
1783268489,7838.2,7838.2,7838.2,1783268489.119
1783268490,7838.1,7838.1,7838.1,1783268490.169
1783268491,7838.2,7838.2,7838.2,1783268491.126
1783268492,7838.1,7838.1,7838.1,1783268492.223
1783268493,7838.2,7838.2,7838.2,1783268493.120
1783268494,7838.3,7838.3,7838.3,1783268494.184
1783268495,7838.4,7838.4,7838.4,1783268495.121
1783268496,7838.5,7838.5,7838.5,1783268496.155
1783268497,7838.4,7838.4,7838.4,1783268497.125
1783268498,7838.5,7838.5,7838.5,1783268498.203
1783268499,7838.6,7838.6,7838.6,1783268499.118
1783268500,7838.7,7838.7,7838.7,1783268500.132
1783268501,7838.8,7838.8,7838.8,1783268501.116
1783268502,7838.7,7838.7,7838.7,1783268502.134
1783268503,7838.6,7838.6,7838.6,1783268503.116
1783268504,7838.7,7838.7,7838.7,1783268504.158
1783268505,7838.6,7838.6,7838.6,1783268505.124
1783268506,7838.7,7838.7,7838.7,1783268506.171
1783268507,7838.6,7838.6,7838.6,1783268507.122
1783268508,7838.7,7838.7,7838.7,1783268508.166
1783268509,7838.8,7838.8,7838.8,1783268509.111
1783268510,7838.9,7838.9,7838.9,1783268510.160
1783268511,7838.8,7838.8,7838.8,1783268511.118
1783268512,7838.7,7838.7,7838.7,1783268512.132
1783268513,7838.8,7838.8,7838.8,1783268513.127
1783268514,7838.7,7838.7,7838.7,1783268514.158
1783268515,7838.6,7838.6,7838.6,1783268515.129
1783268516,7838.7,7838.7,7838.7,1783268516.129
1783268517,7838.8,7838.8,7838.8,1783268517.115
1783268518,7838.9,7838.9,7838.9,1783268518.131
1783268519,7839,7839,7839,1783268519.111
1783268520,7839.1,7839.1,7839.1,1783268520.139
1783268521,7839.2,7839.2,7839.2,1783268521.133
1783268522,7839.3,7839.3,7839.3,1783268522.231
1783268523,7839.2,7839.2,7839.2,1783268523.138
1783268524,7839.1,7839.1,7839.1,1783268524.172
1783268525,7839,7839,7839,1783268525.112
1783268526,7838.9,7838.9,7838.9,1783268526.132
1783268527,7839,7839,7839,1783268527.130
1783268528,7839.1,7839.1,7839.1,1783268528.272
1783268529,7839,7839,7839,1783268529.116
1783268530,7839.1,7839.1,7839.1,1783268530.154
1783268531,7839.2,7839.2,7839.2,1783268531.113
1783268532,7839.3,7839.3,7839.3,1783268532.136
1783268533,7839.4,7839.4,7839.4,1783268533.122
1783268534,7839.3,7839.3,7839.3,1783268534.160
1783268535,7839.4,7839.4,7839.4,1783268535.115
1783268536,7839.3,7839.3,7839.3,1783268536.138
1783268537,7839.4,7839.4,7839.4,1783268537.130
1783268538,7839.3,7839.3,7839.3,1783268538.160
1783268539,7839.4,7839.4,7839.4,1783268539.116
1783268540,7839.5,7839.5,7839.5,1783268540.130
1783268541,7839.6,7839.6,7839.6,1783268541.125
1783268542,7839.7,7839.7,7839.7,1783268542.132
1783268543,7839.8,7839.8,7839.8,1783268543.118
1783268544,7839.7,7839.7,7839.7,1783268544.134
1783268545,7839.6,7839.6,7839.6,1783268545.122
1783268546,7839.7,7839.7,7839.7,1783268546.165
1783268547,7839.8,7839.8,7839.8,1783268547.122
1783268548,7839.7,7839.7,7839.7,1783268548.154
1783268549,7839.8,7839.8,7839.8,1783268549.110
1783268550,7839.9,7839.9,7839.9,1783268550.130
1783268551,7839.8,7839.8,7839.8,1783268551.122
1783268552,7839.9,7839.9,7839.9,1783268552.165
1783268553,7840,7840,7840,1783268553.124
1783268554,7839.9,7839.9,7839.9,1783268554.134
1783268555,7840,7840,7840,1783268555.123
1783268556,7839.9,7839.9,7839.9,1783268556.159
1783268557,7840,7840,7840,1783268557.113
1783268558,7839.9,7839.9,7839.9,1783268558.200
1783268559,7839.8,7839.8,7839.8,1783268559.123
1783268560,7839.9,7839.9,7839.9,1783268560.162
1783268561,7840,7840,7840,1783268561.121
1783268562,7840.1,7840.1,7840.1,1783268562.137
1783268563,7840.2,7840.2,7840.2,1783268563.117
1783268564,7840.3,7840.3,7840.3,1783268564.170
1783268565,7840.4,7840.4,7840.4,1783268565.116
1783268566,7840.3,7840.3,7840.3,1783268566.169
1783268567,7840.2,7840.2,7840.2,1783268567.121
1783268568,7840.1,7840.1,7840.1,1783268568.158
1783268569,7840.2,7840.2,7840.2,1783268569.116
1783268570,7840.3,7840.3,7840.3,1783268570.164
1783268571,7840.2,7840.2,7840.2,1783268571.121
1783268572,7840.3,7840.3,7840.3,1783268572.145
1783268573,7840.2,7840.2,7840.2,1783268573.111
1783268574,7840.1,7840.1,7840.1,1783268574.163
1783268575,7840,7840,7840,1783268575.113
1783268576,7840.1,7840.1,7840.1,1783268576.135
1783268577,7840,7840,7840,1783268577.119
1783268578,7839.9,7839.9,7839.9,1783268578.138
1783268579,7839.8,7839.8,7839.8,1783268579.117
1783268580,7839.7,7839.7,7839.7,1783268580.168
1783268581,7839.8,7839.8,7839.8,1783268581.126
1783268582,7839.7,7839.7,7839.7,1783268582.178
1783268583,7839.6,7839.6,7839.6,1783268583.131
1783268584,7839.7,7839.7,7839.7,1783268584.139
1783268585,7839.8,7839.8,7839.8,1783268585.122
1783268586,7839.7,7839.7,7839.7,1783268586.164
1783268587,7839.6,7839.6,7839.6,1783268587.117
1783268588,7839.5,7839.5,7839.5,1783268588.210
1783268589,7839.4,7839.4,7839.4,1783268589.117
1783268590,7839.5,7839.5,7839.5,1783268590.166
1783268591,7839.6,7839.6,7839.6,1783268591.114
1783268592,7839.7,7839.7,7839.7,1783268592.166
1783268593,7839.8,7839.8,7839.8,1783268593.111
1783268594,7839.9,7839.9,7839.9,1783268594.177
1783268595,7840,7840,7840,1783268595.110
1783268596,7839.9,7839.9,7839.9,1783268596.138
1783268597,7839.8,7839.8,7839.8,1783268597.110
1783268598,7839.7,7839.7,7839.7,1783268598.135
1783268599,7839.6,7839.6,7839.6,1783268599.122
1783268600,7839.5,7839.5,7839.5,1783268600.147
1783268601,7839.6,7839.6,7839.6,1783268601.125
1783268602,7839.5,7839.5,7839.5,1783268602.130
1783268603,7839.4,7839.4,7839.4,1783268603.121
1783268604,7839.5,7839.5,7839.5,1783268604.151
1783268605,7839.4,7839.4,7839.4,1783268605.110
1783268606,7839.5,7839.5,7839.5,1783268606.138
1783268607,7839.4,7839.4,7839.4,1783268607.113
1783268608,7839.3,7839.3,7839.3,1783268608.142
1783268609,7839.2,7839.2,7839.2,1783268609.110
1783268610,7839.3,7839.3,7839.3,1783268610.139
1783268611,7839.2,7839.2,7839.2,1783268611.121
1783268612,7839.3,7839.3,7839.3,1783268612.137
1783268613,7839.4,7839.4,7839.4,1783268613.112
1783268614,7839.3,7839.3,7839.3,1783268614.146
1783268615,7839.2,7839.2,7839.2,1783268615.117
1783268616,7839.3,7839.3,7839.3,1783268616.142
1783268617,7839.4,7839.4,7839.4,1783268617.115
1783268618,7839.3,7839.3,7839.3,1783268618.243
1783268619,7839.2,7839.2,7839.2,1783268619.112
1783268620,7839.1,7839.1,7839.1,1783268620.164
1783268621,7839.2,7839.2,7839.2,1783268621.126
1783268622,7839.1,7839.1,7839.1,1783268622.133
1783268623,7839,7839,7839,1783268623.112
1783268624,7839.1,7839.1,7839.1,1783268624.139
1783268625,7839,7839,7839,1783268625.126
1783268626,7838.9,7838.9,7838.9,1783268626.135
1783268627,7839,7839,7839,1783268627.114
1783268628,7839.1,7839.1,7839.1,1783268628.152
1783268629,7839.2,7839.2,7839.2,1783268629.106
1783268630,7839.1,7839.1,7839.1,1783268630.170
1783268631,7839.2,7839.2,7839.2,1783268631.112
1783268632,7839.3,7839.3,7839.3,1783268632.142
1783268633,7839.2,7839.2,7839.2,1783268633.120
1783268634,7839.1,7839.1,7839.1,1783268634.174
1783268635,7839.2,7839.2,7839.2,1783268635.122
1783268636,7839.3,7839.3,7839.3,1783268636.133
1783268637,7839.2,7839.2,7839.2,1783268637.109
1783268638,7839.1,7839.1,7839.1,1783268638.131
1783268639,7839.2,7839.2,7839.2,1783268639.107
1783268640,7839.3,7839.3,7839.3,1783268640.149
1783268641,7839.2,7839.2,7839.2,1783268641.181
1783268642,7839.3,7839.3,7839.3,1783268642.240
1783268643,7839.2,7839.2,7839.2,1783268643.266
1783268644,7839.3,7839.3,7839.3,1783268644.253
1783268645,7839.4,7839.4,7839.4,1783268645.128
1783268646,7839.3,7839.3,7839.3,1783268646.164
1783268647,7839.4,7839.4,7839.4,1783268647.118
1783268648,7839.5,7839.5,7839.5,1783268648.203
1783268649,7839.6,7839.6,7839.6,1783268649.119
1783268650,7839.5,7839.5,7839.5,1783268650.129
1783268651,7839.4,7839.4,7839.4,1783268651.112
1783268652,7839.3,7839.3,7839.3,1783268652.146
1783268653,7839.4,7839.4,7839.4,1783268653.122
1783268654,7839.5,7839.5,7839.5,1783268654.147
1783268655,7839.6,7839.6,7839.6,1783268655.113
1783268656,7839.7,7839.7,7839.7,1783268656.129
1783268657,7839.6,7839.6,7839.6,1783268657.112
1783268658,7839.7,7839.7,7839.7,1783268658.154
1783268659,7839.8,7839.8,7839.8,1783268659.110
1783268660,7839.7,7839.7,7839.7,1783268660.149
1783268661,7839.8,7839.8,7839.8,1783268661.116
1783268662,7839.7,7839.7,7839.7,1783268662.139
1783268663,7839.6,7839.6,7839.6,1783268663.111
1783268664,7839.5,7839.5,7839.5,1783268664.129
1783268665,7839.6,7839.6,7839.6,1783268665.123
1783268666,7839.7,7839.7,7839.7,1783268666.150
1783268667,7839.8,7839.8,7839.8,1783268667.123
1783268668,7839.9,7839.9,7839.9,1783268668.134
1783268669,7840,7840,7840,1783268669.116
1783268670,7839.9,7839.9,7839.9,1783268670.155
1783268671,7839.8,7839.8,7839.8,1783268671.124
1783268672,7839.9,7839.9,7839.9,1783268672.132
1783268673,7839.8,7839.8,7839.8,1783268673.122
1783268674,7839.7,7839.7,7839.7,1783268674.160
1783268675,7839.8,7839.8,7839.8,1783268675.140
1783268676,7839.7,7839.7,7839.7,1783268676.141
1783268677,7839.8,7839.8,7839.8,1783268677.114
1783268678,7839.7,7839.7,7839.7,1783268678.206
1783268679,7839.6,7839.6,7839.6,1783268679.128
1783268680,7839.7,7839.7,7839.7,1783268680.141
1783268681,7839.8,7839.8,7839.8,1783268681.114
1783268682,7839.9,7839.9,7839.9,1783268682.203
1783268683,7839.8,7839.8,7839.8,1783268683.125
1783268684,7839.7,7839.7,7839.7,1783268684.150
1783268685,7839.8,7839.8,7839.8,1783268685.121
1783268686,7839.7,7839.7,7839.7,1783268686.143
1783268687,7839.8,7839.8,7839.8,1783268687.114
1783268688,7839.7,7839.7,7839.7,1783268688.165
1783268689,7839.8,7839.8,7839.8,1783268689.119
1783268690,7839.7,7839.7,7839.7,1783268690.148
1783268691,7839.8,7839.8,7839.8,1783268691.128
1783268692,7839.9,7839.9,7839.9,1783268692.145
1783268693,7839.8,7839.8,7839.8,1783268693.115
1783268694,7839.9,7839.9,7839.9,1783268694.150
1783268695,7840,7840,7840,1783268695.117
1783268696,7839.9,7839.9,7839.9,1783268696.150
1783268697,7839.8,7839.8,7839.8,1783268697.113
1783268698,7839.9,7839.9,7839.9,1783268698.154
1783268699,7840,7840,7840,1783268699.122
1783268700,7839.9,7839.9,7839.9,1783268700.148
1783268701,7840,7840,7840,1783268701.116
1783268702,7840.1,7840.1,7840.1,1783268702.201
1783268703,7840.2,7840.2,7840.2,1783268703.298
1783268704,7840.1,7840.1,7840.1,1783268704.272
1783268705,7840.2,7840.2,7840.2,1783268705.126
1783268706,7840.1,7840.1,7840.1,1783268706.133
1783268707,7840.2,7840.2,7840.2,1783268707.117
1783268708,7840.3,7840.3,7840.3,1783268708.205
1783268709,7840.2,7840.2,7840.2,1783268709.126
1783268710,7840.1,7840.1,7840.1,1783268710.163
1783268711,7840.2,7840.2,7840.2,1783268711.113
1783268712,7840.3,7840.3,7840.3,1783268712.150
1783268713,7840.2,7840.2,7840.2,1783268713.116
1783268714,7840.1,7840.1,7840.1,1783268714.144
1783268715,7840,7840,7840,1783268715.135
1783268716,7839.9,7839.9,7839.9,1783268716.129
1783268717,7840,7840,7840,1783268717.116
1783268718,7840.1,7840.1,7840.1,1783268718.145
1783268719,7840.2,7840.2,7840.2,1783268719.126
1783268720,7840.3,7840.3,7840.3,1783268720.158
1783268721,7840.2,7840.2,7840.2,1783268721.122
1783268722,7840.3,7840.3,7840.3,1783268722.139
1783268723,7840.4,7840.4,7840.4,1783268723.111
1783268724,7840.5,7840.5,7840.5,1783268724.140
1783268725,7840.6,7840.6,7840.6,1783268725.157
1783268726,7840.7,7840.7,7840.7,1783268726.141
1783268727,7840.8,7840.8,7840.8,1783268727.114
1783268728,7840.9,7840.9,7840.9,1783268728.147
1783268729,7841,7841,7841,1783268729.115
1783268730,7841.1,7841.1,7841.1,1783268730.136
1783268731,7841.2,7841.2,7841.2,1783268731.110
1783268732,7841.1,7841.1,7841.1,1783268732.139
1783268733,7841,7841,7841,1783268733.124
1783268734,7841.1,7841.1,7841.1,1783268734.162
1783268735,7841,7841,7841,1783268735.121
1783268736,7840.9,7840.9,7840.9,1783268736.137
1783268737,7840.8,7840.8,7840.8,1783268737.116
1783268738,7840.9,7840.9,7840.9,1783268738.201
1783268739,7840.8,7840.8,7840.8,1783268739.124
1783268740,7840.9,7840.9,7840.9,1783268740.150
1783268741,7841,7841,7841,1783268741.130
1783268742,7841.1,7841.1,7841.1,1783268742.151
1783268743,7841.2,7841.2,7841.2,1783268743.129
1783268744,7841.3,7841.3,7841.3,1783268744.148
1783268745,7841.2,7841.2,7841.2,1783268745.128
1783268746,7841.3,7841.3,7841.3,1783268746.153
1783268747,7841.2,7841.2,7841.2,1783268747.114
1783268748,7841.1,7841.1,7841.1,1783268748.306
1783268749,7841,7841,7841,1783268749.116
1783268750,7841.1,7841.1,7841.1,1783268750.143
1783268751,7841.2,7841.2,7841.2,1783268751.124
1783268752,7841.1,7841.1,7841.1,1783268752.134
1783268753,7841.2,7841.2,7841.2,1783268753.111
1783268754,7841.1,7841.1,7841.1,1783268754.145
1783268755,7841.2,7841.2,7841.2,1783268755.113
1783268756,7841.3,7841.3,7841.3,1783268756.153
1783268757,7841.4,7841.4,7841.4,1783268757.114
1783268758,7841.5,7841.5,7841.5,1783268758.164
1783268759,7841.6,7841.6,7841.6,1783268759.116
1783268760,7841.7,7841.7,7841.7,1783268760.165
1783268761,7841.8,7841.8,7841.8,1783268761.123
1783268762,7841.9,7841.9,7841.9,1783268762.195
1783268763,7841.8,7841.8,7841.8,1783268763.157
1783268764,7841.7,7841.7,7841.7,1783268764.140
1783268765,7841.6,7841.6,7841.6,1783268765.122
1783268766,7841.5,7841.5,7841.5,1783268766.150
1783268767,7841.6,7841.6,7841.6,1783268767.152
1783268768,7841.7,7841.7,7841.7,1783268768.208
1783268769,7841.6,7841.6,7841.6,1783268769.121
1783268770,7841.7,7841.7,7841.7,1783268770.163
1783268771,7841.6,7841.6,7841.6,1783268771.139
1783268772,7841.7,7841.7,7841.7,1783268772.147
1783268773,7841.6,7841.6,7841.6,1783268773.135
1783268774,7841.5,7841.5,7841.5,1783268774.158
1783268775,7841.4,7841.4,7841.4,1783268775.119
1783268776,7841.3,7841.3,7841.3,1783268776.148
1783268777,7841.4,7841.4,7841.4,1783268777.119
1783268778,7841.3,7841.3,7841.3,1783268778.146
1783268779,7841.2,7841.2,7841.2,1783268779.125
1783268780,7841.3,7841.3,7841.3,1783268780.140
1783268781,7841.4,7841.4,7841.4,1783268781.122
1783268782,7841.5,7841.5,7841.5,1783268782.138
1783268783,7841.6,7841.6,7841.6,1783268783.114
1783268784,7841.7,7841.7,7841.7,1783268784.144
1783268785,7841.6,7841.6,7841.6,1783268785.118
1783268786,7841.7,7841.7,7841.7,1783268786.137
1783268787,7841.6,7841.6,7841.6,1783268787.115
1783268788,7841.5,7841.5,7841.5,1783268788.134
1783268789,7841.4,7841.4,7841.4,1783268789.116
1783268790,7841.3,7841.3,7841.3,1783268790.137
1783268791,7841.4,7841.4,7841.4,1783268791.128
1783268792,7841.5,7841.5,7841.5,1783268792.150
1783268793,7841.4,7841.4,7841.4,1783268793.123
1783268794,7841.3,7841.3,7841.3,1783268794.139
1783268795,7841.2,7841.2,7841.2,1783268795.116
1783268796,7841.3,7841.3,7841.3,1783268796.166
1783268797,7841.2,7841.2,7841.2,1783268797.113
1783268798,7841.1,7841.1,7841.1,1783268798.205
1783268799,7841,7841,7841,1783268799.120
1783268800,7841.1,7841.1,7841.1,1783268800.136
1783268801,7841,7841,7841,1783268801.116
1783268802,7841.1,7841.1,7841.1,1783268802.135
1783268803,7841,7841,7841,1783268803.113
1783268804,7840.9,7840.9,7840.9,1783268804.134
1783268805,7841,7841,7841,1783268805.114
1783268806,7840.9,7840.9,7840.9,1783268806.133
1783268807,7840.8,7840.8,7840.8,1783268807.114
1783268808,7840.9,7840.9,7840.9,1783268808.142
1783268809,7841,7841,7841,1783268809.123
1783268810,7841.1,7841.1,7841.1,1783268810.172
1783268811,7841.2,7841.2,7841.2,1783268811.112
1783268812,7841.3,7841.3,7841.3,1783268812.151
1783268813,7841.2,7841.2,7841.2,1783268813.125
1783268814,7841.3,7841.3,7841.3,1783268814.141
1783268815,7841.4,7841.4,7841.4,1783268815.120
1783268816,7841.5,7841.5,7841.5,1783268816.140
1783268817,7841.4,7841.4,7841.4,1783268817.114
1783268818,7841.5,7841.5,7841.5,1783268818.140
1783268819,7841.6,7841.6,7841.6,1783268819.121
1783268820,7841.5,7841.5,7841.5,1783268820.159
1783268821,7841.4,7841.4,7841.4,1783268821.115
1783268822,7841.3,7841.3,7841.3,1783268822.307
1783268823,7841.2,7841.2,7841.2,1783268823.122
1783268824,7841.3,7841.3,7841.3,1783268824.194
1783268825,7841.4,7841.4,7841.4,1783268825.119
1783268826,7841.5,7841.5,7841.5,1783268826.140
1783268827,7841.6,7841.6,7841.6,1783268827.115
1783268828,7841.5,7841.5,7841.5,1783268828.136
1783268829,7841.6,7841.6,7841.6,1783268829.118
1783268830,7841.5,7841.5,7841.5,1783268830.145
1783268831,7841.4,7841.4,7841.4,1783268831.121
1783268832,7841.5,7841.5,7841.5,1783268832.149
1783268833,7841.6,7841.6,7841.6,1783268833.112
1783268834,7841.5,7841.5,7841.5,1783268834.153
1783268835,7841.6,7841.6,7841.6,1783268835.116
1783268836,7841.7,7841.7,7841.7,1783268836.136
1783268837,7841.8,7841.8,7841.8,1783268837.129
1783268838,7841.7,7841.7,7841.7,1783268838.159
1783268839,7841.6,7841.6,7841.6,1783268839.111
1783268840,7841.7,7841.7,7841.7,1783268840.151
1783268841,7841.6,7841.6,7841.6,1783268841.122
1783268842,7841.7,7841.7,7841.7,1783268842.147
1783268843,7841.8,7841.8,7841.8,1783268843.113
1783268844,7841.7,7841.7,7841.7,1783268844.130
1783268845,7841.8,7841.8,7841.8,1783268845.130
1783268846,7841.7,7841.7,7841.7,1783268846.143
1783268847,7841.8,7841.8,7841.8,1783268847.124
1783268848,7841.7,7841.7,7841.7,1783268848.144
1783268849,7841.6,7841.6,7841.6,1783268849.118
1783268850,7841.7,7841.7,7841.7,1783268850.141
1783268851,7841.6,7841.6,7841.6,1783268851.112
1783268852,7841.7,7841.7,7841.7,1783268852.146
1783268853,7841.8,7841.8,7841.8,1783268853.120
1783268854,7841.9,7841.9,7841.9,1783268854.144
1783268855,7841.8,7841.8,7841.8,1783268855.115
1783268856,7841.9,7841.9,7841.9,1783268856.156
1783268857,7842,7842,7842,1783268857.113
1783268858,7841.9,7841.9,7841.9,1783268858.147
1783268859,7841.8,7841.8,7841.8,1783268859.113
1783268860,7841.9,7841.9,7841.9,1783268860.147
1783268861,7841.8,7841.8,7841.8,1783268861.117
1783268862,7841.9,7841.9,7841.9,1783268862.146
1783268863,7841.8,7841.8,7841.8,1783268863.116
1783268864,7841.9,7841.9,7841.9,1783268864.154
1783268865,7842,7842,7842,1783268865.120
1783268866,7842.1,7842.1,7842.1,1783268866.131
1783268867,7842,7842,7842,1783268867.116
1783268868,7841.9,7841.9,7841.9,1783268868.143
1783268869,7841.8,7841.8,7841.8,1783268869.123
1783268870,7841.9,7841.9,7841.9,1783268870.141
1783268871,7842,7842,7842,1783268871.122
1783268872,7842.1,7842.1,7842.1,1783268872.141
1783268873,7842,7842,7842,1783268873.122
1783268874,7842.1,7842.1,7842.1,1783268874.139
1783268875,7842,7842,7842,1783268875.151
1783268876,7841.9,7841.9,7841.9,1783268876.150
1783268877,7842,7842,7842,1783268877.124
1783268878,7841.9,7841.9,7841.9,1783268878.147
1783268879,7842,7842,7842,1783268879.114
1783268880,7842.1,7842.1,7842.1,1783268880.163
1783268881,7842.2,7842.2,7842.2,1783268881.145
1783268882,7842.3,7842.3,7842.3,1783268882.218
1783268883,7842.2,7842.2,7842.2,1783268883.137
1783268884,7842.3,7842.3,7842.3,1783268884.153
1783268885,7842.2,7842.2,7842.2,1783268885.113
1783268886,7842.3,7842.3,7842.3,1783268886.154
1783268887,7842.2,7842.2,7842.2,1783268887.132
1783268888,7842.1,7842.1,7842.1,1783268888.127
1783268889,7842,7842,7842,1783268889.116
1783268890,7842.1,7842.1,7842.1,1783268890.147
1783268891,7842,7842,7842,1783268891.116
1783268892,7842.1,7842.1,7842.1,1783268892.201
1783268893,7842,7842,7842,1783268893.116
1783268894,7841.9,7841.9,7841.9,1783268894.154
1783268895,7842,7842,7842,1783268895.130
1783268896,7841.9,7841.9,7841.9,1783268896.151
1783268897,7842,7842,7842,1783268897.116
1783268898,7841.9,7841.9,7841.9,1783268898.139
1783268899,7841.8,7841.8,7841.8,1783268899.122
1783268900,7841.9,7841.9,7841.9,1783268900.144
1783268901,7842,7842,7842,1783268901.125
1783268902,7842.1,7842.1,7842.1,1783268902.143
1783268903,7842,7842,7842,1783268903.126
1783268904,7841.9,7841.9,7841.9,1783268904.143
1783268905,7842,7842,7842,1783268905.113
1783268906,7841.9,7841.9,7841.9,1783268906.145
1783268907,7842,7842,7842,1783268907.134
1783268908,7841.9,7841.9,7841.9,1783268908.144
1783268909,7842,7842,7842,1783268909.120
1783268910,7841.9,7841.9,7841.9,1783268910.137
1783268911,7841.8,7841.8,7841.8,1783268911.111
1783268912,7841.7,7841.7,7841.7,1783268912.143
1783268913,7841.6,7841.6,7841.6,1783268913.114
1783268914,7841.7,7841.7,7841.7,1783268914.144
1783268915,7841.6,7841.6,7841.6,1783268915.117
1783268916,7841.5,7841.5,7841.5,1783268916.136
1783268917,7841.6,7841.6,7841.6,1783268917.114
1783268918,7841.5,7841.5,7841.5,1783268918.215
1783268919,7841.6,7841.6,7841.6,1783268919.133
1783268920,7841.5,7841.5,7841.5,1783268920.138
1783268921,7841.4,7841.4,7841.4,1783268921.117
1783268922,7841.5,7841.5,7841.5,1783268922.147
1783268923,7841.4,7841.4,7841.4,1783268923.118
1783268924,7841.3,7841.3,7841.3,1783268924.148
1783268925,7841.4,7841.4,7841.4,1783268925.121
1783268926,7841.3,7841.3,7841.3,1783268926.132
1783268927,7841.4,7841.4,7841.4,1783268927.126
1783268928,7841.5,7841.5,7841.5,1783268928.134
1783268929,7841.4,7841.4,7841.4,1783268929.120
1783268930,7841.5,7841.5,7841.5,1783268930.145
1783268931,7841.4,7841.4,7841.4,1783268931.129
1783268932,7841.5,7841.5,7841.5,1783268932.140
1783268933,7841.4,7841.4,7841.4,1783268933.123
1783268934,7841.5,7841.5,7841.5,1783268934.136
1783268935,7841.4,7841.4,7841.4,1783268935.124
1783268936,7841.3,7841.3,7841.3,1783268936.146
1783268937,7841.2,7841.2,7841.2,1783268937.123
1783268938,7841.1,7841.1,7841.1,1783268938.144
1783268939,7841,7841,7841,1783268939.114
1783268940,7840.9,7840.9,7840.9,1783268940.164
1783268941,7840.8,7840.8,7840.8,1783268941.123
1783268942,7840.9,7840.9,7840.9,1783268942.131
1783268943,7840.8,7840.8,7840.8,1783268943.145
1783268944,7840.7,7840.7,7840.7,1783268944.149
1783268945,7840.6,7840.6,7840.6,1783268945.122
1783268946,7840.5,7840.5,7840.5,1783268946.126
1783268947,7840.6,7840.6,7840.6,1783268947.108
1783268948,7840.7,7840.7,7840.7,1783268948.200
1783268949,7840.6,7840.6,7840.6,1783268949.129
1783268950,7840.7,7840.7,7840.7,1783268950.151
1783268951,7840.8,7840.8,7840.8,1783268951.121
1783268952,7840.9,7840.9,7840.9,1783268952.137
1783268953,7841,7841,7841,1783268953.120
1783268954,7840.9,7840.9,7840.9,1783268954.136
1783268955,7840.8,7840.8,7840.8,1783268955.124
1783268956,7840.7,7840.7,7840.7,1783268956.171
1783268957,7840.8,7840.8,7840.8,1783268957.136
1783268958,7840.7,7840.7,7840.7,1783268958.128
1783268959,7840.6,7840.6,7840.6,1783268959.165
1783268960,7840.5,7840.5,7840.5,1783268960.212
1783268961,7840.4,7840.4,7840.4,1783268961.119
1783268962,7840.5,7840.5,7840.5,1783268962.153
1783268963,7840.6,7840.6,7840.6,1783268963.129
1783268964,7840.5,7840.5,7840.5,1783268964.133
1783268965,7840.6,7840.6,7840.6,1783268965.123
1783268966,7840.5,7840.5,7840.5,1783268966.140
1783268967,7840.4,7840.4,7840.4,1783268967.118
1783268968,7840.3,7840.3,7840.3,1783268968.140
1783268969,7840.2,7840.2,7840.2,1783268969.118
1783268970,7840.1,7840.1,7840.1,1783268970.160
1783268971,7840,7840,7840,1783268971.117
1783268972,7840.1,7840.1,7840.1,1783268972.135
1783268973,7840.2,7840.2,7840.2,1783268973.126
1783268974,7840.1,7840.1,7840.1,1783268974.203
1783268975,7840.2,7840.2,7840.2,1783268975.126
1783268976,7840.1,7840.1,7840.1,1783268976.133
1783268977,7840,7840,7840,1783268977.123
1783268978,7840.1,7840.1,7840.1,1783268978.205
1783268979,7840,7840,7840,1783268979.115
1783268980,7839.9,7839.9,7839.9,1783268980.180
1783268981,7840,7840,7840,1783268981.126
1783268982,7839.9,7839.9,7839.9,1783268982.136
1783268983,7840,7840,7840,1783268983.127
1783268984,7839.9,7839.9,7839.9,1783268984.148
1783268985,7840,7840,7840,1783268985.123
1783268986,7840.1,7840.1,7840.1,1783268986.140
1783268987,7840.2,7840.2,7840.2,1783268987.129
1783268988,7840.1,7840.1,7840.1,1783268988.134
1783268989,7840.2,7840.2,7840.2,1783268989.119
1783268990,7840.1,7840.1,7840.1,1783268990.150
1783268991,7840,7840,7840,1783268991.121
1783268992,7839.9,7839.9,7839.9,1783268992.141
1783268993,7839.8,7839.8,7839.8,1783268993.121
1783268994,7839.9,7839.9,7839.9,1783268994.138
1783268995,7840,7840,7840,1783268995.117
1783268996,7839.9,7839.9,7839.9,1783268996.131
1783268997,7840,7840,7840,1783268997.117
1783268998,7840.1,7840.1,7840.1,1783268998.163
1783268999,7840.2,7840.2,7840.2,1783268999.123
1783269000,7840.1,7840.1,7840.1,1783269000.150
1783269001,7840.2,7840.2,7840.2,1783269001.303
1783269002,7840.3,7840.3,7840.3,1783269002.168
1783269003,7840.4,7840.4,7840.4,1783269003.140
1783269004,7840.5,7840.5,7840.5,1783269004.175
1783269005,7840.6,7840.6,7840.6,1783269005.159
1783269006,7840.7,7840.7,7840.7,1783269006.172
1783269007,7840.8,7840.8,7840.8,1783269007.128
1783269008,7840.9,7840.9,7840.9,1783269008.204
1783269009,7841,7841,7841,1783269009.129
1783269010,7840.9,7840.9,7840.9,1783269010.163
1783269011,7841,7841,7841,1783269011.128
1783269012,7840.9,7840.9,7840.9,1783269012.140
1783269013,7840.8,7840.8,7840.8,1783269013.126
1783269014,7840.9,7840.9,7840.9,1783269014.129
1783269015,7841,7841,7841,1783269015.121
1783269016,7840.9,7840.9,7840.9,1783269016.129
1783269017,7840.8,7840.8,7840.8,1783269017.115
1783269018,7840.7,7840.7,7840.7,1783269018.163
1783269019,7840.8,7840.8,7840.8,1783269019.120
1783269020,7840.9,7840.9,7840.9,1783269020.137
1783269021,7841,7841,7841,1783269021.116
1783269022,7841.1,7841.1,7841.1,1783269022.152
1783269023,7841,7841,7841,1783269023.122
1783269024,7841.1,7841.1,7841.1,1783269024.160
1783269025,7841.2,7841.2,7841.2,1783269025.125
1783269026,7841.3,7841.3,7841.3,1783269026.152
1783269027,7841.2,7841.2,7841.2,1783269027.118
1783269028,7841.3,7841.3,7841.3,1783269028.140
1783269029,7841.2,7841.2,7841.2,1783269029.124
1783269030,7841.1,7841.1,7841.1,1783269030.302
1783269031,7841,7841,7841,1783269031.119
1783269032,7840.9,7840.9,7840.9,1783269032.161
1783269033,7841,7841,7841,1783269033.124
1783269034,7841.1,7841.1,7841.1,1783269034.135
1783269035,7841.2,7841.2,7841.2,1783269035.113
1783269036,7841.1,7841.1,7841.1,1783269036.135
1783269037,7841.2,7841.2,7841.2,1783269037.118
1783269038,7841.3,7841.3,7841.3,1783269038.246
1783269039,7841.2,7841.2,7841.2,1783269039.113
1783269040,7841.1,7841.1,7841.1,1783269040.142
1783269041,7841,7841,7841,1783269041.111
1783269042,7841.1,7841.1,7841.1,1783269042.135
1783269043,7841.2,7841.2,7841.2,1783269043.110
1783269044,7841.3,7841.3,7841.3,1783269044.145
1783269045,7841.2,7841.2,7841.2,1783269045.110
1783269046,7841.1,7841.1,7841.1,1783269046.147
1783269047,7841.2,7841.2,7841.2,1783269047.125
1783269048,7841.3,7841.3,7841.3,1783269048.143
1783269049,7841.4,7841.4,7841.4,1783269049.116
1783269050,7841.5,7841.5,7841.5,1783269050.142
1783269051,7841.4,7841.4,7841.4,1783269051.126
1783269052,7841.3,7841.3,7841.3,1783269052.135
1783269053,7841.2,7841.2,7841.2,1783269053.126
1783269054,7841.3,7841.3,7841.3,1783269054.138
1783269055,7841.4,7841.4,7841.4,1783269055.114
1783269056,7841.3,7841.3,7841.3,1783269056.147
1783269057,7841.4,7841.4,7841.4,1783269057.130
1783269058,7841.3,7841.3,7841.3,1783269058.138
1783269059,7841.4,7841.4,7841.4,1783269059.121
1783269060,7841.3,7841.3,7841.3,1783269060.162
1783269061,7841.4,7841.4,7841.4,1783269061.117
1783269062,7841.5,7841.5,7841.5,1783269062.311
1783269063,7841.4,7841.4,7841.4,1783269063.125
1783269064,7841.3,7841.3,7841.3,1783269064.181
1783269065,7841.2,7841.2,7841.2,1783269065.117
1783269066,7841.3,7841.3,7841.3,1783269066.135
1783269067,7841.4,7841.4,7841.4,1783269067.133
1783269068,7841.5,7841.5,7841.5,1783269068.209
1783269069,7841.6,7841.6,7841.6,1783269069.120
1783269070,7841.5,7841.5,7841.5,1783269070.159
1783269071,7841.6,7841.6,7841.6,1783269071.119
1783269072,7841.7,7841.7,7841.7,1783269072.144
1783269073,7841.8,7841.8,7841.8,1783269073.113
1783269074,7841.9,7841.9,7841.9,1783269074.169
1783269075,7842,7842,7842,1783269075.124
1783269076,7842.1,7842.1,7842.1,1783269076.138
1783269077,7842.2,7842.2,7842.2,1783269077.115
1783269078,7842.1,7842.1,7842.1,1783269078.132
1783269079,7842,7842,7842,1783269079.113
1783269080,7841.9,7841.9,7841.9,1783269080.140
1783269081,7842,7842,7842,1783269081.111
1783269082,7841.9,7841.9,7841.9,1783269082.143
1783269083,7841.8,7841.8,7841.8,1783269083.123
1783269084,7841.7,7841.7,7841.7,1783269084.127
1783269085,7841.6,7841.6,7841.6,1783269085.112
1783269086,7841.7,7841.7,7841.7,1783269086.130
1783269087,7841.6,7841.6,7841.6,1783269087.125
1783269088,7841.5,7841.5,7841.5,1783269088.132
1783269089,7841.4,7841.4,7841.4,1783269089.124
1783269090,7841.3,7841.3,7841.3,1783269090.133
1783269091,7841.4,7841.4,7841.4,1783269091.121
1783269092,7841.3,7841.3,7841.3,1783269092.135
1783269093,7841.4,7841.4,7841.4,1783269093.113
1783269094,7841.5,7841.5,7841.5,1783269094.137
1783269095,7841.4,7841.4,7841.4,1783269095.119
1783269096,7841.5,7841.5,7841.5,1783269096.143
1783269097,7841.4,7841.4,7841.4,1783269097.116
1783269098,7841.3,7841.3,7841.3,1783269098.204
1783269099,7841.2,7841.2,7841.2,1783269099.163
1783269100,7841.3,7841.3,7841.3,1783269100.137
1783269101,7841.4,7841.4,7841.4,1783269101.111
1783269102,7841.3,7841.3,7841.3,1783269102.136
1783269103,7841.4,7841.4,7841.4,1783269103.135
1783269104,7841.5,7841.5,7841.5,1783269104.134
1783269105,7841.6,7841.6,7841.6,1783269105.116
1783269106,7841.7,7841.7,7841.7,1783269106.142
1783269107,7841.6,7841.6,7841.6,1783269107.120
1783269108,7841.5,7841.5,7841.5,1783269108.150
1783269109,7841.6,7841.6,7841.6,1783269109.117
1783269110,7841.5,7841.5,7841.5,1783269110.139
1783269111,7841.4,7841.4,7841.4,1783269111.116
1783269112,7841.3,7841.3,7841.3,1783269112.168
1783269113,7841.2,7841.2,7841.2,1783269113.120
1783269114,7841.3,7841.3,7841.3,1783269114.134
1783269115,7841.4,7841.4,7841.4,1783269115.114
1783269116,7841.5,7841.5,7841.5,1783269116.146
1783269117,7841.6,7841.6,7841.6,1783269117.122
1783269118,7841.5,7841.5,7841.5,1783269118.138
1783269119,7841.4,7841.4,7841.4,1783269119.107
1783269120,7841.3,7841.3,7841.3,1783269120.147
1783269121,7841.4,7841.4,7841.4,1783269121.137
1783269122,7841.5,7841.5,7841.5,1783269122.138
1783269123,7841.4,7841.4,7841.4,1783269123.170
1783269124,7841.5,7841.5,7841.5,1783269124.174
1783269125,7841.4,7841.4,7841.4,1783269125.112
1783269126,7841.3,7841.3,7841.3,1783269126.135
1783269127,7841.4,7841.4,7841.4,1783269127.124
1783269128,7841.5,7841.5,7841.5,1783269128.207
1783269129,7841.4,7841.4,7841.4,1783269129.118
1783269130,7841.5,7841.5,7841.5,1783269130.145
1783269131,7841.6,7841.6,7841.6,1783269131.113
1783269132,7841.7,7841.7,7841.7,1783269132.131
1783269133,7841.6,7841.6,7841.6,1783269133.107
1783269134,7841.7,7841.7,7841.7,1783269134.138
1783269135,7841.8,7841.8,7841.8,1783269135.122
1783269136,7841.7,7841.7,7841.7,1783269136.161
1783269137,7841.8,7841.8,7841.8,1783269137.113
1783269138,7841.9,7841.9,7841.9,1783269138.162
1783269139,7842,7842,7842,1783269139.112
1783269140,7841.9,7841.9,7841.9,1783269140.142
1783269141,7842,7842,7842,1783269141.136
1783269142,7841.9,7841.9,7841.9,1783269142.142
1783269143,7842,7842,7842,1783269143.117
1783269144,7841.9,7841.9,7841.9,1783269144.144
1783269145,7841.8,7841.8,7841.8,1783269145.115
1783269146,7841.7,7841.7,7841.7,1783269146.142
1783269147,7841.8,7841.8,7841.8,1783269147.110
1783269148,7841.7,7841.7,7841.7,1783269148.164
1783269149,7841.8,7841.8,7841.8,1783269149.125
1783269150,7841.7,7841.7,7841.7,1783269150.147
1783269151,7841.8,7841.8,7841.8,1783269151.120
1783269152,7841.9,7841.9,7841.9,1783269152.154
1783269153,7842,7842,7842,1783269153.124
1783269154,7841.9,7841.9,7841.9,1783269154.151
1783269155,7842,7842,7842,1783269155.128
1783269156,7842.1,7842.1,7842.1,1783269156.146
1783269157,7842,7842,7842,1783269157.114
1783269158,7841.9,7841.9,7841.9,1783269158.208
1783269159,7842,7842,7842,1783269159.124
1783269160,7841.9,7841.9,7841.9,1783269160.149
1783269161,7841.8,7841.8,7841.8,1783269161.126
1783269162,7841.7,7841.7,7841.7,1783269162.136
1783269163,7841.6,7841.6,7841.6,1783269163.116
1783269164,7841.5,7841.5,7841.5,1783269164.163
1783269165,7841.4,7841.4,7841.4,1783269165.138
1783269166,7841.5,7841.5,7841.5,1783269166.144
1783269167,7841.6,7841.6,7841.6,1783269167.125
1783269168,7841.7,7841.7,7841.7,1783269168.151
1783269169,7841.8,7841.8,7841.8,1783269169.121
1783269170,7841.7,7841.7,7841.7,1783269170.154
1783269171,7841.8,7841.8,7841.8,1783269171.219
1783269172,7841.7,7841.7,7841.7,1783269172.135
1783269173,7841.8,7841.8,7841.8,1783269173.118
1783269174,7841.7,7841.7,7841.7,1783269174.163
1783269175,7841.8,7841.8,7841.8,1783269175.119
1783269176,7841.9,7841.9,7841.9,1783269176.135
1783269177,7842,7842,7842,1783269177.124
1783269178,7842.1,7842.1,7842.1,1783269178.152
1783269179,7842.2,7842.2,7842.2,1783269179.118
1783269180,7842.3,7842.3,7842.3,1783269180.143
1783269181,7842.4,7842.4,7842.4,1783269181.121
1783269182,7842.5,7842.5,7842.5,1783269182.159
1783269183,7842.6,7842.6,7842.6,1783269183.261
1783269184,7842.7,7842.7,7842.7,1783269184.185
1783269185,7842.8,7842.8,7842.8,1783269185.116
1783269186,7842.7,7842.7,7842.7,1783269186.145
1783269187,7842.8,7842.8,7842.8,1783269187.121
1783269188,7842.7,7842.7,7842.7,1783269188.256
1783269189,7842.8,7842.8,7842.8,1783269189.120
1783269190,7842.9,7842.9,7842.9,1783269190.140
1783269191,7843,7843,7843,1783269191.132
1783269192,7843.1,7843.1,7843.1,1783269192.155
1783269193,7843.2,7843.2,7843.2,1783269193.116
1783269194,7843.1,7843.1,7843.1,1783269194.137
1783269195,7843,7843,7843,1783269195.121
1783269196,7842.9,7842.9,7842.9,1783269196.149
1783269197,7842.8,7842.8,7842.8,1783269197.119
1783269198,7842.9,7842.9,7842.9,1783269198.142
1783269199,7843,7843,7843,1783269199.118
1783269200,7842.9,7842.9,7842.9,1783269200.171
1783269201,7843,7843,7843,1783269201.120
1783269202,7843.1,7843.1,7843.1,1783269202.154
1783269203,7843.2,7843.2,7843.2,1783269203.118
1783269204,7843.1,7843.1,7843.1,1783269204.156
1783269205,7843.2,7843.2,7843.2,1783269205.119
1783269206,7843.1,7843.1,7843.1,1783269206.161
1783269207,7843.2,7843.2,7843.2,1783269207.120
1783269208,7843.1,7843.1,7843.1,1783269208.157
1783269209,7843,7843,7843,1783269209.116
1783269210,7843.1,7843.1,7843.1,1783269210.157
1783269211,7843,7843,7843,1783269211.119
1783269212,7843.1,7843.1,7843.1,1783269212.142
1783269213,7843,7843,7843,1783269213.113
1783269214,7843.1,7843.1,7843.1,1783269214.159
1783269215,7843.2,7843.2,7843.2,1783269215.134
1783269216,7843.1,7843.1,7843.1,1783269216.147
1783269217,7843.2,7843.2,7843.2,1783269217.118
1783269218,7843.3,7843.3,7843.3,1783269218.201
1783269219,7843.2,7843.2,7843.2,1783269219.116
1783269220,7843.3,7843.3,7843.3,1783269220.156
1783269221,7843.4,7843.4,7843.4,1783269221.120
1783269222,7843.5,7843.5,7843.5,1783269222.142
1783269223,7843.4,7843.4,7843.4,1783269223.120
1783269224,7843.3,7843.3,7843.3,1783269224.153
1783269225,7843.2,7843.2,7843.2,1783269225.117
1783269226,7843.3,7843.3,7843.3,1783269226.162
1783269227,7843.4,7843.4,7843.4,1783269227.114
1783269228,7843.5,7843.5,7843.5,1783269228.141
1783269229,7843.4,7843.4,7843.4,1783269229.118
1783269230,7843.3,7843.3,7843.3,1783269230.144
1783269231,7843.4,7843.4,7843.4,1783269231.122
1783269232,7843.5,7843.5,7843.5,1783269232.145
1783269233,7843.4,7843.4,7843.4,1783269233.121
1783269234,7843.3,7843.3,7843.3,1783269234.155
1783269235,7843.4,7843.4,7843.4,1783269235.115
1783269236,7843.3,7843.3,7843.3,1783269236.153
1783269237,7843.4,7843.4,7843.4,1783269237.115
1783269238,7843.3,7843.3,7843.3,1783269238.153
1783269239,7843.2,7843.2,7843.2,1783269239.112
1783269240,7843.1,7843.1,7843.1,1783269240.169
1783269241,7843.2,7843.2,7843.2,1783269241.127
1783269242,7843.3,7843.3,7843.3,1783269242.243
1783269243,7843.4,7843.4,7843.4,1783269243.130
1783269244,7843.5,7843.5,7843.5,1783269244.207
1783269245,7843.6,7843.6,7843.6,1783269245.120
1783269246,7843.5,7843.5,7843.5,1783269246.163
1783269247,7843.6,7843.6,7843.6,1783269247.113
1783269248,7843.5,7843.5,7843.5,1783269248.208
1783269249,7843.6,7843.6,7843.6,1783269249.120
1783269250,7843.7,7843.7,7843.7,1783269250.148
1783269251,7843.8,7843.8,7843.8,1783269251.122
1783269252,7843.9,7843.9,7843.9,1783269252.163
1783269253,7844,7844,7844,1783269253.125
1783269254,7844.1,7844.1,7844.1,1783269254.158
1783269255,7844.2,7844.2,7844.2,1783269255.117
1783269256,7844.3,7844.3,7844.3,1783269256.141
1783269257,7844.2,7844.2,7844.2,1783269257.122
1783269258,7844.1,7844.1,7844.1,1783269258.144
1783269259,7844,7844,7844,1783269259.120
1783269260,7844.1,7844.1,7844.1,1783269260.152
1783269261,7844.2,7844.2,7844.2,1783269261.116
1783269262,7844.1,7844.1,7844.1,1783269262.155
1783269263,7844,7844,7844,1783269263.123
1783269264,7844.1,7844.1,7844.1,1783269264.152
1783269265,7844.2,7844.2,7844.2,1783269265.128
1783269266,7844.1,7844.1,7844.1,1783269266.146
1783269267,7844,7844,7844,1783269267.115
1783269268,7843.9,7843.9,7843.9,1783269268.155
1783269269,7844,7844,7844,1783269269.117
1783269270,7843.9,7843.9,7843.9,1783269270.152
1783269271,7844,7844,7844,1783269271.116
1783269272,7843.9,7843.9,7843.9,1783269272.148
1783269273,7844,7844,7844,1783269273.123
1783269274,7843.9,7843.9,7843.9,1783269274.150
1783269275,7844,7844,7844,1783269275.121
1783269276,7844.1,7844.1,7844.1,1783269276.150
1783269277,7844,7844,7844,1783269277.122
1783269278,7843.9,7843.9,7843.9,1783269278.206
1783269279,7843.8,7843.8,7843.8,1783269279.117
1783269280,7843.7,7843.7,7843.7,1783269280.154
1783269281,7843.8,7843.8,7843.8,1783269281.124
1783269282,7843.7,7843.7,7843.7,1783269282.145
1783269283,7843.6,7843.6,7843.6,1783269283.131
1783269284,7843.5,7843.5,7843.5,1783269284.167
1783269285,7843.6,7843.6,7843.6,1783269285.124
1783269286,7843.5,7843.5,7843.5,1783269286.166
1783269287,7843.4,7843.4,7843.4,1783269287.118
1783269288,7843.3,7843.3,7843.3,1783269288.142
1783269289,7843.2,7843.2,7843.2,1783269289.117
1783269290,7843.1,7843.1,7843.1,1783269290.164
1783269291,7843.2,7843.2,7843.2,1783269291.130
1783269292,7843.3,7843.3,7843.3,1783269292.153
1783269293,7843.2,7843.2,7843.2,1783269293.124
1783269294,7843.1,7843.1,7843.1,1783269294.139
1783269295,7843.2,7843.2,7843.2,1783269295.125
1783269296,7843.3,7843.3,7843.3,1783269296.146
1783269297,7843.4,7843.4,7843.4,1783269297.124
1783269298,7843.3,7843.3,7843.3,1783269298.155
1783269299,7843.4,7843.4,7843.4,1783269299.115
1783269300,7843.5,7843.5,7843.5,1783269300.161
1783269301,7843.6,7843.6,7843.6,1783269301.145
1783269302,7843.5,7843.5,7843.5,1783269302.443
1783269303,7843.4,7843.4,7843.4,1783269303.193
1783269304,7843.3,7843.3,7843.3,1783269304.493
1783269305,7843.2,7843.2,7843.2,1783269305.125
1783269306,7843.3,7843.3,7843.3,1783269306.150
1783269307,7843.4,7843.4,7843.4,1783269307.128
1783269308,7843.3,7843.3,7843.3,1783269308.208
1783269309,7843.4,7843.4,7843.4,1783269309.122
1783269310,7843.5,7843.5,7843.5,1783269310.151
1783269311,7843.4,7843.4,7843.4,1783269311.133
1783269312,7843.3,7843.3,7843.3,1783269312.142
1783269313,7843.2,7843.2,7843.2,1783269313.109
1783269314,7843.3,7843.3,7843.3,1783269314.206
1783269315,7843.2,7843.2,7843.2,1783269315.130
1783269316,7843.3,7843.3,7843.3,1783269316.142
1783269317,7843.2,7843.2,7843.2,1783269317.123
1783269318,7843.3,7843.3,7843.3,1783269318.143
1783269319,7843.2,7843.2,7843.2,1783269319.112
1783269320,7843.1,7843.1,7843.1,1783269320.140
1783269321,7843.2,7843.2,7843.2,1783269321.123
1783269322,7843.3,7843.3,7843.3,1783269322.136
1783269323,7843.4,7843.4,7843.4,1783269323.124
1783269324,7843.5,7843.5,7843.5,1783269324.146
1783269325,7843.4,7843.4,7843.4,1783269325.115
1783269326,7843.5,7843.5,7843.5,1783269326.138
1783269327,7843.6,7843.6,7843.6,1783269327.114
1783269328,7843.7,7843.7,7843.7,1783269328.142
1783269329,7843.6,7843.6,7843.6,1783269329.108
1783269330,7843.5,7843.5,7843.5,1783269330.152
1783269331,7843.4,7843.4,7843.4,1783269331.118
1783269332,7843.3,7843.3,7843.3,1783269332.156
1783269333,7843.4,7843.4,7843.4,1783269333.111
1783269334,7843.3,7843.3,7843.3,1783269334.164
1783269335,7843.4,7843.4,7843.4,1783269335.116
1783269336,7843.3,7843.3,7843.3,1783269336.149
1783269337,7843.2,7843.2,7843.2,1783269337.117
1783269338,7843.1,7843.1,7843.1,1783269338.247
1783269339,7843,7843,7843,1783269339.120
1783269340,7842.9,7842.9,7842.9,1783269340.135
1783269341,7842.8,7842.8,7842.8,1783269341.113
1783269342,7842.9,7842.9,7842.9,1783269342.148
1783269343,7843,7843,7843,1783269343.114
1783269344,7843.1,7843.1,7843.1,1783269344.146
1783269345,7843,7843,7843,1783269345.114
1783269346,7843.1,7843.1,7843.1,1783269346.148
1783269347,7843.2,7843.2,7843.2,1783269347.120
1783269348,7843.3,7843.3,7843.3,1783269348.203
1783269349,7843.4,7843.4,7843.4,1783269349.122
1783269350,7843.3,7843.3,7843.3,1783269350.155
1783269351,7843.4,7843.4,7843.4,1783269351.119
1783269352,7843.5,7843.5,7843.5,1783269352.151
1783269353,7843.6,7843.6,7843.6,1783269353.169
1783269354,7843.7,7843.7,7843.7,1783269354.138
1783269355,7843.8,7843.8,7843.8,1783269355.130
1783269356,7843.7,7843.7,7843.7,1783269356.169
1783269357,7843.8,7843.8,7843.8,1783269357.125
1783269358,7843.9,7843.9,7843.9,1783269358.147
1783269359,7844,7844,7844,1783269359.127
1783269360,7844.1,7844.1,7844.1,1783269360.173
1783269361,7844.2,7844.2,7844.2,1783269361.132
1783269362,7844.1,7844.1,7844.1,1783269362.154
1783269363,7844.2,7844.2,7844.2,1783269363.300
1783269364,7844.3,7844.3,7844.3,1783269364.364
1783269365,7844.4,7844.4,7844.4,1783269365.129
1783269366,7844.5,7844.5,7844.5,1783269366.169
1783269367,7844.4,7844.4,7844.4,1783269367.126
1783269368,7844.5,7844.5,7844.5,1783269368.213
1783269369,7844.6,7844.6,7844.6,1783269369.145
1783269370,7844.7,7844.7,7844.7,1783269370.163
1783269371,7844.8,7844.8,7844.8,1783269371.121
1783269372,7844.9,7844.9,7844.9,1783269372.145
1783269373,7845,7845,7845,1783269373.124
1783269374,7845.1,7845.1,7845.1,1783269374.136
1783269375,7845.2,7845.2,7845.2,1783269375.114
1783269376,7845.1,7845.1,7845.1,1783269376.154
1783269377,7845,7845,7845,1783269377.130
1783269378,7844.9,7844.9,7844.9,1783269378.153
1783269379,7845,7845,7845,1783269379.117
1783269380,7844.9,7844.9,7844.9,1783269380.161
1783269381,7844.8,7844.8,7844.8,1783269381.127
1783269382,7844.9,7844.9,7844.9,1783269382.145
1783269383,7844.8,7844.8,7844.8,1783269383.123
1783269384,7844.9,7844.9,7844.9,1783269384.161
1783269385,7845,7845,7845,1783269385.113
1783269386,7844.9,7844.9,7844.9,1783269386.156
1783269387,7845,7845,7845,1783269387.119
1783269388,7845.1,7845.1,7845.1,1783269388.146
1783269389,7845,7845,7845,1783269389.118
1783269390,7845.1,7845.1,7845.1,1783269390.157
1783269391,7845,7845,7845,1783269391.132
1783269392,7844.9,7844.9,7844.9,1783269392.163
1783269393,7845,7845,7845,1783269393.130
1783269394,7845.1,7845.1,7845.1,1783269394.135
1783269395,7845.2,7845.2,7845.2,1783269395.124
1783269396,7845.3,7845.3,7845.3,1783269396.152
1783269397,7845.4,7845.4,7845.4,1783269397.121
1783269398,7845.3,7845.3,7845.3,1783269398.243
1783269399,7845.4,7845.4,7845.4,1783269399.117
1783269400,7845.5,7845.5,7845.5,1783269400.161
1783269401,7845.4,7845.4,7845.4,1783269401.127
1783269402,7845.5,7845.5,7845.5,1783269402.141
1783269403,7845.4,7845.4,7845.4,1783269403.121
1783269404,7845.5,7845.5,7845.5,1783269404.154
1783269405,7845.6,7845.6,7845.6,1783269405.126
1783269406,7845.7,7845.7,7845.7,1783269406.155
1783269407,7845.6,7845.6,7845.6,1783269407.115
1783269408,7845.5,7845.5,7845.5,1783269408.150
1783269409,7845.6,7845.6,7845.6,1783269409.121
1783269410,7845.7,7845.7,7845.7,1783269410.136
1783269411,7845.6,7845.6,7845.6,1783269411.127
1783269412,7845.7,7845.7,7845.7,1783269412.152
1783269413,7845.6,7845.6,7845.6,1783269413.123
1783269414,7845.5,7845.5,7845.5,1783269414.160
1783269415,7845.6,7845.6,7845.6,1783269415.113
1783269416,7845.5,7845.5,7845.5,1783269416.161
1783269417,7845.6,7845.6,7845.6,1783269417.119
1783269418,7845.7,7845.7,7845.7,1783269418.163
1783269419,7845.8,7845.8,7845.8,1783269419.147
1783269420,7845.7,7845.7,7845.7,1783269420.170
1783269421,7845.8,7845.8,7845.8,1783269421.122
1783269422,7845.9,7845.9,7845.9,1783269422.439
1783269423,7845.8,7845.8,7845.8,1783269423.160
1783269424,7845.9,7845.9,7845.9,1783269424.158
1783269425,7845.8,7845.8,7845.8,1783269425.129
1783269426,7845.9,7845.9,7845.9,1783269426.137
1783269427,7845.8,7845.8,7845.8,1783269427.115
1783269428,7845.7,7845.7,7845.7,1783269428.200
1783269429,7845.6,7845.6,7845.6,1783269429.158
1783269430,7845.5,7845.5,7845.5,1783269430.147
1783269431,7845.4,7845.4,7845.4,1783269431.162
1783269432,7845.5,7845.5,7845.5,1783269432.154
1783269433,7845.4,7845.4,7845.4,1783269433.121
1783269434,7845.5,7845.5,7845.5,1783269434.159
1783269435,7845.4,7845.4,7845.4,1783269435.128
1783269436,7845.3,7845.3,7845.3,1783269436.157
1783269437,7845.2,7845.2,7845.2,1783269437.124
1783269438,7845.3,7845.3,7845.3,1783269438.161
1783269439,7845.4,7845.4,7845.4,1783269439.126
1783269440,7845.5,7845.5,7845.5,1783269440.145
1783269441,7845.4,7845.4,7845.4,1783269441.118
1783269442,7845.5,7845.5,7845.5,1783269442.144
1783269443,7845.6,7845.6,7845.6,1783269443.120
1783269444,7845.7,7845.7,7845.7,1783269444.156
1783269445,7845.6,7845.6,7845.6,1783269445.128
1783269446,7845.5,7845.5,7845.5,1783269446.150
1783269447,7845.6,7845.6,7845.6,1783269447.123
1783269448,7845.7,7845.7,7845.7,1783269448.148
1783269449,7845.6,7845.6,7845.6,1783269449.120
1783269450,7845.5,7845.5,7845.5,1783269450.166
1783269451,7845.4,7845.4,7845.4,1783269451.123
1783269452,7845.5,7845.5,7845.5,1783269452.144
1783269453,7845.6,7845.6,7845.6,1783269453.129
1783269454,7845.5,7845.5,7845.5,1783269454.148
1783269455,7845.4,7845.4,7845.4,1783269455.114
1783269456,7845.5,7845.5,7845.5,1783269456.139
1783269457,7845.4,7845.4,7845.4,1783269457.125
1783269458,7845.3,7845.3,7845.3,1783269458.135
1783269459,7845.4,7845.4,7845.4,1783269459.122
1783269460,7845.3,7845.3,7845.3,1783269460.131
1783269461,7845.2,7845.2,7845.2,1783269461.120
1783269462,7845.3,7845.3,7845.3,1783269462.136
1783269463,7845.4,7845.4,7845.4,1783269463.112
1783269464,7845.5,7845.5,7845.5,1783269464.138
1783269465,7845.4,7845.4,7845.4,1783269465.123
1783269466,7845.3,7845.3,7845.3,1783269466.141
1783269467,7845.2,7845.2,7845.2,1783269467.120
1783269468,7845.3,7845.3,7845.3,1783269468.139
1783269469,7845.2,7845.2,7845.2,1783269469.119
1783269470,7845.1,7845.1,7845.1,1783269470.152
1783269471,7845,7845,7845,1783269471.117
1783269472,7844.9,7844.9,7844.9,1783269472.134
1783269473,7844.8,7844.8,7844.8,1783269473.116
1783269474,7844.9,7844.9,7844.9,1783269474.136
1783269475,7845,7845,7845,1783269475.120
1783269476,7845.1,7845.1,7845.1,1783269476.156
1783269477,7845,7845,7845,1783269477.114
1783269478,7844.9,7844.9,7844.9,1783269478.135
1783269479,7845,7845,7845,1783269479.110
1783269480,7844.9,7844.9,7844.9,1783269480.161
1783269481,7845,7845,7845,1783269481.121
1783269482,7844.9,7844.9,7844.9,1783269482.205
1783269483,7845,7845,7845,1783269483.264
1783269484,7845.1,7845.1,7845.1,1783269484.176
1783269485,7845.2,7845.2,7845.2,1783269485.111
1783269486,7845.3,7845.3,7845.3,1783269486.142
1783269487,7845.4,7845.4,7845.4,1783269487.117
1783269488,7845.3,7845.3,7845.3,1783269488.201
1783269489,7845.2,7845.2,7845.2,1783269489.118
1783269490,7845.3,7845.3,7845.3,1783269490.145
1783269491,7845.4,7845.4,7845.4,1783269491.122
1783269492,7845.3,7845.3,7845.3,1783269492.144
1783269493,7845.4,7845.4,7845.4,1783269493.122
1783269494,7845.3,7845.3,7845.3,1783269494.137
1783269495,7845.4,7845.4,7845.4,1783269495.109
1783269496,7845.3,7845.3,7845.3,1783269496.133
1783269497,7845.2,7845.2,7845.2,1783269497.114
1783269498,7845.1,7845.1,7845.1,1783269498.143
1783269499,7845.2,7845.2,7845.2,1783269499.116
1783269500,7845.1,7845.1,7845.1,1783269500.136
1783269501,7845.2,7845.2,7845.2,1783269501.111
1783269502,7845.1,7845.1,7845.1,1783269502.142
1783269503,7845.2,7845.2,7845.2,1783269503.112
1783269504,7845.1,7845.1,7845.1,1783269504.154
1783269505,7845.2,7845.2,7845.2,1783269505.118
1783269506,7845.1,7845.1,7845.1,1783269506.165
1783269507,7845.2,7845.2,7845.2,1783269507.120
1783269508,7845.3,7845.3,7845.3,1783269508.142
1783269509,7845.4,7845.4,7845.4,1783269509.118
1783269510,7845.3,7845.3,7845.3,1783269510.153
1783269511,7845.4,7845.4,7845.4,1783269511.119
1783269512,7845.5,7845.5,7845.5,1783269512.133
1783269513,7845.6,7845.6,7845.6,1783269513.114
1783269514,7845.5,7845.5,7845.5,1783269514.136
1783269515,7845.6,7845.6,7845.6,1783269515.116
1783269516,7845.5,7845.5,7845.5,1783269516.159
1783269517,7845.6,7845.6,7845.6,1783269517.111
1783269518,7845.5,7845.5,7845.5,1783269518.202
1783269519,7845.6,7845.6,7845.6,1783269519.124
1783269520,7845.7,7845.7,7845.7,1783269520.142
1783269521,7845.8,7845.8,7845.8,1783269521.119
1783269522,7845.7,7845.7,7845.7,1783269522.132
1783269523,7845.8,7845.8,7845.8,1783269523.122
1783269524,7845.7,7845.7,7845.7,1783269524.151
1783269525,7845.6,7845.6,7845.6,1783269525.120
1783269526,7845.5,7845.5,7845.5,1783269526.145
1783269527,7845.6,7845.6,7845.6,1783269527.117
1783269528,7845.5,7845.5,7845.5,1783269528.142
1783269529,7845.4,7845.4,7845.4,1783269529.119
1783269530,7845.3,7845.3,7845.3,1783269530.154
1783269531,7845.2,7845.2,7845.2,1783269531.119
1783269532,7845.3,7845.3,7845.3,1783269532.161
1783269533,7845.4,7845.4,7845.4,1783269533.127
1783269534,7845.3,7845.3,7845.3,1783269534.148
1783269535,7845.4,7845.4,7845.4,1783269535.130
1783269536,7845.3,7845.3,7845.3,1783269536.142
1783269537,7845.4,7845.4,7845.4,1783269537.118
1783269538,7845.5,7845.5,7845.5,1783269538.147
1783269539,7845.6,7845.6,7845.6,1783269539.120
1783269540,7845.5,7845.5,7845.5,1783269540.153
1783269541,7845.6,7845.6,7845.6,1783269541.110
1783269542,7845.7,7845.7,7845.7,1783269542.272
1783269543,7845.8,7845.8,7845.8,1783269543.123
1783269544,7845.7,7845.7,7845.7,1783269544.145
1783269545,7845.6,7845.6,7845.6,1783269545.125
1783269546,7845.5,7845.5,7845.5,1783269546.147
1783269547,7845.4,7845.4,7845.4,1783269547.114
1783269548,7845.3,7845.3,7845.3,1783269548.210
1783269549,7845.4,7845.4,7845.4,1783269549.118
1783269550,7845.5,7845.5,7845.5,1783269550.144
1783269551,7845.4,7845.4,7845.4,1783269551.109
1783269552,7845.5,7845.5,7845.5,1783269552.150
1783269553,7845.4,7845.4,7845.4,1783269553.126
1783269554,7845.5,7845.5,7845.5,1783269554.149
1783269555,7845.6,7845.6,7845.6,1783269555.116
1783269556,7845.5,7845.5,7845.5,1783269556.145
1783269557,7845.6,7845.6,7845.6,1783269557.128
1783269558,7845.7,7845.7,7845.7,1783269558.165
1783269559,7845.8,7845.8,7845.8,1783269559.129
1783269560,7845.7,7845.7,7845.7,1783269560.151
1783269561,7845.8,7845.8,7845.8,1783269561.110
1783269562,7845.9,7845.9,7845.9,1783269562.148
1783269563,7846,7846,7846,1783269563.127
1783269564,7845.9,7845.9,7845.9,1783269564.154
1783269565,7846,7846,7846,1783269565.133
1783269566,7846.1,7846.1,7846.1,1783269566.143
1783269567,7846.2,7846.2,7846.2,1783269567.121
1783269568,7846.3,7846.3,7846.3,1783269568.150
1783269569,7846.4,7846.4,7846.4,1783269569.122
1783269570,7846.3,7846.3,7846.3,1783269570.148
1783269571,7846.4,7846.4,7846.4,1783269571.122
1783269572,7846.5,7846.5,7846.5,1783269572.156
1783269573,7846.4,7846.4,7846.4,1783269573.124
1783269574,7846.3,7846.3,7846.3,1783269574.154
1783269575,7846.4,7846.4,7846.4,1783269575.130
1783269576,7846.3,7846.3,7846.3,1783269576.242
1783269577,7846.4,7846.4,7846.4,1783269577.120
1783269578,7846.5,7846.5,7846.5,1783269578.245
1783269579,7846.4,7846.4,7846.4,1783269579.123
1783269580,7846.5,7846.5,7846.5,1783269580.153
1783269581,7846.4,7846.4,7846.4,1783269581.120
1783269582,7846.3,7846.3,7846.3,1783269582.168
1783269583,7846.2,7846.2,7846.2,1783269583.116
1783269584,7846.1,7846.1,7846.1,1783269584.164
1783269585,7846,7846,7846,1783269585.120
1783269586,7846.1,7846.1,7846.1,1783269586.146
1783269587,7846.2,7846.2,7846.2,1783269587.118
1783269588,7846.3,7846.3,7846.3,1783269588.150
1783269589,7846.2,7846.2,7846.2,1783269589.118
1783269590,7846.3,7846.3,7846.3,1783269590.156
1783269591,7846.4,7846.4,7846.4,1783269591.126
1783269592,7846.3,7846.3,7846.3,1783269592.141
1783269593,7846.2,7846.2,7846.2,1783269593.119
1783269594,7846.3,7846.3,7846.3,1783269594.151
1783269595,7846.2,7846.2,7846.2,1783269595.113
1783269596,7846.1,7846.1,7846.1,1783269596.130
1783269597,7846.2,7846.2,7846.2,1783269597.121
1783269598,7846.3,7846.3,7846.3,1783269598.141
1783269599,7846.4,7846.4,7846.4,1783269599.127
1783269600,7846.5,7846.5,7846.5,1783269600.144
1783269601,7846.4,7846.4,7846.4,1783269601.132
1783269602,7846.5,7846.5,7846.5,1783269602.241
1783269603,7846.4,7846.4,7846.4,1783269603.129
1783269604,7846.3,7846.3,7846.3,1783269604.161
1783269605,7846.4,7846.4,7846.4,1783269605.129
1783269606,7846.5,7846.5,7846.5,1783269606.152
1783269607,7846.6,7846.6,7846.6,1783269607.126
1783269608,7846.7,7846.7,7846.7,1783269608.250
1783269609,7846.6,7846.6,7846.6,1783269609.125
1783269610,7846.5,7846.5,7846.5,1783269610.168
1783269611,7846.4,7846.4,7846.4,1783269611.122
1783269612,7846.3,7846.3,7846.3,1783269612.139
1783269613,7846.4,7846.4,7846.4,1783269613.124
1783269614,7846.5,7846.5,7846.5,1783269614.138
1783269615,7846.4,7846.4,7846.4,1783269615.120
1783269616,7846.5,7846.5,7846.5,1783269616.143
1783269617,7846.4,7846.4,7846.4,1783269617.128
1783269618,7846.5,7846.5,7846.5,1783269618.130
1783269619,7846.6,7846.6,7846.6,1783269619.122
1783269620,7846.5,7846.5,7846.5,1783269620.155
1783269621,7846.4,7846.4,7846.4,1783269621.131
1783269622,7846.3,7846.3,7846.3,1783269622.153
1783269623,7846.2,7846.2,7846.2,1783269623.123
1783269624,7846.3,7846.3,7846.3,1783269624.156
1783269625,7846.2,7846.2,7846.2,1783269625.156
1783269626,7846.1,7846.1,7846.1,1783269626.162
1783269627,7846,7846,7846,1783269627.122
1783269628,7846.1,7846.1,7846.1,1783269628.135
1783269629,7846,7846,7846,1783269629.126
1783269630,7846.1,7846.1,7846.1,1783269630.153
1783269631,7846,7846,7846,1783269631.115
1783269632,7845.9,7845.9,7845.9,1783269632.155
1783269633,7846,7846,7846,1783269633.127
1783269634,7846.1,7846.1,7846.1,1783269634.156
1783269635,7846,7846,7846,1783269635.123
1783269636,7846.1,7846.1,7846.1,1783269636.145
1783269637,7846.2,7846.2,7846.2,1783269637.118
1783269638,7846.1,7846.1,7846.1,1783269638.246
1783269639,7846.2,7846.2,7846.2,1783269639.130
1783269640,7846.1,7846.1,7846.1,1783269640.158
1783269641,7846,7846,7846,1783269641.121
1783269642,7846.1,7846.1,7846.1,1783269642.143
1783269643,7846,7846,7846,1783269643.129
1783269644,7845.9,7845.9,7845.9,1783269644.164
1783269645,7846,7846,7846,1783269645.122
1783269646,7846.1,7846.1,7846.1,1783269646.159
1783269647,7846.2,7846.2,7846.2,1783269647.136
1783269648,7846.1,7846.1,7846.1,1783269648.163
1783269649,7846.2,7846.2,7846.2,1783269649.163
1783269650,7846.1,7846.1,7846.1,1783269650.141
1783269651,7846.2,7846.2,7846.2,1783269651.134
1783269652,7846.3,7846.3,7846.3,1783269652.147
1783269653,7846.2,7846.2,7846.2,1783269653.130
1783269654,7846.3,7846.3,7846.3,1783269654.147
1783269655,7846.2,7846.2,7846.2,1783269655.124
1783269656,7846.3,7846.3,7846.3,1783269656.156
1783269657,7846.4,7846.4,7846.4,1783269657.120
1783269658,7846.5,7846.5,7846.5,1783269658.153
1783269659,7846.4,7846.4,7846.4,1783269659.123
1783269660,7846.3,7846.3,7846.3,1783269660.147
1783269661,7846.2,7846.2,7846.2,1783269661.119
1783269662,7846.3,7846.3,7846.3,1783269662.204
1783269663,7846.2,7846.2,7846.2,1783269663.148
1783269664,7846.1,7846.1,7846.1,1783269664.172
1783269665,7846,7846,7846,1783269665.118
1783269666,7846.1,7846.1,7846.1,1783269666.147
1783269667,7846,7846,7846,1783269667.117
1783269668,7846.1,7846.1,7846.1,1783269668.202
1783269669,7846.2,7846.2,7846.2,1783269669.125
1783269670,7846.3,7846.3,7846.3,1783269670.146
1783269671,7846.2,7846.2,7846.2,1783269671.124
1783269672,7846.3,7846.3,7846.3,1783269672.153
1783269673,7846.4,7846.4,7846.4,1783269673.129
1783269674,7846.5,7846.5,7846.5,1783269674.140
1783269675,7846.6,7846.6,7846.6,1783269675.122
1783269676,7846.5,7846.5,7846.5,1783269676.163
1783269677,7846.6,7846.6,7846.6,1783269677.133
1783269678,7846.7,7846.7,7846.7,1783269678.158
1783269679,7846.8,7846.8,7846.8,1783269679.128
1783269680,7846.7,7846.7,7846.7,1783269680.142
1783269681,7846.6,7846.6,7846.6,1783269681.129
1783269682,7846.5,7846.5,7846.5,1783269682.165
1783269683,7846.4,7846.4,7846.4,1783269683.129
1783269684,7846.5,7846.5,7846.5,1783269684.157
1783269685,7846.6,7846.6,7846.6,1783269685.129
1783269686,7846.7,7846.7,7846.7,1783269686.158
1783269687,7846.6,7846.6,7846.6,1783269687.117
1783269688,7846.5,7846.5,7846.5,1783269688.165
1783269689,7846.6,7846.6,7846.6,1783269689.120
1783269690,7846.5,7846.5,7846.5,1783269690.144
1783269691,7846.4,7846.4,7846.4,1783269691.122
1783269692,7846.5,7846.5,7846.5,1783269692.140
1783269693,7846.6,7846.6,7846.6,1783269693.120
1783269694,7846.7,7846.7,7846.7,1783269694.153
1783269695,7846.8,7846.8,7846.8,1783269695.123
1783269696,7846.9,7846.9,7846.9,1783269696.150
1783269697,7846.8,7846.8,7846.8,1783269697.128
1783269698,7846.7,7846.7,7846.7,1783269698.201
1783269699,7846.8,7846.8,7846.8,1783269699.122
1783269700,7846.7,7846.7,7846.7,1783269700.150
1783269701,7846.8,7846.8,7846.8,1783269701.121
1783269702,7846.9,7846.9,7846.9,1783269702.154
1783269703,7846.8,7846.8,7846.8,1783269703.122
1783269704,7846.7,7846.7,7846.7,1783269704.149
1783269705,7846.6,7846.6,7846.6,1783269705.131
1783269706,7846.7,7846.7,7846.7,1783269706.144
1783269707,7846.6,7846.6,7846.6,1783269707.131
1783269708,7846.7,7846.7,7846.7,1783269708.161
1783269709,7846.8,7846.8,7846.8,1783269709.125
1783269710,7846.7,7846.7,7846.7,1783269710.156
1783269711,7846.6,7846.6,7846.6,1783269711.162
1783269712,7846.7,7846.7,7846.7,1783269712.154
1783269713,7846.6,7846.6,7846.6,1783269713.134
1783269714,7846.5,7846.5,7846.5,1783269714.143
1783269715,7846.6,7846.6,7846.6,1783269715.130
1783269716,7846.7,7846.7,7846.7,1783269716.157
1783269717,7846.6,7846.6,7846.6,1783269717.120
1783269718,7846.5,7846.5,7846.5,1783269718.181
1783269719,7846.6,7846.6,7846.6,1783269719.122
1783269720,7846.5,7846.5,7846.5,1783269720.161
1783269721,7846.6,7846.6,7846.6,1783269721.133
1783269722,7846.5,7846.5,7846.5,1783269722.164
1783269723,7846.6,7846.6,7846.6,1783269723.137
1783269724,7846.7,7846.7,7846.7,1783269724.162
1783269725,7846.6,7846.6,7846.6,1783269725.133
1783269726,7846.5,7846.5,7846.5,1783269726.153
1783269727,7846.4,7846.4,7846.4,1783269727.121
1783269728,7846.5,7846.5,7846.5,1783269728.209
1783269729,7846.6,7846.6,7846.6,1783269729.133
1783269730,7846.7,7846.7,7846.7,1783269730.170
1783269731,7846.8,7846.8,7846.8,1783269731.132
1783269732,7846.7,7846.7,7846.7,1783269732.169
1783269733,7846.6,7846.6,7846.6,1783269733.137
1783269734,7846.7,7846.7,7846.7,1783269734.170
1783269735,7846.8,7846.8,7846.8,1783269735.120
1783269736,7846.7,7846.7,7846.7,1783269736.156
1783269737,7846.6,7846.6,7846.6,1783269737.123
1783269738,7846.5,7846.5,7846.5,1783269738.161
1783269739,7846.4,7846.4,7846.4,1783269739.130
1783269740,7846.5,7846.5,7846.5,1783269740.159
1783269741,7846.6,7846.6,7846.6,1783269741.121
1783269742,7846.7,7846.7,7846.7,1783269742.151
1783269743,7846.6,7846.6,7846.6,1783269743.121
1783269744,7846.5,7846.5,7846.5,1783269744.162
1783269745,7846.4,7846.4,7846.4,1783269745.125
1783269746,7846.3,7846.3,7846.3,1783269746.152
1783269747,7846.4,7846.4,7846.4,1783269747.128
1783269748,7846.3,7846.3,7846.3,1783269748.162
1783269749,7846.2,7846.2,7846.2,1783269749.123
1783269750,7846.3,7846.3,7846.3,1783269750.169
1783269751,7846.2,7846.2,7846.2,1783269751.129
1783269752,7846.1,7846.1,7846.1,1783269752.160
1783269753,7846,7846,7846,1783269753.133
1783269754,7845.9,7845.9,7845.9,1783269754.156
1783269755,7845.8,7845.8,7845.8,1783269755.123
1783269756,7845.9,7845.9,7845.9,1783269756.150
1783269757,7846,7846,7846,1783269757.124
1783269758,7846.1,7846.1,7846.1,1783269758.204
1783269759,7846.2,7846.2,7846.2,1783269759.121
1783269760,7846.3,7846.3,7846.3,1783269760.159
1783269761,7846.2,7846.2,7846.2,1783269761.121
1783269762,7846.1,7846.1,7846.1,1783269762.152
1783269763,7846.2,7846.2,7846.2,1783269763.124
1783269764,7846.1,7846.1,7846.1,1783269764.156
1783269765,7846,7846,7846,1783269765.125
1783269766,7846.1,7846.1,7846.1,1783269766.157
1783269767,7846,7846,7846,1783269767.117
1783269768,7846.1,7846.1,7846.1,1783269768.155
1783269769,7846,7846,7846,1783269769.127
1783269770,7845.9,7845.9,7845.9,1783269770.157
1783269771,7845.8,7845.8,7845.8,1783269771.123
1783269772,7845.9,7845.9,7845.9,1783269772.147
1783269773,7845.8,7845.8,7845.8,1783269773.123
1783269774,7845.7,7845.7,7845.7,1783269774.157
1783269775,7845.6,7845.6,7845.6,1783269775.121
1783269776,7845.7,7845.7,7845.7,1783269776.153
1783269777,7845.8,7845.8,7845.8,1783269777.123
1783269778,7845.7,7845.7,7845.7,1783269778.188
1783269779,7845.6,7845.6,7845.6,1783269779.132
1783269780,7845.5,7845.5,7845.5,1783269780.168
1783269781,7845.4,7845.4,7845.4,1783269781.123
1783269782,7845.5,7845.5,7845.5,1783269782.379
1783269783,7845.6,7845.6,7845.6,1783269783.155
1783269784,7845.7,7845.7,7845.7,1783269784.154
1783269785,7845.8,7845.8,7845.8,1783269785.121
1783269786,7845.7,7845.7,7845.7,1783269786.151
1783269787,7845.6,7845.6,7845.6,1783269787.133
1783269788,7845.7,7845.7,7845.7,1783269788.203
1783269789,7845.6,7845.6,7845.6,1783269789.129
1783269790,7845.5,7845.5,7845.5,1783269790.167
1783269791,7845.6,7845.6,7845.6,1783269791.126
1783269792,7845.7,7845.7,7845.7,1783269792.145
1783269793,7845.8,7845.8,7845.8,1783269793.129
1783269794,7845.9,7845.9,7845.9,1783269794.144
1783269795,7846,7846,7846,1783269795.116
1783269796,7845.9,7845.9,7845.9,1783269796.161
1783269797,7845.8,7845.8,7845.8,1783269797.140
1783269798,7845.9,7845.9,7845.9,1783269798.167
1783269799,7846,7846,7846,1783269799.123
1783269800,7845.9,7845.9,7845.9,1783269800.155
1783269801,7846,7846,7846,1783269801.117
1783269802,7846.1,7846.1,7846.1,1783269802.169
1783269803,7846.2,7846.2,7846.2,1783269803.123
1783269804,7846.1,7846.1,7846.1,1783269804.141
1783269805,7846,7846,7846,1783269805.120
1783269806,7846.1,7846.1,7846.1,1783269806.153
1783269807,7846.2,7846.2,7846.2,1783269807.126
1783269808,7846.1,7846.1,7846.1,1783269808.166
1783269809,7846.2,7846.2,7846.2,1783269809.123
1783269810,7846.1,7846.1,7846.1,1783269810.148
1783269811,7846.2,7846.2,7846.2,1783269811.131
1783269812,7846.3,7846.3,7846.3,1783269812.166
1783269813,7846.4,7846.4,7846.4,1783269813.144
1783269814,7846.3,7846.3,7846.3,1783269814.149
1783269815,7846.4,7846.4,7846.4,1783269815.119
1783269816,7846.5,7846.5,7846.5,1783269816.155
1783269817,7846.4,7846.4,7846.4,1783269817.123
1783269818,7846.3,7846.3,7846.3,1783269818.200
1783269819,7846.4,7846.4,7846.4,1783269819.128
1783269820,7846.3,7846.3,7846.3,1783269820.151
1783269821,7846.4,7846.4,7846.4,1783269821.132
1783269822,7846.5,7846.5,7846.5,1783269822.163
1783269823,7846.4,7846.4,7846.4,1783269823.117
1783269824,7846.3,7846.3,7846.3,1783269824.158
1783269825,7846.2,7846.2,7846.2,1783269825.124
1783269826,7846.3,7846.3,7846.3,1783269826.156
1783269827,7846.4,7846.4,7846.4,1783269827.120
1783269828,7846.3,7846.3,7846.3,1783269828.162
1783269829,7846.2,7846.2,7846.2,1783269829.131
1783269830,7846.3,7846.3,7846.3,1783269830.164
1783269831,7846.4,7846.4,7846.4,1783269831.117
1783269832,7846.3,7846.3,7846.3,1783269832.154
1783269833,7846.2,7846.2,7846.2,1783269833.124
1783269834,7846.3,7846.3,7846.3,1783269834.154
1783269835,7846.4,7846.4,7846.4,1783269835.127
1783269836,7846.5,7846.5,7846.5,1783269836.161
1783269837,7846.6,7846.6,7846.6,1783269837.121
1783269838,7846.7,7846.7,7846.7,1783269838.164
1783269839,7846.8,7846.8,7846.8,1783269839.133
1783269840,7846.9,7846.9,7846.9,1783269840.157
1783269841,7847,7847,7847,1783269841.127
1783269842,7847.1,7847.1,7847.1,1783269842.176
1783269843,7847.2,7847.2,7847.2,1783269843.151
1783269844,7847.3,7847.3,7847.3,1783269844.170
1783269845,7847.4,7847.4,7847.4,1783269845.129
1783269846,7847.3,7847.3,7847.3,1783269846.164
1783269847,7847.2,7847.2,7847.2,1783269847.125
1783269848,7847.3,7847.3,7847.3,1783269848.205
1783269849,7847.2,7847.2,7847.2,1783269849.133
1783269850,7847.1,7847.1,7847.1,1783269850.161
1783269851,7847,7847,7847,1783269851.137
1783269852,7847.1,7847.1,7847.1,1783269852.175
1783269853,7847.2,7847.2,7847.2,1783269853.119
1783269854,7847.3,7847.3,7847.3,1783269854.305
1783269855,7847.2,7847.2,7847.2,1783269855.123
1783269856,7847.1,7847.1,7847.1,1783269856.158
1783269857,7847,7847,7847,1783269857.120
1783269858,7846.9,7846.9,7846.9,1783269858.163
1783269859,7846.8,7846.8,7846.8,1783269859.121
1783269860,7846.9,7846.9,7846.9,1783269860.151
1783269861,7846.8,7846.8,7846.8,1783269861.122
1783269862,7846.7,7846.7,7846.7,1783269862.162
1783269863,7846.8,7846.8,7846.8,1783269863.120
1783269864,7846.7,7846.7,7846.7,1783269864.156
1783269865,7846.8,7846.8,7846.8,1783269865.117
1783269866,7846.9,7846.9,7846.9,1783269866.156
1783269867,7846.8,7846.8,7846.8,1783269867.130
1783269868,7846.7,7846.7,7846.7,1783269868.149
1783269869,7846.8,7846.8,7846.8,1783269869.124
1783269870,7846.9,7846.9,7846.9,1783269870.136
1783269871,7846.8,7846.8,7846.8,1783269871.116
1783269872,7846.7,7846.7,7846.7,1783269872.160
1783269873,7846.8,7846.8,7846.8,1783269873.139
1783269874,7846.9,7846.9,7846.9,1783269874.246
1783269875,7846.8,7846.8,7846.8,1783269875.127
1783269876,7846.7,7846.7,7846.7,1783269876.144
1783269877,7846.8,7846.8,7846.8,1783269877.121
1783269878,7846.7,7846.7,7846.7,1783269878.203
1783269879,7846.6,7846.6,7846.6,1783269879.135
1783269880,7846.5,7846.5,7846.5,1783269880.147
1783269881,7846.4,7846.4,7846.4,1783269881.139
1783269882,7846.5,7846.5,7846.5,1783269882.161
1783269883,7846.4,7846.4,7846.4,1783269883.125
1783269884,7846.3,7846.3,7846.3,1783269884.154
1783269885,7846.2,7846.2,7846.2,1783269885.118
1783269886,7846.3,7846.3,7846.3,1783269886.152
1783269887,7846.2,7846.2,7846.2,1783269887.121
1783269888,7846.3,7846.3,7846.3,1783269888.168
1783269889,7846.2,7846.2,7846.2,1783269889.121
1783269890,7846.3,7846.3,7846.3,1783269890.148
1783269891,7846.4,7846.4,7846.4,1783269891.126
1783269892,7846.3,7846.3,7846.3,1783269892.156
1783269893,7846.4,7846.4,7846.4,1783269893.118
1783269894,7846.5,7846.5,7846.5,1783269894.145
1783269895,7846.6,7846.6,7846.6,1783269895.123
1783269896,7846.7,7846.7,7846.7,1783269896.156
1783269897,7846.6,7846.6,7846.6,1783269897.124
1783269898,7846.5,7846.5,7846.5,1783269898.154
1783269899,7846.6,7846.6,7846.6,1783269899.116
1783269900,7846.7,7846.7,7846.7,1783269900.162
1783269901,7846.6,7846.6,7846.6,1783269901.137
1783269902,7846.7,7846.7,7846.7,1783269902.224
1783269903,7846.6,7846.6,7846.6,1783269903.332
1783269904,7846.7,7846.7,7846.7,1783269904.199
1783269905,7846.8,7846.8,7846.8,1783269905.129
1783269906,7846.9,7846.9,7846.9,1783269906.155
1783269907,7847,7847,7847,1783269907.151
1783269908,7846.9,7846.9,7846.9,1783269908.246
1783269909,7847,7847,7847,1783269909.139
1783269910,7847.1,7847.1,7847.1,1783269910.156
1783269911,7847,7847,7847,1783269911.126
1783269912,7846.9,7846.9,7846.9,1783269912.154
1783269913,7847,7847,7847,1783269913.122
1783269914,7847.1,7847.1,7847.1,1783269914.163
1783269915,7847.2,7847.2,7847.2,1783269915.122
1783269916,7847.3,7847.3,7847.3,1783269916.160
1783269917,7847.2,7847.2,7847.2,1783269917.126
1783269918,7847.1,7847.1,7847.1,1783269918.156
1783269919,7847,7847,7847,1783269919.124
1783269920,7846.9,7846.9,7846.9,1783269920.155
1783269921,7846.8,7846.8,7846.8,1783269921.130
1783269922,7846.9,7846.9,7846.9,1783269922.160
1783269923,7847,7847,7847,1783269923.114
1783269924,7847.1,7847.1,7847.1,1783269924.150
1783269925,7847.2,7847.2,7847.2,1783269925.116
1783269926,7847.1,7847.1,7847.1,1783269926.146
1783269927,7847.2,7847.2,7847.2,1783269927.120
1783269928,7847.1,7847.1,7847.1,1783269928.141
1783269929,7847.2,7847.2,7847.2,1783269929.111
1783269930,7847.1,7847.1,7847.1,1783269930.160
1783269931,7847.2,7847.2,7847.2,1783269931.127
1783269932,7847.3,7847.3,7847.3,1783269932.172
1783269933,7847.2,7847.2,7847.2,1783269933.129
1783269934,7847.3,7847.3,7847.3,1783269934.155
1783269935,7847.2,7847.2,7847.2,1783269935.127
1783269936,7847.3,7847.3,7847.3,1783269936.160
1783269937,7847.4,7847.4,7847.4,1783269937.128
1783269938,7847.5,7847.5,7847.5,1783269938.249
1783269939,7847.6,7847.6,7847.6,1783269939.125
1783269940,7847.7,7847.7,7847.7,1783269940.155
1783269941,7847.8,7847.8,7847.8,1783269941.137
1783269942,7847.9,7847.9,7847.9,1783269942.153
1783269943,7848,7848,7848,1783269943.121
1783269944,7848.1,7848.1,7848.1,1783269944.153
1783269945,7848.2,7848.2,7848.2,1783269945.126
1783269946,7848.1,7848.1,7848.1,1783269946.157
1783269947,7848,7848,7848,1783269947.118
1783269948,7847.9,7847.9,7847.9,1783269948.157
1783269949,7848,7848,7848,1783269949.119
1783269950,7848.1,7848.1,7848.1,1783269950.158
1783269951,7848,7848,7848,1783269951.115
1783269952,7847.9,7847.9,7847.9,1783269952.152
1783269953,7848,7848,7848,1783269953.116
1783269954,7848.1,7848.1,7848.1,1783269954.143
1783269955,7848,7848,7848,1783269955.125
1783269956,7848.1,7848.1,7848.1,1783269956.157
1783269957,7848.2,7848.2,7848.2,1783269957.108
1783269958,7848.1,7848.1,7848.1,1783269958.155
1783269959,7848,7848,7848,1783269959.114
1783269960,7847.9,7847.9,7847.9,1783269960.151
1783269961,7848,7848,7848,1783269961.120
1783269962,7847.9,7847.9,7847.9,1783269962.295
1783269963,7848,7848,7848,1783269963.166
1783269964,7848.1,7848.1,7848.1,1783269964.160
1783269965,7848,7848,7848,1783269965.126
1783269966,7848.1,7848.1,7848.1,1783269966.150
1783269967,7848.2,7848.2,7848.2,1783269967.127
1783269968,7848.3,7848.3,7848.3,1783269968.203
1783269969,7848.2,7848.2,7848.2,1783269969.116
1783269970,7848.1,7848.1,7848.1,1783269970.171
1783269971,7848,7848,7848,1783269971.124
1783269972,7848.1,7848.1,7848.1,1783269972.168
1783269973,7848,7848,7848,1783269973.133
1783269974,7847.9,7847.9,7847.9,1783269974.153
1783269975,7848,7848,7848,1783269975.124
1783269976,7848.1,7848.1,7848.1,1783269976.162
1783269977,7848.2,7848.2,7848.2,1783269977.124
1783269978,7848.3,7848.3,7848.3,1783269978.163
1783269979,7848.2,7848.2,7848.2,1783269979.131
1783269980,7848.1,7848.1,7848.1,1783269980.148
1783269981,7848.2,7848.2,7848.2,1783269981.119
1783269982,7848.1,7848.1,7848.1,1783269982.146
1783269983,7848.2,7848.2,7848.2,1783269983.127
1783269984,7848.3,7848.3,7848.3,1783269984.145
1783269985,7848.2,7848.2,7848.2,1783269985.126
1783269986,7848.3,7848.3,7848.3,1783269986.137
1783269987,7848.4,7848.4,7848.4,1783269987.124
1783269988,7848.5,7848.5,7848.5,1783269988.142
1783269989,7848.6,7848.6,7848.6,1783269989.123
1783269990,7848.5,7848.5,7848.5,1783269990.153
1783269991,7848.4,7848.4,7848.4,1783269991.122
1783269992,7848.5,7848.5,7848.5,1783269992.135
1783269993,7848.4,7848.4,7848.4,1783269993.114
1783269994,7848.3,7848.3,7848.3,1783269994.143
1783269995,7848.4,7848.4,7848.4,1783269995.116
1783269996,7848.3,7848.3,7848.3,1783269996.132
1783269997,7848.2,7848.2,7848.2,1783269997.112
1783269998,7848.3,7848.3,7848.3,1783269998.210
1783269999,7848.2,7848.2,7848.2,1783269999.114
1783270000,7848.1,7848.1,7848.1,1783270000.153
1783270001,7848,7848,7848,1783270001.118
1783270002,7847.9,7847.9,7847.9,1783270002.146
1783270003,7847.8,7847.8,7847.8,1783270003.118
1783270004,7847.9,7847.9,7847.9,1783270004.149
1783270005,7848,7848,7848,1783270005.122
1783270006,7848.1,7848.1,7848.1,1783270006.144
1783270007,7848.2,7848.2,7848.2,1783270007.115
1783270008,7848.3,7848.3,7848.3,1783270008.143
1783270009,7848.2,7848.2,7848.2,1783270009.118
1783270010,7848.3,7848.3,7848.3,1783270010.158
1783270011,7848.4,7848.4,7848.4,1783270011.121
1783270012,7848.3,7848.3,7848.3,1783270012.135
1783270013,7848.4,7848.4,7848.4,1783270013.120
1783270014,7848.3,7848.3,7848.3,1783270014.134
1783270015,7848.2,7848.2,7848.2,1783270015.119
1783270016,7848.3,7848.3,7848.3,1783270016.151
1783270017,7848.4,7848.4,7848.4,1783270017.128
1783270018,7848.3,7848.3,7848.3,1783270018.135
1783270019,7848.4,7848.4,7848.4,1783270019.123
1783270020,7848.3,7848.3,7848.3,1783270020.154
1783270021,7848.4,7848.4,7848.4,1783270021.123
1783270022,7848.3,7848.3,7848.3,1783270022.168
1783270023,7848.4,7848.4,7848.4,1783270023.205
1783270024,7848.3,7848.3,7848.3,1783270024.153
1783270025,7848.4,7848.4,7848.4,1783270025.111
1783270026,7848.5,7848.5,7848.5,1783270026.155
1783270027,7848.6,7848.6,7848.6,1783270027.120
1783270028,7848.5,7848.5,7848.5,1783270028.206
1783270029,7848.4,7848.4,7848.4,1783270029.116
1783270030,7848.3,7848.3,7848.3,1783270030.145
1783270031,7848.2,7848.2,7848.2,1783270031.118
1783270032,7848.1,7848.1,7848.1,1783270032.137
1783270033,7848,7848,7848,1783270033.119
1783270034,7848.1,7848.1,7848.1,1783270034.138
1783270035,7848,7848,7848,1783270035.124
1783270036,7847.9,7847.9,7847.9,1783270036.166
1783270037,7848,7848,7848,1783270037.117
1783270038,7848.1,7848.1,7848.1,1783270038.144
1783270039,7848,7848,7848,1783270039.113
1783270040,7848.1,7848.1,7848.1,1783270040.139
1783270041,7848.2,7848.2,7848.2,1783270041.123
1783270042,7848.3,7848.3,7848.3,1783270042.145
1783270043,7848.2,7848.2,7848.2,1783270043.122
1783270044,7848.3,7848.3,7848.3,1783270044.155
1783270045,7848.2,7848.2,7848.2,1783270045.138
1783270046,7848.1,7848.1,7848.1,1783270046.138
1783270047,7848,7848,7848,1783270047.206
1783270048,7848.1,7848.1,7848.1,1783270048.166
1783270049,7848.2,7848.2,7848.2,1783270049.115
1783270050,7848.3,7848.3,7848.3,1783270050.163
1783270051,7848.4,7848.4,7848.4,1783270051.125
1783270052,7848.3,7848.3,7848.3,1783270052.153
1783270053,7848.2,7848.2,7848.2,1783270053.115
1783270054,7848.1,7848.1,7848.1,1783270054.135
1783270055,7848,7848,7848,1783270055.123
1783270056,7847.9,7847.9,7847.9,1783270056.162
1783270057,7848,7848,7848,1783270057.127
1783270058,7848.1,7848.1,7848.1,1783270058.204
1783270059,7848,7848,7848,1783270059.126
1783270060,7848.1,7848.1,7848.1,1783270060.138
1783270061,7848.2,7848.2,7848.2,1783270061.116
1783270062,7848.3,7848.3,7848.3,1783270062.144
1783270063,7848.2,7848.2,7848.2,1783270063.119
1783270064,7848.1,7848.1,7848.1,1783270064.138
1783270065,7848.2,7848.2,7848.2,1783270065.126
1783270066,7848.3,7848.3,7848.3,1783270066.157
1783270067,7848.4,7848.4,7848.4,1783270067.119
1783270068,7848.3,7848.3,7848.3,1783270068.139
1783270069,7848.4,7848.4,7848.4,1783270069.124
1783270070,7848.3,7848.3,7848.3,1783270070.150
1783270071,7848.2,7848.2,7848.2,1783270071.114
1783270072,7848.1,7848.1,7848.1,1783270072.144
1783270073,7848,7848,7848,1783270073.115
1783270074,7848.1,7848.1,7848.1,1783270074.152
1783270075,7848.2,7848.2,7848.2,1783270075.116
1783270076,7848.1,7848.1,7848.1,1783270076.129
1783270077,7848.2,7848.2,7848.2,1783270077.109
1783270078,7848.3,7848.3,7848.3,1783270078.135
1783270079,7848.4,7848.4,7848.4,1783270079.129
1783270080,7848.5,7848.5,7848.5,1783270080.141
1783270081,7848.4,7848.4,7848.4,1783270081.134
1783270082,7848.3,7848.3,7848.3,1783270082.254
1783270083,7848.2,7848.2,7848.2,1783270083.121
1783270084,7848.3,7848.3,7848.3,1783270084.156
1783270085,7848.4,7848.4,7848.4,1783270085.114
1783270086,7848.5,7848.5,7848.5,1783270086.162
1783270087,7848.6,7848.6,7848.6,1783270087.119
1783270088,7848.7,7848.7,7848.7,1783270088.204
1783270089,7848.8,7848.8,7848.8,1783270089.112
1783270090,7848.7,7848.7,7848.7,1783270090.141
1783270091,7848.8,7848.8,7848.8,1783270091.123
1783270092,7848.7,7848.7,7848.7,1783270092.151
1783270093,7848.6,7848.6,7848.6,1783270093.125
1783270094,7848.5,7848.5,7848.5,1783270094.157
1783270095,7848.6,7848.6,7848.6,1783270095.119
1783270096,7848.7,7848.7,7848.7,1783270096.135
1783270097,7848.8,7848.8,7848.8,1783270097.121
1783270098,7848.9,7848.9,7848.9,1783270098.145
1783270099,7848.8,7848.8,7848.8,1783270099.110
1783270100,7848.9,7848.9,7848.9,1783270100.148
1783270101,7849,7849,7849,1783270101.114
1783270102,7849.1,7849.1,7849.1,1783270102.139
1783270103,7849,7849,7849,1783270103.113
1783270104,7848.9,7848.9,7848.9,1783270104.135
1783270105,7849,7849,7849,1783270105.111
1783270106,7849.1,7849.1,7849.1,1783270106.131
1783270107,7849.2,7849.2,7849.2,1783270107.123
1783270108,7849.1,7849.1,7849.1,1783270108.153
1783270109,7849,7849,7849,1783270109.117
1783270110,7848.9,7848.9,7848.9,1783270110.136
1783270111,7848.8,7848.8,7848.8,1783270111.112
1783270112,7848.7,7848.7,7848.7,1783270112.147
1783270113,7848.6,7848.6,7848.6,1783270113.131
1783270114,7848.7,7848.7,7848.7,1783270114.131
1783270115,7848.6,7848.6,7848.6,1783270115.120
1783270116,7848.5,7848.5,7848.5,1783270116.147
1783270117,7848.4,7848.4,7848.4,1783270117.112
1783270118,7848.3,7848.3,7848.3,1783270118.205
1783270119,7848.4,7848.4,7848.4,1783270119.137
1783270120,7848.3,7848.3,7848.3,1783270120.142
1783270121,7848.2,7848.2,7848.2,1783270121.109
1783270122,7848.3,7848.3,7848.3,1783270122.137
1783270123,7848.4,7848.4,7848.4,1783270123.119
1783270124,7848.5,7848.5,7848.5,1783270124.133
1783270125,7848.6,7848.6,7848.6,1783270125.122
1783270126,7848.5,7848.5,7848.5,1783270126.153
1783270127,7848.6,7848.6,7848.6,1783270127.112
1783270128,7848.7,7848.7,7848.7,1783270128.165
1783270129,7848.8,7848.8,7848.8,1783270129.112
1783270130,7848.9,7848.9,7848.9,1783270130.149
1783270131,7848.8,7848.8,7848.8,1783270131.116
1783270132,7848.9,7848.9,7848.9,1783270132.149
1783270133,7848.8,7848.8,7848.8,1783270133.115
1783270134,7848.7,7848.7,7848.7,1783270134.146
1783270135,7848.8,7848.8,7848.8,1783270135.114
1783270136,7848.7,7848.7,7848.7,1783270136.141
1783270137,7848.8,7848.8,7848.8,1783270137.112
1783270138,7848.9,7848.9,7848.9,1783270138.162
1783270139,7848.8,7848.8,7848.8,1783270139.112
1783270140,7848.7,7848.7,7848.7,1783270140.151
1783270141,7848.6,7848.6,7848.6,1783270141.119
1783270142,7848.5,7848.5,7848.5,1783270142.141
1783270143,7848.6,7848.6,7848.6,1783270143.124
1783270144,7848.5,7848.5,7848.5,1783270144.150
1783270145,7848.6,7848.6,7848.6,1783270145.134
1783270146,7848.5,7848.5,7848.5,1783270146.149
1783270147,7848.6,7848.6,7848.6,1783270147.125
1783270148,7848.5,7848.5,7848.5,1783270148.213
1783270149,7848.4,7848.4,7848.4,1783270149.116
1783270150,7848.3,7848.3,7848.3,1783270150.129
1783270151,7848.2,7848.2,7848.2,1783270151.123
1783270152,7848.3,7848.3,7848.3,1783270152.134
1783270153,7848.2,7848.2,7848.2,1783270153.132
1783270154,7848.3,7848.3,7848.3,1783270154.128
1783270155,7848.4,7848.4,7848.4,1783270155.132
1783270156,7848.3,7848.3,7848.3,1783270156.142
1783270157,7848.2,7848.2,7848.2,1783270157.118
1783270158,7848.1,7848.1,7848.1,1783270158.141
1783270159,7848.2,7848.2,7848.2,1783270159.134
1783270160,7848.1,7848.1,7848.1,1783270160.153
1783270161,7848,7848,7848,1783270161.114
1783270162,7847.9,7847.9,7847.9,1783270162.128
1783270163,7848,7848,7848,1783270163.112
1783270164,7848.1,7848.1,7848.1,1783270164.123
1783270165,7848.2,7848.2,7848.2,1783270165.119
1783270166,7848.1,7848.1,7848.1,1783270166.130
1783270167,7848,7848,7848,1783270167.106
1783270168,7848.1,7848.1,7848.1,1783270168.145
1783270169,7848.2,7848.2,7848.2,1783270169.114
1783270170,7848.3,7848.3,7848.3,1783270170.143
1783270171,7848.4,7848.4,7848.4,1783270171.121
1783270172,7848.3,7848.3,7848.3,1783270172.137
1783270173,7848.4,7848.4,7848.4,1783270173.119
1783270174,7848.3,7848.3,7848.3,1783270174.248
1783270175,7848.2,7848.2,7848.2,1783270175.117
1783270176,7848.1,7848.1,7848.1,1783270176.152
1783270177,7848,7848,7848,1783270177.111
1783270178,7848.1,7848.1,7848.1,1783270178.124
1783270179,7848.2,7848.2,7848.2,1783270179.128
1783270180,7848.1,7848.1,7848.1,1783270180.139
1783270181,7848.2,7848.2,7848.2,1783270181.110
1783270182,7848.1,7848.1,7848.1,1783270182.143
1783270183,7848,7848,7848,1783270183.118
1783270184,7847.9,7847.9,7847.9,1783270184.149
1783270185,7848,7848,7848,1783270185.121
1783270186,7848.1,7848.1,7848.1,1783270186.136
1783270187,7848.2,7848.2,7848.2,1783270187.111
1783270188,7848.3,7848.3,7848.3,1783270188.139
1783270189,7848.2,7848.2,7848.2,1783270189.125
1783270190,7848.3,7848.3,7848.3,1783270190.166
1783270191,7848.2,7848.2,7848.2,1783270191.103
1783270192,7848.1,7848.1,7848.1,1783270192.136
1783270193,7848,7848,7848,1783270193.110
1783270194,7847.9,7847.9,7847.9,1783270194.138
1783270195,7848,7848,7848,1783270195.111
1783270196,7847.9,7847.9,7847.9,1783270196.141
1783270197,7848,7848,7848,1783270197.118
1783270198,7848.1,7848.1,7848.1,1783270198.121
1783270199,7848.2,7848.2,7848.2,1783270199.128
1783270200,7848.1,7848.1,7848.1,1783270200.164
1783270201,7848,7848,7848,1783270201.148
1783270202,7847.9,7847.9,7847.9,1783270202.237
1783270203,7848,7848,7848,1783270203.196
1783270204,7847.9,7847.9,7847.9,1783270204.312
1783270205,7847.8,7847.8,7847.8,1783270205.159
1783270206,7847.7,7847.7,7847.7,1783270206.132
1783270207,7847.6,7847.6,7847.6,1783270207.120
1783270208,7847.7,7847.7,7847.7,1783270208.123
1783270209,7847.8,7847.8,7847.8,1783270209.122
1783270210,7847.7,7847.7,7847.7,1783270210.145
1783270211,7847.8,7847.8,7847.8,1783270211.113
1783270212,7847.7,7847.7,7847.7,1783270212.151
1783270213,7847.6,7847.6,7847.6,1783270213.122
1783270214,7847.5,7847.5,7847.5,1783270214.124
1783270215,7847.4,7847.4,7847.4,1783270215.120
1783270216,7847.3,7847.3,7847.3,1783270216.163
1783270217,7847.2,7847.2,7847.2,1783270217.115
1783270218,7847.3,7847.3,7847.3,1783270218.132
1783270219,7847.4,7847.4,7847.4,1783270219.115
1783270220,7847.5,7847.5,7847.5,1783270220.139
1783270221,7847.4,7847.4,7847.4,1783270221.116
1783270222,7847.3,7847.3,7847.3,1783270222.157
1783270223,7847.4,7847.4,7847.4,1783270223.122
1783270224,7847.3,7847.3,7847.3,1783270224.143
1783270225,7847.2,7847.2,7847.2,1783270225.127
1783270226,7847.3,7847.3,7847.3,1783270226.149
1783270227,7847.4,7847.4,7847.4,1783270227.119
1783270228,7847.5,7847.5,7847.5,1783270228.146
1783270229,7847.4,7847.4,7847.4,1783270229.117
1783270230,7847.3,7847.3,7847.3,1783270230.147
1783270231,7847.4,7847.4,7847.4,1783270231.119
1783270232,7847.5,7847.5,7847.5,1783270232.155
1783270233,7847.6,7847.6,7847.6,1783270233.117
1783270234,7847.7,7847.7,7847.7,1783270234.145
1783270235,7847.6,7847.6,7847.6,1783270235.118
1783270236,7847.7,7847.7,7847.7,1783270236.130
1783270237,7847.6,7847.6,7847.6,1783270237.112
1783270238,7847.7,7847.7,7847.7,1783270238.244
1783270239,7847.6,7847.6,7847.6,1783270239.113
1783270240,7847.7,7847.7,7847.7,1783270240.150
1783270241,7847.6,7847.6,7847.6,1783270241.114
1783270242,7847.7,7847.7,7847.7,1783270242.164
1783270243,7847.8,7847.8,7847.8,1783270243.127
1783270244,7847.9,7847.9,7847.9,1783270244.147
1783270245,7847.8,7847.8,7847.8,1783270245.111
1783270246,7847.7,7847.7,7847.7,1783270246.157
1783270247,7847.8,7847.8,7847.8,1783270247.109
1783270248,7847.9,7847.9,7847.9,1783270248.148
1783270249,7847.8,7847.8,7847.8,1783270249.139
1783270250,7847.9,7847.9,7847.9,1783270250.161
1783270251,7847.8,7847.8,7847.8,1783270251.130
1783270252,7847.9,7847.9,7847.9,1783270252.143
1783270253,7848,7848,7848,1783270253.124
1783270254,7848.1,7848.1,7848.1,1783270254.137
1783270255,7848.2,7848.2,7848.2,1783270255.103
1783270256,7848.1,7848.1,7848.1,1783270256.140
1783270257,7848,7848,7848,1783270257.113
1783270258,7848.1,7848.1,7848.1,1783270258.152
1783270259,7848,7848,7848,1783270259.117
1783270260,7847.9,7847.9,7847.9,1783270260.183
1783270261,7847.8,7847.8,7847.8,1783270261.128
1783270262,7847.7,7847.7,7847.7,1783270262.211
1783270263,7847.8,7847.8,7847.8,1783270263.141
1783270264,7847.7,7847.7,7847.7,1783270264.126
1783270265,7847.8,7847.8,7847.8,1783270265.113
1783270266,7847.7,7847.7,7847.7,1783270266.124
1783270267,7847.6,7847.6,7847.6,1783270267.107
1783270268,7847.7,7847.7,7847.7,1783270268.162
1783270269,7847.6,7847.6,7847.6,1783270269.123
1783270270,7847.5,7847.5,7847.5,1783270270.140
1783270271,7847.6,7847.6,7847.6,1783270271.132
1783270272,7847.7,7847.7,7847.7,1783270272.130
1783270273,7847.6,7847.6,7847.6,1783270273.156
1783270274,7847.5,7847.5,7847.5,1783270274.140
1783270275,7847.4,7847.4,7847.4,1783270275.120
1783270276,7847.3,7847.3,7847.3,1783270276.135
1783270277,7847.2,7847.2,7847.2,1783270277.106
1783270278,7847.1,7847.1,7847.1,1783270278.162
1783270279,7847.2,7847.2,7847.2,1783270279.110
1783270280,7847.1,7847.1,7847.1,1783270280.140
1783270281,7847,7847,7847,1783270281.114
1783270282,7846.9,7846.9,7846.9,1783270282.150
1783270283,7847,7847,7847,1783270283.115
1783270284,7846.9,7846.9,7846.9,1783270284.168
1783270285,7846.8,7846.8,7846.8,1783270285.118
1783270286,7846.7,7846.7,7846.7,1783270286.128
1783270287,7846.8,7846.8,7846.8,1783270287.114
1783270288,7846.7,7846.7,7846.7,1783270288.127
1783270289,7846.8,7846.8,7846.8,1783270289.161
1783270290,7846.9,7846.9,7846.9,1783270290.139
1783270291,7846.8,7846.8,7846.8,1783270291.116
1783270292,7846.7,7846.7,7846.7,1783270292.143
1783270293,7846.6,7846.6,7846.6,1783270293.119
1783270294,7846.7,7846.7,7846.7,1783270294.124
1783270295,7846.8,7846.8,7846.8,1783270295.128
1783270296,7846.7,7846.7,7846.7,1783270296.137
1783270297,7846.8,7846.8,7846.8,1783270297.113
1783270298,7846.9,7846.9,7846.9,1783270298.204
1783270299,7846.8,7846.8,7846.8,1783270299.108
1783270300,7846.9,7846.9,7846.9,1783270300.145
1783270301,7846.8,7846.8,7846.8,1783270301.110
1783270302,7846.7,7846.7,7846.7,1783270302.153
1783270303,7846.8,7846.8,7846.8,1783270303.106
1783270304,7846.9,7846.9,7846.9,1783270304.124
1783270305,7846.8,7846.8,7846.8,1783270305.118
1783270306,7846.7,7846.7,7846.7,1783270306.140
1783270307,7846.8,7846.8,7846.8,1783270307.105
1783270308,7846.9,7846.9,7846.9,1783270308.144
1783270309,7847,7847,7847,1783270309.120
1783270310,7846.9,7846.9,7846.9,1783270310.164
1783270311,7847,7847,7847,1783270311.120
1783270312,7847.1,7847.1,7847.1,1783270312.128
1783270313,7847.2,7847.2,7847.2,1783270313.115
1783270314,7847.3,7847.3,7847.3,1783270314.128
1783270315,7847.2,7847.2,7847.2,1783270315.117
1783270316,7847.1,7847.1,7847.1,1783270316.146
1783270317,7847.2,7847.2,7847.2,1783270317.119
1783270318,7847.3,7847.3,7847.3,1783270318.126
1783270319,7847.2,7847.2,7847.2,1783270319.115
1783270320,7847.3,7847.3,7847.3,1783270320.151
1783270321,7847.4,7847.4,7847.4,1783270321.112
1783270322,7847.5,7847.5,7847.5,1783270322.607
1783270323,7847.6,7847.6,7847.6,1783270323.469
1783270324,7847.7,7847.7,7847.7,1783270325.021
1783270325,7847.6,7847.6,7847.6,1783270325.882
1783270326,7847.7,7847.7,7847.7,1783270326.148
1783270327,7847.6,7847.6,7847.6,1783270327.108
1783270328,7847.7,7847.7,7847.7,1783270328.126
1783270329,7847.6,7847.6,7847.6,1783270329.108
1783270330,7847.7,7847.7,7847.7,1783270330.142
1783270331,7847.6,7847.6,7847.6,1783270331.137
1783270332,7847.7,7847.7,7847.7,1783270332.156
1783270333,7847.8,7847.8,7847.8,1783270333.124
1783270334,7847.7,7847.7,7847.7,1783270334.144
1783270335,7847.6,7847.6,7847.6,1783270335.107
1783270336,7847.5,7847.5,7847.5,1783270336.164
1783270337,7847.6,7847.6,7847.6,1783270337.106
1783270338,7847.5,7847.5,7847.5,1783270338.125
1783270339,7847.6,7847.6,7847.6,1783270339.107
1783270340,7847.7,7847.7,7847.7,1783270340.149
1783270341,7847.6,7847.6,7847.6,1783270341.115
1783270342,7847.7,7847.7,7847.7,1783270342.120
1783270343,7847.6,7847.6,7847.6,1783270343.119
1783270344,7847.5,7847.5,7847.5,1783270344.123
1783270345,7847.4,7847.4,7847.4,1783270345.108
1783270346,7847.5,7847.5,7847.5,1783270346.143
1783270347,7847.4,7847.4,7847.4,1783270347.110
1783270348,7847.5,7847.5,7847.5,1783270348.131
1783270349,7847.6,7847.6,7847.6,1783270349.116
1783270350,7847.5,7847.5,7847.5,1783270350.130
1783270351,7847.6,7847.6,7847.6,1783270351.107
1783270352,7847.5,7847.5,7847.5,1783270352.187
1783270353,7847.6,7847.6,7847.6,1783270353.128
1783270354,7847.7,7847.7,7847.7,1783270354.139
1783270355,7847.8,7847.8,7847.8,1783270355.114
1783270356,7847.7,7847.7,7847.7,1783270356.131
1783270357,7847.6,7847.6,7847.6,1783270357.146
1783270358,7847.5,7847.5,7847.5,1783270358.200
1783270359,7847.4,7847.4,7847.4,1783270359.115
1783270360,7847.5,7847.5,7847.5,1783270360.124
1783270361,7847.4,7847.4,7847.4,1783270361.118
1783270362,7847.5,7847.5,7847.5,1783270362.134
1783270363,7847.6,7847.6,7847.6,1783270363.118
1783270364,7847.5,7847.5,7847.5,1783270364.146
1783270365,7847.6,7847.6,7847.6,1783270365.116
1783270366,7847.5,7847.5,7847.5,1783270366.133
1783270367,7847.4,7847.4,7847.4,1783270367.117
1783270368,7847.3,7847.3,7847.3,1783270368.125
1783270369,7847.4,7847.4,7847.4,1783270369.119
1783270370,7847.5,7847.5,7847.5,1783270370.147
1783270371,7847.6,7847.6,7847.6,1783270371.122
1783270372,7847.7,7847.7,7847.7,1783270372.120
1783270373,7847.6,7847.6,7847.6,1783270373.111
1783270374,7847.5,7847.5,7847.5,1783270374.123
1783270375,7847.4,7847.4,7847.4,1783270375.114
1783270376,7847.3,7847.3,7847.3,1783270376.130
1783270377,7847.2,7847.2,7847.2,1783270377.106
1783270378,7847.3,7847.3,7847.3,1783270378.164
1783270379,7847.2,7847.2,7847.2,1783270379.111
1783270380,7847.1,7847.1,7847.1,1783270380.152
1783270381,7847.2,7847.2,7847.2,1783270381.147
1783270382,7847.3,7847.3,7847.3,1783270382.234
1783270383,7847.4,7847.4,7847.4,1783270383.273
1783270384,7847.3,7847.3,7847.3,1783270384.168
1783270385,7847.2,7847.2,7847.2,1783270385.120
1783270386,7847.1,7847.1,7847.1,1783270386.135
1783270387,7847.2,7847.2,7847.2,1783270387.112
1783270388,7847.3,7847.3,7847.3,1783270388.124
1783270389,7847.4,7847.4,7847.4,1783270389.112
1783270390,7847.3,7847.3,7847.3,1783270390.141
1783270391,7847.4,7847.4,7847.4,1783270391.113
1783270392,7847.3,7847.3,7847.3,1783270392.141
1783270393,7847.4,7847.4,7847.4,1783270393.106
1783270394,7847.3,7847.3,7847.3,1783270394.130
1783270395,7847.2,7847.2,7847.2,1783270395.127
1783270396,7847.1,7847.1,7847.1,1783270396.120
1783270397,7847.2,7847.2,7847.2,1783270397.113
1783270398,7847.3,7847.3,7847.3,1783270398.133
1783270399,7847.2,7847.2,7847.2,1783270399.103
1783270400,7847.1,7847.1,7847.1,1783270400.120
1783270401,7847.2,7847.2,7847.2,1783270401.108
1783270402,7847.1,7847.1,7847.1,1783270402.119
1783270403,7847,7847,7847,1783270403.108
1783270404,7847.1,7847.1,7847.1,1783270404.120
1783270405,7847,7847,7847,1783270405.110
1783270406,7847.1,7847.1,7847.1,1783270406.141
1783270407,7847,7847,7847,1783270407.104
1783270408,7846.9,7846.9,7846.9,1783270408.119
1783270409,7846.8,7846.8,7846.8,1783270409.110
1783270410,7846.7,7846.7,7846.7,1783270410.136
1783270411,7846.8,7846.8,7846.8,1783270411.108
1783270412,7846.7,7846.7,7846.7,1783270412.125
1783270413,7846.6,7846.6,7846.6,1783270413.117
1783270414,7846.7,7846.7,7846.7,1783270414.138
1783270415,7846.6,7846.6,7846.6,1783270415.105
1783270416,7846.7,7846.7,7846.7,1783270416.141
1783270417,7846.6,7846.6,7846.6,1783270417.122
1783270418,7846.5,7846.5,7846.5,1783270418.130
1783270419,7846.4,7846.4,7846.4,1783270419.111
1783270420,7846.3,7846.3,7846.3,1783270420.144
1783270421,7846.2,7846.2,7846.2,1783270421.117
1783270422,7846.1,7846.1,7846.1,1783270422.181
1783270423,7846,7846,7846,1783270423.119
1783270424,7845.9,7845.9,7845.9,1783270424.151
1783270425,7845.8,7845.8,7845.8,1783270425.121
1783270426,7845.9,7845.9,7845.9,1783270426.129
1783270427,7846,7846,7846,1783270427.119
1783270428,7845.9,7845.9,7845.9,1783270428.138
1783270429,7846,7846,7846,1783270429.115
1783270430,7845.9,7845.9,7845.9,1783270430.134
1783270431,7846,7846,7846,1783270431.113
1783270432,7845.9,7845.9,7845.9,1783270432.126
1783270433,7846,7846,7846,1783270433.117
1783270434,7845.9,7845.9,7845.9,1783270434.132
1783270435,7846,7846,7846,1783270435.118
1783270436,7846.1,7846.1,7846.1,1783270436.131
1783270437,7846.2,7846.2,7846.2,1783270437.118
1783270438,7846.1,7846.1,7846.1,1783270438.130
1783270439,7846,7846,7846,1783270439.113
1783270440,7846.1,7846.1,7846.1,1783270440.154
1783270441,7846,7846,7846,1783270441.123
1783270442,7846.1,7846.1,7846.1,1783270442.153
1783270443,7846,7846,7846,1783270443.195
1783270444,7845.9,7845.9,7845.9,1783270444.215
1783270445,7846,7846,7846,1783270445.116
1783270446,7845.9,7845.9,7845.9,1783270446.124
1783270447,7846,7846,7846,1783270447.107
1783270448,7846.1,7846.1,7846.1,1783270448.122
1783270449,7846,7846,7846,1783270449.129
1783270450,7845.9,7845.9,7845.9,1783270450.129
1783270451,7845.8,7845.8,7845.8,1783270451.113
1783270452,7845.7,7845.7,7845.7,1783270452.142
1783270453,7845.6,7845.6,7845.6,1783270453.122
1783270454,7845.5,7845.5,7845.5,1783270454.126
1783270455,7845.4,7845.4,7845.4,1783270455.109
1783270456,7845.3,7845.3,7845.3,1783270456.122
1783270457,7845.2,7845.2,7845.2,1783270457.104
1783270458,7845.1,7845.1,7845.1,1783270458.132
1783270459,7845.2,7845.2,7845.2,1783270459.128
1783270460,7845.3,7845.3,7845.3,1783270460.125
1783270461,7845.4,7845.4,7845.4,1783270461.106
1783270462,7845.3,7845.3,7845.3,1783270462.162
1783270463,7845.4,7845.4,7845.4,1783270463.114
1783270464,7845.3,7845.3,7845.3,1783270464.122
1783270465,7845.2,7845.2,7845.2,1783270465.124
1783270466,7845.1,7845.1,7845.1,1783270466.138
1783270467,7845,7845,7845,1783270467.125
1783270468,7845.1,7845.1,7845.1,1783270468.154
1783270469,7845,7845,7845,1783270469.112
1783270470,7845.1,7845.1,7845.1,1783270470.133
1783270471,7845.2,7845.2,7845.2,1783270471.105
1783270472,7845.1,7845.1,7845.1,1783270472.133
1783270473,7845.2,7845.2,7845.2,1783270473.110
1783270474,7845.3,7845.3,7845.3,1783270474.138
1783270475,7845.2,7845.2,7845.2,1783270475.123
1783270476,7845.3,7845.3,7845.3,1783270476.125
1783270477,7845.4,7845.4,7845.4,1783270477.109
1783270478,7845.3,7845.3,7845.3,1783270478.125
1783270479,7845.4,7845.4,7845.4,1783270479.106
1783270480,7845.3,7845.3,7845.3,1783270480.145
1783270481,7845.2,7845.2,7845.2,1783270481.108
1783270482,7845.1,7845.1,7845.1,1783270482.119
1783270483,7845.2,7845.2,7845.2,1783270483.120
1783270484,7845.1,7845.1,7845.1,1783270484.138
1783270485,7845.2,7845.2,7845.2,1783270485.107
1783270486,7845.1,7845.1,7845.1,1783270486.131
1783270487,7845.2,7845.2,7845.2,1783270487.111
1783270488,7845.3,7845.3,7845.3,1783270488.133
1783270489,7845.4,7845.4,7845.4,1783270489.105
1783270490,7845.3,7845.3,7845.3,1783270490.120
1783270491,7845.2,7845.2,7845.2,1783270491.119
1783270492,7845.1,7845.1,7845.1,1783270492.124
1783270493,7845.2,7845.2,7845.2,1783270493.110
1783270494,7845.1,7845.1,7845.1,1783270494.124
1783270495,7845.2,7845.2,7845.2,1783270495.128
1783270496,7845.1,7845.1,7845.1,1783270496.131
1783270497,7845,7845,7845,1783270497.108
1783270498,7845.1,7845.1,7845.1,1783270498.126
1783270499,7845.2,7845.2,7845.2,1783270499.129
1783270500,7845.1,7845.1,7845.1,1783270500.133
1783270501,7845.2,7845.2,7845.2,1783270501.105
1783270502,7845.3,7845.3,7845.3,1783270502.150
1783270503,7845.2,7845.2,7845.2,1783270503.120
1783270504,7845.3,7845.3,7845.3,1783270504.181
1783270505,7845.2,7845.2,7845.2,1783270505.138
1783270506,7845.3,7845.3,7845.3,1783270506.124
1783270507,7845.4,7845.4,7845.4,1783270507.114
1783270508,7845.3,7845.3,7845.3,1783270508.125
1783270509,7845.4,7845.4,7845.4,1783270509.113
1783270510,7845.5,7845.5,7845.5,1783270510.124
1783270511,7845.6,7845.6,7845.6,1783270511.105
1783270512,7845.7,7845.7,7845.7,1783270512.130
1783270513,7845.6,7845.6,7845.6,1783270513.111
1783270514,7845.5,7845.5,7845.5,1783270514.142
1783270515,7845.4,7845.4,7845.4,1783270515.115
1783270516,7845.5,7845.5,7845.5,1783270516.128
1783270517,7845.4,7845.4,7845.4,1783270517.115
1783270518,7845.5,7845.5,7845.5,1783270518.125
1783270519,7845.6,7845.6,7845.6,1783270519.127
1783270520,7845.5,7845.5,7845.5,1783270520.118
1783270521,7845.4,7845.4,7845.4,1783270521.114
1783270522,7845.5,7845.5,7845.5,1783270522.127
1783270523,7845.4,7845.4,7845.4,1783270523.124
1783270524,7845.3,7845.3,7845.3,1783270524.133
1783270525,7845.2,7845.2,7845.2,1783270525.143
1783270526,7845.3,7845.3,7845.3,1783270526.146
1783270527,7845.2,7845.2,7845.2,1783270527.104
1783270528,7845.3,7845.3,7845.3,1783270528.131
1783270529,7845.2,7845.2,7845.2,1783270529.108
1783270530,7845.3,7845.3,7845.3,1783270530.142
1783270531,7845.2,7845.2,7845.2,1783270531.111
1783270532,7845.3,7845.3,7845.3,1783270532.124
1783270533,7845.2,7845.2,7845.2,1783270533.114
1783270534,7845.3,7845.3,7845.3,1783270534.133
1783270535,7845.4,7845.4,7845.4,1783270535.108
1783270536,7845.5,7845.5,7845.5,1783270536.120
1783270537,7845.4,7845.4,7845.4,1783270537.115
1783270538,7845.5,7845.5,7845.5,1783270538.245
1783270539,7845.6,7845.6,7845.6,1783270539.114
1783270540,7845.7,7845.7,7845.7,1783270540.142
1783270541,7845.8,7845.8,7845.8,1783270541.127
1783270542,7845.7,7845.7,7845.7,1783270542.124
1783270543,7845.8,7845.8,7845.8,1783270543.107
1783270544,7845.7,7845.7,7845.7,1783270544.129
1783270545,7845.8,7845.8,7845.8,1783270545.114
1783270546,7845.9,7845.9,7845.9,1783270546.128
1783270547,7845.8,7845.8,7845.8,1783270547.103
1783270548,7845.9,7845.9,7845.9,1783270548.123
1783270549,7845.8,7845.8,7845.8,1783270549.102
1783270550,7845.7,7845.7,7845.7,1783270550.128
1783270551,7845.8,7845.8,7845.8,1783270551.116
1783270552,7845.9,7845.9,7845.9,1783270552.122
1783270553,7845.8,7845.8,7845.8,1783270553.104
1783270554,7845.9,7845.9,7845.9,1783270554.137
1783270555,7845.8,7845.8,7845.8,1783270555.109
1783270556,7845.7,7845.7,7845.7,1783270556.123
1783270557,7845.8,7845.8,7845.8,1783270557.117
1783270558,7845.9,7845.9,7845.9,1783270558.127
1783270559,7846,7846,7846,1783270559.119
1783270560,7845.9,7845.9,7845.9,1783270560.163
1783270561,7845.8,7845.8,7845.8,1783270561.117
1783270562,7845.7,7845.7,7845.7,1783270562.280
1783270563,7845.8,7845.8,7845.8,1783270563.304
1783270564,7845.7,7845.7,7845.7,1783270564.144
1783270565,7845.6,7845.6,7845.6,1783270565.112
1783270566,7845.5,7845.5,7845.5,1783270566.116
1783270567,7845.4,7845.4,7845.4,1783270567.106
1783270568,7845.3,7845.3,7845.3,1783270568.118
1783270569,7845.4,7845.4,7845.4,1783270569.106
1783270570,7845.5,7845.5,7845.5,1783270570.120
1783270571,7845.6,7845.6,7845.6,1783270571.106
1783270572,7845.5,7845.5,7845.5,1783270572.120
1783270573,7845.4,7845.4,7845.4,1783270573.120
1783270574,7845.5,7845.5,7845.5,1783270574.123
1783270575,7845.6,7845.6,7845.6,1783270575.108
1783270576,7845.5,7845.5,7845.5,1783270576.166
1783270577,7845.6,7845.6,7845.6,1783270577.113
1783270578,7845.7,7845.7,7845.7,1783270578.140
1783270579,7845.6,7845.6,7845.6,1783270579.107
1783270580,7845.7,7845.7,7845.7,1783270580.120
1783270581,7845.6,7845.6,7845.6,1783270581.107
1783270582,7845.5,7845.5,7845.5,1783270582.126
1783270583,7845.6,7845.6,7845.6,1783270583.119
1783270584,7845.5,7845.5,7845.5,1783270584.122
1783270585,7845.4,7845.4,7845.4,1783270585.109
1783270586,7845.5,7845.5,7845.5,1783270586.128
1783270587,7845.4,7845.4,7845.4,1783270587.112
1783270588,7845.5,7845.5,7845.5,1783270588.182
1783270589,7845.4,7845.4,7845.4,1783270589.116
1783270590,7845.3,7845.3,7845.3,1783270590.124
1783270591,7845.2,7845.2,7845.2,1783270591.109
1783270592,7845.1,7845.1,7845.1,1783270592.126
1783270593,7845,7845,7845,1783270593.117
1783270594,7845.1,7845.1,7845.1,1783270594.129
1783270595,7845,7845,7845,1783270595.111
1783270596,7845.1,7845.1,7845.1,1783270596.133
1783270597,7845,7845,7845,1783270597.127
1783270598,7844.9,7844.9,7844.9,1783270598.201
1783270599,7845,7845,7845,1783270599.117
1783270600,7844.9,7844.9,7844.9,1783270600.126
1783270601,7845,7845,7845,1783270601.107
1783270602,7844.9,7844.9,7844.9,1783270602.131
1783270603,7844.8,7844.8,7844.8,1783270603.121
1783270604,7844.9,7844.9,7844.9,1783270604.130
1783270605,7844.8,7844.8,7844.8,1783270605.111
1783270606,7844.9,7844.9,7844.9,1783270606.122
1783270607,7845,7845,7845,1783270607.106
1783270608,7845.1,7845.1,7845.1,1783270608.141
1783270609,7845.2,7845.2,7845.2,1783270609.120
1783270610,7845.1,7845.1,7845.1,1783270610.147
1783270611,7845,7845,7845,1783270611.112
1783270612,7844.9,7844.9,7844.9,1783270612.123
1783270613,7845,7845,7845,1783270613.109
1783270614,7844.9,7844.9,7844.9,1783270614.127
1783270615,7844.8,7844.8,7844.8,1783270615.127
1783270616,7844.7,7844.7,7844.7,1783270616.132
1783270617,7844.6,7844.6,7844.6,1783270617.113
1783270618,7844.5,7844.5,7844.5,1783270618.144
1783270619,7844.6,7844.6,7844.6,1783270619.127
1783270620,7844.5,7844.5,7844.5,1783270620.131
1783270621,7844.6,7844.6,7844.6,1783270621.112
1783270622,7844.5,7844.5,7844.5,1783270622.231
1783270623,7844.6,7844.6,7844.6,1783270623.128
1783270624,7844.7,7844.7,7844.7,1783270624.140
1783270625,7844.8,7844.8,7844.8,1783270625.128
1783270626,7844.7,7844.7,7844.7,1783270626.127
1783270627,7844.8,7844.8,7844.8,1783270627.164
1783270628,7844.9,7844.9,7844.9,1783270628.244
1783270629,7845,7845,7845,1783270629.120
1783270630,7845.1,7845.1,7845.1,1783270630.146
1783270631,7845.2,7845.2,7845.2,1783270631.116
1783270632,7845.1,7845.1,7845.1,1783270632.126
1783270633,7845,7845,7845,1783270633.113
1783270634,7845.1,7845.1,7845.1,1783270634.133
1783270635,7845,7845,7845,1783270635.121
1783270636,7844.9,7844.9,7844.9,1783270636.136
1783270637,7845,7845,7845,1783270637.113
1783270638,7844.9,7844.9,7844.9,1783270638.130
1783270639,7844.8,7844.8,7844.8,1783270639.127
1783270640,7844.7,7844.7,7844.7,1783270640.137
1783270641,7844.6,7844.6,7844.6,1783270641.114
1783270642,7844.5,7844.5,7844.5,1783270642.137
1783270643,7844.6,7844.6,7844.6,1783270643.117
1783270644,7844.7,7844.7,7844.7,1783270644.168
1783270645,7844.6,7844.6,7844.6,1783270645.122
1783270646,7844.7,7844.7,7844.7,1783270646.129
1783270647,7844.8,7844.8,7844.8,1783270647.124
1783270648,7844.7,7844.7,7844.7,1783270648.145
1783270649,7844.6,7844.6,7844.6,1783270649.132
1783270650,7844.5,7844.5,7844.5,1783270650.155
1783270651,7844.4,7844.4,7844.4,1783270651.116
1783270652,7844.5,7844.5,7844.5,1783270652.131
1783270653,7844.4,7844.4,7844.4,1783270653.111
1783270654,7844.3,7844.3,7844.3,1783270654.128
1783270655,7844.2,7844.2,7844.2,1783270655.119
1783270656,7844.1,7844.1,7844.1,1783270656.132
1783270657,7844.2,7844.2,7844.2,1783270657.123
1783270658,7844.3,7844.3,7844.3,1783270658.203
1783270659,7844.2,7844.2,7844.2,1783270659.125
1783270660,7844.3,7844.3,7844.3,1783270660.480
1783270661,7844.2,7844.2,7844.2,1783270661.544
1783270662,7844.3,7844.3,7844.3,1783270662.130
1783270663,7844.2,7844.2,7844.2,1783270663.113
1783270664,7844.3,7844.3,7844.3,1783270664.137
1783270665,7844.2,7844.2,7844.2,1783270665.112
1783270666,7844.3,7844.3,7844.3,1783270666.122
1783270667,7844.2,7844.2,7844.2,1783270667.122
1783270668,7844.3,7844.3,7844.3,1783270668.139
1783270669,7844.2,7844.2,7844.2,1783270669.118
1783270670,7844.3,7844.3,7844.3,1783270670.167
1783270671,7844.2,7844.2,7844.2,1783270671.119
1783270672,7844.3,7844.3,7844.3,1783270672.148
1783270673,7844.4,7844.4,7844.4,1783270673.117
1783270674,7844.3,7844.3,7844.3,1783270674.143
1783270675,7844.4,7844.4,7844.4,1783270675.121
1783270676,7844.5,7844.5,7844.5,1783270676.132
1783270677,7844.6,7844.6,7844.6,1783270677.115
1783270678,7844.7,7844.7,7844.7,1783270678.151
1783270679,7844.6,7844.6,7844.6,1783270679.122
1783270680,7844.5,7844.5,7844.5,1783270680.151
1783270681,7844.6,7844.6,7844.6,1783270681.116
1783270682,7844.5,7844.5,7844.5,1783270682.142
1783270683,7844.4,7844.4,7844.4,1783270683.173
1783270684,7844.5,7844.5,7844.5,1783270684.175
1783270685,7844.6,7844.6,7844.6,1783270685.110
1783270686,7844.7,7844.7,7844.7,1783270686.133
1783270687,7844.6,7844.6,7844.6,1783270687.113
1783270688,7844.5,7844.5,7844.5,1783270688.202
1783270689,7844.4,7844.4,7844.4,1783270689.123
1783270690,7844.3,7844.3,7844.3,1783270690.149
1783270691,7844.4,7844.4,7844.4,1783270691.114
1783270692,7844.3,7844.3,7844.3,1783270692.143
1783270693,7844.4,7844.4,7844.4,1783270693.120
1783270694,7844.3,7844.3,7844.3,1783270694.146
1783270695,7844.4,7844.4,7844.4,1783270695.116
1783270696,7844.5,7844.5,7844.5,1783270696.163
1783270697,7844.4,7844.4,7844.4,1783270697.113
1783270698,7844.5,7844.5,7844.5,1783270698.203
1783270699,7844.4,7844.4,7844.4,1783270699.118
1783270700,7844.5,7844.5,7844.5,1783270700.127
1783270701,7844.6,7844.6,7844.6,1783270701.124
1783270702,7844.7,7844.7,7844.7,1783270702.149
1783270703,7844.6,7844.6,7844.6,1783270703.113
1783270704,7844.7,7844.7,7844.7,1783270704.161
1783270705,7844.8,7844.8,7844.8,1783270705.111
1783270706,7844.7,7844.7,7844.7,1783270706.137
1783270707,7844.6,7844.6,7844.6,1783270707.121
1783270708,7844.7,7844.7,7844.7,1783270708.140
1783270709,7844.6,7844.6,7844.6,1783270709.114
1783270710,7844.7,7844.7,7844.7,1783270710.147
1783270711,7844.8,7844.8,7844.8,1783270711.116
1783270712,7844.7,7844.7,7844.7,1783270712.135
1783270713,7844.6,7844.6,7844.6,1783270713.116
1783270714,7844.7,7844.7,7844.7,1783270714.150
1783270715,7844.6,7844.6,7844.6,1783270715.122
1783270716,7844.7,7844.7,7844.7,1783270716.127
1783270717,7844.8,7844.8,7844.8,1783270717.121
1783270718,7844.7,7844.7,7844.7,1783270718.202
1783270719,7844.8,7844.8,7844.8,1783270719.121
1783270720,7844.7,7844.7,7844.7,1783270720.125
1783270721,7844.6,7844.6,7844.6,1783270721.125
1783270722,7844.7,7844.7,7844.7,1783270722.136
1783270723,7844.8,7844.8,7844.8,1783270723.130
1783270724,7844.7,7844.7,7844.7,1783270724.135
1783270725,7844.8,7844.8,7844.8,1783270725.120
1783270726,7844.7,7844.7,7844.7,1783270726.133
1783270727,7844.8,7844.8,7844.8,1783270727.120
1783270728,7844.9,7844.9,7844.9,1783270728.134
1783270729,7845,7845,7845,1783270729.117
1783270730,7845.1,7845.1,7845.1,1783270730.145
1783270731,7845,7845,7845,1783270731.127
1783270732,7844.9,7844.9,7844.9,1783270732.152
1783270733,7845,7845,7845,1783270733.117
1783270734,7845.1,7845.1,7845.1,1783270734.152
1783270735,7845.2,7845.2,7845.2,1783270735.129
1783270736,7845.1,7845.1,7845.1,1783270736.163
1783270737,7845,7845,7845,1783270737.127
1783270738,7844.9,7844.9,7844.9,1783270738.163
1783270739,7844.8,7844.8,7844.8,1783270739.129
1783270740,7844.7,7844.7,7844.7,1783270740.151
1783270741,7844.6,7844.6,7844.6,1783270741.113
1783270742,7844.7,7844.7,7844.7,1783270742.363
1783270743,7844.6,7844.6,7844.6,1783270743.162
1783270744,7844.7,7844.7,7844.7,1783270744.146
1783270745,7844.6,7844.6,7844.6,1783270745.119
1783270746,7844.5,7844.5,7844.5,1783270746.134
1783270747,7844.4,7844.4,7844.4,1783270747.124
1783270748,7844.3,7844.3,7844.3,1783270748.153
1783270749,7844.2,7844.2,7844.2,1783270749.124
1783270750,7844.3,7844.3,7844.3,1783270750.131
1783270751,7844.2,7844.2,7844.2,1783270751.120
1783270752,7844.3,7844.3,7844.3,1783270752.158
1783270753,7844.2,7844.2,7844.2,1783270753.121
1783270754,7844.3,7844.3,7844.3,1783270754.141
1783270755,7844.4,7844.4,7844.4,1783270755.119
1783270756,7844.5,7844.5,7844.5,1783270756.143
1783270757,7844.4,7844.4,7844.4,1783270757.129
1783270758,7844.5,7844.5,7844.5,1783270758.137
1783270759,7844.4,7844.4,7844.4,1783270759.128
1783270760,7844.3,7844.3,7844.3,1783270760.138
1783270761,7844.4,7844.4,7844.4,1783270761.123
1783270762,7844.3,7844.3,7844.3,1783270762.163
1783270763,7844.4,7844.4,7844.4,1783270763.127
1783270764,7844.5,7844.5,7844.5,1783270764.163
1783270765,7844.6,7844.6,7844.6,1783270765.133
1783270766,7844.5,7844.5,7844.5,1783270766.142
1783270767,7844.4,7844.4,7844.4,1783270767.126
1783270768,7844.3,7844.3,7844.3,1783270768.149
1783270769,7844.4,7844.4,7844.4,1783270769.120
1783270770,7844.3,7844.3,7844.3,1783270770.139
1783270771,7844.2,7844.2,7844.2,1783270771.118
1783270772,7844.1,7844.1,7844.1,1783270772.148
1783270773,7844,7844,7844,1783270773.114
1783270774,7844.1,7844.1,7844.1,1783270774.248
1783270775,7844.2,7844.2,7844.2,1783270775.134
1783270776,7844.3,7844.3,7844.3,1783270776.136
1783270777,7844.2,7844.2,7844.2,1783270777.123
1783270778,7844.1,7844.1,7844.1,1783270778.201
1783270779,7844.2,7844.2,7844.2,1783270779.125
1783270780,7844.1,7844.1,7844.1,1783270780.171
1783270781,7844,7844,7844,1783270781.114
1783270782,7843.9,7843.9,7843.9,1783270782.148
1783270783,7844,7844,7844,1783270783.113
1783270784,7844.1,7844.1,7844.1,1783270784.147
1783270785,7844,7844,7844,1783270785.126
1783270786,7844.1,7844.1,7844.1,1783270786.140
1783270787,7844.2,7844.2,7844.2,1783270787.115
1783270788,7844.3,7844.3,7844.3,1783270788.135
1783270789,7844.4,7844.4,7844.4,1783270789.121
1783270790,7844.3,7844.3,7844.3,1783270790.148
1783270791,7844.4,7844.4,7844.4,1783270791.105
1783270792,7844.3,7844.3,7844.3,1783270792.136
1783270793,7844.2,7844.2,7844.2,1783270793.115
1783270794,7844.3,7844.3,7844.3,1783270794.142
1783270795,7844.2,7844.2,7844.2,1783270795.120
1783270796,7844.1,7844.1,7844.1,1783270796.157
1783270797,7844.2,7844.2,7844.2,1783270797.115
1783270798,7844.3,7844.3,7844.3,1783270798.148
1783270799,7844.4,7844.4,7844.4,1783270799.111
1783270800,7844.5,7844.5,7844.5,1783270800.174
1783270801,7844.4,7844.4,7844.4,1783270801.123
1783270802,7844.3,7844.3,7844.3,1783270802.192
1783270803,7844.2,7844.2,7844.2,1783270803.318
1783270804,7844.1,7844.1,7844.1,1783270804.232
1783270805,7844,7844,7844,1783270805.149
1783270806,7843.9,7843.9,7843.9,1783270806.192
1783270807,7843.8,7843.8,7843.8,1783270807.128
1783270808,7843.9,7843.9,7843.9,1783270808.201
1783270809,7844,7844,7844,1783270809.130
1783270810,7843.9,7843.9,7843.9,1783270810.143
1783270811,7844,7844,7844,1783270811.123
1783270812,7844.1,7844.1,7844.1,1783270812.153
1783270813,7844.2,7844.2,7844.2,1783270813.123
1783270814,7844.3,7844.3,7844.3,1783270814.137
1783270815,7844.4,7844.4,7844.4,1783270815.124
1783270816,7844.3,7844.3,7844.3,1783270816.128
1783270817,7844.2,7844.2,7844.2,1783270817.113
1783270818,7844.1,7844.1,7844.1,1783270818.145
1783270819,7844,7844,7844,1783270819.113
1783270820,7843.9,7843.9,7843.9,1783270820.143
1783270821,7843.8,7843.8,7843.8,1783270821.120
1783270822,7843.9,7843.9,7843.9,1783270822.143
1783270823,7844,7844,7844,1783270823.119
1783270824,7844.1,7844.1,7844.1,1783270824.169
1783270825,7844.2,7844.2,7844.2,1783270825.131
1783270826,7844.3,7844.3,7844.3,1783270826.160
1783270827,7844.2,7844.2,7844.2,1783270827.127
1783270828,7844.1,7844.1,7844.1,1783270828.137
1783270829,7844,7844,7844,1783270829.117
1783270830,7843.9,7843.9,7843.9,1783270830.146
1783270831,7844,7844,7844,1783270831.116
1783270832,7843.9,7843.9,7843.9,1783270832.145
1783270833,7843.8,7843.8,7843.8,1783270833.113
1783270834,7843.7,7843.7,7843.7,1783270834.158
1783270835,7843.8,7843.8,7843.8,1783270835.138
1783270836,7843.7,7843.7,7843.7,1783270836.151
1783270837,7843.8,7843.8,7843.8,1783270837.123
1783270838,7843.7,7843.7,7843.7,1783270838.247
1783270839,7843.6,7843.6,7843.6,1783270839.124
1783270840,7843.7,7843.7,7843.7,1783270840.136
1783270841,7843.6,7843.6,7843.6,1783270841.123
1783270842,7843.7,7843.7,7843.7,1783270842.145
1783270843,7843.6,7843.6,7843.6,1783270843.113
1783270844,7843.5,7843.5,7843.5,1783270844.161
1783270845,7843.6,7843.6,7843.6,1783270845.129
1783270846,7843.5,7843.5,7843.5,1783270846.153
1783270847,7843.6,7843.6,7843.6,1783270847.124
1783270848,7843.5,7843.5,7843.5,1783270848.181
1783270849,7843.4,7843.4,7843.4,1783270849.125
1783270850,7843.3,7843.3,7843.3,1783270850.140
1783270851,7843.4,7843.4,7843.4,1783270851.125
1783270852,7843.3,7843.3,7843.3,1783270852.132
1783270853,7843.4,7843.4,7843.4,1783270853.112
1783270854,7843.3,7843.3,7843.3,1783270854.184
1783270855,7843.2,7843.2,7843.2,1783270855.132
1783270856,7843.3,7843.3,7843.3,1783270856.143
1783270857,7843.4,7843.4,7843.4,1783270857.116
1783270858,7843.3,7843.3,7843.3,1783270858.128
1783270859,7843.4,7843.4,7843.4,1783270859.121
1783270860,7843.3,7843.3,7843.3,1783270860.159
1783270861,7843.2,7843.2,7843.2,1783270861.163
1783270862,7843.1,7843.1,7843.1,1783270862.271
1783270863,7843.2,7843.2,7843.2,1783270863.183
1783270864,7843.1,7843.1,7843.1,1783270864.157
1783270865,7843.2,7843.2,7843.2,1783270865.132
1783270866,7843.1,7843.1,7843.1,1783270866.173
1783270867,7843.2,7843.2,7843.2,1783270867.137
1783270868,7843.1,7843.1,7843.1,1783270868.202
1783270869,7843.2,7843.2,7843.2,1783270869.129
1783270870,7843.3,7843.3,7843.3,1783270870.153
1783270871,7843.2,7843.2,7843.2,1783270871.127
1783270872,7843.3,7843.3,7843.3,1783270872.160
1783270873,7843.2,7843.2,7843.2,1783270873.114
1783270874,7843.3,7843.3,7843.3,1783270874.164
1783270875,7843.2,7843.2,7843.2,1783270875.122
1783270876,7843.1,7843.1,7843.1,1783270876.134
1783270877,7843.2,7843.2,7843.2,1783270877.122
1783270878,7843.1,7843.1,7843.1,1783270878.169
1783270879,7843,7843,7843,1783270879.123
1783270880,7843.1,7843.1,7843.1,1783270880.139
1783270881,7843.2,7843.2,7843.2,1783270881.146
1783270882,7843.3,7843.3,7843.3,1783270882.152
1783270883,7843.4,7843.4,7843.4,1783270883.124
1783270884,7843.5,7843.5,7843.5,1783270884.145
1783270885,7843.6,7843.6,7843.6,1783270885.119
1783270886,7843.5,7843.5,7843.5,1783270886.158
1783270887,7843.4,7843.4,7843.4,1783270887.128
1783270888,7843.3,7843.3,7843.3,1783270888.133
1783270889,7843.4,7843.4,7843.4,1783270889.116
1783270890,7843.3,7843.3,7843.3,1783270890.133
1783270891,7843.4,7843.4,7843.4,1783270891.119
1783270892,7843.3,7843.3,7843.3,1783270892.157
1783270893,7843.4,7843.4,7843.4,1783270893.133
1783270894,7843.3,7843.3,7843.3,1783270894.156
1783270895,7843.2,7843.2,7843.2,1783270895.120
1783270896,7843.1,7843.1,7843.1,1783270896.147
1783270897,7843,7843,7843,1783270897.121
1783270898,7843.1,7843.1,7843.1,1783270898.202
1783270899,7843.2,7843.2,7843.2,1783270899.119
1783270900,7843.3,7843.3,7843.3,1783270900.164
1783270901,7843.4,7843.4,7843.4,1783270901.127
1783270902,7843.3,7843.3,7843.3,1783270902.145
1783270903,7843.2,7843.2,7843.2,1783270903.117
1783270904,7843.1,7843.1,7843.1,1783270904.141
1783270905,7843.2,7843.2,7843.2,1783270905.118
1783270906,7843.1,7843.1,7843.1,1783270906.150
1783270907,7843,7843,7843,1783270907.127
1783270908,7843.1,7843.1,7843.1,1783270908.144
1783270909,7843,7843,7843,1783270909.115
1783270910,7843.1,7843.1,7843.1,1783270910.153
1783270911,7843,7843,7843,1783270911.120
1783270912,7843.1,7843.1,7843.1,1783270912.168
1783270913,7843.2,7843.2,7843.2,1783270913.113
1783270914,7843.3,7843.3,7843.3,1783270914.149
1783270915,7843.4,7843.4,7843.4,1783270915.118
1783270916,7843.5,7843.5,7843.5,1783270916.147
1783270917,7843.4,7843.4,7843.4,1783270917.114
1783270918,7843.3,7843.3,7843.3,1783270918.136
1783270919,7843.4,7843.4,7843.4,1783270919.119
1783270920,7843.3,7843.3,7843.3,1783270920.154
1783270921,7843.2,7843.2,7843.2,1783270921.131
1783270922,7843.1,7843.1,7843.1,1783270922.383
1783270923,7843,7843,7843,1783270923.123
1783270924,7843.1,7843.1,7843.1,1783270924.140
1783270925,7843,7843,7843,1783270925.123
1783270926,7842.9,7842.9,7842.9,1783270926.143
1783270927,7842.8,7842.8,7842.8,1783270927.117
1783270928,7842.9,7842.9,7842.9,1783270928.211
1783270929,7843,7843,7843,1783270929.117
1783270930,7843.1,7843.1,7843.1,1783270930.160
1783270931,7843.2,7843.2,7843.2,1783270931.117
1783270932,7843.1,7843.1,7843.1,1783270932.156
1783270933,7843.2,7843.2,7843.2,1783270933.135
1783270934,7843.3,7843.3,7843.3,1783270934.128
1783270935,7843.4,7843.4,7843.4,1783270935.127
1783270936,7843.3,7843.3,7843.3,1783270936.147
1783270937,7843.4,7843.4,7843.4,1783270937.128
1783270938,7843.3,7843.3,7843.3,1783270938.129
1783270939,7843.4,7843.4,7843.4,1783270939.116
1783270940,7843.5,7843.5,7843.5,1783270940.146
1783270941,7843.6,7843.6,7843.6,1783270941.115
1783270942,7843.7,7843.7,7843.7,1783270942.162
1783270943,7843.6,7843.6,7843.6,1783270943.113
1783270944,7843.5,7843.5,7843.5,1783270944.125
1783270945,7843.6,7843.6,7843.6,1783270945.123
1783270946,7843.7,7843.7,7843.7,1783270946.156
1783270947,7843.6,7843.6,7843.6,1783270947.117
1783270948,7843.5,7843.5,7843.5,1783270948.164
1783270949,7843.6,7843.6,7843.6,1783270949.109
1783270950,7843.7,7843.7,7843.7,1783270950.138
1783270951,7843.8,7843.8,7843.8,1783270951.134
1783270952,7843.9,7843.9,7843.9,1783270952.147
1783270953,7843.8,7843.8,7843.8,1783270953.128
1783270954,7843.9,7843.9,7843.9,1783270954.132
1783270955,7843.8,7843.8,7843.8,1783270955.163
1783270956,7843.9,7843.9,7843.9,1783270956.170
1783270957,7844,7844,7844,1783270957.118
1783270958,7843.9,7843.9,7843.9,1783270958.247
1783270959,7844,7844,7844,1783270959.113
1783270960,7843.9,7843.9,7843.9,1783270960.142
1783270961,7843.8,7843.8,7843.8,1783270961.135
1783270962,7843.7,7843.7,7843.7,1783270962.159
1783270963,7843.8,7843.8,7843.8,1783270963.126
1783270964,7843.9,7843.9,7843.9,1783270964.156
1783270965,7844,7844,7844,1783270965.143
1783270966,7843.9,7843.9,7843.9,1783270966.153
1783270967,7843.8,7843.8,7843.8,1783270967.124
1783270968,7843.7,7843.7,7843.7,1783270968.162
1783270969,7843.6,7843.6,7843.6,1783270969.122
1783270970,7843.7,7843.7,7843.7,1783270970.160
1783270971,7843.6,7843.6,7843.6,1783270971.127
1783270972,7843.5,7843.5,7843.5,1783270972.135
1783270973,7843.6,7843.6,7843.6,1783270973.117
1783270974,7843.5,7843.5,7843.5,1783270974.145
1783270975,7843.4,7843.4,7843.4,1783270975.120
1783270976,7843.5,7843.5,7843.5,1783270976.144
1783270977,7843.6,7843.6,7843.6,1783270977.121
1783270978,7843.5,7843.5,7843.5,1783270978.151
1783270979,7843.6,7843.6,7843.6,1783270979.118
1783270980,7843.7,7843.7,7843.7,1783270980.166
1783270981,7843.8,7843.8,7843.8,1783270981.162
1783270982,7843.9,7843.9,7843.9,1783270982.199
1783270983,7844,7844,7844,1783270983.202
1783270984,7844.1,7844.1,7844.1,1783270984.192
1783270985,7844,7844,7844,1783270985.119
1783270986,7844.1,7844.1,7844.1,1783270986.148
1783270987,7844,7844,7844,1783270987.126
1783270988,7844.1,7844.1,7844.1,1783270988.247
1783270989,7844,7844,7844,1783270989.120
1783270990,7843.9,7843.9,7843.9,1783270990.156
1783270991,7843.8,7843.8,7843.8,1783270991.110
1783270992,7843.7,7843.7,7843.7,1783270992.143
1783270993,7843.8,7843.8,7843.8,1783270993.113
1783270994,7843.7,7843.7,7843.7,1783270994.161
1783270995,7843.6,7843.6,7843.6,1783270995.148
1783270996,7843.5,7843.5,7843.5,1783270996.151
1783270997,7843.4,7843.4,7843.4,1783270997.118
1783270998,7843.3,7843.3,7843.3,1783270998.147
1783270999,7843.4,7843.4,7843.4,1783270999.119
1783271000,7843.5,7843.5,7843.5,1783271000.151
1783271001,7843.6,7843.6,7843.6,1783271001.116
1783271002,7843.7,7843.7,7843.7,1783271002.151
1783271003,7843.8,7843.8,7843.8,1783271003.119
1783271004,7843.9,7843.9,7843.9,1783271004.174
1783271005,7843.8,7843.8,7843.8,1783271005.115
1783271006,7843.9,7843.9,7843.9,1783271006.150
1783271007,7843.8,7843.8,7843.8,1783271007.204
1783271008,7843.7,7843.7,7843.7,1783271008.135
1783271009,7843.6,7843.6,7843.6,1783271009.119
1783271010,7843.7,7843.7,7843.7,1783271010.165
1783271011,7843.6,7843.6,7843.6,1783271011.117
1783271012,7843.5,7843.5,7843.5,1783271012.148
1783271013,7843.6,7843.6,7843.6,1783271013.116
1783271014,7843.5,7843.5,7843.5,1783271014.162
1783271015,7843.6,7843.6,7843.6,1783271015.136
1783271016,7843.7,7843.7,7843.7,1783271016.150
1783271017,7843.6,7843.6,7843.6,1783271017.128
1783271018,7843.5,7843.5,7843.5,1783271018.210
1783271019,7843.4,7843.4,7843.4,1783271019.125
1783271020,7843.3,7843.3,7843.3,1783271020.152
1783271021,7843.2,7843.2,7843.2,1783271021.136
1783271022,7843.1,7843.1,7843.1,1783271022.164
1783271023,7843,7843,7843,1783271023.120
1783271024,7843.1,7843.1,7843.1,1783271024.145
1783271025,7843,7843,7843,1783271025.123
1783271026,7843.1,7843.1,7843.1,1783271026.149
1783271027,7843,7843,7843,1783271027.121
1783271028,7843.1,7843.1,7843.1,1783271028.156
1783271029,7843.2,7843.2,7843.2,1783271029.125
1783271030,7843.3,7843.3,7843.3,1783271030.137
1783271031,7843.4,7843.4,7843.4,1783271031.124
1783271032,7843.5,7843.5,7843.5,1783271032.138
1783271033,7843.6,7843.6,7843.6,1783271033.122
1783271034,7843.5,7843.5,7843.5,1783271034.159
1783271035,7843.6,7843.6,7843.6,1783271035.118
1783271036,7843.7,7843.7,7843.7,1783271036.166
1783271037,7843.6,7843.6,7843.6,1783271037.138
1783271038,7843.7,7843.7,7843.7,1783271038.156
1783271039,7843.8,7843.8,7843.8,1783271039.131
1783271040,7843.7,7843.7,7843.7,1783271040.158
1783271041,7843.6,7843.6,7843.6,1783271041.137
1783271042,7843.7,7843.7,7843.7,1783271042.159
1783271043,7843.6,7843.6,7843.6,1783271043.126
1783271044,7843.7,7843.7,7843.7,1783271044.178
1783271045,7843.8,7843.8,7843.8,1783271045.112
1783271046,7843.7,7843.7,7843.7,1783271046.151
1783271047,7843.6,7843.6,7843.6,1783271047.121
1783271048,7843.7,7843.7,7843.7,1783271048.204
1783271049,7843.8,7843.8,7843.8,1783271049.164
1783271050,7843.7,7843.7,7843.7,1783271050.135
1783271051,7843.8,7843.8,7843.8,1783271051.124
1783271052,7843.7,7843.7,7843.7,1783271052.131
1783271053,7843.8,7843.8,7843.8,1783271053.126
1783271054,7843.7,7843.7,7843.7,1783271054.136
1783271055,7843.8,7843.8,7843.8,1783271055.119
1783271056,7843.9,7843.9,7843.9,1783271056.130
1783271057,7844,7844,7844,1783271057.119
1783271058,7844.1,7844.1,7844.1,1783271058.123
1783271059,7844.2,7844.2,7844.2,1783271059.120
1783271060,7844.1,7844.1,7844.1,1783271060.151
1783271061,7844,7844,7844,1783271061.113
1783271062,7844.1,7844.1,7844.1,1783271062.164
1783271063,7844,7844,7844,1783271063.117
1783271064,7844.1,7844.1,7844.1,1783271064.147
1783271065,7844.2,7844.2,7844.2,1783271065.147
1783271066,7844.1,7844.1,7844.1,1783271066.153
1783271067,7844,7844,7844,1783271067.120
1783271068,7843.9,7843.9,7843.9,1783271068.141
1783271069,7844,7844,7844,1783271069.125
1783271070,7844.1,7844.1,7844.1,1783271070.142
1783271071,7844,7844,7844,1783271071.127
1783271072,7844.1,7844.1,7844.1,1783271072.246
1783271073,7844.2,7844.2,7844.2,1783271073.130
1783271074,7844.1,7844.1,7844.1,1783271074.130
1783271075,7844.2,7844.2,7844.2,1783271075.115
1783271076,7844.1,7844.1,7844.1,1783271076.152
1783271077,7844,7844,7844,1783271077.117
1783271078,7843.9,7843.9,7843.9,1783271078.210
1783271079,7843.8,7843.8,7843.8,1783271079.138
1783271080,7843.9,7843.9,7843.9,1783271080.122
1783271081,7844,7844,7844,1783271081.144
1783271082,7844.1,7844.1,7844.1,1783271082.149
1783271083,7844,7844,7844,1783271083.132
1783271084,7843.9,7843.9,7843.9,1783271084.137
1783271085,7843.8,7843.8,7843.8,1783271085.138
1783271086,7843.7,7843.7,7843.7,1783271086.146
1783271087,7843.6,7843.6,7843.6,1783271087.110
1783271088,7843.5,7843.5,7843.5,1783271088.127
1783271089,7843.4,7843.4,7843.4,1783271089.112
1783271090,7843.3,7843.3,7843.3,1783271090.149
1783271091,7843.4,7843.4,7843.4,1783271091.123
1783271092,7843.5,7843.5,7843.5,1783271092.155
1783271093,7843.4,7843.4,7843.4,1783271093.122
1783271094,7843.3,7843.3,7843.3,1783271094.162
1783271095,7843.4,7843.4,7843.4,1783271095.136
1783271096,7843.3,7843.3,7843.3,1783271096.142
1783271097,7843.2,7843.2,7843.2,1783271097.126
1783271098,7843.1,7843.1,7843.1,1783271098.151
1783271099,7843.2,7843.2,7843.2,1783271099.128
1783271100,7843.3,7843.3,7843.3,1783271100.156
1783271101,7843.2,7843.2,7843.2,1783271101.135
1783271102,7843.3,7843.3,7843.3,1783271102.224
1783271103,7843.4,7843.4,7843.4,1783271103.219
1783271104,7843.3,7843.3,7843.3,1783271104.233
1783271105,7843.4,7843.4,7843.4,1783271105.135
1783271106,7843.5,7843.5,7843.5,1783271106.144
1783271107,7843.4,7843.4,7843.4,1783271107.123
1783271108,7843.3,7843.3,7843.3,1783271108.134
1783271109,7843.4,7843.4,7843.4,1783271109.159
1783271110,7843.3,7843.3,7843.3,1783271110.144
1783271111,7843.2,7843.2,7843.2,1783271111.118
1783271112,7843.1,7843.1,7843.1,1783271112.133
1783271113,7843.2,7843.2,7843.2,1783271113.112
1783271114,7843.1,7843.1,7843.1,1783271114.125
1783271115,7843.2,7843.2,7843.2,1783271115.124
1783271116,7843.3,7843.3,7843.3,1783271116.129
1783271117,7843.4,7843.4,7843.4,1783271117.112
1783271118,7843.3,7843.3,7843.3,1783271118.140
1783271119,7843.4,7843.4,7843.4,1783271119.117
1783271120,7843.5,7843.5,7843.5,1783271120.144
1783271121,7843.4,7843.4,7843.4,1783271121.123
1783271122,7843.3,7843.3,7843.3,1783271122.198
1783271123,7843.4,7843.4,7843.4,1783271123.123
1783271124,7843.5,7843.5,7843.5,1783271124.147
1783271125,7843.6,7843.6,7843.6,1783271125.111
1783271126,7843.7,7843.7,7843.7,1783271126.154
1783271127,7843.6,7843.6,7843.6,1783271127.108
1783271128,7843.5,7843.5,7843.5,1783271128.149
1783271129,7843.4,7843.4,7843.4,1783271129.123
1783271130,7843.5,7843.5,7843.5,1783271130.167
1783271131,7843.4,7843.4,7843.4,1783271131.134
1783271132,7843.5,7843.5,7843.5,1783271132.151
1783271133,7843.6,7843.6,7843.6,1783271133.127
1783271134,7843.5,7843.5,7843.5,1783271134.142
1783271135,7843.4,7843.4,7843.4,1783271135.110
1783271136,7843.3,7843.3,7843.3,1783271136.120
1783271137,7843.4,7843.4,7843.4,1783271137.115
1783271138,7843.3,7843.3,7843.3,1783271138.203
1783271139,7843.2,7843.2,7843.2,1783271139.125
1783271140,7843.3,7843.3,7843.3,1783271140.123
1783271141,7843.2,7843.2,7843.2,1783271141.118
1783271142,7843.1,7843.1,7843.1,1783271142.149
1783271143,7843.2,7843.2,7843.2,1783271143.116
1783271144,7843.1,7843.1,7843.1,1783271144.133
1783271145,7843.2,7843.2,7843.2,1783271145.125
1783271146,7843.3,7843.3,7843.3,1783271146.124
1783271147,7843.4,7843.4,7843.4,1783271147.109
1783271148,7843.5,7843.5,7843.5,1783271148.129
1783271149,7843.4,7843.4,7843.4,1783271149.122
1783271150,7843.5,7843.5,7843.5,1783271150.146
1783271151,7843.4,7843.4,7843.4,1783271151.126
1783271152,7843.3,7843.3,7843.3,1783271152.129
1783271153,7843.2,7843.2,7843.2,1783271153.128
1783271154,7843.3,7843.3,7843.3,1783271154.130
1783271155,7843.2,7843.2,7843.2,1783271155.118
1783271156,7843.1,7843.1,7843.1,1783271156.133
1783271157,7843.2,7843.2,7843.2,1783271157.118
1783271158,7843.1,7843.1,7843.1,1783271158.152
1783271159,7843.2,7843.2,7843.2,1783271159.123
1783271160,7843.3,7843.3,7843.3,1783271160.147
1783271161,7843.4,7843.4,7843.4,1783271161.163
1783271162,7843.3,7843.3,7843.3,1783271162.170
1783271163,7843.2,7843.2,7843.2,1783271163.128
1783271164,7843.3,7843.3,7843.3,1783271164.162
1783271165,7843.4,7843.4,7843.4,1783271165.140
1783271166,7843.5,7843.5,7843.5,1783271166.138
1783271167,7843.4,7843.4,7843.4,1783271167.119
1783271168,7843.3,7843.3,7843.3,1783271168.213
1783271169,7843.2,7843.2,7843.2,1783271169.162
1783271170,7843.1,7843.1,7843.1,1783271170.157
1783271171,7843.2,7843.2,7843.2,1783271171.123
1783271172,7843.3,7843.3,7843.3,1783271172.151
1783271173,7843.2,7843.2,7843.2,1783271173.126
1783271174,7843.3,7843.3,7843.3,1783271174.150
1783271175,7843.4,7843.4,7843.4,1783271175.134
1783271176,7843.5,7843.5,7843.5,1783271176.148
1783271177,7843.6,7843.6,7843.6,1783271177.128
1783271178,7843.5,7843.5,7843.5,1783271178.159
1783271179,7843.6,7843.6,7843.6,1783271179.129
1783271180,7843.7,7843.7,7843.7,1783271180.132
1783271181,7843.6,7843.6,7843.6,1783271181.126
1783271182,7843.7,7843.7,7843.7,1783271182.143
1783271183,7843.6,7843.6,7843.6,1783271183.151
1783271184,7843.5,7843.5,7843.5,1783271184.138
1783271185,7843.4,7843.4,7843.4,1783271185.140
1783271186,7843.3,7843.3,7843.3,1783271186.145
1783271187,7843.2,7843.2,7843.2,1783271187.117
1783271188,7843.3,7843.3,7843.3,1783271188.129
1783271189,7843.2,7843.2,7843.2,1783271189.127
1783271190,7843.1,7843.1,7843.1,1783271190.155
1783271191,7843.2,7843.2,7843.2,1783271191.121
1783271192,7843.1,7843.1,7843.1,1783271192.144
1783271193,7843.2,7843.2,7843.2,1783271193.138
1783271194,7843.3,7843.3,7843.3,1783271194.145
1783271195,7843.4,7843.4,7843.4,1783271195.114
1783271196,7843.3,7843.3,7843.3,1783271196.152
1783271197,7843.2,7843.2,7843.2,1783271197.120
1783271198,7843.1,7843.1,7843.1,1783271198.147
1783271199,7843,7843,7843,1783271199.128
1783271200,7843.1,7843.1,7843.1,1783271200.135
1783271201,7843,7843,7843,1783271201.123
1783271202,7843.1,7843.1,7843.1,1783271202.136
1783271203,7843.2,7843.2,7843.2,1783271203.124
1783271204,7843.1,7843.1,7843.1,1783271204.154
1783271205,7843,7843,7843,1783271205.113
1783271206,7842.9,7842.9,7842.9,1783271206.142
1783271207,7842.8,7842.8,7842.8,1783271207.120
1783271208,7842.7,7842.7,7842.7,1783271208.163
1783271209,7842.8,7842.8,7842.8,1783271209.122
1783271210,7842.9,7842.9,7842.9,1783271210.134
1783271211,7843,7843,7843,1783271211.125
1783271212,7843.1,7843.1,7843.1,1783271212.159
1783271213,7843.2,7843.2,7843.2,1783271213.119
1783271214,7843.1,7843.1,7843.1,1783271214.145
1783271215,7843.2,7843.2,7843.2,1783271215.117
1783271216,7843.1,7843.1,7843.1,1783271216.171
1783271217,7843,7843,7843,1783271217.115
1783271218,7843.1,7843.1,7843.1,1783271218.142
1783271219,7843.2,7843.2,7843.2,1783271219.115
1783271220,7843.3,7843.3,7843.3,1783271220.136
1783271221,7843.2,7843.2,7843.2,1783271221.118
1783271222,7843.1,7843.1,7843.1,1783271222.272
1783271223,7843.2,7843.2,7843.2,1783271223.265
1783271224,7843.1,7843.1,7843.1,1783271224.138
1783271225,7843.2,7843.2,7843.2,1783271225.127
1783271226,7843.3,7843.3,7843.3,1783271226.150
1783271227,7843.4,7843.4,7843.4,1783271227.123
1783271228,7843.3,7843.3,7843.3,1783271228.246
1783271229,7843.2,7843.2,7843.2,1783271229.135
1783271230,7843.3,7843.3,7843.3,1783271230.154
1783271231,7843.4,7843.4,7843.4,1783271231.125
1783271232,7843.5,7843.5,7843.5,1783271232.126
1783271233,7843.4,7843.4,7843.4,1783271233.120
1783271234,7843.3,7843.3,7843.3,1783271234.165
1783271235,7843.4,7843.4,7843.4,1783271235.125
1783271236,7843.3,7843.3,7843.3,1783271236.146
1783271237,7843.2,7843.2,7843.2,1783271237.120
1783271238,7843.1,7843.1,7843.1,1783271238.141
1783271239,7843,7843,7843,1783271239.126
1783271240,7842.9,7842.9,7842.9,1783271240.148
1783271241,7843,7843,7843,1783271241.123
1783271242,7842.9,7842.9,7842.9,1783271242.138
1783271243,7843,7843,7843,1783271243.116
1783271244,7842.9,7842.9,7842.9,1783271244.204
1783271245,7842.8,7842.8,7842.8,1783271245.134
1783271246,7842.7,7842.7,7842.7,1783271246.130
1783271247,7842.8,7842.8,7842.8,1783271247.118
1783271248,7842.7,7842.7,7842.7,1783271248.148
1783271249,7842.8,7842.8,7842.8,1783271249.113
1783271250,7842.9,7842.9,7842.9,1783271250.133
1783271251,7842.8,7842.8,7842.8,1783271251.127
1783271252,7842.9,7842.9,7842.9,1783271252.148
1783271253,7843,7843,7843,1783271253.121
1783271254,7843.1,7843.1,7843.1,1783271254.144
1783271255,7843,7843,7843,1783271255.120
1783271256,7843.1,7843.1,7843.1,1783271256.146
1783271257,7843,7843,7843,1783271257.121
1783271258,7843.1,7843.1,7843.1,1783271258.205
1783271259,7843.2,7843.2,7843.2,1783271259.142
1783271260,7843.3,7843.3,7843.3,1783271260.162
1783271261,7843.4,7843.4,7843.4,1783271261.138
1783271262,7843.5,7843.5,7843.5,1783271262.160
1783271263,7843.6,7843.6,7843.6,1783271263.117
1783271264,7843.5,7843.5,7843.5,1783271264.152
1783271265,7843.4,7843.4,7843.4,1783271265.115
1783271266,7843.3,7843.3,7843.3,1783271266.156
1783271267,7843.4,7843.4,7843.4,1783271267.121
1783271268,7843.3,7843.3,7843.3,1783271268.258
1783271269,7843.4,7843.4,7843.4,1783271269.134
1783271270,7843.3,7843.3,7843.3,1783271270.149
1783271271,7843.2,7843.2,7843.2,1783271271.117
1783271272,7843.1,7843.1,7843.1,1783271272.145
1783271273,7843,7843,7843,1783271273.125
1783271274,7843.1,7843.1,7843.1,1783271274.144
1783271275,7843.2,7843.2,7843.2,1783271275.116
1783271276,7843.1,7843.1,7843.1,1783271276.132
1783271277,7843.2,7843.2,7843.2,1783271277.133
1783271278,7843.3,7843.3,7843.3,1783271278.153
1783271279,7843.2,7843.2,7843.2,1783271279.108
1783271280,7843.3,7843.3,7843.3,1783271280.157
1783271281,7843.4,7843.4,7843.4,1783271281.167
1783271282,7843.3,7843.3,7843.3,1783271282.147
1783271283,7843.4,7843.4,7843.4,1783271283.163
1783271284,7843.3,7843.3,7843.3,1783271284.218
1783271285,7843.2,7843.2,7843.2,1783271285.123
1783271286,7843.1,7843.1,7843.1,1783271286.167
1783271287,7843.2,7843.2,7843.2,1783271287.125
1783271288,7843.3,7843.3,7843.3,1783271288.206
1783271289,7843.2,7843.2,7843.2,1783271289.125
1783271290,7843.3,7843.3,7843.3,1783271290.155
1783271291,7843.2,7843.2,7843.2,1783271291.121
1783271292,7843.1,7843.1,7843.1,1783271292.146
1783271293,7843.2,7843.2,7843.2,1783271293.127
1783271294,7843.3,7843.3,7843.3,1783271294.155
1783271295,7843.4,7843.4,7843.4,1783271295.112
1783271296,7843.3,7843.3,7843.3,1783271296.140
1783271297,7843.4,7843.4,7843.4,1783271297.119
1783271298,7843.3,7843.3,7843.3,1783271298.147
1783271299,7843.2,7843.2,7843.2,1783271299.162
1783271300,7843.1,7843.1,7843.1,1783271300.141
1783271301,7843,7843,7843,1783271301.119
1783271302,7843.1,7843.1,7843.1,1783271302.136
1783271303,7843.2,7843.2,7843.2,1783271303.115
1783271304,7843.3,7843.3,7843.3,1783271304.138
1783271305,7843.2,7843.2,7843.2,1783271305.121
1783271306,7843.3,7843.3,7843.3,1783271306.133
1783271307,7843.2,7843.2,7843.2,1783271307.114
1783271308,7843.1,7843.1,7843.1,1783271308.156
1783271309,7843.2,7843.2,7843.2,1783271309.113
1783271310,7843.3,7843.3,7843.3,1783271310.129
1783271311,7843.4,7843.4,7843.4,1783271311.120
1783271312,7843.5,7843.5,7843.5,1783271312.162
1783271313,7843.6,7843.6,7843.6,1783271313.117
1783271314,7843.5,7843.5,7843.5,1783271314.133
1783271315,7843.4,7843.4,7843.4,1783271315.130
1783271316,7843.3,7843.3,7843.3,1783271316.161
1783271317,7843.2,7843.2,7843.2,1783271317.128
1783271318,7843.3,7843.3,7843.3,1783271318.238
1783271319,7843.4,7843.4,7843.4,1783271319.137
1783271320,7843.3,7843.3,7843.3,1783271320.145
1783271321,7843.4,7843.4,7843.4,1783271321.140
1783271322,7843.3,7843.3,7843.3,1783271322.139
1783271323,7843.2,7843.2,7843.2,1783271323.125
1783271324,7843.1,7843.1,7843.1,1783271324.149
1783271325,7843.2,7843.2,7843.2,1783271325.112
1783271326,7843.1,7843.1,7843.1,1783271326.174
1783271327,7843,7843,7843,1783271327.125
1783271328,7843.1,7843.1,7843.1,1783271328.131
1783271329,7843.2,7843.2,7843.2,1783271329.122
1783271330,7843.3,7843.3,7843.3,1783271330.120
1783271331,7843.4,7843.4,7843.4,1783271331.127
1783271332,7843.5,7843.5,7843.5,1783271332.146
1783271333,7843.4,7843.4,7843.4,1783271333.130
1783271334,7843.3,7843.3,7843.3,1783271334.137
1783271335,7843.2,7843.2,7843.2,1783271335.110
1783271336,7843.3,7843.3,7843.3,1783271336.132
1783271337,7843.4,7843.4,7843.4,1783271337.120
1783271338,7843.3,7843.3,7843.3,1783271338.156
1783271339,7843.2,7843.2,7843.2,1783271339.124
1783271340,7843.1,7843.1,7843.1,1783271340.157
1783271341,7843.2,7843.2,7843.2,1783271341.162
1783271342,7843.1,7843.1,7843.1,1783271342.193
1783271343,7843,7843,7843,1783271343.125
1783271344,7843.1,7843.1,7843.1,1783271344.168
1783271345,7843.2,7843.2,7843.2,1783271345.130
1783271346,7843.1,7843.1,7843.1,1783271346.150
1783271347,7843,7843,7843,1783271347.127
1783271348,7842.9,7842.9,7842.9,1783271348.203
1783271349,7842.8,7842.8,7842.8,1783271349.139
1783271350,7842.9,7842.9,7842.9,1783271350.154
1783271351,7842.8,7842.8,7842.8,1783271351.124
1783271352,7842.9,7842.9,7842.9,1783271352.145
1783271353,7842.8,7842.8,7842.8,1783271353.111
1783271354,7842.9,7842.9,7842.9,1783271354.162
1783271355,7842.8,7842.8,7842.8,1783271355.138
1783271356,7842.7,7842.7,7842.7,1783271356.152
1783271357,7842.6,7842.6,7842.6,1783271357.130
1783271358,7842.7,7842.7,7842.7,1783271358.155
1783271359,7842.8,7842.8,7842.8,1783271359.125
1783271360,7842.9,7842.9,7842.9,1783271360.142
1783271361,7842.8,7842.8,7842.8,1783271361.135
1783271362,7842.9,7842.9,7842.9,1783271362.138
1783271363,7842.8,7842.8,7842.8,1783271363.117
1783271364,7842.9,7842.9,7842.9,1783271364.153
1783271365,7843,7843,7843,1783271365.125
1783271366,7843.1,7843.1,7843.1,1783271366.156
1783271367,7843,7843,7843,1783271367.132
1783271368,7842.9,7842.9,7842.9,1783271368.126
1783271369,7843,7843,7843,1783271369.130
1783271370,7842.9,7842.9,7842.9,1783271370.140
1783271371,7843,7843,7843,1783271371.118
1783271372,7843.1,7843.1,7843.1,1783271372.136
1783271373,7843,7843,7843,1783271373.110
1783271374,7843.1,7843.1,7843.1,1783271374.133
1783271375,7843,7843,7843,1783271375.116
1783271376,7842.9,7842.9,7842.9,1783271376.157
1783271377,7842.8,7842.8,7842.8,1783271377.115
1783271378,7842.7,7842.7,7842.7,1783271378.205
1783271379,7842.6,7842.6,7842.6,1783271379.113
1783271380,7842.5,7842.5,7842.5,1783271380.164
1783271381,7842.4,7842.4,7842.4,1783271381.128
1783271382,7842.3,7842.3,7842.3,1783271382.150
1783271383,7842.2,7842.2,7842.2,1783271383.121
1783271384,7842.1,7842.1,7842.1,1783271384.128
1783271385,7842.2,7842.2,7842.2,1783271385.115
1783271386,7842.3,7842.3,7842.3,1783271386.145
1783271387,7842.2,7842.2,7842.2,1783271387.116
1783271388,7842.3,7842.3,7842.3,1783271388.160
1783271389,7842.4,7842.4,7842.4,1783271389.117
1783271390,7842.3,7842.3,7842.3,1783271390.151
1783271391,7842.4,7842.4,7842.4,1783271391.121
1783271392,7842.5,7842.5,7842.5,1783271392.131
1783271393,7842.4,7842.4,7842.4,1783271393.123
1783271394,7842.3,7842.3,7842.3,1783271394.137
1783271395,7842.4,7842.4,7842.4,1783271395.121
1783271396,7842.3,7842.3,7842.3,1783271396.133
1783271397,7842.4,7842.4,7842.4,1783271397.125
1783271398,7842.5,7842.5,7842.5,1783271398.132
1783271399,7842.4,7842.4,7842.4,1783271399.134
1783271400,7842.5,7842.5,7842.5,1783271400.160
1783271401,7842.6,7842.6,7842.6,1783271401.271
1783271402,7842.7,7842.7,7842.7,1783271402.207
1783271403,7842.6,7842.6,7842.6,1783271403.333
1783271404,7842.7,7842.7,7842.7,1783271404.139
1783271405,7842.8,7842.8,7842.8,1783271405.131
1783271406,7842.9,7842.9,7842.9,1783271406.134
1783271407,7842.8,7842.8,7842.8,1783271407.144
1783271408,7842.7,7842.7,7842.7,1783271408.206
1783271409,7842.6,7842.6,7842.6,1783271409.123
1783271410,7842.5,7842.5,7842.5,1783271410.147
1783271411,7842.6,7842.6,7842.6,1783271411.120
1783271412,7842.7,7842.7,7842.7,1783271412.133
1783271413,7842.8,7842.8,7842.8,1783271413.124
1783271414,7842.7,7842.7,7842.7,1783271414.169
1783271415,7842.8,7842.8,7842.8,1783271415.132
1783271416,7842.7,7842.7,7842.7,1783271416.143
1783271417,7842.8,7842.8,7842.8,1783271417.126
1783271418,7842.9,7842.9,7842.9,1783271418.135
1783271419,7843,7843,7843,1783271419.125
1783271420,7843.1,7843.1,7843.1,1783271420.155
1783271421,7843.2,7843.2,7843.2,1783271421.118
1783271422,7843.1,7843.1,7843.1,1783271422.165
1783271423,7843.2,7843.2,7843.2,1783271423.113
1783271424,7843.1,7843.1,7843.1,1783271424.156
1783271425,7843.2,7843.2,7843.2,1783271425.144
1783271426,7843.1,7843.1,7843.1,1783271426.143
1783271427,7843.2,7843.2,7843.2,1783271427.114
1783271428,7843.1,7843.1,7843.1,1783271428.153
1783271429,7843,7843,7843,1783271429.112
1783271430,7843.1,7843.1,7843.1,1783271430.136
1783271431,7843,7843,7843,1783271431.116
1783271432,7842.9,7842.9,7842.9,1783271432.162
1783271433,7842.8,7842.8,7842.8,1783271433.121
1783271434,7842.9,7842.9,7842.9,1783271434.178
1783271435,7843,7843,7843,1783271435.129
1783271436,7843.1,7843.1,7843.1,1783271436.149
1783271437,7843,7843,7843,1783271437.125
1783271438,7842.9,7842.9,7842.9,1783271438.247
1783271439,7843,7843,7843,1783271439.117
1783271440,7843.1,7843.1,7843.1,1783271440.135
1783271441,7843.2,7843.2,7843.2,1783271441.118
1783271442,7843.1,7843.1,7843.1,1783271442.128
1783271443,7843.2,7843.2,7843.2,1783271443.121
1783271444,7843.1,7843.1,7843.1,1783271444.144
1783271445,7843.2,7843.2,7843.2,1783271445.162
1783271446,7843.1,7843.1,7843.1,1783271446.145
1783271447,7843,7843,7843,1783271447.109
1783271448,7843.1,7843.1,7843.1,1783271448.155
1783271449,7843.2,7843.2,7843.2,1783271449.132
1783271450,7843.1,7843.1,7843.1,1783271450.155
1783271451,7843,7843,7843,1783271451.128
1783271452,7843.1,7843.1,7843.1,1783271452.150
1783271453,7843.2,7843.2,7843.2,1783271453.123
1783271454,7843.1,7843.1,7843.1,1783271454.149
1783271455,7843.2,7843.2,7843.2,1783271455.125
1783271456,7843.1,7843.1,7843.1,1783271456.165
1783271457,7843,7843,7843,1783271457.123
1783271458,7842.9,7842.9,7842.9,1783271458.141
1783271459,7842.8,7842.8,7842.8,1783271459.119
1783271460,7842.9,7842.9,7842.9,1783271460.156
1783271461,7843,7843,7843,1783271461.118
1783271462,7842.9,7842.9,7842.9,1783271462.251
1783271463,7842.8,7842.8,7842.8,1783271463.146
1783271464,7842.7,7842.7,7842.7,1783271464.152
1783271465,7842.8,7842.8,7842.8,1783271465.120
1783271466,7842.9,7842.9,7842.9,1783271466.157
1783271467,7843,7843,7843,1783271467.127
1783271468,7843.1,7843.1,7843.1,1783271468.245
1783271469,7843.2,7843.2,7843.2,1783271469.125
1783271470,7843.1,7843.1,7843.1,1783271470.157
1783271471,7843,7843,7843,1783271471.162
1783271472,7842.9,7842.9,7842.9,1783271472.148
1783271473,7842.8,7842.8,7842.8,1783271473.123
1783271474,7842.7,7842.7,7842.7,1783271474.152
1783271475,7842.8,7842.8,7842.8,1783271475.117
1783271476,7842.9,7842.9,7842.9,1783271476.152
1783271477,7843,7843,7843,1783271477.118
1783271478,7842.9,7842.9,7842.9,1783271478.145
1783271479,7843,7843,7843,1783271479.112
1783271480,7842.9,7842.9,7842.9,1783271480.137
1783271481,7843,7843,7843,1783271481.115
1783271482,7843.1,7843.1,7843.1,1783271482.135
1783271483,7843.2,7843.2,7843.2,1783271483.126
1783271484,7843.3,7843.3,7843.3,1783271484.162
1783271485,7843.2,7843.2,7843.2,1783271485.124
1783271486,7843.1,7843.1,7843.1,1783271486.148
1783271487,7843.2,7843.2,7843.2,1783271487.124
1783271488,7843.1,7843.1,7843.1,1783271488.141
1783271489,7843.2,7843.2,7843.2,1783271489.111
1783271490,7843.1,7843.1,7843.1,1783271490.149
1783271491,7843,7843,7843,1783271491.121
1783271492,7843.1,7843.1,7843.1,1783271492.152
1783271493,7843,7843,7843,1783271493.145
1783271494,7843.1,7843.1,7843.1,1783271494.162
1783271495,7843.2,7843.2,7843.2,1783271495.126
1783271496,7843.3,7843.3,7843.3,1783271496.156
1783271497,7843.2,7843.2,7843.2,1783271497.129
1783271498,7843.1,7843.1,7843.1,1783271498.205
1783271499,7843,7843,7843,1783271499.124
1783271500,7843.1,7843.1,7843.1,1783271500.175
1783271501,7843,7843,7843,1783271501.141
1783271502,7843.1,7843.1,7843.1,1783271502.144
1783271503,7843.2,7843.2,7843.2,1783271503.124
1783271504,7843.3,7843.3,7843.3,1783271504.159
1783271505,7843.2,7843.2,7843.2,1783271505.134
1783271506,7843.1,7843.1,7843.1,1783271506.150
1783271507,7843,7843,7843,1783271507.122
1783271508,7842.9,7842.9,7842.9,1783271508.160
1783271509,7843,7843,7843,1783271509.131
1783271510,7843.1,7843.1,7843.1,1783271510.147
1783271511,7843.2,7843.2,7843.2,1783271511.127
1783271512,7843.1,7843.1,7843.1,1783271512.136
1783271513,7843.2,7843.2,7843.2,1783271513.117
1783271514,7843.3,7843.3,7843.3,1783271514.153
1783271515,7843.2,7843.2,7843.2,1783271515.121
1783271516,7843.1,7843.1,7843.1,1783271516.136
1783271517,7843,7843,7843,1783271517.123
1783271518,7843.1,7843.1,7843.1,1783271518.141
1783271519,7843.2,7843.2,7843.2,1783271519.144
1783271520,7843.1,7843.1,7843.1,1783271520.181
1783271521,7843,7843,7843,1783271521.126
1783271522,7842.9,7842.9,7842.9,1783271522.209
1783271523,7842.8,7842.8,7842.8,1783271523.179
1783271524,7842.7,7842.7,7842.7,1783271524.245
1783271525,7842.6,7842.6,7842.6,1783271525.126
1783271526,7842.5,7842.5,7842.5,1783271526.127
1783271527,7842.6,7842.6,7842.6,1783271527.146
1783271528,7842.7,7842.7,7842.7,1783271528.204
1783271529,7842.6,7842.6,7842.6,1783271529.116
1783271530,7842.5,7842.5,7842.5,1783271530.150
1783271531,7842.6,7842.6,7842.6,1783271531.110
1783271532,7842.7,7842.7,7842.7,1783271532.133
1783271533,7842.8,7842.8,7842.8,1783271533.133
1783271534,7842.7,7842.7,7842.7,1783271534.136
1783271535,7842.6,7842.6,7842.6,1783271535.115
1783271536,7842.5,7842.5,7842.5,1783271536.133
1783271537,7842.4,7842.4,7842.4,1783271537.121
1783271538,7842.3,7842.3,7842.3,1783271538.145
1783271539,7842.4,7842.4,7842.4,1783271539.119
1783271540,7842.5,7842.5,7842.5,1783271540.150
1783271541,7842.4,7842.4,7842.4,1783271541.119
1783271542,7842.3,7842.3,7842.3,1783271542.133
1783271543,7842.2,7842.2,7842.2,1783271543.150
1783271544,7842.1,7842.1,7842.1,1783271544.135
1783271545,7842,7842,7842,1783271545.108
1783271546,7841.9,7841.9,7841.9,1783271546.163
1783271547,7841.8,7841.8,7841.8,1783271547.118
1783271548,7841.7,7841.7,7841.7,1783271548.145
1783271549,7841.8,7841.8,7841.8,1783271549.113
1783271550,7841.7,7841.7,7841.7,1783271550.140
1783271551,7841.8,7841.8,7841.8,1783271551.109
1783271552,7841.9,7841.9,7841.9,1783271552.125
1783271553,7841.8,7841.8,7841.8,1783271553.137
1783271554,7841.9,7841.9,7841.9,1783271554.147
1783271555,7842,7842,7842,1783271555.110
1783271556,7841.9,7841.9,7841.9,1783271556.137
1783271557,7842,7842,7842,1783271557.114
1783271558,7841.9,7841.9,7841.9,1783271558.203
1783271559,7841.8,7841.8,7841.8,1783271559.112
1783271560,7841.7,7841.7,7841.7,1783271560.139
1783271561,7841.8,7841.8,7841.8,1783271561.125
1783271562,7841.7,7841.7,7841.7,1783271562.130
1783271563,7841.8,7841.8,7841.8,1783271563.127
1783271564,7841.7,7841.7,7841.7,1783271564.143
1783271565,7841.6,7841.6,7841.6,1783271565.115
1783271566,7841.7,7841.7,7841.7,1783271566.132
1783271567,7841.8,7841.8,7841.8,1783271567.125
1783271568,7841.9,7841.9,7841.9,1783271568.124
1783271569,7842,7842,7842,1783271569.111
1783271570,7842.1,7842.1,7842.1,1783271570.148
1783271571,7842,7842,7842,1783271571.107
1783271572,7841.9,7841.9,7841.9,1783271572.157
1783271573,7842,7842,7842,1783271573.119
1783271574,7841.9,7841.9,7841.9,1783271574.143
1783271575,7842,7842,7842,1783271575.161
1783271576,7842.1,7842.1,7842.1,1783271576.155
1783271577,7842.2,7842.2,7842.2,1783271577.113
1783271578,7842.3,7842.3,7842.3,1783271578.165
1783271579,7842.2,7842.2,7842.2,1783271579.111
1783271580,7842.3,7842.3,7842.3,1783271580.144
1783271581,7842.4,7842.4,7842.4,1783271581.135
1783271582,7842.3,7842.3,7842.3,1783271582.166
1783271583,7842.2,7842.2,7842.2,1783271583.127
1783271584,7842.1,7842.1,7842.1,1783271584.170
1783271585,7842,7842,7842,1783271585.111
1783271586,7841.9,7841.9,7841.9,1783271586.135
1783271587,7841.8,7841.8,7841.8,1783271587.131
1783271588,7841.7,7841.7,7841.7,1783271588.167
1783271589,7841.6,7841.6,7841.6,1783271589.119
1783271590,7841.5,7841.5,7841.5,1783271590.126
1783271591,7841.6,7841.6,7841.6,1783271591.112
1783271592,7841.5,7841.5,7841.5,1783271592.143
1783271593,7841.4,7841.4,7841.4,1783271593.128
1783271594,7841.5,7841.5,7841.5,1783271594.127
1783271595,7841.4,7841.4,7841.4,1783271595.116
1783271596,7841.5,7841.5,7841.5,1783271596.131
1783271597,7841.4,7841.4,7841.4,1783271597.121
1783271598,7841.5,7841.5,7841.5,1783271598.133
1783271599,7841.6,7841.6,7841.6,1783271599.111
1783271600,7841.7,7841.7,7841.7,1783271600.155
1783271601,7841.8,7841.8,7841.8,1783271601.116
1783271602,7841.9,7841.9,7841.9,1783271602.126
1783271603,7841.8,7841.8,7841.8,1783271603.121
1783271604,7841.7,7841.7,7841.7,1783271604.127
1783271605,7841.8,7841.8,7841.8,1783271605.126
1783271606,7841.7,7841.7,7841.7,1783271606.139
1783271607,7841.8,7841.8,7841.8,1783271607.114
1783271608,7841.7,7841.7,7841.7,1783271608.130
1783271609,7841.6,7841.6,7841.6,1783271609.119
1783271610,7841.5,7841.5,7841.5,1783271610.147
1783271611,7841.4,7841.4,7841.4,1783271611.108
1783271612,7841.5,7841.5,7841.5,1783271612.129
1783271613,7841.4,7841.4,7841.4,1783271613.136
1783271614,7841.3,7841.3,7841.3,1783271614.164
1783271615,7841.2,7841.2,7841.2,1783271615.113
1783271616,7841.3,7841.3,7841.3,1783271616.133
1783271617,7841.2,7841.2,7841.2,1783271617.110
1783271618,7841.3,7841.3,7841.3,1783271618.207
1783271619,7841.2,7841.2,7841.2,1783271619.122
1783271620,7841.1,7841.1,7841.1,1783271620.158
1783271621,7841.2,7841.2,7841.2,1783271621.143
1783271622,7841.1,7841.1,7841.1,1783271622.148
1783271623,7841,7841,7841,1783271623.132
1783271624,7840.9,7840.9,7840.9,1783271624.145
1783271625,7841,7841,7841,1783271625.125
1783271626,7840.9,7840.9,7840.9,1783271626.134
1783271627,7841,7841,7841,1783271627.162
1783271628,7841.1,7841.1,7841.1,1783271628.126
1783271629,7841,7841,7841,1783271629.127
1783271630,7840.9,7840.9,7840.9,1783271630.170
1783271631,7841,7841,7841,1783271631.130
1783271632,7841.1,7841.1,7841.1,1783271632.125
1783271633,7841.2,7841.2,7841.2,1783271633.111
1783271634,7841.3,7841.3,7841.3,1783271634.134
1783271635,7841.2,7841.2,7841.2,1783271635.120
1783271636,7841.1,7841.1,7841.1,1783271636.148
1783271637,7841,7841,7841,1783271637.111
1783271638,7841.1,7841.1,7841.1,1783271638.128
1783271639,7841.2,7841.2,7841.2,1783271639.117
1783271640,7841.3,7841.3,7841.3,1783271640.140
1783271641,7841.4,7841.4,7841.4,1783271641.114
1783271642,7841.3,7841.3,7841.3,1783271642.184
1783271643,7841.4,7841.4,7841.4,1783271643.191
1783271644,7841.5,7841.5,7841.5,1783271644.224
1783271645,7841.4,7841.4,7841.4,1783271645.151
1783271646,7841.5,7841.5,7841.5,1783271646.136
1783271647,7841.4,7841.4,7841.4,1783271647.129
1783271648,7841.5,7841.5,7841.5,1783271648.252
1783271649,7841.6,7841.6,7841.6,1783271649.119
1783271650,7841.5,7841.5,7841.5,1783271650.162
1783271651,7841.6,7841.6,7841.6,1783271651.130
1783271652,7841.7,7841.7,7841.7,1783271652.130
1783271653,7841.6,7841.6,7841.6,1783271653.124
1783271654,7841.7,7841.7,7841.7,1783271654.143
1783271655,7841.8,7841.8,7841.8,1783271655.123
1783271656,7841.7,7841.7,7841.7,1783271656.138
1783271657,7841.6,7841.6,7841.6,1783271657.116
1783271658,7841.5,7841.5,7841.5,1783271658.129
1783271659,7841.4,7841.4,7841.4,1783271659.131
1783271660,7841.5,7841.5,7841.5,1783271660.139
1783271661,7841.4,7841.4,7841.4,1783271661.128
1783271662,7841.3,7841.3,7841.3,1783271662.160
1783271663,7841.2,7841.2,7841.2,1783271663.116
1783271664,7841.3,7841.3,7841.3,1783271664.141
1783271665,7841.4,7841.4,7841.4,1783271665.116
1783271666,7841.3,7841.3,7841.3,1783271666.153
1783271667,7841.2,7841.2,7841.2,1783271667.114
1783271668,7841.1,7841.1,7841.1,1783271668.133
1783271669,7841.2,7841.2,7841.2,1783271669.114
1783271670,7841.3,7841.3,7841.3,1783271670.157
1783271671,7841.4,7841.4,7841.4,1783271671.112
1783271672,7841.5,7841.5,7841.5,1783271672.129
1783271673,7841.6,7841.6,7841.6,1783271673.130
1783271674,7841.5,7841.5,7841.5,1783271674.204
1783271675,7841.6,7841.6,7841.6,1783271675.126
1783271676,7841.5,7841.5,7841.5,1783271676.134
1783271677,7841.4,7841.4,7841.4,1783271677.126
1783271678,7841.3,7841.3,7841.3,1783271678.203
1783271679,7841.4,7841.4,7841.4,1783271679.124
1783271680,7841.5,7841.5,7841.5,1783271680.136
1783271681,7841.4,7841.4,7841.4,1783271681.110
1783271682,7841.3,7841.3,7841.3,1783271682.139
1783271683,7841.2,7841.2,7841.2,1783271683.111
1783271684,7841.3,7841.3,7841.3,1783271684.147
1783271685,7841.2,7841.2,7841.2,1783271685.130
1783271686,7841.1,7841.1,7841.1,1783271686.126
1783271687,7841.2,7841.2,7841.2,1783271687.112
1783271688,7841.3,7841.3,7841.3,1783271688.167
1783271689,7841.2,7841.2,7841.2,1783271689.114
1783271690,7841.3,7841.3,7841.3,1783271690.150
1783271691,7841.4,7841.4,7841.4,1783271691.116
1783271692,7841.5,7841.5,7841.5,1783271692.142
1783271693,7841.4,7841.4,7841.4,1783271693.124
1783271694,7841.3,7841.3,7841.3,1783271694.133
1783271695,7841.4,7841.4,7841.4,1783271695.106
1783271696,7841.5,7841.5,7841.5,1783271696.154
1783271697,7841.6,7841.6,7841.6,1783271697.113
1783271698,7841.5,7841.5,7841.5,1783271698.133
1783271699,7841.6,7841.6,7841.6,1783271699.119
1783271700,7841.7,7841.7,7841.7,1783271700.143
1783271701,7841.8,7841.8,7841.8,1783271701.121
1783271702,7841.9,7841.9,7841.9,1783271702.202
1783271703,7841.8,7841.8,7841.8,1783271703.170
1783271704,7841.7,7841.7,7841.7,1783271704.141
1783271705,7841.8,7841.8,7841.8,1783271705.121
1783271706,7841.9,7841.9,7841.9,1783271706.135
1783271707,7842,7842,7842,1783271707.116
1783271708,7841.9,7841.9,7841.9,1783271708.202
1783271709,7841.8,7841.8,7841.8,1783271709.115
1783271710,7841.9,7841.9,7841.9,1783271710.125
1783271711,7841.8,7841.8,7841.8,1783271711.123
1783271712,7841.7,7841.7,7841.7,1783271712.145
1783271713,7841.6,7841.6,7841.6,1783271713.128
1783271714,7841.5,7841.5,7841.5,1783271714.158
1783271715,7841.4,7841.4,7841.4,1783271715.115
1783271716,7841.3,7841.3,7841.3,1783271716.156
1783271717,7841.2,7841.2,7841.2,1783271717.112
1783271718,7841.1,7841.1,7841.1,1783271718.166
1783271719,7841.2,7841.2,7841.2,1783271719.112
1783271720,7841.3,7841.3,7841.3,1783271720.141
1783271721,7841.2,7841.2,7841.2,1783271721.121
1783271722,7841.3,7841.3,7841.3,1783271722.142
1783271723,7841.2,7841.2,7841.2,1783271723.111
1783271724,7841.3,7841.3,7841.3,1783271724.134
1783271725,7841.2,7841.2,7841.2,1783271725.122
1783271726,7841.1,7841.1,7841.1,1783271726.135
1783271727,7841,7841,7841,1783271727.121
1783271728,7841.1,7841.1,7841.1,1783271728.132
1783271729,7841.2,7841.2,7841.2,1783271729.124
1783271730,7841.3,7841.3,7841.3,1783271730.153
1783271731,7841.2,7841.2,7841.2,1783271731.123
1783271732,7841.1,7841.1,7841.1,1783271732.147
1783271733,7841.2,7841.2,7841.2,1783271733.129
1783271734,7841.1,7841.1,7841.1,1783271734.141
1783271735,7841,7841,7841,1783271735.117
1783271736,7840.9,7840.9,7840.9,1783271736.135
1783271737,7841,7841,7841,1783271737.128
1783271738,7840.9,7840.9,7840.9,1783271738.246
1783271739,7840.8,7840.8,7840.8,1783271739.109
1783271740,7840.9,7840.9,7840.9,1783271740.141
1783271741,7840.8,7840.8,7840.8,1783271741.121
1783271742,7840.7,7840.7,7840.7,1783271742.150
1783271743,7840.8,7840.8,7840.8,1783271743.142
1783271744,7840.7,7840.7,7840.7,1783271744.135
1783271745,7840.6,7840.6,7840.6,1783271745.124
1783271746,7840.7,7840.7,7840.7,1783271746.147
1783271747,7840.6,7840.6,7840.6,1783271747.115
1783271748,7840.7,7840.7,7840.7,1783271748.152
1783271749,7840.8,7840.8,7840.8,1783271749.114
1783271750,7840.7,7840.7,7840.7,1783271750.138
1783271751,7840.6,7840.6,7840.6,1783271751.113
1783271752,7840.5,7840.5,7840.5,1783271752.142
1783271753,7840.4,7840.4,7840.4,1783271753.116
1783271754,7840.3,7840.3,7840.3,1783271754.146
1783271755,7840.4,7840.4,7840.4,1783271755.113
1783271756,7840.3,7840.3,7840.3,1783271756.131
1783271757,7840.2,7840.2,7840.2,1783271757.128
1783271758,7840.3,7840.3,7840.3,1783271758.144
1783271759,7840.4,7840.4,7840.4,1783271759.121
1783271760,7840.5,7840.5,7840.5,1783271760.132
1783271761,7840.6,7840.6,7840.6,1783271761.128
1783271762,7840.5,7840.5,7840.5,1783271762.180
1783271763,7840.4,7840.4,7840.4,1783271763.118
1783271764,7840.3,7840.3,7840.3,1783271764.192
1783271765,7840.4,7840.4,7840.4,1783271765.119
1783271766,7840.5,7840.5,7840.5,1783271766.139
1783271767,7840.4,7840.4,7840.4,1783271767.120
1783271768,7840.5,7840.5,7840.5,1783271768.202
1783271769,7840.4,7840.4,7840.4,1783271769.124
1783271770,7840.5,7840.5,7840.5,1783271770.149
1783271771,7840.4,7840.4,7840.4,1783271771.112
1783271772,7840.3,7840.3,7840.3,1783271772.135
1783271773,7840.2,7840.2,7840.2,1783271773.165
1783271774,7840.3,7840.3,7840.3,1783271774.143
1783271775,7840.2,7840.2,7840.2,1783271775.121
1783271776,7840.3,7840.3,7840.3,1783271776.159
1783271777,7840.2,7840.2,7840.2,1783271777.116
1783271778,7840.1,7840.1,7840.1,1783271778.131
1783271779,7840.2,7840.2,7840.2,1783271779.119
1783271780,7840.3,7840.3,7840.3,1783271780.135
1783271781,7840.4,7840.4,7840.4,1783271781.145
1783271782,7840.3,7840.3,7840.3,1783271782.133
1783271783,7840.4,7840.4,7840.4,1783271783.111
1783271784,7840.3,7840.3,7840.3,1783271784.134
1783271785,7840.4,7840.4,7840.4,1783271785.112
1783271786,7840.3,7840.3,7840.3,1783271786.164
1783271787,7840.2,7840.2,7840.2,1783271787.111
1783271788,7840.1,7840.1,7840.1,1783271788.130
1783271789,7840,7840,7840,1783271789.148
1783271790,7839.9,7839.9,7839.9,1783271790.137
1783271791,7840,7840,7840,1783271791.113
1783271792,7839.9,7839.9,7839.9,1783271792.131
1783271793,7839.8,7839.8,7839.8,1783271793.124
1783271794,7839.9,7839.9,7839.9,1783271794.133
1783271795,7840,7840,7840,1783271795.109
1783271796,7840.1,7840.1,7840.1,1783271796.150
1783271797,7840,7840,7840,1783271797.121
1783271798,7840.1,7840.1,7840.1,1783271798.134
1783271799,7840,7840,7840,1783271799.162
1783271800,7839.9,7839.9,7839.9,1783271800.144
1783271801,7840,7840,7840,1783271801.119
1783271802,7839.9,7839.9,7839.9,1783271802.133
1783271803,7840,7840,7840,1783271803.114
1783271804,7839.9,7839.9,7839.9,1783271804.145
1783271805,7839.8,7839.8,7839.8,1783271805.108
1783271806,7839.9,7839.9,7839.9,1783271806.132
1783271807,7839.8,7839.8,7839.8,1783271807.122
1783271808,7839.7,7839.7,7839.7,1783271808.141
1783271809,7839.8,7839.8,7839.8,1783271809.121
1783271810,7839.7,7839.7,7839.7,1783271810.135
1783271811,7839.6,7839.6,7839.6,1783271811.115
1783271812,7839.5,7839.5,7839.5,1783271812.145
1783271813,7839.4,7839.4,7839.4,1783271813.113
1783271814,7839.3,7839.3,7839.3,1783271814.149
1783271815,7839.2,7839.2,7839.2,1783271815.115
1783271816,7839.3,7839.3,7839.3,1783271816.153
1783271817,7839.4,7839.4,7839.4,1783271817.121
1783271818,7839.3,7839.3,7839.3,1783271818.137
1783271819,7839.4,7839.4,7839.4,1783271819.119
1783271820,7839.5,7839.5,7839.5,1783271820.187
1783271821,7839.4,7839.4,7839.4,1783271821.121
1783271822,7839.5,7839.5,7839.5,1783271822.193
1783271823,7839.6,7839.6,7839.6,1783271823.233
1783271824,7839.7,7839.7,7839.7,1783271824.153
1783271825,7839.8,7839.8,7839.8,1783271825.166
1783271826,7839.7,7839.7,7839.7,1783271826.154
1783271827,7839.6,7839.6,7839.6,1783271827.121
1783271828,7839.5,7839.5,7839.5,1783271828.136
1783271829,7839.6,7839.6,7839.6,1783271829.119
1783271830,7839.7,7839.7,7839.7,1783271830.131
1783271831,7839.6,7839.6,7839.6,1783271831.112
1783271832,7839.5,7839.5,7839.5,1783271832.153
1783271833,7839.4,7839.4,7839.4,1783271833.117
1783271834,7839.3,7839.3,7839.3,1783271834.127
1783271835,7839.4,7839.4,7839.4,1783271835.117
1783271836,7839.3,7839.3,7839.3,1783271836.142
1783271837,7839.4,7839.4,7839.4,1783271837.126
1783271838,7839.3,7839.3,7839.3,1783271838.136
1783271839,7839.2,7839.2,7839.2,1783271839.125
1783271840,7839.3,7839.3,7839.3,1783271840.131
1783271841,7839.2,7839.2,7839.2,1783271841.118
1783271842,7839.3,7839.3,7839.3,1783271842.152
1783271843,7839.2,7839.2,7839.2,1783271843.119
1783271844,7839.3,7839.3,7839.3,1783271844.139
1783271845,7839.2,7839.2,7839.2,1783271845.122
1783271846,7839.1,7839.1,7839.1,1783271846.145
1783271847,7839.2,7839.2,7839.2,1783271847.149
1783271848,7839.3,7839.3,7839.3,1783271848.138
1783271849,7839.2,7839.2,7839.2,1783271849.111
1783271850,7839.3,7839.3,7839.3,1783271850.135
1783271851,7839.2,7839.2,7839.2,1783271851.164
1783271852,7839.1,7839.1,7839.1,1783271852.166
1783271853,7839.2,7839.2,7839.2,1783271853.114
1783271854,7839.3,7839.3,7839.3,1783271854.156
1783271855,7839.4,7839.4,7839.4,1783271855.118
1783271856,7839.3,7839.3,7839.3,1783271856.139
1783271857,7839.4,7839.4,7839.4,1783271857.122
1783271858,7839.3,7839.3,7839.3,1783271858.203
1783271859,7839.2,7839.2,7839.2,1783271859.120
1783271860,7839.3,7839.3,7839.3,1783271860.153
1783271861,7839.2,7839.2,7839.2,1783271861.123
1783271862,7839.1,7839.1,7839.1,1783271862.148
1783271863,7839,7839,7839,1783271863.115
1783271864,7838.9,7838.9,7838.9,1783271864.142
1783271865,7838.8,7838.8,7838.8,1783271865.115
1783271866,7838.9,7838.9,7838.9,1783271866.135
1783271867,7838.8,7838.8,7838.8,1783271867.111
1783271868,7838.9,7838.9,7838.9,1783271868.138
1783271869,7838.8,7838.8,7838.8,1783271869.124
1783271870,7838.9,7838.9,7838.9,1783271870.141
1783271871,7838.8,7838.8,7838.8,1783271871.138
1783271872,7838.7,7838.7,7838.7,1783271872.137
1783271873,7838.6,7838.6,7838.6,1783271873.109
1783271874,7838.5,7838.5,7838.5,1783271874.146
1783271875,7838.6,7838.6,7838.6,1783271875.128
1783271876,7838.5,7838.5,7838.5,1783271876.148
1783271877,7838.4,7838.4,7838.4,1783271877.114
1783271878,7838.5,7838.5,7838.5,1783271878.147
1783271879,7838.6,7838.6,7838.6,1783271879.144
1783271880,7838.7,7838.7,7838.7,1783271880.178
1783271881,7838.6,7838.6,7838.6,1783271881.134
1783271882,7838.5,7838.5,7838.5,1783271882.265
1783271883,7838.6,7838.6,7838.6,1783271883.138
1783271884,7838.5,7838.5,7838.5,1783271884.322
1783271885,7838.4,7838.4,7838.4,1783271885.129
1783271886,7838.5,7838.5,7838.5,1783271886.155
1783271887,7838.6,7838.6,7838.6,1783271887.116
1783271888,7838.5,7838.5,7838.5,1783271888.126
1783271889,7838.6,7838.6,7838.6,1783271889.118
1783271890,7838.7,7838.7,7838.7,1783271890.146
1783271891,7838.6,7838.6,7838.6,1783271891.114
1783271892,7838.5,7838.5,7838.5,1783271892.129
1783271893,7838.4,7838.4,7838.4,1783271893.124
1783271894,7838.3,7838.3,7838.3,1783271894.145
1783271895,7838.2,7838.2,7838.2,1783271895.130
1783271896,7838.1,7838.1,7838.1,1783271896.143
1783271897,7838.2,7838.2,7838.2,1783271897.117
1783271898,7838.1,7838.1,7838.1,1783271898.137
1783271899,7838.2,7838.2,7838.2,1783271899.112
1783271900,7838.3,7838.3,7838.3,1783271900.125
1783271901,7838.2,7838.2,7838.2,1783271901.112
1783271902,7838.3,7838.3,7838.3,1783271902.145
1783271903,7838.4,7838.4,7838.4,1783271903.121
1783271904,7838.3,7838.3,7838.3,1783271904.159
1783271905,7838.4,7838.4,7838.4,1783271905.113
1783271906,7838.5,7838.5,7838.5,1783271906.162
1783271907,7838.6,7838.6,7838.6,1783271907.130
1783271908,7838.7,7838.7,7838.7,1783271908.133
1783271909,7838.6,7838.6,7838.6,1783271909.114
1783271910,7838.7,7838.7,7838.7,1783271910.144
1783271911,7838.8,7838.8,7838.8,1783271911.114
1783271912,7838.9,7838.9,7838.9,1783271912.139
1783271913,7839,7839,7839,1783271913.116
1783271914,7839.1,7839.1,7839.1,1783271914.143
1783271915,7839.2,7839.2,7839.2,1783271915.129
1783271916,7839.1,7839.1,7839.1,1783271916.143
1783271917,7839,7839,7839,1783271917.113
1783271918,7838.9,7838.9,7838.9,1783271918.242
1783271919,7839,7839,7839,1783271919.115
1783271920,7838.9,7838.9,7838.9,1783271920.163
1783271921,7839,7839,7839,1783271921.118
1783271922,7839.1,7839.1,7839.1,1783271922.146
1783271923,7839.2,7839.2,7839.2,1783271923.111
1783271924,7839.1,7839.1,7839.1,1783271924.128
1783271925,7839,7839,7839,1783271925.122
1783271926,7838.9,7838.9,7838.9,1783271926.136
1783271927,7838.8,7838.8,7838.8,1783271927.112
1783271928,7838.7,7838.7,7838.7,1783271928.144
1783271929,7838.8,7838.8,7838.8,1783271929.110
1783271930,7838.7,7838.7,7838.7,1783271930.150
1783271931,7838.6,7838.6,7838.6,1783271931.110
1783271932,7838.5,7838.5,7838.5,1783271932.168
1783271933,7838.4,7838.4,7838.4,1783271933.123
1783271934,7838.5,7838.5,7838.5,1783271934.157
1783271935,7838.6,7838.6,7838.6,1783271935.114
1783271936,7838.5,7838.5,7838.5,1783271936.152
1783271937,7838.4,7838.4,7838.4,1783271937.123
1783271938,7838.3,7838.3,7838.3,1783271938.131
1783271939,7838.4,7838.4,7838.4,1783271939.125
1783271940,7838.5,7838.5,7838.5,1783271940.165
1783271941,7838.6,7838.6,7838.6,1783271941.123
1783271942,7838.5,7838.5,7838.5,1783271942.265
1783271943,7838.4,7838.4,7838.4,1783271943.128
1783271944,7838.5,7838.5,7838.5,1783271944.161
1783271945,7838.6,7838.6,7838.6,1783271945.113
1783271946,7838.7,7838.7,7838.7,1783271946.142
1783271947,7838.8,7838.8,7838.8,1783271947.124
1783271948,7838.7,7838.7,7838.7,1783271948.201
1783271949,7838.8,7838.8,7838.8,1783271949.127
1783271950,7838.9,7838.9,7838.9,1783271950.135
1783271951,7838.8,7838.8,7838.8,1783271951.116
1783271952,7838.7,7838.7,7838.7,1783271952.150
1783271953,7838.6,7838.6,7838.6,1783271953.125
1783271954,7838.5,7838.5,7838.5,1783271954.141
1783271955,7838.6,7838.6,7838.6,1783271955.117
1783271956,7838.5,7838.5,7838.5,1783271956.158
1783271957,7838.4,7838.4,7838.4,1783271957.110
1783271958,7838.3,7838.3,7838.3,1783271958.164
1783271959,7838.2,7838.2,7838.2,1783271959.117
1783271960,7838.1,7838.1,7838.1,1783271960.133
1783271961,7838.2,7838.2,7838.2,1783271961.110
1783271962,7838.1,7838.1,7838.1,1783271962.125
1783271963,7838,7838,7838,1783271963.116
1783271964,7838.1,7838.1,7838.1,1783271964.129
1783271965,7838,7838,7838,1783271965.111
1783271966,7837.9,7837.9,7837.9,1783271966.206
1783271967,7837.8,7837.8,7837.8,1783271967.119
1783271968,7837.9,7837.9,7837.9,1783271968.163
1783271969,7838,7838,7838,1783271969.140
1783271970,7837.9,7837.9,7837.9,1783271970.153
1783271971,7838,7838,7838,1783271971.112
1783271972,7837.9,7837.9,7837.9,1783271972.134
1783271973,7837.8,7837.8,7837.8,1783271973.128
1783271974,7837.9,7837.9,7837.9,1783271974.153
1783271975,7838,7838,7838,1783271975.117
1783271976,7838.1,7838.1,7838.1,1783271976.133
1783271977,7838.2,7838.2,7838.2,1783271977.130
1783271978,7838.1,7838.1,7838.1,1783271978.254
1783271979,7838.2,7838.2,7838.2,1783271979.113
1783271980,7838.1,7838.1,7838.1,1783271980.128
1783271981,7838.2,7838.2,7838.2,1783271981.116
1783271982,7838.3,7838.3,7838.3,1783271982.142
1783271983,7838.4,7838.4,7838.4,1783271983.129
1783271984,7838.3,7838.3,7838.3,1783271984.130
1783271985,7838.2,7838.2,7838.2,1783271985.117
1783271986,7838.1,7838.1,7838.1,1783271986.151
1783271987,7838,7838,7838,1783271987.120
1783271988,7838.1,7838.1,7838.1,1783271988.148
1783271989,7838,7838,7838,1783271989.112
1783271990,7838.1,7838.1,7838.1,1783271990.145
1783271991,7838.2,7838.2,7838.2,1783271991.127
1783271992,7838.3,7838.3,7838.3,1783271992.163
1783271993,7838.4,7838.4,7838.4,1783271993.120
1783271994,7838.3,7838.3,7838.3,1783271994.128
1783271995,7838.2,7838.2,7838.2,1783271995.114
1783271996,7838.1,7838.1,7838.1,1783271996.136
1783271997,7838.2,7838.2,7838.2,1783271997.114
1783271998,7838.3,7838.3,7838.3,1783271998.151
1783271999,7838.4,7838.4,7838.4,1783271999.115
1783272000,7838.3,7838.3,7838.3,1783272000.147
1783272001,7838.2,7838.2,7838.2,1783272001.122
1783272002,7838.3,7838.3,7838.3,1783272002.218
1783272003,7838.2,7838.2,7838.2,1783272003.155
1783272004,7838.3,7838.3,7838.3,1783272004.199
1783272005,7838.4,7838.4,7838.4,1783272005.127
1783272006,7838.3,7838.3,7838.3,1783272006.129
1783272007,7838.2,7838.2,7838.2,1783272007.111
1783272008,7838.3,7838.3,7838.3,1783272008.209
1783272009,7838.4,7838.4,7838.4,1783272009.131
1783272010,7838.5,7838.5,7838.5,1783272010.163
1783272011,7838.6,7838.6,7838.6,1783272011.114
1783272012,7838.5,7838.5,7838.5,1783272012.133
1783272013,7838.6,7838.6,7838.6,1783272013.126
1783272014,7838.5,7838.5,7838.5,1783272014.143
1783272015,7838.6,7838.6,7838.6,1783272015.115
1783272016,7838.5,7838.5,7838.5,1783272016.161
1783272017,7838.4,7838.4,7838.4,1783272017.111
1783272018,7838.3,7838.3,7838.3,1783272018.129
1783272019,7838.2,7838.2,7838.2,1783272019.112
1783272020,7838.3,7838.3,7838.3,1783272020.132
1783272021,7838.2,7838.2,7838.2,1783272021.113
1783272022,7838.3,7838.3,7838.3,1783272022.130
1783272023,7838.4,7838.4,7838.4,1783272023.113
1783272024,7838.5,7838.5,7838.5,1783272024.144
1783272025,7838.4,7838.4,7838.4,1783272025.113
1783272026,7838.5,7838.5,7838.5,1783272026.131
1783272027,7838.6,7838.6,7838.6,1783272027.111
1783272028,7838.7,7838.7,7838.7,1783272028.129
1783272029,7838.8,7838.8,7838.8,1783272029.119
1783272030,7838.7,7838.7,7838.7,1783272030.146
1783272031,7838.8,7838.8,7838.8,1783272031.112
1783272032,7838.9,7838.9,7838.9,1783272032.137
1783272033,7838.8,7838.8,7838.8,1783272033.117
1783272034,7838.9,7838.9,7838.9,1783272034.155
1783272035,7838.8,7838.8,7838.8,1783272035.109
1783272036,7838.9,7838.9,7838.9,1783272036.134
1783272037,7839,7839,7839,1783272037.108
1783272038,7838.9,7838.9,7838.9,1783272038.245
1783272039,7838.8,7838.8,7838.8,1783272039.113
1783272040,7838.9,7838.9,7838.9,1783272040.134
1783272041,7838.8,7838.8,7838.8,1783272041.120
1783272042,7838.7,7838.7,7838.7,1783272042.135
1783272043,7838.6,7838.6,7838.6,1783272043.124
1783272044,7838.7,7838.7,7838.7,1783272044.128
1783272045,7838.6,7838.6,7838.6,1783272045.110
1783272046,7838.5,7838.5,7838.5,1783272046.156
1783272047,7838.4,7838.4,7838.4,1783272047.117
1783272048,7838.5,7838.5,7838.5,1783272048.134
1783272049,7838.6,7838.6,7838.6,1783272049.161
1783272050,7838.5,7838.5,7838.5,1783272050.142
1783272051,7838.4,7838.4,7838.4,1783272051.111
1783272052,7838.5,7838.5,7838.5,1783272052.150
1783272053,7838.6,7838.6,7838.6,1783272053.131
1783272054,7838.7,7838.7,7838.7,1783272054.132
1783272055,7838.8,7838.8,7838.8,1783272055.115
1783272056,7838.7,7838.7,7838.7,1783272056.121
1783272057,7838.6,7838.6,7838.6,1783272057.103
1783272058,7838.5,7838.5,7838.5,1783272058.116
1783272059,7838.6,7838.6,7838.6,1783272059.107
1783272060,7838.7,7838.7,7838.7,1783272060.123
1783272061,7838.8,7838.8,7838.8,1783272061.116
1783272062,7838.9,7838.9,7838.9,1783272062.189
1783272063,7839,7839,7839,1783272063.116
1783272064,7839.1,7839.1,7839.1,1783272064.134
1783272065,7839,7839,7839,1783272065.109
1783272066,7838.9,7838.9,7838.9,1783272066.134
1783272067,7838.8,7838.8,7838.8,1783272067.110
1783272068,7838.9,7838.9,7838.9,1783272068.201
1783272069,7838.8,7838.8,7838.8,1783272069.110
1783272070,7838.9,7838.9,7838.9,1783272070.116
1783272071,7838.8,7838.8,7838.8,1783272071.100
1783272072,7838.7,7838.7,7838.7,1783272072.117
1783272073,7838.6,7838.6,7838.6,1783272073.108
1783272074,7838.7,7838.7,7838.7,1783272074.164
1783272075,7838.8,7838.8,7838.8,1783272075.111
1783272076,7838.7,7838.7,7838.7,1783272076.128
1783272077,7838.6,7838.6,7838.6,1783272077.110
1783272078,7838.5,7838.5,7838.5,1783272078.120
1783272079,7838.4,7838.4,7838.4,1783272079.123
1783272080,7838.3,7838.3,7838.3,1783272080.124
1783272081,7838.4,7838.4,7838.4,1783272081.109
1783272082,7838.3,7838.3,7838.3,1783272082.113
1783272083,7838.4,7838.4,7838.4,1783272083.107
1783272084,7838.5,7838.5,7838.5,1783272084.143
1783272085,7838.6,7838.6,7838.6,1783272085.106
1783272086,7838.7,7838.7,7838.7,1783272086.123
1783272087,7838.8,7838.8,7838.8,1783272087.107
1783272088,7838.7,7838.7,7838.7,1783272088.153
1783272089,7838.6,7838.6,7838.6,1783272089.104
1783272090,7838.7,7838.7,7838.7,1783272090.139
1783272091,7838.6,7838.6,7838.6,1783272091.163
1783272092,7838.7,7838.7,7838.7,1783272092.127
1783272093,7838.8,7838.8,7838.8,1783272093.107
1783272094,7838.7,7838.7,7838.7,1783272094.128
1783272095,7838.8,7838.8,7838.8,1783272095.105
1783272096,7838.7,7838.7,7838.7,1783272096.129
1783272097,7838.8,7838.8,7838.8,1783272097.112
1783272098,7838.7,7838.7,7838.7,1783272098.119
1783272099,7838.6,7838.6,7838.6,1783272099.109
1783272100,7838.7,7838.7,7838.7,1783272100.128
1783272101,7838.6,7838.6,7838.6,1783272101.117
1783272102,7838.7,7838.7,7838.7,1783272102.132
1783272103,7838.6,7838.6,7838.6,1783272103.111
1783272104,7838.7,7838.7,7838.7,1783272104.125
1783272105,7838.6,7838.6,7838.6,1783272105.110
1783272106,7838.5,7838.5,7838.5,1783272106.121
1783272107,7838.6,7838.6,7838.6,1783272107.109
1783272108,7838.5,7838.5,7838.5,1783272108.129
1783272109,7838.4,7838.4,7838.4,1783272109.113
1783272110,7838.3,7838.3,7838.3,1783272110.124
1783272111,7838.2,7838.2,7838.2,1783272111.112
1783272112,7838.3,7838.3,7838.3,1783272112.248
1783272113,7838.4,7838.4,7838.4,1783272113.112
1783272114,7838.5,7838.5,7838.5,1783272114.132
1783272115,7838.4,7838.4,7838.4,1783272115.112
1783272116,7838.3,7838.3,7838.3,1783272116.127
1783272117,7838.2,7838.2,7838.2,1783272117.109
1783272118,7838.3,7838.3,7838.3,1783272118.134
1783272119,7838.4,7838.4,7838.4,1783272119.108
1783272120,7838.5,7838.5,7838.5,1783272120.139
1783272121,7838.6,7838.6,7838.6,1783272121.111
1783272122,7838.5,7838.5,7838.5,1783272122.150
1783272123,7838.6,7838.6,7838.6,1783272123.201
1783272124,7838.7,7838.7,7838.7,1783272124.146
1783272125,7838.8,7838.8,7838.8,1783272125.111
1783272126,7838.9,7838.9,7838.9,1783272126.134
1783272127,7838.8,7838.8,7838.8,1783272127.117
1783272128,7838.7,7838.7,7838.7,1783272128.123
1783272129,7838.8,7838.8,7838.8,1783272129.123
1783272130,7838.7,7838.7,7838.7,1783272130.165
1783272131,7838.8,7838.8,7838.8,1783272131.110
1783272132,7838.9,7838.9,7838.9,1783272132.126
1783272133,7838.8,7838.8,7838.8,1783272133.109
1783272134,7838.7,7838.7,7838.7,1783272134.142
1783272135,7838.6,7838.6,7838.6,1783272135.114
1783272136,7838.5,7838.5,7838.5,1783272136.124
1783272137,7838.4,7838.4,7838.4,1783272137.126
1783272138,7838.5,7838.5,7838.5,1783272138.130
1783272139,7838.4,7838.4,7838.4,1783272139.107
1783272140,7838.5,7838.5,7838.5,1783272140.163
1783272141,7838.4,7838.4,7838.4,1783272141.113
1783272142,7838.5,7838.5,7838.5,1783272142.126
1783272143,7838.4,7838.4,7838.4,1783272143.114
1783272144,7838.3,7838.3,7838.3,1783272144.129
1783272145,7838.2,7838.2,7838.2,1783272145.108
1783272146,7838.3,7838.3,7838.3,1783272146.126
1783272147,7838.2,7838.2,7838.2,1783272147.116
1783272148,7838.1,7838.1,7838.1,1783272148.244
1783272149,7838.2,7838.2,7838.2,1783272149.106
1783272150,7838.1,7838.1,7838.1,1783272150.130
1783272151,7838,7838,7838,1783272151.118
1783272152,7838.1,7838.1,7838.1,1783272152.128
1783272153,7838.2,7838.2,7838.2,1783272153.106
1783272154,7838.1,7838.1,7838.1,1783272154.127
1783272155,7838.2,7838.2,7838.2,1783272155.106
1783272156,7838.3,7838.3,7838.3,1783272156.128
1783272157,7838.2,7838.2,7838.2,1783272157.107
1783272158,7838.3,7838.3,7838.3,1783272158.204
1783272159,7838.4,7838.4,7838.4,1783272159.109
1783272160,7838.5,7838.5,7838.5,1783272160.140
1783272161,7838.4,7838.4,7838.4,1783272161.113
1783272162,7838.5,7838.5,7838.5,1783272162.120
1783272163,7838.6,7838.6,7838.6,1783272163.107
1783272164,7838.7,7838.7,7838.7,1783272164.129
1783272165,7838.6,7838.6,7838.6,1783272165.110
1783272166,7838.5,7838.5,7838.5,1783272166.162
1783272167,7838.4,7838.4,7838.4,1783272167.111
1783272168,7838.3,7838.3,7838.3,1783272168.126
1783272169,7838.2,7838.2,7838.2,1783272169.111
1783272170,7838.1,7838.1,7838.1,1783272170.133
1783272171,7838,7838,7838,1783272171.112
1783272172,7838.1,7838.1,7838.1,1783272172.130
1783272173,7838.2,7838.2,7838.2,1783272173.107
1783272174,7838.3,7838.3,7838.3,1783272174.128
1783272175,7838.4,7838.4,7838.4,1783272175.109
1783272176,7838.5,7838.5,7838.5,1783272176.141
1783272177,7838.4,7838.4,7838.4,1783272177.114
1783272178,7838.3,7838.3,7838.3,1783272178.127
1783272179,7838.2,7838.2,7838.2,1783272179.108
1783272180,7838.1,7838.1,7838.1,1783272180.139
1783272181,7838,7838,7838,1783272181.109
1783272182,7837.9,7837.9,7837.9,1783272182.167
1783272183,7837.8,7837.8,7837.8,1783272183.169
1783272184,7837.9,7837.9,7837.9,1783272184.140
1783272185,7837.8,7837.8,7837.8,1783272185.116
1783272186,7837.9,7837.9,7837.9,1783272186.119
1783272187,7838,7838,7838,1783272187.110
1783272188,7837.9,7837.9,7837.9,1783272188.155
1783272189,7837.8,7837.8,7837.8,1783272189.103
1783272190,7837.7,7837.7,7837.7,1783272190.129
1783272191,7837.6,7837.6,7837.6,1783272191.115
1783272192,7837.5,7837.5,7837.5,1783272192.125
1783272193,7837.4,7837.4,7837.4,1783272193.126
1783272194,7837.5,7837.5,7837.5,1783272194.121
1783272195,7837.4,7837.4,7837.4,1783272195.109
1783272196,7837.5,7837.5,7837.5,1783272196.135
1783272197,7837.6,7837.6,7837.6,1783272197.107
1783272198,7837.7,7837.7,7837.7,1783272198.132
1783272199,7837.8,7837.8,7837.8,1783272199.104
1783272200,7837.7,7837.7,7837.7,1783272200.121
1783272201,7837.8,7837.8,7837.8,1783272201.118
1783272202,7837.9,7837.9,7837.9,1783272202.138
1783272203,7837.8,7837.8,7837.8,1783272203.105
1783272204,7837.7,7837.7,7837.7,1783272204.121
1783272205,7837.8,7837.8,7837.8,1783272205.114
1783272206,7837.9,7837.9,7837.9,1783272206.146
1783272207,7837.8,7837.8,7837.8,1783272207.110
1783272208,7837.7,7837.7,7837.7,1783272208.137
1783272209,7837.6,7837.6,7837.6,1783272209.113
1783272210,7837.5,7837.5,7837.5,1783272210.133
1783272211,7837.4,7837.4,7837.4,1783272211.106
1783272212,7837.3,7837.3,7837.3,1783272212.134
1783272213,7837.2,7837.2,7837.2,1783272213.110
1783272214,7837.1,7837.1,7837.1,1783272214.133
1783272215,7837,7837,7837,1783272215.111
1783272216,7837.1,7837.1,7837.1,1783272216.153
1783272217,7837.2,7837.2,7837.2,1783272217.103
1783272218,7837.3,7837.3,7837.3,1783272218.209
1783272219,7837.4,7837.4,7837.4,1783272219.116
1783272220,7837.5,7837.5,7837.5,1783272220.140
1783272221,7837.4,7837.4,7837.4,1783272221.122
1783272222,7837.3,7837.3,7837.3,1783272222.130
1783272223,7837.2,7837.2,7837.2,1783272223.105
1783272224,7837.1,7837.1,7837.1,1783272224.136
1783272225,7837.2,7837.2,7837.2,1783272225.134
1783272226,7837.3,7837.3,7837.3,1783272226.138
1783272227,7837.4,7837.4,7837.4,1783272227.112
1783272228,7837.3,7837.3,7837.3,1783272228.167
1783272229,7837.4,7837.4,7837.4,1783272229.114
1783272230,7837.5,7837.5,7837.5,1783272230.126
1783272231,7837.6,7837.6,7837.6,1783272231.115
1783272232,7837.7,7837.7,7837.7,1783272232.136
1783272233,7837.6,7837.6,7837.6,1783272233.106
1783272234,7837.7,7837.7,7837.7,1783272234.204
1783272235,7837.8,7837.8,7837.8,1783272235.113
1783272236,7837.7,7837.7,7837.7,1783272236.128
1783272237,7837.6,7837.6,7837.6,1783272237.113
1783272238,7837.7,7837.7,7837.7,1783272238.137
1783272239,7837.8,7837.8,7837.8,1783272239.105
1783272240,7837.9,7837.9,7837.9,1783272240.149
1783272241,7837.8,7837.8,7837.8,1783272241.109
1783272242,7837.7,7837.7,7837.7,1783272242.166
1783272243,7837.6,7837.6,7837.6,1783272243.196
1783272244,7837.7,7837.7,7837.7,1783272244.133
1783272245,7837.8,7837.8,7837.8,1783272245.123
1783272246,7837.9,7837.9,7837.9,1783272246.130
1783272247,7837.8,7837.8,7837.8,1783272247.115
1783272248,7837.7,7837.7,7837.7,1783272248.204
1783272249,7837.8,7837.8,7837.8,1783272249.114
1783272250,7837.7,7837.7,7837.7,1783272250.144
1783272251,7837.6,7837.6,7837.6,1783272251.116
1783272252,7837.7,7837.7,7837.7,1783272252.129
1783272253,7837.6,7837.6,7837.6,1783272253.112
1783272254,7837.5,7837.5,7837.5,1783272254.131
1783272255,7837.6,7837.6,7837.6,1783272255.106
1783272256,7837.7,7837.7,7837.7,1783272256.124
1783272257,7837.6,7837.6,7837.6,1783272257.115
1783272258,7837.7,7837.7,7837.7,1783272258.140
1783272259,7837.6,7837.6,7837.6,1783272259.111
1783272260,7837.7,7837.7,7837.7,1783272260.130
1783272261,7837.8,7837.8,7837.8,1783272261.112
1783272262,7837.7,7837.7,7837.7,1783272262.131
1783272263,7837.6,7837.6,7837.6,1783272263.115
1783272264,7837.5,7837.5,7837.5,1783272264.130
1783272265,7837.6,7837.6,7837.6,1783272265.115
1783272266,7837.7,7837.7,7837.7,1783272266.134
1783272267,7837.6,7837.6,7837.6,1783272267.110
1783272268,7837.7,7837.7,7837.7,1783272268.132
1783272269,7837.8,7837.8,7837.8,1783272269.111
1783272270,7837.7,7837.7,7837.7,1783272270.139
1783272271,7837.8,7837.8,7837.8,1783272271.110
1783272272,7837.7,7837.7,7837.7,1783272272.132
1783272273,7837.8,7837.8,7837.8,1783272273.129
1783272274,7837.9,7837.9,7837.9,1783272274.144
1783272275,7837.8,7837.8,7837.8,1783272275.114
1783272276,7837.9,7837.9,7837.9,1783272276.136
1783272277,7838,7838,7838,1783272277.118
1783272278,7837.9,7837.9,7837.9,1783272278.135
1783272279,7838,7838,7838,1783272279.104
1783272280,7837.9,7837.9,7837.9,1783272280.138
1783272281,7837.8,7837.8,7837.8,1783272281.114
1783272282,7837.7,7837.7,7837.7,1783272282.145
1783272283,7837.8,7837.8,7837.8,1783272283.112
1783272284,7837.9,7837.9,7837.9,1783272284.135
1783272285,7838,7838,7838,1783272285.132
1783272286,7838.1,7838.1,7838.1,1783272286.133
1783272287,7838,7838,7838,1783272287.116
1783272288,7837.9,7837.9,7837.9,1783272288.129
1783272289,7837.8,7837.8,7837.8,1783272289.112
1783272290,7837.7,7837.7,7837.7,1783272290.166
1783272291,7837.8,7837.8,7837.8,1783272291.117
1783272292,7837.9,7837.9,7837.9,1783272292.205
1783272293,7838,7838,7838,1783272293.109
1783272294,7837.9,7837.9,7837.9,1783272294.132
1783272295,7838,7838,7838,1783272295.109
1783272296,7838.1,7838.1,7838.1,1783272296.140
1783272297,7838,7838,7838,1783272297.110
1783272298,7837.9,7837.9,7837.9,1783272298.136
1783272299,7838,7838,7838,1783272299.115
1783272300,7838.1,7838.1,7838.1,1783272300.132
1783272301,7838,7838,7838,1783272301.110
1783272302,7837.9,7837.9,7837.9,1783272302.139
1783272303,7838,7838,7838,1783272303.170
1783272304,7837.9,7837.9,7837.9,1783272304.133
1783272305,7838,7838,7838,1783272305.202
1783272306,7838.1,7838.1,7838.1,1783272306.124
1783272307,7838.2,7838.2,7838.2,1783272307.141
1783272308,7838.3,7838.3,7838.3,1783272308.202
1783272309,7838.4,7838.4,7838.4,1783272309.107
1783272310,7838.5,7838.5,7838.5,1783272310.133
1783272311,7838.4,7838.4,7838.4,1783272311.112
1783272312,7838.5,7838.5,7838.5,1783272312.136
1783272313,7838.4,7838.4,7838.4,1783272313.112
1783272314,7838.5,7838.5,7838.5,1783272314.145
1783272315,7838.4,7838.4,7838.4,1783272315.109
1783272316,7838.3,7838.3,7838.3,1783272316.128
1783272317,7838.2,7838.2,7838.2,1783272317.122
1783272318,7838.3,7838.3,7838.3,1783272318.126
1783272319,7838.2,7838.2,7838.2,1783272319.111
1783272320,7838.3,7838.3,7838.3,1783272320.145
1783272321,7838.2,7838.2,7838.2,1783272321.141
1783272322,7838.3,7838.3,7838.3,1783272322.136
1783272323,7838.2,7838.2,7838.2,1783272323.131
1783272324,7838.3,7838.3,7838.3,1783272324.141
1783272325,7838.4,7838.4,7838.4,1783272325.151
1783272326,7838.5,7838.5,7838.5,1783272326.120
1783272327,7838.6,7838.6,7838.6,1783272327.110
1783272328,7838.7,7838.7,7838.7,1783272328.134
1783272329,7838.8,7838.8,7838.8,1783272329.125
1783272330,7838.7,7838.7,7838.7,1783272330.135
1783272331,7838.8,7838.8,7838.8,1783272331.117
1783272332,7838.9,7838.9,7838.9,1783272332.125
1783272333,7839,7839,7839,1783272333.110
1783272334,7838.9,7838.9,7838.9,1783272334.135
1783272335,7838.8,7838.8,7838.8,1783272335.118
1783272336,7838.9,7838.9,7838.9,1783272336.120
1783272337,7838.8,7838.8,7838.8,1783272337.105
1783272338,7838.7,7838.7,7838.7,1783272338.245
1783272339,7838.6,7838.6,7838.6,1783272339.107
1783272340,7838.7,7838.7,7838.7,1783272340.131
1783272341,7838.6,7838.6,7838.6,1783272341.109
1783272342,7838.7,7838.7,7838.7,1783272342.165
1783272343,7838.6,7838.6,7838.6,1783272343.109
1783272344,7838.5,7838.5,7838.5,1783272344.137
1783272345,7838.4,7838.4,7838.4,1783272345.105
1783272346,7838.3,7838.3,7838.3,1783272346.140
1783272347,7838.4,7838.4,7838.4,1783272347.114
1783272348,7838.5,7838.5,7838.5,1783272348.139
1783272349,7838.4,7838.4,7838.4,1783272349.109
1783272350,7838.5,7838.5,7838.5,1783272350.141
1783272351,7838.6,7838.6,7838.6,1783272351.117
1783272352,7838.5,7838.5,7838.5,1783272352.202
1783272353,7838.6,7838.6,7838.6,1783272353.120
1783272354,7838.7,7838.7,7838.7,1783272354.136
1783272355,7838.8,7838.8,7838.8,1783272355.111
1783272356,7838.9,7838.9,7838.9,1783272356.142
1783272357,7838.8,7838.8,7838.8,1783272357.128
1783272358,7838.7,7838.7,7838.7,1783272358.201
1783272359,7838.8,7838.8,7838.8,1783272359.111
1783272360,7838.7,7838.7,7838.7,1783272360.143
1783272361,7838.6,7838.6,7838.6,1783272361.120
1783272362,7838.7,7838.7,7838.7,1783272362.234
1783272363,7838.6,7838.6,7838.6,1783272363.118
1783272364,7838.5,7838.5,7838.5,1783272364.140
1783272365,7838.6,7838.6,7838.6,1783272365.118
1783272366,7838.7,7838.7,7838.7,1783272366.121
1783272367,7838.8,7838.8,7838.8,1783272367.111
1783272368,7838.7,7838.7,7838.7,1783272368.120
1783272369,7838.8,7838.8,7838.8,1783272369.110
1783272370,7838.7,7838.7,7838.7,1783272370.145
1783272371,7838.8,7838.8,7838.8,1783272371.104
1783272372,7838.9,7838.9,7838.9,1783272372.131
1783272373,7839,7839,7839,1783272373.111
1783272374,7839.1,7839.1,7839.1,1783272374.127
1783272375,7839,7839,7839,1783272375.108
1783272376,7839.1,7839.1,7839.1,1783272376.118
1783272377,7839,7839,7839,1783272377.108
1783272378,7838.9,7838.9,7838.9,1783272378.130
1783272379,7839,7839,7839,1783272379.112
1783272380,7839.1,7839.1,7839.1,1783272380.146
1783272381,7839.2,7839.2,7839.2,1783272381.115
1783272382,7839.1,7839.1,7839.1,1783272382.142
1783272383,7839,7839,7839,1783272383.110
1783272384,7839.1,7839.1,7839.1,1783272384.141
1783272385,7839.2,7839.2,7839.2,1783272385.111
1783272386,7839.1,7839.1,7839.1,1783272386.141
1783272387,7839,7839,7839,1783272387.116
1783272388,7838.9,7838.9,7838.9,1783272388.127
1783272389,7839,7839,7839,1783272389.116
1783272390,7839.1,7839.1,7839.1,1783272390.137
1783272391,7839,7839,7839,1783272391.110
1783272392,7839.1,7839.1,7839.1,1783272392.135
1783272393,7839,7839,7839,1783272393.117
1783272394,7838.9,7838.9,7838.9,1783272394.128
1783272395,7839,7839,7839,1783272395.113
1783272396,7838.9,7838.9,7838.9,1783272396.130
1783272397,7839,7839,7839,1783272397.103
1783272398,7838.9,7838.9,7838.9,1783272398.124
1783272399,7838.8,7838.8,7838.8,1783272399.113
1783272400,7838.9,7838.9,7838.9,1783272400.144
1783272401,7839,7839,7839,1783272401.115
1783272402,7839.1,7839.1,7839.1,1783272402.130
1783272403,7839,7839,7839,1783272403.107
1783272404,7839.1,7839.1,7839.1,1783272404.126
1783272405,7839,7839,7839,1783272405.153
1783272406,7838.9,7838.9,7838.9,1783272406.120
1783272407,7839,7839,7839,1783272407.102
1783272408,7838.9,7838.9,7838.9,1783272408.133
1783272409,7839,7839,7839,1783272409.112
1783272410,7838.9,7838.9,7838.9,1783272410.121
1783272411,7838.8,7838.8,7838.8,1783272411.122
1783272412,7838.9,7838.9,7838.9,1783272412.129
1783272413,7839,7839,7839,1783272413.105
1783272414,7839.1,7839.1,7839.1,1783272414.121
1783272415,7839,7839,7839,1783272415.116
1783272416,7838.9,7838.9,7838.9,1783272416.120
1783272417,7839,7839,7839,1783272417.113
1783272418,7838.9,7838.9,7838.9,1783272418.132
1783272419,7838.8,7838.8,7838.8,1783272419.107
1783272420,7838.9,7838.9,7838.9,1783272420.137
1783272421,7838.8,7838.8,7838.8,1783272421.106
1783272422,7838.9,7838.9,7838.9,1783272422.200
1783272423,7839,7839,7839,1783272423.106
1783272424,7838.9,7838.9,7838.9,1783272424.135
1783272425,7839,7839,7839,1783272425.125
1783272426,7838.9,7838.9,7838.9,1783272426.132
1783272427,7839,7839,7839,1783272427.110
1783272428,7839.1,7839.1,7839.1,1783272428.118
1783272429,7839,7839,7839,1783272429.113
1783272430,7838.9,7838.9,7838.9,1783272430.163
1783272431,7839,7839,7839,1783272431.107
1783272432,7839.1,7839.1,7839.1,1783272432.137
1783272433,7839,7839,7839,1783272433.110
1783272434,7838.9,7838.9,7838.9,1783272434.133
1783272435,7838.8,7838.8,7838.8,1783272435.104
1783272436,7838.9,7838.9,7838.9,1783272436.141
1783272437,7839,7839,7839,1783272437.107
1783272438,7838.9,7838.9,7838.9,1783272438.139
1783272439,7838.8,7838.8,7838.8,1783272439.111
1783272440,7838.9,7838.9,7838.9,1783272440.133
1783272441,7838.8,7838.8,7838.8,1783272441.106
1783272442,7838.9,7838.9,7838.9,1783272442.128
1783272443,7838.8,7838.8,7838.8,1783272443.108
1783272444,7838.9,7838.9,7838.9,1783272444.138
1783272445,7838.8,7838.8,7838.8,1783272445.105
1783272446,7838.9,7838.9,7838.9,1783272446.131
1783272447,7838.8,7838.8,7838.8,1783272447.112
1783272448,7838.9,7838.9,7838.9,1783272448.123
1783272449,7839,7839,7839,1783272449.109
1783272450,7839.1,7839.1,7839.1,1783272450.127
1783272451,7839.2,7839.2,7839.2,1783272451.101
1783272452,7839.1,7839.1,7839.1,1783272452.138
1783272453,7839.2,7839.2,7839.2,1783272453.110
1783272454,7839.3,7839.3,7839.3,1783272454.131
1783272455,7839.4,7839.4,7839.4,1783272455.105
1783272456,7839.3,7839.3,7839.3,1783272456.123
1783272457,7839.4,7839.4,7839.4,1783272457.119
1783272458,7839.5,7839.5,7839.5,1783272458.134
1783272459,7839.6,7839.6,7839.6,1783272459.108
1783272460,7839.7,7839.7,7839.7,1783272460.128
1783272461,7839.6,7839.6,7839.6,1783272461.115
1783272462,7839.5,7839.5,7839.5,1783272462.125
1783272463,7839.4,7839.4,7839.4,1783272463.103
1783272464,7839.3,7839.3,7839.3,1783272464.132
1783272465,7839.2,7839.2,7839.2,1783272465.118
1783272466,7839.3,7839.3,7839.3,1783272466.124
1783272467,7839.2,7839.2,7839.2,1783272467.108
1783272468,7839.3,7839.3,7839.3,1783272468.137
1783272469,7839.4,7839.4,7839.4,1783272469.115
1783272470,7839.3,7839.3,7839.3,1783272470.149
1783272471,7839.4,7839.4,7839.4,1783272471.115
1783272472,7839.3,7839.3,7839.3,1783272472.139
1783272473,7839.4,7839.4,7839.4,1783272473.115
1783272474,7839.3,7839.3,7839.3,1783272474.126
1783272475,7839.2,7839.2,7839.2,1783272475.107
1783272476,7839.1,7839.1,7839.1,1783272476.141
1783272477,7839,7839,7839,1783272477.112
1783272478,7838.9,7838.9,7838.9,1783272478.136
1783272479,7839,7839,7839,1783272479.109
1783272480,7838.9,7838.9,7838.9,1783272480.144
1783272481,7839,7839,7839,1783272481.123
1783272482,7839.1,7839.1,7839.1,1783272482.130
1783272483,7839.2,7839.2,7839.2,1783272483.124
1783272484,7839.1,7839.1,7839.1,1783272484.145
1783272485,7839,7839,7839,1783272485.109
1783272486,7839.1,7839.1,7839.1,1783272486.132
1783272487,7839,7839,7839,1783272487.109
1783272488,7838.9,7838.9,7838.9,1783272488.127
1783272489,7838.8,7838.8,7838.8,1783272489.121
1783272490,7838.9,7838.9,7838.9,1783272490.134
1783272491,7839,7839,7839,1783272491.116
1783272492,7838.9,7838.9,7838.9,1783272492.133
1783272493,7838.8,7838.8,7838.8,1783272493.119
1783272494,7838.9,7838.9,7838.9,1783272494.142
1783272495,7839,7839,7839,1783272495.115
1783272496,7839.1,7839.1,7839.1,1783272496.134
1783272497,7839.2,7839.2,7839.2,1783272497.116
1783272498,7839.3,7839.3,7839.3,1783272498.133
1783272499,7839.4,7839.4,7839.4,1783272499.113
1783272500,7839.5,7839.5,7839.5,1783272500.130
1783272501,7839.6,7839.6,7839.6,1783272501.110
1783272502,7839.5,7839.5,7839.5,1783272502.132
1783272503,7839.6,7839.6,7839.6,1783272503.112
1783272504,7839.5,7839.5,7839.5,1783272504.130
1783272505,7839.4,7839.4,7839.4,1783272505.114
1783272506,7839.5,7839.5,7839.5,1783272506.127
1783272507,7839.4,7839.4,7839.4,1783272507.118
1783272508,7839.5,7839.5,7839.5,1783272508.134
1783272509,7839.4,7839.4,7839.4,1783272509.105
1783272510,7839.3,7839.3,7839.3,1783272510.139
1783272511,7839.2,7839.2,7839.2,1783272511.118
1783272512,7839.3,7839.3,7839.3,1783272512.138
1783272513,7839.2,7839.2,7839.2,1783272513.114
1783272514,7839.1,7839.1,7839.1,1783272514.132
1783272515,7839.2,7839.2,7839.2,1783272515.114
1783272516,7839.1,7839.1,7839.1,1783272516.126
1783272517,7839.2,7839.2,7839.2,1783272517.121
1783272518,7839.3,7839.3,7839.3,1783272518.265
1783272519,7839.2,7839.2,7839.2,1783272519.106
1783272520,7839.3,7839.3,7839.3,1783272520.132
1783272521,7839.2,7839.2,7839.2,1783272521.106
1783272522,7839.1,7839.1,7839.1,1783272522.134
1783272523,7839,7839,7839,1783272523.109
1783272524,7838.9,7838.9,7838.9,1783272524.125
1783272525,7839,7839,7839,1783272525.114
1783272526,7839.1,7839.1,7839.1,1783272526.130
1783272527,7839.2,7839.2,7839.2,1783272527.102
1783272528,7839.3,7839.3,7839.3,1783272528.128
1783272529,7839.4,7839.4,7839.4,1783272529.162
1783272530,7839.5,7839.5,7839.5,1783272530.124
1783272531,7839.4,7839.4,7839.4,1783272531.110
1783272532,7839.5,7839.5,7839.5,1783272532.129
1783272533,7839.6,7839.6,7839.6,1783272533.111
1783272534,7839.7,7839.7,7839.7,1783272534.124
1783272535,7839.6,7839.6,7839.6,1783272535.103
1783272536,7839.7,7839.7,7839.7,1783272536.119
1783272537,7839.8,7839.8,7839.8,1783272537.109
1783272538,7839.7,7839.7,7839.7,1783272538.127
1783272539,7839.6,7839.6,7839.6,1783272539.106
1783272540,7839.5,7839.5,7839.5,1783272540.127
1783272541,7839.6,7839.6,7839.6,1783272541.108
1783272542,7839.7,7839.7,7839.7,1783272542.205
1783272543,7839.8,7839.8,7839.8,1783272543.136
1783272544,7839.7,7839.7,7839.7,1783272544.124
1783272545,7839.8,7839.8,7839.8,1783272545.114
1783272546,7839.7,7839.7,7839.7,1783272546.129
1783272547,7839.6,7839.6,7839.6,1783272547.110
1783272548,7839.7,7839.7,7839.7,1783272548.202
1783272549,7839.6,7839.6,7839.6,1783272549.110
1783272550,7839.7,7839.7,7839.7,1783272550.124
1783272551,7839.8,7839.8,7839.8,1783272551.107
1783272552,7839.9,7839.9,7839.9,1783272552.126
1783272553,7839.8,7839.8,7839.8,1783272553.103
1783272554,7839.9,7839.9,7839.9,1783272554.118
1783272555,7840,7840,7840,1783272555.108
1783272556,7840.1,7840.1,7840.1,1783272556.126
1783272557,7840,7840,7840,1783272557.104
1783272558,7840.1,7840.1,7840.1,1783272558.115
1783272559,7840.2,7840.2,7840.2,1783272559.127
1783272560,7840.1,7840.1,7840.1,1783272560.119
1783272561,7840.2,7840.2,7840.2,1783272561.109
1783272562,7840.1,7840.1,7840.1,1783272562.127
1783272563,7840.2,7840.2,7840.2,1783272563.108
1783272564,7840.3,7840.3,7840.3,1783272564.134
1783272565,7840.4,7840.4,7840.4,1783272565.105
1783272566,7840.5,7840.5,7840.5,1783272566.122
1783272567,7840.6,7840.6,7840.6,1783272567.110
1783272568,7840.7,7840.7,7840.7,1783272568.123
1783272569,7840.6,7840.6,7840.6,1783272569.109
1783272570,7840.5,7840.5,7840.5,1783272570.128
1783272571,7840.6,7840.6,7840.6,1783272571.104
1783272572,7840.7,7840.7,7840.7,1783272572.122
1783272573,7840.6,7840.6,7840.6,1783272573.106
1783272574,7840.7,7840.7,7840.7,1783272574.132
1783272575,7840.8,7840.8,7840.8,1783272575.105
1783272576,7840.7,7840.7,7840.7,1783272576.119
1783272577,7840.6,7840.6,7840.6,1783272577.106
1783272578,7840.5,7840.5,7840.5,1783272578.130
1783272579,7840.6,7840.6,7840.6,1783272579.114
1783272580,7840.5,7840.5,7840.5,1783272580.133
1783272581,7840.4,7840.4,7840.4,1783272581.105
1783272582,7840.5,7840.5,7840.5,1783272582.135
1783272583,7840.6,7840.6,7840.6,1783272583.118
1783272584,7840.5,7840.5,7840.5,1783272584.136
1783272585,7840.6,7840.6,7840.6,1783272585.106
1783272586,7840.5,7840.5,7840.5,1783272586.120
1783272587,7840.6,7840.6,7840.6,1783272587.109
1783272588,7840.5,7840.5,7840.5,1783272588.129
1783272589,7840.4,7840.4,7840.4,1783272589.102
1783272590,7840.5,7840.5,7840.5,1783272590.183
1783272591,7840.4,7840.4,7840.4,1783272591.107
1783272592,7840.5,7840.5,7840.5,1783272592.119
1783272593,7840.6,7840.6,7840.6,1783272593.103
1783272594,7840.7,7840.7,7840.7,1783272594.131
1783272595,7840.8,7840.8,7840.8,1783272595.111
1783272596,7840.9,7840.9,7840.9,1783272596.128
1783272597,7840.8,7840.8,7840.8,1783272597.103
1783272598,7840.7,7840.7,7840.7,1783272598.122
1783272599,7840.6,7840.6,7840.6,1783272599.105
1783272600,7840.7,7840.7,7840.7,1783272600.129
1783272601,7840.8,7840.8,7840.8,1783272601.120
1783272602,7840.9,7840.9,7840.9,1783272602.206
1783272603,7840.8,7840.8,7840.8,1783272603.122
1783272604,7840.9,7840.9,7840.9,1783272604.131
1783272605,7841,7841,7841,1783272605.125
1783272606,7840.9,7840.9,7840.9,1783272606.178
1783272607,7841,7841,7841,1783272607.101
1783272608,7841.1,7841.1,7841.1,1783272608.134
1783272609,7841,7841,7841,1783272609.111
1783272610,7841.1,7841.1,7841.1,1783272610.140
1783272611,7841,7841,7841,1783272611.110
1783272612,7841.1,7841.1,7841.1,1783272612.127
1783272613,7841,7841,7841,1783272613.103
1783272614,7840.9,7840.9,7840.9,1783272614.124
1783272615,7841,7841,7841,1783272615.117
1783272616,7840.9,7840.9,7840.9,1783272616.127
1783272617,7840.8,7840.8,7840.8,1783272617.118
1783272618,7840.9,7840.9,7840.9,1783272618.127
1783272619,7840.8,7840.8,7840.8,1783272619.110
1783272620,7840.7,7840.7,7840.7,1783272620.151
1783272621,7840.8,7840.8,7840.8,1783272621.102
1783272622,7840.7,7840.7,7840.7,1783272622.134
1783272623,7840.8,7840.8,7840.8,1783272623.113
1783272624,7840.9,7840.9,7840.9,1783272624.137
1783272625,7841,7841,7841,1783272625.103
1783272626,7841.1,7841.1,7841.1,1783272626.130
1783272627,7841,7841,7841,1783272627.106
1783272628,7841.1,7841.1,7841.1,1783272628.130
1783272629,7841,7841,7841,1783272629.108
1783272630,7840.9,7840.9,7840.9,1783272630.131
1783272631,7840.8,7840.8,7840.8,1783272631.123
1783272632,7840.9,7840.9,7840.9,1783272632.136
1783272633,7840.8,7840.8,7840.8,1783272633.110
1783272634,7840.9,7840.9,7840.9,1783272634.134
1783272635,7840.8,7840.8,7840.8,1783272635.104
1783272636,7840.7,7840.7,7840.7,1783272636.132
1783272637,7840.8,7840.8,7840.8,1783272637.105
1783272638,7840.9,7840.9,7840.9,1783272638.247
1783272639,7840.8,7840.8,7840.8,1783272639.104
1783272640,7840.9,7840.9,7840.9,1783272640.145
1783272641,7841,7841,7841,1783272641.114
1783272642,7840.9,7840.9,7840.9,1783272642.162
1783272643,7840.8,7840.8,7840.8,1783272643.118
1783272644,7840.9,7840.9,7840.9,1783272644.130
1783272645,7840.8,7840.8,7840.8,1783272645.106
1783272646,7840.7,7840.7,7840.7,1783272646.136
1783272647,7840.6,7840.6,7840.6,1783272647.107
1783272648,7840.5,7840.5,7840.5,1783272648.125
1783272649,7840.4,7840.4,7840.4,1783272649.112
1783272650,7840.3,7840.3,7840.3,1783272650.125
1783272651,7840.2,7840.2,7840.2,1783272651.104
1783272652,7840.3,7840.3,7840.3,1783272652.133
1783272653,7840.2,7840.2,7840.2,1783272653.114
1783272654,7840.3,7840.3,7840.3,1783272654.131
1783272655,7840.2,7840.2,7840.2,1783272655.102
1783272656,7840.3,7840.3,7840.3,1783272656.129
1783272657,7840.4,7840.4,7840.4,1783272657.106
1783272658,7840.5,7840.5,7840.5,1783272658.134
1783272659,7840.4,7840.4,7840.4,1783272659.106
1783272660,7840.3,7840.3,7840.3,1783272660.129
1783272661,7840.2,7840.2,7840.2,1783272661.111
1783272662,7840.1,7840.1,7840.1,1783272662.171
1783272663,7840.2,7840.2,7840.2,1783272663.300
1783272664,7840.3,7840.3,7840.3,1783272664.228
1783272665,7840.2,7840.2,7840.2,1783272665.107
1783272666,7840.1,7840.1,7840.1,1783272666.147
1783272667,7840.2,7840.2,7840.2,1783272667.101
1783272668,7840.1,7840.1,7840.1,1783272668.132
1783272669,7840.2,7840.2,7840.2,1783272669.107
1783272670,7840.1,7840.1,7840.1,1783272670.128
1783272671,7840,7840,7840,1783272671.108
1783272672,7840.1,7840.1,7840.1,1783272672.141
1783272673,7840,7840,7840,1783272673.104
1783272674,7840.1,7840.1,7840.1,1783272674.129
1783272675,7840,7840,7840,1783272675.111
1783272676,7839.9,7839.9,7839.9,1783272676.127
1783272677,7839.8,7839.8,7839.8,1783272677.113
1783272678,7839.7,7839.7,7839.7,1783272678.163
1783272679,7839.6,7839.6,7839.6,1783272679.114
1783272680,7839.5,7839.5,7839.5,1783272680.122
1783272681,7839.4,7839.4,7839.4,1783272681.112
1783272682,7839.3,7839.3,7839.3,1783272682.212
1783272683,7839.4,7839.4,7839.4,1783272683.116
1783272684,7839.5,7839.5,7839.5,1783272684.137
1783272685,7839.4,7839.4,7839.4,1783272685.109
1783272686,7839.3,7839.3,7839.3,1783272686.146
1783272687,7839.2,7839.2,7839.2,1783272687.109
1783272688,7839.3,7839.3,7839.3,1783272688.128
1783272689,7839.2,7839.2,7839.2,1783272689.114
1783272690,7839.1,7839.1,7839.1,1783272690.137
1783272691,7839,7839,7839,1783272691.116
1783272692,7839.1,7839.1,7839.1,1783272692.121
1783272693,7839.2,7839.2,7839.2,1783272693.104
1783272694,7839.1,7839.1,7839.1,1783272694.129
1783272695,7839.2,7839.2,7839.2,1783272695.111
1783272696,7839.3,7839.3,7839.3,1783272696.125
1783272697,7839.4,7839.4,7839.4,1783272697.101
1783272698,7839.5,7839.5,7839.5,1783272698.247
1783272699,7839.6,7839.6,7839.6,1783272699.115
1783272700,7839.5,7839.5,7839.5,1783272700.132
1783272701,7839.4,7839.4,7839.4,1783272701.113
1783272702,7839.3,7839.3,7839.3,1783272702.134
1783272703,7839.2,7839.2,7839.2,1783272703.109
1783272704,7839.1,7839.1,7839.1,1783272704.162
1783272705,7839,7839,7839,1783272705.112
1783272706,7838.9,7838.9,7838.9,1783272706.125
1783272707,7838.8,7838.8,7838.8,1783272707.115
1783272708,7838.7,7838.7,7838.7,1783272708.125
1783272709,7838.6,7838.6,7838.6,1783272709.123
1783272710,7838.7,7838.7,7838.7,1783272710.133
1783272711,7838.8,7838.8,7838.8,1783272711.122
1783272712,7838.7,7838.7,7838.7,1783272712.134
1783272713,7838.8,7838.8,7838.8,1783272713.116
1783272714,7838.9,7838.9,7838.9,1783272714.134
1783272715,7839,7839,7839,1783272715.115
1783272716,7838.9,7838.9,7838.9,1783272716.125
1783272717,7839,7839,7839,1783272717.113
1783272718,7839.1,7839.1,7839.1,1783272718.135
1783272719,7839,7839,7839,1783272719.115
1783272720,7838.9,7838.9,7838.9,1783272720.150
1783272721,7838.8,7838.8,7838.8,1783272721.114
1783272722,7838.7,7838.7,7838.7,1783272722.166
1783272723,7838.8,7838.8,7838.8,1783272723.118
1783272724,7838.7,7838.7,7838.7,1783272724.157
1783272725,7838.6,7838.6,7838.6,1783272725.110
1783272726,7838.5,7838.5,7838.5,1783272726.136
1783272727,7838.6,7838.6,7838.6,1783272727.113
1783272728,7838.7,7838.7,7838.7,1783272728.243
1783272729,7838.6,7838.6,7838.6,1783272729.109
1783272730,7838.7,7838.7,7838.7,1783272730.135
1783272731,7838.8,7838.8,7838.8,1783272731.107
1783272732,7838.7,7838.7,7838.7,1783272732.132
1783272733,7838.6,7838.6,7838.6,1783272733.117
1783272734,7838.7,7838.7,7838.7,1783272734.140
1783272735,7838.6,7838.6,7838.6,1783272735.110
1783272736,7838.5,7838.5,7838.5,1783272736.130
1783272737,7838.4,7838.4,7838.4,1783272737.110
1783272738,7838.5,7838.5,7838.5,1783272738.144
1783272739,7838.6,7838.6,7838.6,1783272739.107
1783272740,7838.5,7838.5,7838.5,1783272740.163
1783272741,7838.4,7838.4,7838.4,1783272741.121
1783272742,7838.3,7838.3,7838.3,1783272742.139
1783272743,7838.2,7838.2,7838.2,1783272743.111
1783272744,7838.1,7838.1,7838.1,1783272744.127
1783272745,7838,7838,7838,1783272745.101
1783272746,7837.9,7837.9,7837.9,1783272746.145
1783272747,7838,7838,7838,1783272747.106
1783272748,7837.9,7837.9,7837.9,1783272748.134
1783272749,7837.8,7837.8,7837.8,1783272749.111
1783272750,7837.9,7837.9,7837.9,1783272750.123
1783272751,7837.8,7837.8,7837.8,1783272751.109
1783272752,7837.9,7837.9,7837.9,1783272752.141
1783272753,7837.8,7837.8,7837.8,1783272753.115
1783272754,7837.7,7837.7,7837.7,1783272754.144
1783272755,7837.6,7837.6,7837.6,1783272755.112
1783272756,7837.7,7837.7,7837.7,1783272756.134
1783272757,7837.6,7837.6,7837.6,1783272757.109
1783272758,7837.7,7837.7,7837.7,1783272758.204
1783272759,7837.6,7837.6,7837.6,1783272759.116
1783272760,7837.5,7837.5,7837.5,1783272760.131
1783272761,7837.4,7837.4,7837.4,1783272761.120
1783272762,7837.5,7837.5,7837.5,1783272762.135
1783272763,7837.6,7837.6,7837.6,1783272763.107
1783272764,7837.5,7837.5,7837.5,1783272764.133
1783272765,7837.6,7837.6,7837.6,1783272765.113
1783272766,7837.5,7837.5,7837.5,1783272766.135
1783272767,7837.6,7837.6,7837.6,1783272767.108
1783272768,7837.7,7837.7,7837.7,1783272768.125
1783272769,7837.6,7837.6,7837.6,1783272769.107
1783272770,7837.7,7837.7,7837.7,1783272770.134
1783272771,7837.8,7837.8,7837.8,1783272771.111
1783272772,7837.9,7837.9,7837.9,1783272772.128
1783272773,7837.8,7837.8,7837.8,1783272773.113
1783272774,7837.7,7837.7,7837.7,1783272774.124
1783272775,7837.8,7837.8,7837.8,1783272775.114
1783272776,7837.7,7837.7,7837.7,1783272776.134
1783272777,7837.8,7837.8,7837.8,1783272777.137
1783272778,7837.7,7837.7,7837.7,1783272778.156
1783272779,7837.6,7837.6,7837.6,1783272779.108
1783272780,7837.7,7837.7,7837.7,1783272780.137
1783272781,7837.6,7837.6,7837.6,1783272781.104
1783272782,7837.7,7837.7,7837.7,1783272782.150
1783272783,7837.8,7837.8,7837.8,1783272783.150
1783272784,7837.7,7837.7,7837.7,1783272784.175
1783272785,7837.6,7837.6,7837.6,1783272785.122
1783272786,7837.7,7837.7,7837.7,1783272786.149
1783272787,7837.8,7837.8,7837.8,1783272787.113
1783272788,7837.7,7837.7,7837.7,1783272788.200
1783272789,7837.8,7837.8,7837.8,1783272789.120
1783272790,7837.9,7837.9,7837.9,1783272790.132
1783272791,7837.8,7837.8,7837.8,1783272791.104
1783272792,7837.9,7837.9,7837.9,1783272792.128
1783272793,7837.8,7837.8,7837.8,1783272793.111
1783272794,7837.7,7837.7,7837.7,1783272794.133
1783272795,7837.6,7837.6,7837.6,1783272795.106
1783272796,7837.5,7837.5,7837.5,1783272796.136
1783272797,7837.4,7837.4,7837.4,1783272797.104
1783272798,7837.3,7837.3,7837.3,1783272798.128
1783272799,7837.2,7837.2,7837.2,1783272799.113
1783272800,7837.1,7837.1,7837.1,1783272800.141
1783272801,7837.2,7837.2,7837.2,1783272801.113
1783272802,7837.1,7837.1,7837.1,1783272802.137
1783272803,7837.2,7837.2,7837.2,1783272803.122
1783272804,7837.1,7837.1,7837.1,1783272804.132
1783272805,7837.2,7837.2,7837.2,1783272805.107
1783272806,7837.1,7837.1,7837.1,1783272806.134
1783272807,7837,7837,7837,1783272807.122
1783272808,7836.9,7836.9,7836.9,1783272808.137
1783272809,7836.8,7836.8,7836.8,1783272809.117
1783272810,7836.9,7836.9,7836.9,1783272810.131
1783272811,7837,7837,7837,1783272811.117
1783272812,7837.1,7837.1,7837.1,1783272812.163
1783272813,7837,7837,7837,1783272813.110
1783272814,7836.9,7836.9,7836.9,1783272814.130
1783272815,7836.8,7836.8,7836.8,1783272815.110
1783272816,7836.9,7836.9,7836.9,1783272816.131
1783272817,7837,7837,7837,1783272817.106
1783272818,7837.1,7837.1,7837.1,1783272818.133
1783272819,7837,7837,7837,1783272819.112
1783272820,7837.1,7837.1,7837.1,1783272820.130
1783272821,7837.2,7837.2,7837.2,1783272821.107
1783272822,7837.3,7837.3,7837.3,1783272822.200
1783272823,7837.2,7837.2,7837.2,1783272823.110
1783272824,7837.1,7837.1,7837.1,1783272824.132
1783272825,7837,7837,7837,1783272825.108
1783272826,7837.1,7837.1,7837.1,1783272826.156
1783272827,7837.2,7837.2,7837.2,1783272827.119
1783272828,7837.3,7837.3,7837.3,1783272828.143
1783272829,7837.4,7837.4,7837.4,1783272829.120
1783272830,7837.5,7837.5,7837.5,1783272830.143
1783272831,7837.4,7837.4,7837.4,1783272831.112
1783272832,7837.3,7837.3,7837.3,1783272832.145
1783272833,7837.2,7837.2,7837.2,1783272833.122
1783272834,7837.1,7837.1,7837.1,1783272834.166
1783272835,7837.2,7837.2,7837.2,1783272835.128
1783272836,7837.1,7837.1,7837.1,1783272836.137
1783272837,7837.2,7837.2,7837.2,1783272837.122
1783272838,7837.3,7837.3,7837.3,1783272838.148
1783272839,7837.4,7837.4,7837.4,1783272839.133
1783272840,7837.5,7837.5,7837.5,1783272840.161
1783272841,7837.6,7837.6,7837.6,1783272841.114
1783272842,7837.5,7837.5,7837.5,1783272842.240
1783272843,7837.6,7837.6,7837.6,1783272843.147
1783272844,7837.5,7837.5,7837.5,1783272844.157
1783272845,7837.6,7837.6,7837.6,1783272845.125
1783272846,7837.5,7837.5,7837.5,1783272846.138
1783272847,7837.6,7837.6,7837.6,1783272847.126
1783272848,7837.5,7837.5,7837.5,1783272848.204
1783272849,7837.4,7837.4,7837.4,1783272849.139
1783272850,7837.5,7837.5,7837.5,1783272850.149
1783272851,7837.4,7837.4,7837.4,1783272851.123
1783272852,7837.3,7837.3,7837.3,1783272852.145
1783272853,7837.2,7837.2,7837.2,1783272853.127
1783272854,7837.3,7837.3,7837.3,1783272854.143
1783272855,7837.4,7837.4,7837.4,1783272855.135
1783272856,7837.3,7837.3,7837.3,1783272856.149
1783272857,7837.4,7837.4,7837.4,1783272857.119
1783272858,7837.3,7837.3,7837.3,1783272858.139
1783272859,7837.2,7837.2,7837.2,1783272859.118
1783272860,7837.3,7837.3,7837.3,1783272860.140
1783272861,7837.2,7837.2,7837.2,1783272861.129
1783272862,7837.3,7837.3,7837.3,1783272862.164
1783272863,7837.4,7837.4,7837.4,1783272863.126
1783272864,7837.3,7837.3,7837.3,1783272864.139
1783272865,7837.4,7837.4,7837.4,1783272865.114
1783272866,7837.5,7837.5,7837.5,1783272866.167
1783272867,7837.4,7837.4,7837.4,1783272867.114
1783272868,7837.5,7837.5,7837.5,1783272868.139
1783272869,7837.6,7837.6,7837.6,1783272869.118
1783272870,7837.7,7837.7,7837.7,1783272870.136
1783272871,7837.6,7837.6,7837.6,1783272871.162
1783272872,7837.7,7837.7,7837.7,1783272872.148
1783272873,7837.8,7837.8,7837.8,1783272873.130
1783272874,7837.7,7837.7,7837.7,1783272874.154
1783272875,7837.6,7837.6,7837.6,1783272875.112
1783272876,7837.7,7837.7,7837.7,1783272876.143
1783272877,7837.8,7837.8,7837.8,1783272877.134
1783272878,7837.9,7837.9,7837.9,1783272878.246
1783272879,7838,7838,7838,1783272879.115
1783272880,7838.1,7838.1,7838.1,1783272880.138
1783272881,7838,7838,7838,1783272881.116
1783272882,7838.1,7838.1,7838.1,1783272882.152
1783272883,7838,7838,7838,1783272883.118
1783272884,7837.9,7837.9,7837.9,1783272884.162
1783272885,7837.8,7837.8,7837.8,1783272885.123
1783272886,7837.7,7837.7,7837.7,1783272886.140
1783272887,7837.6,7837.6,7837.6,1783272887.128
1783272888,7837.5,7837.5,7837.5,1783272888.154
1783272889,7837.6,7837.6,7837.6,1783272889.137
1783272890,7837.7,7837.7,7837.7,1783272890.150
1783272891,7837.6,7837.6,7837.6,1783272891.117
1783272892,7837.7,7837.7,7837.7,1783272892.137
1783272893,7837.6,7837.6,7837.6,1783272893.109
1783272894,7837.7,7837.7,7837.7,1783272894.148
1783272895,7837.6,7837.6,7837.6,1783272895.106
1783272896,7837.5,7837.5,7837.5,1783272896.138
1783272897,7837.6,7837.6,7837.6,1783272897.107
1783272898,7837.7,7837.7,7837.7,1783272898.134
1783272899,7837.6,7837.6,7837.6,1783272899.101
1783272900,7837.5,7837.5,7837.5,1783272900.136
1783272901,7837.6,7837.6,7837.6,1783272901.108
1783272902,7837.5,7837.5,7837.5,1783272902.227
1783272903,7837.6,7837.6,7837.6,1783272903.197
1783272904,7837.7,7837.7,7837.7,1783272904.264
1783272905,7837.6,7837.6,7837.6,1783272905.126
1783272906,7837.7,7837.7,7837.7,1783272906.137
1783272907,7837.8,7837.8,7837.8,1783272907.114
1783272908,7837.9,7837.9,7837.9,1783272908.205
1783272909,7838,7838,7838,1783272909.109
1783272910,7837.9,7837.9,7837.9,1783272910.125
1783272911,7838,7838,7838,1783272911.112
1783272912,7838.1,7838.1,7838.1,1783272912.124
1783272913,7838,7838,7838,1783272913.108
1783272914,7838.1,7838.1,7838.1,1783272914.127
1783272915,7838,7838,7838,1783272915.116
1783272916,7837.9,7837.9,7837.9,1783272916.134
1783272917,7837.8,7837.8,7837.8,1783272917.117
1783272918,7837.9,7837.9,7837.9,1783272918.126
1783272919,7837.8,7837.8,7837.8,1783272919.110
1783272920,7837.9,7837.9,7837.9,1783272920.130
1783272921,7837.8,7837.8,7837.8,1783272921.115
1783272922,7837.7,7837.7,7837.7,1783272922.136
1783272923,7837.8,7837.8,7837.8,1783272923.107
1783272924,7837.7,7837.7,7837.7,1783272924.139
1783272925,7837.6,7837.6,7837.6,1783272925.113
1783272926,7837.7,7837.7,7837.7,1783272926.134
1783272927,7837.6,7837.6,7837.6,1783272927.103
1783272928,7837.5,7837.5,7837.5,1783272928.127
1783272929,7837.4,7837.4,7837.4,1783272929.108
1783272930,7837.5,7837.5,7837.5,1783272930.140
1783272931,7837.6,7837.6,7837.6,1783272931.124
1783272932,7837.7,7837.7,7837.7,1783272932.137
1783272933,7837.6,7837.6,7837.6,1783272933.110
1783272934,7837.7,7837.7,7837.7,1783272934.137
1783272935,7837.8,7837.8,7837.8,1783272935.109
1783272936,7837.7,7837.7,7837.7,1783272936.128
1783272937,7837.6,7837.6,7837.6,1783272937.107
1783272938,7837.5,7837.5,7837.5,1783272938.244
1783272939,7837.4,7837.4,7837.4,1783272939.113
1783272940,7837.3,7837.3,7837.3,1783272940.131
1783272941,7837.2,7837.2,7837.2,1783272941.111
1783272942,7837.1,7837.1,7837.1,1783272942.139
1783272943,7837.2,7837.2,7837.2,1783272943.113
1783272944,7837.3,7837.3,7837.3,1783272944.129
1783272945,7837.4,7837.4,7837.4,1783272945.108
1783272946,7837.5,7837.5,7837.5,1783272946.168
1783272947,7837.4,7837.4,7837.4,1783272947.118
1783272948,7837.5,7837.5,7837.5,1783272948.134
1783272949,7837.6,7837.6,7837.6,1783272949.111
1783272950,7837.7,7837.7,7837.7,1783272950.131
1783272951,7837.8,7837.8,7837.8,1783272951.102
1783272952,7837.7,7837.7,7837.7,1783272952.125
1783272953,7837.8,7837.8,7837.8,1783272953.108
1783272954,7837.7,7837.7,7837.7,1783272954.131
1783272955,7837.8,7837.8,7837.8,1783272955.106
1783272956,7837.7,7837.7,7837.7,1783272956.124
1783272957,7837.8,7837.8,7837.8,1783272957.106
1783272958,7837.7,7837.7,7837.7,1783272958.126
1783272959,7837.6,7837.6,7837.6,1783272959.105
1783272960,7837.7,7837.7,7837.7,1783272960.129
1783272961,7837.6,7837.6,7837.6,1783272961.118
1783272962,7837.5,7837.5,7837.5,1783272962.221
1783272963,7837.4,7837.4,7837.4,1783272963.109
1783272964,7837.3,7837.3,7837.3,1783272964.156
1783272965,7837.4,7837.4,7837.4,1783272965.118
1783272966,7837.3,7837.3,7837.3,1783272966.135
1783272967,7837.4,7837.4,7837.4,1783272967.101
1783272968,7837.5,7837.5,7837.5,1783272968.130
1783272969,7837.6,7837.6,7837.6,1783272969.105
1783272970,7837.7,7837.7,7837.7,1783272970.121
1783272971,7837.6,7837.6,7837.6,1783272971.110
1783272972,7837.5,7837.5,7837.5,1783272972.117
1783272973,7837.6,7837.6,7837.6,1783272973.114
1783272974,7837.5,7837.5,7837.5,1783272974.129
1783272975,7837.6,7837.6,7837.6,1783272975.106
1783272976,7837.7,7837.7,7837.7,1783272976.128
1783272977,7837.6,7837.6,7837.6,1783272977.109
1783272978,7837.5,7837.5,7837.5,1783272978.128
1783272979,7837.6,7837.6,7837.6,1783272979.102
1783272980,7837.5,7837.5,7837.5,1783272980.120
1783272981,7837.6,7837.6,7837.6,1783272981.117
1783272982,7837.5,7837.5,7837.5,1783272982.121
1783272983,7837.6,7837.6,7837.6,1783272983.107
1783272984,7837.7,7837.7,7837.7,1783272984.123
1783272985,7837.6,7837.6,7837.6,1783272985.103
1783272986,7837.5,7837.5,7837.5,1783272986.126
1783272987,7837.4,7837.4,7837.4,1783272987.106
1783272988,7837.5,7837.5,7837.5,1783272988.125
1783272989,7837.4,7837.4,7837.4,1783272989.108
1783272990,7837.3,7837.3,7837.3,1783272990.131
1783272991,7837.2,7837.2,7837.2,1783272991.111
1783272992,7837.1,7837.1,7837.1,1783272992.125
1783272993,7837.2,7837.2,7837.2,1783272993.117
1783272994,7837.1,7837.1,7837.1,1783272994.142
1783272995,7837,7837,7837,1783272995.105
1783272996,7837.1,7837.1,7837.1,1783272996.128
1783272997,7837,7837,7837,1783272997.108
1783272998,7837.1,7837.1,7837.1,1783272998.124
1783272999,7837.2,7837.2,7837.2,1783272999.110
1783273000,7837.3,7837.3,7837.3,1783273000.134
1783273001,7837.2,7837.2,7837.2,1783273001.107
1783273002,7837.1,7837.1,7837.1,1783273002.122
1783273003,7837,7837,7837,1783273003.104
1783273004,7836.9,7836.9,7836.9,1783273004.136
1783273005,7836.8,7836.8,7836.8,1783273005.110
1783273006,7836.9,7836.9,7836.9,1783273006.133
1783273007,7837,7837,7837,1783273007.106
1783273008,7836.9,7836.9,7836.9,1783273008.121
1783273009,7836.8,7836.8,7836.8,1783273009.118
1783273010,7836.7,7836.7,7836.7,1783273010.129
1783273011,7836.8,7836.8,7836.8,1783273011.121
1783273012,7836.9,7836.9,7836.9,1783273012.142
1783273013,7836.8,7836.8,7836.8,1783273013.106
1783273014,7836.9,7836.9,7836.9,1783273014.137
1783273015,7836.8,7836.8,7836.8,1783273015.107
1783273016,7836.9,7836.9,7836.9,1783273016.131
1783273017,7837,7837,7837,1783273017.105
1783273018,7837.1,7837.1,7837.1,1783273018.126
1783273019,7837,7837,7837,1783273019.106
1783273020,7836.9,7836.9,7836.9,1783273020.135
1783273021,7836.8,7836.8,7836.8,1783273021.101
1783273022,7836.7,7836.7,7836.7,1783273022.131
1783273023,7836.8,7836.8,7836.8,1783273023.144
1783273024,7836.9,7836.9,7836.9,1783273024.125
1783273025,7836.8,7836.8,7836.8,1783273025.105
1783273026,7836.9,7836.9,7836.9,1783273026.119
1783273027,7836.8,7836.8,7836.8,1783273027.107
1783273028,7836.9,7836.9,7836.9,1783273028.126
1783273029,7836.8,7836.8,7836.8,1783273029.107
1783273030,7836.7,7836.7,7836.7,1783273030.122
1783273031,7836.8,7836.8,7836.8,1783273031.109
1783273032,7836.7,7836.7,7836.7,1783273032.129
1783273033,7836.6,7836.6,7836.6,1783273033.110
1783273034,7836.7,7836.7,7836.7,1783273034.120
1783273035,7836.8,7836.8,7836.8,1783273035.107
1783273036,7836.7,7836.7,7836.7,1783273036.133
1783273037,7836.8,7836.8,7836.8,1783273037.107
1783273038,7836.7,7836.7,7836.7,1783273038.133
1783273039,7836.6,7836.6,7836.6,1783273039.107
1783273040,7836.7,7836.7,7836.7,1783273040.137
1783273041,7836.6,7836.6,7836.6,1783273041.109
1783273042,7836.7,7836.7,7836.7,1783273042.135
1783273043,7836.8,7836.8,7836.8,1783273043.111
1783273044,7836.7,7836.7,7836.7,1783273044.132
1783273045,7836.6,7836.6,7836.6,1783273045.115
1783273046,7836.7,7836.7,7836.7,1783273046.128
1783273047,7836.8,7836.8,7836.8,1783273047.112
1783273048,7836.9,7836.9,7836.9,1783273048.128
1783273049,7836.8,7836.8,7836.8,1783273049.110
1783273050,7836.7,7836.7,7836.7,1783273050.123
1783273051,7836.6,7836.6,7836.6,1783273051.104
1783273052,7836.5,7836.5,7836.5,1783273052.124
1783273053,7836.6,7836.6,7836.6,1783273053.104
1783273054,7836.7,7836.7,7836.7,1783273054.130
1783273055,7836.8,7836.8,7836.8,1783273055.108
1783273056,7836.7,7836.7,7836.7,1783273056.137
1783273057,7836.6,7836.6,7836.6,1783273057.105
1783273058,7836.5,7836.5,7836.5,1783273058.134
1783273059,7836.4,7836.4,7836.4,1783273059.113
1783273060,7836.3,7836.3,7836.3,1783273060.161
1783273061,7836.4,7836.4,7836.4,1783273061.116
1783273062,7836.5,7836.5,7836.5,1783273062.133
1783273063,7836.6,7836.6,7836.6,1783273063.118
1783273064,7836.7,7836.7,7836.7,1783273064.141
1783273065,7836.8,7836.8,7836.8,1783273065.120
1783273066,7836.7,7836.7,7836.7,1783273066.138
1783273067,7836.8,7836.8,7836.8,1783273067.127
1783273068,7836.9,7836.9,7836.9,1783273068.137
1783273069,7837,7837,7837,1783273069.110
1783273070,7837.1,7837.1,7837.1,1783273070.134
1783273071,7837.2,7837.2,7837.2,1783273071.104
1783273072,7837.3,7837.3,7837.3,1783273072.122
1783273073,7837.2,7837.2,7837.2,1783273073.107
1783273074,7837.3,7837.3,7837.3,1783273074.129
1783273075,7837.2,7837.2,7837.2,1783273075.114
1783273076,7837.1,7837.1,7837.1,1783273076.129
1783273077,7837,7837,7837,1783273077.106
1783273078,7836.9,7836.9,7836.9,1783273078.128
1783273079,7837,7837,7837,1783273079.102
1783273080,7836.9,7836.9,7836.9,1783273080.136
1783273081,7837,7837,7837,1783273081.126
1783273082,7837.1,7837.1,7837.1,1783273082.183
1783273083,7837,7837,7837,1783273083.163
1783273084,7836.9,7836.9,7836.9,1783273084.130
1783273085,7836.8,7836.8,7836.8,1783273085.104
1783273086,7836.7,7836.7,7836.7,1783273086.132
1783273087,7836.8,7836.8,7836.8,1783273087.111
1783273088,7836.9,7836.9,7836.9,1783273088.135
1783273089,7837,7837,7837,1783273089.102
1783273090,7836.9,7836.9,7836.9,1783273090.134
1783273091,7836.8,7836.8,7836.8,1783273091.117
1783273092,7836.9,7836.9,7836.9,1783273092.130
1783273093,7837,7837,7837,1783273093.104
1783273094,7837.1,7837.1,7837.1,1783273094.129
1783273095,7837,7837,7837,1783273095.110
1783273096,7836.9,7836.9,7836.9,1783273096.164
1783273097,7837,7837,7837,1783273097.112
1783273098,7836.9,7836.9,7836.9,1783273098.148
1783273099,7836.8,7836.8,7836.8,1783273099.107
1783273100,7836.9,7836.9,7836.9,1783273100.122
1783273101,7836.8,7836.8,7836.8,1783273101.112
1783273102,7836.9,7836.9,7836.9,1783273102.152
1783273103,7836.8,7836.8,7836.8,1783273103.110
1783273104,7836.7,7836.7,7836.7,1783273104.121
1783273105,7836.8,7836.8,7836.8,1783273105.105
1783273106,7836.7,7836.7,7836.7,1783273106.127
1783273107,7836.8,7836.8,7836.8,1783273107.112
1783273108,7836.7,7836.7,7836.7,1783273108.124
1783273109,7836.8,7836.8,7836.8,1783273109.113
1783273110,7836.9,7836.9,7836.9,1783273110.123
1783273111,7837,7837,7837,1783273111.107
1783273112,7837.1,7837.1,7837.1,1783273112.130
1783273113,7837,7837,7837,1783273113.107
1783273114,7837.1,7837.1,7837.1,1783273114.128
1783273115,7837.2,7837.2,7837.2,1783273115.107
1783273116,7837.3,7837.3,7837.3,1783273116.142
1783273117,7837.2,7837.2,7837.2,1783273117.105
1783273118,7837.1,7837.1,7837.1,1783273118.126
1783273119,7837.2,7837.2,7837.2,1783273119.106
1783273120,7837.3,7837.3,7837.3,1783273120.140
1783273121,7837.2,7837.2,7837.2,1783273121.119
1783273122,7837.3,7837.3,7837.3,1783273122.127
1783273123,7837.4,7837.4,7837.4,1783273123.111
1783273124,7837.3,7837.3,7837.3,1783273124.133
1783273125,7837.2,7837.2,7837.2,1783273125.110
1783273126,7837.3,7837.3,7837.3,1783273126.132
1783273127,7837.2,7837.2,7837.2,1783273127.100
1783273128,7837.3,7837.3,7837.3,1783273128.135
1783273129,7837.2,7837.2,7837.2,1783273129.104
1783273130,7837.3,7837.3,7837.3,1783273130.128
1783273131,7837.2,7837.2,7837.2,1783273131.110
1783273132,7837.3,7837.3,7837.3,1783273132.166
1783273133,7837.4,7837.4,7837.4,1783273133.107
1783273134,7837.5,7837.5,7837.5,1783273134.124
1783273135,7837.4,7837.4,7837.4,1783273135.103
1783273136,7837.5,7837.5,7837.5,1783273136.138
1783273137,7837.6,7837.6,7837.6,1783273137.110
1783273138,7837.5,7837.5,7837.5,1783273138.131
1783273139,7837.6,7837.6,7837.6,1783273139.105
1783273140,7837.7,7837.7,7837.7,1783273140.126
1783273141,7837.8,7837.8,7837.8,1783273141.116
1783273142,7837.9,7837.9,7837.9,1783273142.175
1783273143,7838,7838,7838,1783273143.129
1783273144,7837.9,7837.9,7837.9,1783273144.135
1783273145,7837.8,7837.8,7837.8,1783273145.113
1783273146,7837.9,7837.9,7837.9,1783273146.124
1783273147,7837.8,7837.8,7837.8,1783273147.123
1783273148,7837.9,7837.9,7837.9,1783273148.122
1783273149,7837.8,7837.8,7837.8,1783273149.112
1783273150,7837.7,7837.7,7837.7,1783273150.123
1783273151,7837.6,7837.6,7837.6,1783273151.108
1783273152,7837.5,7837.5,7837.5,1783273152.125
1783273153,7837.4,7837.4,7837.4,1783273153.118
1783273154,7837.5,7837.5,7837.5,1783273154.128
1783273155,7837.4,7837.4,7837.4,1783273155.112
1783273156,7837.3,7837.3,7837.3,1783273156.126
1783273157,7837.2,7837.2,7837.2,1783273157.105
1783273158,7837.1,7837.1,7837.1,1783273158.162
1783273159,7837,7837,7837,1783273159.110
1783273160,7837.1,7837.1,7837.1,1783273160.131
1783273161,7837,7837,7837,1783273161.109
1783273162,7836.9,7836.9,7836.9,1783273162.135
1783273163,7836.8,7836.8,7836.8,1783273163.107
1783273164,7836.7,7836.7,7836.7,1783273164.132
1783273165,7836.6,7836.6,7836.6,1783273165.127
1783273166,7836.7,7836.7,7836.7,1783273166.131
1783273167,7836.8,7836.8,7836.8,1783273167.121
1783273168,7836.7,7836.7,7836.7,1783273168.126
1783273169,7836.6,7836.6,7836.6,1783273169.104
1783273170,7836.7,7836.7,7836.7,1783273170.127
1783273171,7836.6,7836.6,7836.6,1783273171.110
1783273172,7836.5,7836.5,7836.5,1783273172.137
1783273173,7836.6,7836.6,7836.6,1783273173.107
1783273174,7836.7,7836.7,7836.7,1783273174.125
1783273175,7836.8,7836.8,7836.8,1783273175.109
1783273176,7836.9,7836.9,7836.9,1783273176.129
1783273177,7837,7837,7837,1783273177.108
1783273178,7837.1,7837.1,7837.1,1783273178.201
1783273179,7837,7837,7837,1783273179.127
1783273180,7837.1,7837.1,7837.1,1783273180.130
1783273181,7837.2,7837.2,7837.2,1783273181.103
1783273182,7837.1,7837.1,7837.1,1783273182.131
1783273183,7837,7837,7837,1783273183.114
1783273184,7837.1,7837.1,7837.1,1783273184.136
1783273185,7837.2,7837.2,7837.2,1783273185.113
1783273186,7837.1,7837.1,7837.1,1783273186.130
1783273187,7837.2,7837.2,7837.2,1783273187.108
1783273188,7837.1,7837.1,7837.1,1783273188.125
1783273189,7837,7837,7837,1783273189.106
1783273190,7836.9,7836.9,7836.9,1783273190.129
1783273191,7837,7837,7837,1783273191.121
1783273192,7836.9,7836.9,7836.9,1783273192.130
1783273193,7836.8,7836.8,7836.8,1783273193.120
1783273194,7836.7,7836.7,7836.7,1783273194.165
1783273195,7836.6,7836.6,7836.6,1783273195.112
1783273196,7836.5,7836.5,7836.5,1783273196.149
1783273197,7836.6,7836.6,7836.6,1783273197.127
1783273198,7836.7,7836.7,7836.7,1783273198.135
1783273199,7836.8,7836.8,7836.8,1783273199.108
1783273200,7836.9,7836.9,7836.9,1783273200.144
1783273201,7837,7837,7837,1783273201.121
1783273202,7836.9,7836.9,7836.9,1783273202.237
1783273203,7836.8,7836.8,7836.8,1783273203.500
1783273204,7836.9,7836.9,7836.9,1783273204.167
1783273205,7836.8,7836.8,7836.8,1783273205.118
1783273206,7836.7,7836.7,7836.7,1783273206.123
1783273207,7836.8,7836.8,7836.8,1783273207.117
1783273208,7836.7,7836.7,7836.7,1783273208.130
1783273209,7836.6,7836.6,7836.6,1783273209.118
1783273210,7836.7,7836.7,7836.7,1783273210.130
1783273211,7836.6,7836.6,7836.6,1783273211.113
1783273212,7836.5,7836.5,7836.5,1783273212.146
1783273213,7836.6,7836.6,7836.6,1783273213.114
1783273214,7836.7,7836.7,7836.7,1783273214.123
1783273215,7836.6,7836.6,7836.6,1783273215.107
1783273216,7836.5,7836.5,7836.5,1783273216.128
1783273217,7836.6,7836.6,7836.6,1783273217.110
1783273218,7836.7,7836.7,7836.7,1783273218.134
1783273219,7836.6,7836.6,7836.6,1783273219.112
1783273220,7836.7,7836.7,7836.7,1783273220.164
1783273221,7836.8,7836.8,7836.8,1783273221.125
1783273222,7836.9,7836.9,7836.9,1783273222.135
1783273223,7836.8,7836.8,7836.8,1783273223.115
1783273224,7836.7,7836.7,7836.7,1783273224.244
1783273225,7836.8,7836.8,7836.8,1783273225.173
1783273226,7836.7,7836.7,7836.7,1783273226.128
1783273227,7836.6,7836.6,7836.6,1783273227.113
1783273228,7836.7,7836.7,7836.7,1783273228.148
1783273229,7836.6,7836.6,7836.6,1783273229.120
1783273230,7836.7,7836.7,7836.7,1783273230.140
1783273231,7836.8,7836.8,7836.8,1783273231.115
1783273232,7836.7,7836.7,7836.7,1783273232.135
1783273233,7836.6,7836.6,7836.6,1783273233.119
1783273234,7836.5,7836.5,7836.5,1783273234.130
1783273235,7836.4,7836.4,7836.4,1783273235.107
1783273236,7836.5,7836.5,7836.5,1783273236.135
1783273237,7836.4,7836.4,7836.4,1783273237.115
1783273238,7836.3,7836.3,7836.3,1783273238.246
1783273239,7836.2,7836.2,7836.2,1783273239.118
1783273240,7836.3,7836.3,7836.3,1783273240.141
1783273241,7836.4,7836.4,7836.4,1783273241.146
1783273242,7836.3,7836.3,7836.3,1783273242.141
1783273243,7836.4,7836.4,7836.4,1783273243.114
1783273244,7836.3,7836.3,7836.3,1783273244.129
1783273245,7836.4,7836.4,7836.4,1783273245.111
1783273246,7836.3,7836.3,7836.3,1783273246.163
1783273247,7836.2,7836.2,7836.2,1783273247.113
1783273248,7836.1,7836.1,7836.1,1783273248.121
1783273249,7836,7836,7836,1783273249.123
1783273250,7835.9,7835.9,7835.9,1783273250.139
1783273251,7835.8,7835.8,7835.8,1783273251.120
1783273252,7835.9,7835.9,7835.9,1783273252.129
1783273253,7836,7836,7836,1783273253.113
1783273254,7835.9,7835.9,7835.9,1783273254.135
1783273255,7836,7836,7836,1783273255.115
1783273256,7835.9,7835.9,7835.9,1783273256.142
1783273257,7836,7836,7836,1783273257.108
1783273258,7836.1,7836.1,7836.1,1783273258.125
1783273259,7836.2,7836.2,7836.2,1783273259.113
1783273260,7836.3,7836.3,7836.3,1783273260.147
1783273261,7836.2,7836.2,7836.2,1783273261.108
1783273262,7836.3,7836.3,7836.3,1783273262.156
1783273263,7836.4,7836.4,7836.4,1783273263.137
1783273264,7836.3,7836.3,7836.3,1783273264.156
1783273265,7836.2,7836.2,7836.2,1783273265.116
1783273266,7836.3,7836.3,7836.3,1783273266.125
1783273267,7836.4,7836.4,7836.4,1783273267.127
1783273268,7836.3,7836.3,7836.3,1783273268.201
1783273269,7836.2,7836.2,7836.2,1783273269.115
1783273270,7836.1,7836.1,7836.1,1783273270.131
1783273271,7836.2,7836.2,7836.2,1783273271.108
1783273272,7836.3,7836.3,7836.3,1783273272.128
1783273273,7836.4,7836.4,7836.4,1783273273.123
1783273274,7836.5,7836.5,7836.5,1783273274.133
1783273275,7836.4,7836.4,7836.4,1783273275.117
1783273276,7836.3,7836.3,7836.3,1783273276.130
1783273277,7836.2,7836.2,7836.2,1783273277.110
1783273278,7836.1,7836.1,7836.1,1783273278.170
1783273279,7836.2,7836.2,7836.2,1783273279.116
1783273280,7836.3,7836.3,7836.3,1783273280.133
1783273281,7836.4,7836.4,7836.4,1783273281.113
1783273282,7836.3,7836.3,7836.3,1783273282.121
1783273283,7836.2,7836.2,7836.2,1783273283.115
1783273284,7836.1,7836.1,7836.1,1783273284.149
1783273285,7836.2,7836.2,7836.2,1783273285.112
1783273286,7836.1,7836.1,7836.1,1783273286.129
1783273287,7836.2,7836.2,7836.2,1783273287.123
1783273288,7836.1,7836.1,7836.1,1783273288.132
1783273289,7836,7836,7836,1783273289.114
1783273290,7835.9,7835.9,7835.9,1783273290.311
1783273291,7836,7836,7836,1783273291.120
1783273292,7835.9,7835.9,7835.9,1783273292.138
1783273293,7835.8,7835.8,7835.8,1783273293.107
1783273294,7835.7,7835.7,7835.7,1783273294.143
1783273295,7835.8,7835.8,7835.8,1783273295.122
1783273296,7835.7,7835.7,7835.7,1783273296.135
1783273297,7835.6,7835.6,7835.6,1783273297.110
1783273298,7835.7,7835.7,7835.7,1783273298.128
1783273299,7835.8,7835.8,7835.8,1783273299.115
1783273300,7835.7,7835.7,7835.7,1783273300.140
1783273301,7835.8,7835.8,7835.8,1783273301.109
1783273302,7835.7,7835.7,7835.7,1783273302.141
1783273303,7835.8,7835.8,7835.8,1783273303.110
1783273304,7835.9,7835.9,7835.9,1783273304.142
1783273305,7835.8,7835.8,7835.8,1783273305.108
1783273306,7835.9,7835.9,7835.9,1783273306.130
1783273307,7836,7836,7836,1783273307.114
1783273308,7835.9,7835.9,7835.9,1783273308.130
1783273309,7836,7836,7836,1783273309.137
1783273310,7836.1,7836.1,7836.1,1783273310.144
1783273311,7836.2,7836.2,7836.2,1783273311.112
1783273312,7836.3,7836.3,7836.3,1783273312.131
1783273313,7836.4,7836.4,7836.4,1783273313.105
1783273314,7836.5,7836.5,7836.5,1783273314.149
1783273315,7836.6,7836.6,7836.6,1783273315.113
1783273316,7836.7,7836.7,7836.7,1783273316.144
1783273317,7836.8,7836.8,7836.8,1783273317.125
1783273318,7836.7,7836.7,7836.7,1783273318.140
1783273319,7836.8,7836.8,7836.8,1783273319.109
1783273320,7836.9,7836.9,7836.9,1783273320.138
1783273321,7836.8,7836.8,7836.8,1783273321.180
1783273322,7836.7,7836.7,7836.7,1783273322.178
1783273323,7836.8,7836.8,7836.8,1783273323.120
1783273324,7836.9,7836.9,7836.9,1783273324.216
1783273325,7836.8,7836.8,7836.8,1783273325.112
1783273326,7836.7,7836.7,7836.7,1783273326.124
1783273327,7836.8,7836.8,7836.8,1783273327.112
1783273328,7836.7,7836.7,7836.7,1783273328.206
1783273329,7836.6,7836.6,7836.6,1783273329.114
1783273330,7836.7,7836.7,7836.7,1783273330.132
1783273331,7836.8,7836.8,7836.8,1783273331.119
1783273332,7836.7,7836.7,7836.7,1783273332.138
1783273333,7836.8,7836.8,7836.8,1783273333.112
1783273334,7836.9,7836.9,7836.9,1783273334.162
1783273335,7836.8,7836.8,7836.8,1783273335.109
1783273336,7836.7,7836.7,7836.7,1783273336.129
1783273337,7836.8,7836.8,7836.8,1783273337.122
1783273338,7836.9,7836.9,7836.9,1783273338.172
1783273339,7837,7837,7837,1783273339.115
1783273340,7836.9,7836.9,7836.9,1783273340.134
1783273341,7837,7837,7837,1783273341.112
1783273342,7836.9,7836.9,7836.9,1783273342.141
1783273343,7836.8,7836.8,7836.8,1783273343.112
1783273344,7836.9,7836.9,7836.9,1783273344.130
1783273345,7836.8,7836.8,7836.8,1783273345.114
1783273346,7836.7,7836.7,7836.7,1783273346.133
1783273347,7836.6,7836.6,7836.6,1783273347.110
1783273348,7836.5,7836.5,7836.5,1783273348.137
1783273349,7836.6,7836.6,7836.6,1783273349.129
1783273350,7836.5,7836.5,7836.5,1783273350.135
1783273351,7836.6,7836.6,7836.6,1783273351.113
1783273352,7836.5,7836.5,7836.5,1783273352.131
1783273353,7836.4,7836.4,7836.4,1783273353.109
1783273354,7836.3,7836.3,7836.3,1783273354.150
1783273355,7836.2,7836.2,7836.2,1783273355.111
1783273356,7836.1,7836.1,7836.1,1783273356.203
1783273357,7836,7836,7836,1783273357.107
1783273358,7835.9,7835.9,7835.9,1783273358.203
1783273359,7835.8,7835.8,7835.8,1783273359.112
1783273360,7835.9,7835.9,7835.9,1783273360.162
1783273361,7835.8,7835.8,7835.8,1783273361.111
1783273362,7835.7,7835.7,7835.7,1783273362.131
1783273363,7835.6,7835.6,7835.6,1783273363.116
1783273364,7835.7,7835.7,7835.7,1783273364.129
1783273365,7835.8,7835.8,7835.8,1783273365.110
1783273366,7835.9,7835.9,7835.9,1783273366.141
1783273367,7836,7836,7836,1783273367.117
1783273368,7835.9,7835.9,7835.9,1783273368.136
1783273369,7836,7836,7836,1783273369.113
1783273370,7835.9,7835.9,7835.9,1783273370.158
1783273371,7836,7836,7836,1783273371.133
1783273372,7836.1,7836.1,7836.1,1783273372.136
1783273373,7836.2,7836.2,7836.2,1783273373.122
1783273374,7836.1,7836.1,7836.1,1783273374.160
1783273375,7836.2,7836.2,7836.2,1783273375.112
1783273376,7836.1,7836.1,7836.1,1783273376.149
1783273377,7836.2,7836.2,7836.2,1783273377.130
1783273378,7836.3,7836.3,7836.3,1783273378.144
1783273379,7836.2,7836.2,7836.2,1783273379.136
1783273380,7836.3,7836.3,7836.3,1783273380.142
1783273381,7836.4,7836.4,7836.4,1783273381.124
1783273382,7836.3,7836.3,7836.3,1783273382.194
1783273383,7836.4,7836.4,7836.4,1783273383.245
1783273384,7836.3,7836.3,7836.3,1783273384.241
1783273385,7836.4,7836.4,7836.4,1783273385.111
1783273386,7836.3,7836.3,7836.3,1783273386.162
1783273387,7836.2,7836.2,7836.2,1783273387.126
1783273388,7836.1,7836.1,7836.1,1783273388.244
1783273389,7836.2,7836.2,7836.2,1783273389.120
1783273390,7836.1,7836.1,7836.1,1783273390.141
1783273391,7836,7836,7836,1783273391.124
1783273392,7836.1,7836.1,7836.1,1783273392.154
1783273393,7836,7836,7836,1783273393.117
1783273394,7835.9,7835.9,7835.9,1783273394.153
1783273395,7836,7836,7836,1783273395.119
1783273396,7835.9,7835.9,7835.9,1783273396.141
1783273397,7836,7836,7836,1783273397.115
1783273398,7835.9,7835.9,7835.9,1783273398.153
1783273399,7836,7836,7836,1783273399.111
1783273400,7836.1,7836.1,7836.1,1783273400.147
1783273401,7836.2,7836.2,7836.2,1783273401.122
1783273402,7836.3,7836.3,7836.3,1783273402.153
1783273403,7836.2,7836.2,7836.2,1783273403.117
1783273404,7836.3,7836.3,7836.3,1783273404.133
1783273405,7836.2,7836.2,7836.2,1783273405.116
1783273406,7836.3,7836.3,7836.3,1783273406.138
1783273407,7836.2,7836.2,7836.2,1783273407.117
1783273408,7836.3,7836.3,7836.3,1783273408.142
1783273409,7836.4,7836.4,7836.4,1783273409.118
1783273410,7836.5,7836.5,7836.5,1783273410.136
1783273411,7836.4,7836.4,7836.4,1783273411.116
1783273412,7836.3,7836.3,7836.3,1783273412.154
1783273413,7836.2,7836.2,7836.2,1783273413.136
1783273414,7836.3,7836.3,7836.3,1783273414.143
1783273415,7836.4,7836.4,7836.4,1783273415.124
1783273416,7836.5,7836.5,7836.5,1783273416.152
1783273417,7836.4,7836.4,7836.4,1783273417.107
1783273418,7836.3,7836.3,7836.3,1783273418.200
1783273419,7836.4,7836.4,7836.4,1783273419.117
1783273420,7836.3,7836.3,7836.3,1783273420.144
1783273421,7836.2,7836.2,7836.2,1783273421.112
1783273422,7836.3,7836.3,7836.3,1783273422.143
1783273423,7836.2,7836.2,7836.2,1783273423.118
1783273424,7836.1,7836.1,7836.1,1783273424.141
1783273425,7836.2,7836.2,7836.2,1783273425.127
1783273426,7836.1,7836.1,7836.1,1783273426.140
1783273427,7836,7836,7836,1783273427.115
1783273428,7835.9,7835.9,7835.9,1783273428.164
1783273429,7836,7836,7836,1783273429.143
1783273430,7836.1,7836.1,7836.1,1783273430.155
1783273431,7836,7836,7836,1783273431.114
1783273432,7835.9,7835.9,7835.9,1783273432.146
1783273433,7835.8,7835.8,7835.8,1783273433.115
1783273434,7835.9,7835.9,7835.9,1783273434.149
1783273435,7835.8,7835.8,7835.8,1783273435.111
1783273436,7835.9,7835.9,7835.9,1783273436.146
1783273437,7835.8,7835.8,7835.8,1783273437.120
1783273438,7835.7,7835.7,7835.7,1783273438.161
1783273439,7835.6,7835.6,7835.6,1783273439.123
1783273440,7835.7,7835.7,7835.7,1783273440.156
1783273441,7835.6,7835.6,7835.6,1783273441.114
1783273442,7835.5,7835.5,7835.5,1783273442.263
1783273443,7835.4,7835.4,7835.4,1783273443.112
1783273444,7835.3,7835.3,7835.3,1783273444.251
1783273445,7835.4,7835.4,7835.4,1783273445.127
1783273446,7835.3,7835.3,7835.3,1783273446.160
1783273447,7835.2,7835.2,7835.2,1783273447.117
1783273448,7835.1,7835.1,7835.1,1783273448.208
1783273449,7835,7835,7835,1783273449.120
1783273450,7835.1,7835.1,7835.1,1783273450.148
1783273451,7835,7835,7835,1783273451.128
1783273452,7834.9,7834.9,7834.9,1783273452.152
1783273453,7835,7835,7835,1783273453.116
1783273454,7834.9,7834.9,7834.9,1783273454.164
1783273455,7834.8,7834.8,7834.8,1783273455.136
1783273456,7834.9,7834.9,7834.9,1783273456.145
1783273457,7834.8,7834.8,7834.8,1783273457.113
1783273458,7834.9,7834.9,7834.9,1783273458.156
1783273459,7835,7835,7835,1783273459.118
1783273460,7834.9,7834.9,7834.9,1783273460.156
1783273461,7835,7835,7835,1783273461.123
1783273462,7835.1,7835.1,7835.1,1783273462.132
1783273463,7835,7835,7835,1783273463.113
1783273464,7835.1,7835.1,7835.1,1783273464.138
1783273465,7835,7835,7835,1783273465.109
1783273466,7835.1,7835.1,7835.1,1783273466.142
1783273467,7835.2,7835.2,7835.2,1783273467.108
1783273468,7835.1,7835.1,7835.1,1783273468.149
1783273469,7835,7835,7835,1783273469.111
1783273470,7835.1,7835.1,7835.1,1783273470.152
1783273471,7835,7835,7835,1783273471.119
1783273472,7834.9,7834.9,7834.9,1783273472.130
1783273473,7835,7835,7835,1783273473.111
1783273474,7834.9,7834.9,7834.9,1783273474.246
1783273475,7834.8,7834.8,7834.8,1783273475.118
1783273476,7834.9,7834.9,7834.9,1783273476.137
1783273477,7835,7835,7835,1783273477.112
1783273478,7834.9,7834.9,7834.9,1783273478.242
1783273479,7835,7835,7835,1783273479.117
1783273480,7834.9,7834.9,7834.9,1783273480.163
1783273481,7834.8,7834.8,7834.8,1783273481.118
1783273482,7834.7,7834.7,7834.7,1783273482.134
1783273483,7834.6,7834.6,7834.6,1783273483.125
1783273484,7834.7,7834.7,7834.7,1783273484.143
1783273485,7834.8,7834.8,7834.8,1783273485.109
1783273486,7834.7,7834.7,7834.7,1783273486.142
1783273487,7834.6,7834.6,7834.6,1783273487.131
1783273488,7834.5,7834.5,7834.5,1783273488.139
1783273489,7834.4,7834.4,7834.4,1783273489.102
1783273490,7834.3,7834.3,7834.3,1783273490.132
1783273491,7834.4,7834.4,7834.4,1783273491.112
1783273492,7834.5,7834.5,7834.5,1783273492.133
1783273493,7834.6,7834.6,7834.6,1783273493.117
1783273494,7834.7,7834.7,7834.7,1783273494.143
1783273495,7834.8,7834.8,7834.8,1783273495.120
1783273496,7834.7,7834.7,7834.7,1783273496.310
1783273497,7834.6,7834.6,7834.6,1783273497.113
1783273498,7834.5,7834.5,7834.5,1783273498.140
1783273499,7834.6,7834.6,7834.6,1783273499.110
1783273500,7834.5,7834.5,7834.5,1783273500.152
1783273501,7834.4,7834.4,7834.4,1783273501.109
1783273502,7834.5,7834.5,7834.5,1783273502.463
1783273503,7834.4,7834.4,7834.4,1783273503.135
1783273504,7834.5,7834.5,7834.5,1783273504.187
1783273505,7834.6,7834.6,7834.6,1783273505.123
1783273506,7834.5,7834.5,7834.5,1783273506.143
1783273507,7834.6,7834.6,7834.6,1783273507.116
1783273508,7834.5,7834.5,7834.5,1783273508.242
1783273509,7834.4,7834.4,7834.4,1783273509.107
1783273510,7834.5,7834.5,7834.5,1783273510.138
1783273511,7834.4,7834.4,7834.4,1783273511.109
1783273512,7834.5,7834.5,7834.5,1783273512.135
1783273513,7834.6,7834.6,7834.6,1783273513.118
1783273514,7834.5,7834.5,7834.5,1783273514.136
1783273515,7834.6,7834.6,7834.6,1783273515.118
1783273516,7834.5,7834.5,7834.5,1783273516.138
1783273517,7834.4,7834.4,7834.4,1783273517.110
1783273518,7834.5,7834.5,7834.5,1783273518.130
1783273519,7834.4,7834.4,7834.4,1783273519.111
1783273520,7834.5,7834.5,7834.5,1783273520.142
1783273521,7834.4,7834.4,7834.4,1783273521.113
1783273522,7834.3,7834.3,7834.3,1783273522.125
1783273523,7834.2,7834.2,7834.2,1783273523.110
1783273524,7834.3,7834.3,7834.3,1783273524.135
1783273525,7834.2,7834.2,7834.2,1783273525.113
1783273526,7834.3,7834.3,7834.3,1783273526.145
1783273527,7834.2,7834.2,7834.2,1783273527.117
1783273528,7834.3,7834.3,7834.3,1783273528.141
1783273529,7834.4,7834.4,7834.4,1783273529.118
1783273530,7834.3,7834.3,7834.3,1783273530.142
1783273531,7834.4,7834.4,7834.4,1783273531.116
1783273532,7834.3,7834.3,7834.3,1783273532.153
1783273533,7834.2,7834.2,7834.2,1783273533.123
1783273534,7834.3,7834.3,7834.3,1783273534.161
1783273535,7834.2,7834.2,7834.2,1783273535.123
1783273536,7834.3,7834.3,7834.3,1783273536.142
1783273537,7834.4,7834.4,7834.4,1783273537.119
1783273538,7834.3,7834.3,7834.3,1783273538.205
1783273539,7834.2,7834.2,7834.2,1783273539.121
1783273540,7834.3,7834.3,7834.3,1783273540.158
1783273541,7834.4,7834.4,7834.4,1783273541.123
1783273542,7834.3,7834.3,7834.3,1783273542.144
1783273543,7834.2,7834.2,7834.2,1783273543.130
1783273544,7834.1,7834.1,7834.1,1783273544.142
1783273545,7834.2,7834.2,7834.2,1783273545.132
1783273546,7834.3,7834.3,7834.3,1783273546.142
1783273547,7834.4,7834.4,7834.4,1783273547.125
1783273548,7834.5,7834.5,7834.5,1783273548.164
1783273549,7834.4,7834.4,7834.4,1783273549.123
1783273550,7834.3,7834.3,7834.3,1783273550.152
1783273551,7834.2,7834.2,7834.2,1783273551.117
1783273552,7834.1,7834.1,7834.1,1783273552.148
1783273553,7834.2,7834.2,7834.2,1783273553.134
1783273554,7834.1,7834.1,7834.1,1783273554.242
1783273555,7834.2,7834.2,7834.2,1783273555.135
1783273556,7834.1,7834.1,7834.1,1783273556.145
1783273557,7834,7834,7834,1783273557.114
1783273558,7834.1,7834.1,7834.1,1783273558.163
1783273559,7834,7834,7834,1783273559.204
1783273560,7834.1,7834.1,7834.1,1783273560.154
1783273561,7834.2,7834.2,7834.2,1783273561.127
1783273562,7834.1,7834.1,7834.1,1783273562.215
1783273563,7834.2,7834.2,7834.2,1783273563.132
1783273564,7834.3,7834.3,7834.3,1783273564.182
1783273565,7834.2,7834.2,7834.2,1783273565.124
1783273566,7834.1,7834.1,7834.1,1783273566.142
1783273567,7834,7834,7834,1783273567.118
1783273568,7834.1,7834.1,7834.1,1783273568.256
1783273569,7834.2,7834.2,7834.2,1783273569.123
1783273570,7834.3,7834.3,7834.3,1783273570.144
1783273571,7834.4,7834.4,7834.4,1783273571.117
1783273572,7834.5,7834.5,7834.5,1783273572.155
1783273573,7834.4,7834.4,7834.4,1783273573.115
1783273574,7834.5,7834.5,7834.5,1783273574.158
1783273575,7834.6,7834.6,7834.6,1783273575.121
1783273576,7834.7,7834.7,7834.7,1783273576.147
1783273577,7834.6,7834.6,7834.6,1783273577.125
1783273578,7834.7,7834.7,7834.7,1783273578.146
1783273579,7834.6,7834.6,7834.6,1783273579.119
1783273580,7834.5,7834.5,7834.5,1783273580.161
1783273581,7834.4,7834.4,7834.4,1783273581.128
1783273582,7834.5,7834.5,7834.5,1783273582.144
1783273583,7834.4,7834.4,7834.4,1783273583.124
1783273584,7834.5,7834.5,7834.5,1783273584.155
1783273585,7834.6,7834.6,7834.6,1783273585.124
1783273586,7834.5,7834.5,7834.5,1783273586.146
1783273587,7834.4,7834.4,7834.4,1783273587.126
1783273588,7834.3,7834.3,7834.3,1783273588.142
1783273589,7834.2,7834.2,7834.2,1783273589.114
1783273590,7834.1,7834.1,7834.1,1783273590.162
1783273591,7834.2,7834.2,7834.2,1783273591.128
1783273592,7834.3,7834.3,7834.3,1783273592.139
1783273593,7834.2,7834.2,7834.2,1783273593.116
1783273594,7834.3,7834.3,7834.3,1783273594.149
1783273595,7834.2,7834.2,7834.2,1783273595.123
1783273596,7834.3,7834.3,7834.3,1783273596.136
1783273597,7834.4,7834.4,7834.4,1783273597.119
1783273598,7834.3,7834.3,7834.3,1783273598.243
1783273599,7834.4,7834.4,7834.4,1783273599.124
1783273600,7834.5,7834.5,7834.5,1783273600.168
1783273601,7834.6,7834.6,7834.6,1783273601.115
1783273602,7834.5,7834.5,7834.5,1783273602.160
1783273603,7834.4,7834.4,7834.4,1783273603.122
1783273604,7834.3,7834.3,7834.3,1783273604.155
1783273605,7834.2,7834.2,7834.2,1783273605.116
1783273606,7834.3,7834.3,7834.3,1783273606.162
1783273607,7834.4,7834.4,7834.4,1783273607.116
1783273608,7834.5,7834.5,7834.5,1783273608.135
1783273609,7834.6,7834.6,7834.6,1783273609.118
1783273610,7834.7,7834.7,7834.7,1783273610.131
1783273611,7834.6,7834.6,7834.6,1783273611.113
1783273612,7834.7,7834.7,7834.7,1783273612.127
1783273613,7834.6,7834.6,7834.6,1783273613.110
1783273614,7834.7,7834.7,7834.7,1783273614.142
1783273615,7834.6,7834.6,7834.6,1783273615.119
1783273616,7834.5,7834.5,7834.5,1783273616.166
1783273617,7834.4,7834.4,7834.4,1783273617.117
1783273618,7834.5,7834.5,7834.5,1783273618.158
1783273619,7834.4,7834.4,7834.4,1783273619.116
1783273620,7834.5,7834.5,7834.5,1783273620.141
1783273621,7834.4,7834.4,7834.4,1783273621.163
1783273622,7834.3,7834.3,7834.3,1783273622.191
1783273623,7834.4,7834.4,7834.4,1783273623.112
1783273624,7834.3,7834.3,7834.3,1783273624.214
1783273625,7834.4,7834.4,7834.4,1783273625.114
1783273626,7834.5,7834.5,7834.5,1783273626.243
1783273627,7834.6,7834.6,7834.6,1783273627.107
1783273628,7834.7,7834.7,7834.7,1783273628.206
1783273629,7834.6,7834.6,7834.6,1783273629.113
1783273630,7834.5,7834.5,7834.5,1783273630.139
1783273631,7834.6,7834.6,7834.6,1783273631.114
1783273632,7834.7,7834.7,7834.7,1783273632.137
1783273633,7834.8,7834.8,7834.8,1783273633.115
1783273634,7834.9,7834.9,7834.9,1783273634.135
1783273635,7835,7835,7835,1783273635.110
1783273636,7834.9,7834.9,7834.9,1783273636.136
1783273637,7835,7835,7835,1783273637.118
1783273638,7835.1,7835.1,7835.1,1783273638.137
1783273639,7835.2,7835.2,7835.2,1783273639.111
1783273640,7835.1,7835.1,7835.1,1783273640.139
1783273641,7835.2,7835.2,7835.2,1783273641.116
1783273642,7835.1,7835.1,7835.1,1783273642.133
1783273643,7835.2,7835.2,7835.2,1783273643.113
1783273644,7835.3,7835.3,7835.3,1783273644.146
1783273645,7835.4,7835.4,7835.4,1783273645.113
1783273646,7835.5,7835.5,7835.5,1783273646.143
1783273647,7835.6,7835.6,7835.6,1783273647.114
1783273648,7835.5,7835.5,7835.5,1783273648.146
1783273649,7835.4,7835.4,7835.4,1783273649.114
1783273650,7835.5,7835.5,7835.5,1783273650.131
1783273651,7835.6,7835.6,7835.6,1783273651.115
1783273652,7835.7,7835.7,7835.7,1783273652.141
1783273653,7835.6,7835.6,7835.6,1783273653.106
1783273654,7835.7,7835.7,7835.7,1783273654.136
1783273655,7835.8,7835.8,7835.8,1783273655.108
1783273656,7835.9,7835.9,7835.9,1783273656.142
1783273657,7836,7836,7836,1783273657.108
1783273658,7835.9,7835.9,7835.9,1783273658.263
1783273659,7836,7836,7836,1783273659.111
1783273660,7836.1,7836.1,7836.1,1783273660.138
1783273661,7836,7836,7836,1783273661.124
1783273662,7835.9,7835.9,7835.9,1783273662.138
1783273663,7836,7836,7836,1783273663.115
1783273664,7836.1,7836.1,7836.1,1783273664.143
1783273665,7836,7836,7836,1783273665.119
1783273666,7836.1,7836.1,7836.1,1783273666.152
1783273667,7836,7836,7836,1783273667.122
1783273668,7836.1,7836.1,7836.1,1783273668.135
1783273669,7836,7836,7836,1783273669.119
1783273670,7835.9,7835.9,7835.9,1783273670.136
1783273671,7836,7836,7836,1783273671.116
1783273672,7835.9,7835.9,7835.9,1783273672.144
1783273673,7835.8,7835.8,7835.8,1783273673.115
1783273674,7835.9,7835.9,7835.9,1783273674.155
1783273675,7836,7836,7836,1783273675.127
1783273676,7836.1,7836.1,7836.1,1783273676.143
1783273677,7836,7836,7836,1783273677.112
1783273678,7836.1,7836.1,7836.1,1783273678.135
1783273679,7836,7836,7836,1783273679.122
1783273680,7836.1,7836.1,7836.1,1783273680.152
1783273681,7836,7836,7836,1783273681.141
1783273682,7836.1,7836.1,7836.1,1783273682.366
1783273683,7836.2,7836.2,7836.2,1783273683.151
1783273684,7836.1,7836.1,7836.1,1783273684.162
1783273685,7836,7836,7836,1783273685.242
1783273686,7835.9,7835.9,7835.9,1783273686.144
1783273687,7836,7836,7836,1783273687.111
1783273688,7836.1,7836.1,7836.1,1783273688.247
1783273689,7836.2,7836.2,7836.2,1783273689.116
1783273690,7836.1,7836.1,7836.1,1783273690.149
1783273691,7836,7836,7836,1783273691.114
1783273692,7835.9,7835.9,7835.9,1783273692.145
1783273693,7836,7836,7836,1783273693.112
1783273694,7835.9,7835.9,7835.9,1783273694.151
1783273695,7835.8,7835.8,7835.8,1783273695.113
1783273696,7835.7,7835.7,7835.7,1783273696.129
1783273697,7835.6,7835.6,7835.6,1783273697.112
1783273698,7835.5,7835.5,7835.5,1783273698.137
1783273699,7835.6,7835.6,7835.6,1783273699.128
1783273700,7835.5,7835.5,7835.5,1783273700.147
1783273701,7835.6,7835.6,7835.6,1783273701.119
1783273702,7835.5,7835.5,7835.5,1783273702.146
1783273703,7835.4,7835.4,7835.4,1783273703.114
1783273704,7835.3,7835.3,7835.3,1783273704.132
1783273705,7835.4,7835.4,7835.4,1783273705.129
1783273706,7835.3,7835.3,7835.3,1783273706.148
1783273707,7835.4,7835.4,7835.4,1783273707.130
1783273708,7835.5,7835.5,7835.5,1783273708.143
1783273709,7835.6,7835.6,7835.6,1783273709.112
1783273710,7835.7,7835.7,7835.7,1783273710.164
1783273711,7835.8,7835.8,7835.8,1783273711.128
1783273712,7835.7,7835.7,7835.7,1783273712.150
1783273713,7835.8,7835.8,7835.8,1783273713.120
1783273714,7835.7,7835.7,7835.7,1783273714.148
1783273715,7835.6,7835.6,7835.6,1783273715.118
1783273716,7835.7,7835.7,7835.7,1783273716.149
1783273717,7835.8,7835.8,7835.8,1783273717.118
1783273718,7835.7,7835.7,7835.7,1783273718.202
1783273719,7835.8,7835.8,7835.8,1783273719.123
1783273720,7835.7,7835.7,7835.7,1783273720.153
1783273721,7835.8,7835.8,7835.8,1783273721.119
1783273722,7835.7,7835.7,7835.7,1783273722.149
1783273723,7835.8,7835.8,7835.8,1783273723.163
1783273724,7835.9,7835.9,7835.9,1783273724.147
1783273725,7836,7836,7836,1783273725.127
1783273726,7836.1,7836.1,7836.1,1783273726.175
1783273727,7836.2,7836.2,7836.2,1783273727.128
1783273728,7836.3,7836.3,7836.3,1783273728.155
1783273729,7836.2,7836.2,7836.2,1783273729.129
1783273730,7836.3,7836.3,7836.3,1783273730.163
1783273731,7836.2,7836.2,7836.2,1783273731.120
1783273732,7836.1,7836.1,7836.1,1783273732.147
1783273733,7836,7836,7836,1783273733.126
1783273734,7836.1,7836.1,7836.1,1783273734.142
1783273735,7836.2,7836.2,7836.2,1783273735.124
1783273736,7836.3,7836.3,7836.3,1783273736.157
1783273737,7836.2,7836.2,7836.2,1783273737.116
1783273738,7836.3,7836.3,7836.3,1783273738.146
1783273739,7836.2,7836.2,7836.2,1783273739.129
1783273740,7836.3,7836.3,7836.3,1783273740.161
1783273741,7836.4,7836.4,7836.4,1783273741.122
1783273742,7836.3,7836.3,7836.3,1783273742.251
1783273743,7836.4,7836.4,7836.4,1783273743.163
1783273744,7836.5,7836.5,7836.5,1783273744.200
1783273745,7836.4,7836.4,7836.4,1783273745.111
1783273746,7836.3,7836.3,7836.3,1783273746.144
1783273747,7836.4,7836.4,7836.4,1783273747.112
1783273748,7836.3,7836.3,7836.3,1783273748.200
1783273749,7836.2,7836.2,7836.2,1783273749.129
1783273750,7836.1,7836.1,7836.1,1783273750.144
1783273751,7836,7836,7836,1783273751.125
1783273752,7835.9,7835.9,7835.9,1783273752.140
1783273753,7835.8,7835.8,7835.8,1783273753.110
1783273754,7835.9,7835.9,7835.9,1783273754.167
1783273755,7836,7836,7836,1783273755.119
1783273756,7835.9,7835.9,7835.9,1783273756.145
1783273757,7836,7836,7836,1783273757.116
1783273758,7836.1,7836.1,7836.1,1783273758.138
1783273759,7836.2,7836.2,7836.2,1783273759.114
1783273760,7836.3,7836.3,7836.3,1783273760.140
1783273761,7836.2,7836.2,7836.2,1783273761.117
1783273762,7836.3,7836.3,7836.3,1783273762.164
1783273763,7836.2,7836.2,7836.2,1783273763.124
1783273764,7836.1,7836.1,7836.1,1783273764.148
1783273765,7836,7836,7836,1783273765.118
1783273766,7835.9,7835.9,7835.9,1783273766.140
1783273767,7836,7836,7836,1783273767.104
1783273768,7836.1,7836.1,7836.1,1783273768.131
1783273769,7836,7836,7836,1783273769.113
1783273770,7835.9,7835.9,7835.9,1783273770.148
1783273771,7836,7836,7836,1783273771.120
1783273772,7836.1,7836.1,7836.1,1783273772.151
1783273773,7836.2,7836.2,7836.2,1783273773.109
1783273774,7836.1,7836.1,7836.1,1783273774.148
1783273775,7836,7836,7836,1783273775.112
1783273776,7835.9,7835.9,7835.9,1783273776.143
1783273777,7835.8,7835.8,7835.8,1783273777.113
1783273778,7835.7,7835.7,7835.7,1783273778.205
1783273779,7835.8,7835.8,7835.8,1783273779.118
1783273780,7835.9,7835.9,7835.9,1783273780.129
1783273781,7835.8,7835.8,7835.8,1783273781.114
1783273782,7835.7,7835.7,7835.7,1783273782.132
1783273783,7835.6,7835.6,7835.6,1783273783.108
1783273784,7835.5,7835.5,7835.5,1783273784.150
1783273785,7835.4,7835.4,7835.4,1783273785.118
1783273786,7835.5,7835.5,7835.5,1783273786.147
1783273787,7835.4,7835.4,7835.4,1783273787.105
1783273788,7835.3,7835.3,7835.3,1783273788.126
1783273789,7835.4,7835.4,7835.4,1783273789.105
1783273790,7835.3,7835.3,7835.3,1783273790.131
1783273791,7835.2,7835.2,7835.2,1783273791.115
1783273792,7835.1,7835.1,7835.1,1783273792.134
1783273793,7835,7835,7835,1783273793.113
1783273794,7834.9,7834.9,7834.9,1783273794.124
1783273795,7835,7835,7835,1783273795.113
1783273796,7834.9,7834.9,7834.9,1783273796.134
1783273797,7834.8,7834.8,7834.8,1783273797.110
1783273798,7834.7,7834.7,7834.7,1783273798.136
1783273799,7834.6,7834.6,7834.6,1783273799.115
1783273800,7834.5,7834.5,7834.5,1783273800.144
1783273801,7834.6,7834.6,7834.6,1783273801.127
1783273802,7834.7,7834.7,7834.7,1783273802.152
1783273803,7834.8,7834.8,7834.8,1783273803.253
1783273804,7834.9,7834.9,7834.9,1783273804.205
1783273805,7834.8,7834.8,7834.8,1783273805.160
1783273806,7834.9,7834.9,7834.9,1783273806.141
1783273807,7834.8,7834.8,7834.8,1783273807.119
1783273808,7834.9,7834.9,7834.9,1783273808.204
1783273809,7835,7835,7835,1783273809.118
1783273810,7834.9,7834.9,7834.9,1783273810.131
1783273811,7834.8,7834.8,7834.8,1783273811.127
1783273812,7834.9,7834.9,7834.9,1783273812.133
1783273813,7835,7835,7835,1783273813.113
1783273814,7835.1,7835.1,7835.1,1783273814.163
1783273815,7835.2,7835.2,7835.2,1783273815.126
1783273816,7835.3,7835.3,7835.3,1783273816.135
1783273817,7835.2,7835.2,7835.2,1783273817.115
1783273818,7835.3,7835.3,7835.3,1783273818.154
1783273819,7835.2,7835.2,7835.2,1783273819.109
1783273820,7835.1,7835.1,7835.1,1783273820.145
1783273821,7835,7835,7835,1783273821.121
1783273822,7835.1,7835.1,7835.1,1783273822.142
1783273823,7835,7835,7835,1783273823.114
1783273824,7835.1,7835.1,7835.1,1783273824.139
1783273825,7835,7835,7835,1783273825.113
1783273826,7835.1,7835.1,7835.1,1783273826.142
1783273827,7835.2,7835.2,7835.2,1783273827.106
1783273828,7835.3,7835.3,7835.3,1783273828.146
1783273829,7835.2,7835.2,7835.2,1783273829.119
1783273830,7835.3,7835.3,7835.3,1783273830.132
1783273831,7835.2,7835.2,7835.2,1783273831.114
1783273832,7835.3,7835.3,7835.3,1783273832.142
1783273833,7835.2,7835.2,7835.2,1783273833.120
1783273834,7835.3,7835.3,7835.3,1783273834.145
1783273835,7835.2,7835.2,7835.2,1783273835.110
1783273836,7835.3,7835.3,7835.3,1783273836.142
1783273837,7835.4,7835.4,7835.4,1783273837.120
1783273838,7835.3,7835.3,7835.3,1783273838.204
1783273839,7835.4,7835.4,7835.4,1783273839.110
1783273840,7835.3,7835.3,7835.3,1783273840.135
1783273841,7835.2,7835.2,7835.2,1783273841.111
1783273842,7835.3,7835.3,7835.3,1783273842.135
1783273843,7835.2,7835.2,7835.2,1783273843.111
1783273844,7835.1,7835.1,7835.1,1783273844.143
1783273845,7835.2,7835.2,7835.2,1783273845.111
1783273846,7835.3,7835.3,7835.3,1783273846.135
1783273847,7835.2,7835.2,7835.2,1783273847.111
1783273848,7835.3,7835.3,7835.3,1783273848.126
1783273849,7835.2,7835.2,7835.2,1783273849.114
1783273850,7835.1,7835.1,7835.1,1783273850.163
1783273851,7835,7835,7835,1783273851.113
1783273852,7834.9,7834.9,7834.9,1783273852.125
1783273853,7834.8,7834.8,7834.8,1783273853.125
1783273854,7834.9,7834.9,7834.9,1783273854.137
1783273855,7835,7835,7835,1783273855.116
1783273856,7834.9,7834.9,7834.9,1783273856.128
1783273857,7835,7835,7835,1783273857.151
1783273858,7835.1,7835.1,7835.1,1783273858.124
1783273859,7835,7835,7835,1783273859.124
1783273860,7835.1,7835.1,7835.1,1783273860.129
1783273861,7835.2,7835.2,7835.2,1783273861.113
1783273862,7835.3,7835.3,7835.3,1783273862.320
1783273863,7835.4,7835.4,7835.4,1783273863.192
1783273864,7835.3,7835.3,7835.3,1783273864.153
1783273865,7835.2,7835.2,7835.2,1783273865.109
1783273866,7835.3,7835.3,7835.3,1783273866.137
1783273867,7835.4,7835.4,7835.4,1783273867.104
1783273868,7835.5,7835.5,7835.5,1783273868.251
1783273869,7835.4,7835.4,7835.4,1783273869.128
1783273870,7835.5,7835.5,7835.5,1783273870.132
1783273871,7835.4,7835.4,7835.4,1783273871.115
1783273872,7835.3,7835.3,7835.3,1783273872.140
1783273873,7835.2,7835.2,7835.2,1783273873.112
1783273874,7835.1,7835.1,7835.1,1783273874.138
1783273875,7835,7835,7835,1783273875.106
1783273876,7835.1,7835.1,7835.1,1783273876.154
1783273877,7835,7835,7835,1783273877.115
1783273878,7835.1,7835.1,7835.1,1783273878.151
1783273879,7835,7835,7835,1783273879.130
1783273880,7835.1,7835.1,7835.1,1783273880.148
1783273881,7835.2,7835.2,7835.2,1783273881.104
1783273882,7835.3,7835.3,7835.3,1783273882.135
1783273883,7835.4,7835.4,7835.4,1783273883.109
1783273884,7835.5,7835.5,7835.5,1783273884.140
1783273885,7835.6,7835.6,7835.6,1783273885.124
1783273886,7835.5,7835.5,7835.5,1783273886.127
1783273887,7835.4,7835.4,7835.4,1783273887.123
1783273888,7835.5,7835.5,7835.5,1783273888.141
1783273889,7835.6,7835.6,7835.6,1783273889.114
1783273890,7835.5,7835.5,7835.5,1783273890.135
1783273891,7835.4,7835.4,7835.4,1783273891.116
1783273892,7835.3,7835.3,7835.3,1783273892.140
1783273893,7835.2,7835.2,7835.2,1783273893.111
1783273894,7835.1,7835.1,7835.1,1783273894.140
1783273895,7835,7835,7835,1783273895.124
1783273896,7834.9,7834.9,7834.9,1783273896.135
1783273897,7835,7835,7835,1783273897.115
1783273898,7834.9,7834.9,7834.9,1783273898.245
1783273899,7834.8,7834.8,7834.8,1783273899.111
1783273900,7834.7,7834.7,7834.7,1783273900.136
1783273901,7834.6,7834.6,7834.6,1783273901.182
1783273902,7834.7,7834.7,7834.7,1783273902.123
1783273903,7834.6,7834.6,7834.6,1783273903.155
1783273904,7834.5,7834.5,7834.5,1783273904.134
1783273905,7834.6,7834.6,7834.6,1783273905.113
1783273906,7834.5,7834.5,7834.5,1783273906.133
1783273907,7834.4,7834.4,7834.4,1783273907.115
1783273908,7834.5,7834.5,7834.5,1783273908.140
1783273909,7834.6,7834.6,7834.6,1783273909.110
1783273910,7834.7,7834.7,7834.7,1783273910.139
1783273911,7834.8,7834.8,7834.8,1783273911.112
1783273912,7834.7,7834.7,7834.7,1783273912.133
1783273913,7834.8,7834.8,7834.8,1783273913.113
1783273914,7834.9,7834.9,7834.9,1783273914.140
1783273915,7835,7835,7835,1783273915.107
1783273916,7835.1,7835.1,7835.1,1783273916.141
1783273917,7835,7835,7835,1783273917.111
1783273918,7834.9,7834.9,7834.9,1783273918.138
1783273919,7835,7835,7835,1783273919.131
1783273920,7834.9,7834.9,7834.9,1783273920.151
1783273921,7834.8,7834.8,7834.8,1783273921.120
1783273922,7834.7,7834.7,7834.7,1783273922.203
1783273923,7834.8,7834.8,7834.8,1783273923.174
1783273924,7834.7,7834.7,7834.7,1783273924.160
1783273925,7834.6,7834.6,7834.6,1783273925.128
1783273926,7834.7,7834.7,7834.7,1783273926.134
1783273927,7834.8,7834.8,7834.8,1783273927.119
1783273928,7834.9,7834.9,7834.9,1783273928.201
1783273929,7834.8,7834.8,7834.8,1783273929.118
1783273930,7834.9,7834.9,7834.9,1783273930.141
1783273931,7835,7835,7835,1783273931.115
1783273932,7835.1,7835.1,7835.1,1783273932.146
1783273933,7835,7835,7835,1783273933.121
1783273934,7834.9,7834.9,7834.9,1783273934.162
1783273935,7835,7835,7835,1783273935.128
1783273936,7835.1,7835.1,7835.1,1783273936.138
1783273937,7835.2,7835.2,7835.2,1783273937.118
1783273938,7835.1,7835.1,7835.1,1783273938.143
1783273939,7835,7835,7835,1783273939.124
1783273940,7834.9,7834.9,7834.9,1783273940.144
1783273941,7834.8,7834.8,7834.8,1783273941.119
1783273942,7834.7,7834.7,7834.7,1783273942.138
1783273943,7834.8,7834.8,7834.8,1783273943.115
1783273944,7834.7,7834.7,7834.7,1783273944.151
1783273945,7834.8,7834.8,7834.8,1783273945.153
1783273946,7834.7,7834.7,7834.7,1783273946.136
1783273947,7834.8,7834.8,7834.8,1783273947.113
1783273948,7834.9,7834.9,7834.9,1783273948.152
1783273949,7835,7835,7835,1783273949.112
1783273950,7835.1,7835.1,7835.1,1783273950.140
1783273951,7835,7835,7835,1783273951.116
1783273952,7834.9,7834.9,7834.9,1783273952.137
1783273953,7834.8,7834.8,7834.8,1783273953.115
1783273954,7834.7,7834.7,7834.7,1783273954.243
1783273955,7834.6,7834.6,7834.6,1783273955.130
1783273956,7834.7,7834.7,7834.7,1783273956.145
1783273957,7834.6,7834.6,7834.6,1783273957.126
1783273958,7834.7,7834.7,7834.7,1783273958.247
1783273959,7834.8,7834.8,7834.8,1783273959.125
1783273960,7834.9,7834.9,7834.9,1783273960.143
1783273961,7834.8,7834.8,7834.8,1783273961.117
1783273962,7834.9,7834.9,7834.9,1783273962.150
1783273963,7835,7835,7835,1783273963.122
1783273964,7834.9,7834.9,7834.9,1783273964.163
1783273965,7834.8,7834.8,7834.8,1783273965.117
1783273966,7834.7,7834.7,7834.7,1783273966.149
1783273967,7834.6,7834.6,7834.6,1783273967.114
1783273968,7834.5,7834.5,7834.5,1783273968.134
1783273969,7834.4,7834.4,7834.4,1783273969.130
1783273970,7834.3,7834.3,7834.3,1783273970.196
1783273971,7834.4,7834.4,7834.4,1783273971.191
1783273972,7834.3,7834.3,7834.3,1783273972.159
1783273973,7834.4,7834.4,7834.4,1783273973.116
1783273974,7834.3,7834.3,7834.3,1783273974.138
1783273975,7834.4,7834.4,7834.4,1783273975.120
1783273976,7834.3,7834.3,7834.3,1783273976.147
1783273977,7834.4,7834.4,7834.4,1783273977.162
1783273978,7834.5,7834.5,7834.5,1783273978.165
1783273979,7834.4,7834.4,7834.4,1783273979.118
1783273980,7834.3,7834.3,7834.3,1783273980.146
1783273981,7834.2,7834.2,7834.2,1783273981.125
1783273982,7834.3,7834.3,7834.3,1783273982.188
1783273983,7834.2,7834.2,7834.2,1783273983.157
1783273984,7834.3,7834.3,7834.3,1783273984.151
1783273985,7834.4,7834.4,7834.4,1783273985.135
1783273986,7834.5,7834.5,7834.5,1783273986.150
1783273987,7834.4,7834.4,7834.4,1783273987.116
1783273988,7834.3,7834.3,7834.3,1783273988.202
1783273989,7834.4,7834.4,7834.4,1783273989.132
1783273990,7834.5,7834.5,7834.5,1783273990.163
1783273991,7834.6,7834.6,7834.6,1783273991.128
1783273992,7834.5,7834.5,7834.5,1783273992.149
1783273993,7834.4,7834.4,7834.4,1783273993.130
1783273994,7834.5,7834.5,7834.5,1783273994.153
1783273995,7834.6,7834.6,7834.6,1783273995.136
1783273996,7834.5,7834.5,7834.5,1783273996.158
1783273997,7834.4,7834.4,7834.4,1783273997.134
1783273998,7834.3,7834.3,7834.3,1783273998.169
1783273999,7834.4,7834.4,7834.4,1783273999.120
1783274000,7834.3,7834.3,7834.3,1783274000.149
1783274001,7834.2,7834.2,7834.2,1783274001.122
1783274002,7834.1,7834.1,7834.1,1783274002.145
1783274003,7834.2,7834.2,7834.2,1783274003.122
1783274004,7834.3,7834.3,7834.3,1783274004.160
1783274005,7834.4,7834.4,7834.4,1783274005.116
1783274006,7834.5,7834.5,7834.5,1783274006.147
1783274007,7834.6,7834.6,7834.6,1783274007.118
1783274008,7834.5,7834.5,7834.5,1783274008.137
1783274009,7834.6,7834.6,7834.6,1783274009.116
1783274010,7834.5,7834.5,7834.5,1783274010.150
1783274011,7834.4,7834.4,7834.4,1783274011.132
1783274012,7834.5,7834.5,7834.5,1783274012.137
1783274013,7834.4,7834.4,7834.4,1783274013.128
1783274014,7834.5,7834.5,7834.5,1783274014.150
1783274015,7834.4,7834.4,7834.4,1783274015.119
1783274016,7834.5,7834.5,7834.5,1783274016.142
1783274017,7834.6,7834.6,7834.6,1783274017.128
1783274018,7834.5,7834.5,7834.5,1783274018.206
1783274019,7834.4,7834.4,7834.4,1783274019.118
1783274020,7834.3,7834.3,7834.3,1783274020.152
1783274021,7834.4,7834.4,7834.4,1783274021.117
1783274022,7834.5,7834.5,7834.5,1783274022.145
1783274023,7834.6,7834.6,7834.6,1783274023.116
1783274024,7834.5,7834.5,7834.5,1783274024.142
1783274025,7834.4,7834.4,7834.4,1783274025.122
1783274026,7834.3,7834.3,7834.3,1783274026.165
1783274027,7834.4,7834.4,7834.4,1783274027.165
1783274028,7834.5,7834.5,7834.5,1783274028.146
1783274029,7834.4,7834.4,7834.4,1783274029.120
1783274030,7834.5,7834.5,7834.5,1783274030.144
1783274031,7834.6,7834.6,7834.6,1783274031.113
1783274032,7834.7,7834.7,7834.7,1783274032.166
1783274033,7834.6,7834.6,7834.6,1783274033.123
1783274034,7834.7,7834.7,7834.7,1783274034.144
1783274035,7834.6,7834.6,7834.6,1783274035.115
1783274036,7834.5,7834.5,7834.5,1783274036.150
1783274037,7834.4,7834.4,7834.4,1783274037.114
1783274038,7834.3,7834.3,7834.3,1783274038.146
1783274039,7834.4,7834.4,7834.4,1783274039.126
1783274040,7834.3,7834.3,7834.3,1783274040.153
1783274041,7834.2,7834.2,7834.2,1783274041.118
1783274042,7834.1,7834.1,7834.1,1783274042.263
1783274043,7834,7834,7834,1783274043.135
1783274044,7834.1,7834.1,7834.1,1783274044.147
1783274045,7834.2,7834.2,7834.2,1783274045.111
1783274046,7834.3,7834.3,7834.3,1783274046.147
1783274047,7834.2,7834.2,7834.2,1783274047.127
1783274048,7834.3,7834.3,7834.3,1783274048.243
1783274049,7834.2,7834.2,7834.2,1783274049.114
1783274050,7834.3,7834.3,7834.3,1783274050.122
1783274051,7834.4,7834.4,7834.4,1783274051.109
1783274052,7834.5,7834.5,7834.5,1783274052.122
1783274053,7834.6,7834.6,7834.6,1783274053.107
1783274054,7834.7,7834.7,7834.7,1783274054.137
1783274055,7834.6,7834.6,7834.6,1783274055.117
1783274056,7834.5,7834.5,7834.5,1783274056.139
1783274057,7834.4,7834.4,7834.4,1783274057.125
1783274058,7834.5,7834.5,7834.5,1783274058.144
1783274059,7834.4,7834.4,7834.4,1783274059.109
1783274060,7834.5,7834.5,7834.5,1783274060.130
1783274061,7834.6,7834.6,7834.6,1783274061.126
1783274062,7834.5,7834.5,7834.5,1783274062.132
1783274063,7834.6,7834.6,7834.6,1783274063.117
1783274064,7834.7,7834.7,7834.7,1783274064.129
1783274065,7834.6,7834.6,7834.6,1783274065.172
1783274066,7834.7,7834.7,7834.7,1783274066.137
1783274067,7834.8,7834.8,7834.8,1783274067.139
1783274068,7834.9,7834.9,7834.9,1783274068.162
1783274069,7835,7835,7835,1783274069.114
1783274070,7835.1,7835.1,7835.1,1783274070.140
1783274071,7835,7835,7835,1783274071.116
1783274072,7835.1,7835.1,7835.1,1783274072.141
1783274073,7835.2,7835.2,7835.2,1783274073.119
1783274074,7835.1,7835.1,7835.1,1783274074.130
1783274075,7835,7835,7835,1783274075.111
1783274076,7834.9,7834.9,7834.9,1783274076.136
1783274077,7834.8,7834.8,7834.8,1783274077.133
1783274078,7834.9,7834.9,7834.9,1783274078.133
1783274079,7834.8,7834.8,7834.8,1783274079.119
1783274080,7834.7,7834.7,7834.7,1783274080.138
1783274081,7834.8,7834.8,7834.8,1783274081.116
1783274082,7834.7,7834.7,7834.7,1783274082.147
1783274083,7834.6,7834.6,7834.6,1783274083.132
1783274084,7834.5,7834.5,7834.5,1783274084.143
1783274085,7834.4,7834.4,7834.4,1783274085.119
1783274086,7834.5,7834.5,7834.5,1783274086.139
1783274087,7834.6,7834.6,7834.6,1783274087.115
1783274088,7834.5,7834.5,7834.5,1783274088.150
1783274089,7834.6,7834.6,7834.6,1783274089.115
1783274090,7834.7,7834.7,7834.7,1783274090.134
1783274091,7834.6,7834.6,7834.6,1783274091.111
1783274092,7834.7,7834.7,7834.7,1783274092.135
1783274093,7834.8,7834.8,7834.8,1783274093.118
1783274094,7834.7,7834.7,7834.7,1783274094.136
1783274095,7834.8,7834.8,7834.8,1783274095.115
1783274096,7834.9,7834.9,7834.9,1783274096.134
1783274097,7835,7835,7835,1783274097.113
1783274098,7835.1,7835.1,7835.1,1783274098.136
1783274099,7835.2,7835.2,7835.2,1783274099.114
1783274100,7835.3,7835.3,7835.3,1783274100.147
1783274101,7835.2,7835.2,7835.2,1783274101.121
1783274102,7835.3,7835.3,7835.3,1783274102.807
1783274103,7835.4,7835.4,7835.4,1783274103.213
1783274104,7835.3,7835.3,7835.3,1783274104.175
1783274105,7835.2,7835.2,7835.2,1783274105.134
1783274106,7835.3,7835.3,7835.3,1783274106.140
1783274107,7835.4,7835.4,7835.4,1783274107.170
1783274108,7835.3,7835.3,7835.3,1783274108.200
1783274109,7835.2,7835.2,7835.2,1783274109.109
1783274110,7835.3,7835.3,7835.3,1783274110.164
1783274111,7835.2,7835.2,7835.2,1783274111.111
1783274112,7835.3,7835.3,7835.3,1783274112.134
1783274113,7835.4,7835.4,7835.4,1783274113.118
1783274114,7835.3,7835.3,7835.3,1783274114.157
1783274115,7835.2,7835.2,7835.2,1783274115.111
1783274116,7835.1,7835.1,7835.1,1783274116.146
1783274117,7835.2,7835.2,7835.2,1783274117.116
1783274118,7835.1,7835.1,7835.1,1783274118.152
1783274119,7835.2,7835.2,7835.2,1783274119.113
1783274120,7835.1,7835.1,7835.1,1783274120.131
1783274121,7835.2,7835.2,7835.2,1783274121.116
1783274122,7835.3,7835.3,7835.3,1783274122.145
1783274123,7835.4,7835.4,7835.4,1783274123.117
1783274124,7835.5,7835.5,7835.5,1783274124.143
1783274125,7835.4,7835.4,7835.4,1783274125.150
1783274126,7835.5,7835.5,7835.5,1783274126.163
1783274127,7835.6,7835.6,7835.6,1783274127.117
1783274128,7835.5,7835.5,7835.5,1783274128.145
1783274129,7835.4,7835.4,7835.4,1783274129.122
1783274130,7835.3,7835.3,7835.3,1783274130.132
1783274131,7835.2,7835.2,7835.2,1783274131.112
1783274132,7835.3,7835.3,7835.3,1783274132.138
1783274133,7835.2,7835.2,7835.2,1783274133.115
1783274134,7835.3,7835.3,7835.3,1783274134.146
1783274135,7835.2,7835.2,7835.2,1783274135.111
1783274136,7835.1,7835.1,7835.1,1783274136.162
1783274137,7835.2,7835.2,7835.2,1783274137.118
1783274138,7835.1,7835.1,7835.1,1783274138.247
1783274139,7835,7835,7835,1783274139.115
1783274140,7835.1,7835.1,7835.1,1783274140.127
1783274141,7835,7835,7835,1783274141.106
1783274142,7835.1,7835.1,7835.1,1783274142.153
1783274143,7835,7835,7835,1783274143.121
1783274144,7834.9,7834.9,7834.9,1783274144.144
1783274145,7834.8,7834.8,7834.8,1783274145.172
1783274146,7834.7,7834.7,7834.7,1783274146.161
1783274147,7834.6,7834.6,7834.6,1783274147.137
1783274148,7834.7,7834.7,7834.7,1783274148.144
1783274149,7834.6,7834.6,7834.6,1783274149.165
1783274150,7834.5,7834.5,7834.5,1783274150.145
1783274151,7834.6,7834.6,7834.6,1783274151.118
1783274152,7834.5,7834.5,7834.5,1783274152.155
1783274153,7834.4,7834.4,7834.4,1783274153.121
1783274154,7834.5,7834.5,7834.5,1783274154.146
1783274155,7834.4,7834.4,7834.4,1783274155.199
1783274156,7834.3,7834.3,7834.3,1783274156.140
1783274157,7834.4,7834.4,7834.4,1783274157.117
1783274158,7834.3,7834.3,7834.3,1783274158.154
1783274159,7834.4,7834.4,7834.4,1783274159.123
1783274160,7834.5,7834.5,7834.5,1783274160.152
1783274161,7834.4,7834.4,7834.4,1783274161.138
1783274162,7834.5,7834.5,7834.5,1783274162.269
1783274163,7834.4,7834.4,7834.4,1783274163.139
1783274164,7834.3,7834.3,7834.3,1783274164.140
1783274165,7834.2,7834.2,7834.2,1783274165.124
1783274166,7834.1,7834.1,7834.1,1783274166.145
1783274167,7834.2,7834.2,7834.2,1783274167.126
1783274168,7834.1,7834.1,7834.1,1783274168.201
1783274169,7834.2,7834.2,7834.2,1783274169.119
1783274170,7834.3,7834.3,7834.3,1783274170.141
1783274171,7834.2,7834.2,7834.2,1783274171.117
1783274172,7834.3,7834.3,7834.3,1783274172.153
1783274173,7834.2,7834.2,7834.2,1783274173.123
1783274174,7834.1,7834.1,7834.1,1783274174.150
1783274175,7834,7834,7834,1783274175.162
1783274176,7834.1,7834.1,7834.1,1783274176.148
1783274177,7834,7834,7834,1783274177.126
1783274178,7833.9,7833.9,7833.9,1783274178.154
1783274179,7834,7834,7834,1783274179.121
1783274180,7833.9,7833.9,7833.9,1783274180.149
1783274181,7834,7834,7834,1783274181.134
1783274182,7833.9,7833.9,7833.9,1783274182.157
1783274183,7834,7834,7834,1783274183.116
1783274184,7834.1,7834.1,7834.1,1783274184.151
1783274185,7834.2,7834.2,7834.2,1783274185.156
1783274186,7834.3,7834.3,7834.3,1783274186.149
1783274187,7834.4,7834.4,7834.4,1783274187.120
1783274188,7834.3,7834.3,7834.3,1783274188.145
1783274189,7834.2,7834.2,7834.2,1783274189.128
1783274190,7834.3,7834.3,7834.3,1783274190.147
1783274191,7834.2,7834.2,7834.2,1783274191.124
1783274192,7834.1,7834.1,7834.1,1783274192.168
1783274193,7834.2,7834.2,7834.2,1783274193.135
1783274194,7834.1,7834.1,7834.1,1783274194.146
1783274195,7834,7834,7834,1783274195.130
1783274196,7834.1,7834.1,7834.1,1783274196.148
1783274197,7834.2,7834.2,7834.2,1783274197.124
1783274198,7834.3,7834.3,7834.3,1783274198.244
1783274199,7834.2,7834.2,7834.2,1783274199.117
1783274200,7834.3,7834.3,7834.3,1783274200.146
1783274201,7834.4,7834.4,7834.4,1783274201.122
1783274202,7834.5,7834.5,7834.5,1783274202.150
1783274203,7834.6,7834.6,7834.6,1783274203.120
1783274204,7834.7,7834.7,7834.7,1783274204.164
1783274205,7834.6,7834.6,7834.6,1783274205.119
1783274206,7834.7,7834.7,7834.7,1783274206.158
1783274207,7834.6,7834.6,7834.6,1783274207.124
1783274208,7834.7,7834.7,7834.7,1783274208.145
1783274209,7834.8,7834.8,7834.8,1783274209.127
1783274210,7834.7,7834.7,7834.7,1783274210.146
1783274211,7834.8,7834.8,7834.8,1783274211.118
1783274212,7834.7,7834.7,7834.7,1783274212.148
1783274213,7834.8,7834.8,7834.8,1783274213.115
1783274214,7834.7,7834.7,7834.7,1783274214.144
1783274215,7834.6,7834.6,7834.6,1783274215.118
1783274216,7834.5,7834.5,7834.5,1783274216.152
1783274217,7834.6,7834.6,7834.6,1783274217.118
1783274218,7834.5,7834.5,7834.5,1783274218.142
1783274219,7834.6,7834.6,7834.6,1783274219.112
1783274220,7834.7,7834.7,7834.7,1783274220.142
1783274221,7834.8,7834.8,7834.8,1783274221.126
1783274222,7834.9,7834.9,7834.9,1783274222.214
1783274223,7835,7835,7835,1783274223.150
1783274224,7835.1,7835.1,7835.1,1783274224.143
1783274225,7835.2,7835.2,7835.2,1783274225.120
1783274226,7835.3,7835.3,7835.3,1783274226.140
1783274227,7835.2,7835.2,7835.2,1783274227.120
1783274228,7835.1,7835.1,7835.1,1783274228.204
1783274229,7835,7835,7835,1783274229.180
1783274230,7835.1,7835.1,7835.1,1783274230.163
1783274231,7835.2,7835.2,7835.2,1783274231.122
1783274232,7835.3,7835.3,7835.3,1783274232.165
1783274233,7835.4,7835.4,7835.4,1783274233.122
1783274234,7835.3,7835.3,7835.3,1783274234.146
1783274235,7835.4,7835.4,7835.4,1783274235.123
1783274236,7835.5,7835.5,7835.5,1783274236.145
1783274237,7835.6,7835.6,7835.6,1783274237.123
1783274238,7835.5,7835.5,7835.5,1783274238.146
1783274239,7835.6,7835.6,7835.6,1783274239.115
1783274240,7835.5,7835.5,7835.5,1783274240.155
1783274241,7835.6,7835.6,7835.6,1783274241.118
1783274242,7835.7,7835.7,7835.7,1783274242.161
1783274243,7835.8,7835.8,7835.8,1783274243.162
1783274244,7835.7,7835.7,7835.7,1783274244.148
1783274245,7835.6,7835.6,7835.6,1783274245.124
1783274246,7835.5,7835.5,7835.5,1783274246.144
1783274247,7835.4,7835.4,7835.4,1783274247.110
1783274248,7835.3,7835.3,7835.3,1783274248.132
1783274249,7835.2,7835.2,7835.2,1783274249.123
1783274250,7835.3,7835.3,7835.3,1783274250.144
1783274251,7835.4,7835.4,7835.4,1783274251.125
1783274252,7835.3,7835.3,7835.3,1783274252.162
1783274253,7835.4,7835.4,7835.4,1783274253.121
1783274254,7835.3,7835.3,7835.3,1783274254.147
1783274255,7835.2,7835.2,7835.2,1783274255.113
1783274256,7835.3,7835.3,7835.3,1783274256.164
1783274257,7835.4,7835.4,7835.4,1783274257.118
1783274258,7835.3,7835.3,7835.3,1783274258.202
1783274259,7835.4,7835.4,7835.4,1783274259.120
1783274260,7835.5,7835.5,7835.5,1783274260.164
1783274261,7835.6,7835.6,7835.6,1783274261.115
1783274262,7835.7,7835.7,7835.7,1783274262.142
1783274263,7835.8,7835.8,7835.8,1783274263.122
1783274264,7835.7,7835.7,7835.7,1783274264.147
1783274265,7835.6,7835.6,7835.6,1783274265.118
1783274266,7835.7,7835.7,7835.7,1783274266.139
1783274267,7835.8,7835.8,7835.8,1783274267.122
1783274268,7835.9,7835.9,7835.9,1783274268.148
1783274269,7835.8,7835.8,7835.8,1783274269.124
1783274270,7835.9,7835.9,7835.9,1783274270.156
1783274271,7835.8,7835.8,7835.8,1783274271.132
1783274272,7835.7,7835.7,7835.7,1783274272.150
1783274273,7835.6,7835.6,7835.6,1783274273.209
1783274274,7835.5,7835.5,7835.5,1783274274.161
1783274275,7835.6,7835.6,7835.6,1783274275.126
1783274276,7835.5,7835.5,7835.5,1783274276.587
1783274277,7835.4,7835.4,7835.4,1783274277.126
1783274278,7835.3,7835.3,7835.3,1783274278.147
1783274279,7835.4,7835.4,7835.4,1783274279.122
1783274280,7835.5,7835.5,7835.5,1783274280.153
1783274281,7835.4,7835.4,7835.4,1783274281.123
1783274282,7835.3,7835.3,7835.3,1783274282.211
1783274283,7835.2,7835.2,7835.2,1783274283.157
1783274284,7835.1,7835.1,7835.1,1783274284.161
1783274285,7835,7835,7835,1783274285.136
1783274286,7835.1,7835.1,7835.1,1783274286.167
1783274287,7835,7835,7835,1783274287.131
1783274288,7834.9,7834.9,7834.9,1783274288.203
1783274289,7834.8,7834.8,7834.8,1783274289.120
1783274290,7834.9,7834.9,7834.9,1783274290.151
1783274291,7835,7835,7835,1783274291.118
1783274292,7834.9,7834.9,7834.9,1783274292.156
1783274293,7835,7835,7835,1783274293.117
1783274294,7835.1,7835.1,7835.1,1783274294.150
1783274295,7835,7835,7835,1783274295.123
1783274296,7834.9,7834.9,7834.9,1783274296.153
1783274297,7834.8,7834.8,7834.8,1783274297.128
1783274298,7834.9,7834.9,7834.9,1783274298.157
1783274299,7834.8,7834.8,7834.8,1783274299.124
1783274300,7834.9,7834.9,7834.9,1783274300.156
1783274301,7835,7835,7835,1783274301.126
1783274302,7835.1,7835.1,7835.1,1783274302.157
1783274303,7835,7835,7835,1783274303.122
1783274304,7835.1,7835.1,7835.1,1783274304.153
1783274305,7835,7835,7835,1783274305.118
1783274306,7834.9,7834.9,7834.9,1783274306.145
1783274307,7834.8,7834.8,7834.8,1783274307.123
1783274308,7834.9,7834.9,7834.9,1783274308.162
1783274309,7834.8,7834.8,7834.8,1783274309.136
1783274310,7834.7,7834.7,7834.7,1783274310.147
1783274311,7834.8,7834.8,7834.8,1783274311.122
1783274312,7834.7,7834.7,7834.7,1783274312.162
1783274313,7834.8,7834.8,7834.8,1783274313.122
1783274314,7834.7,7834.7,7834.7,1783274314.160
1783274315,7834.6,7834.6,7834.6,1783274315.123
1783274316,7834.7,7834.7,7834.7,1783274316.147
1783274317,7834.6,7834.6,7834.6,1783274317.160
1783274318,7834.5,7834.5,7834.5,1783274318.202
1783274319,7834.6,7834.6,7834.6,1783274319.195
1783274320,7834.7,7834.7,7834.7,1783274320.163
1783274321,7834.8,7834.8,7834.8,1783274321.117
1783274322,7834.7,7834.7,7834.7,1783274322.160
1783274323,7834.6,7834.6,7834.6,1783274323.132
1783274324,7834.7,7834.7,7834.7,1783274324.150
1783274325,7834.6,7834.6,7834.6,1783274325.162
1783274326,7834.5,7834.5,7834.5,1783274326.148
1783274327,7834.6,7834.6,7834.6,1783274327.124
1783274328,7834.5,7834.5,7834.5,1783274328.159
1783274329,7834.4,7834.4,7834.4,1783274329.128
1783274330,7834.3,7834.3,7834.3,1783274330.153
1783274331,7834.4,7834.4,7834.4,1783274331.119
1783274332,7834.3,7834.3,7834.3,1783274332.143
1783274333,7834.2,7834.2,7834.2,1783274333.122
1783274334,7834.1,7834.1,7834.1,1783274334.153
1783274335,7834.2,7834.2,7834.2,1783274335.127
1783274336,7834.3,7834.3,7834.3,1783274336.156
1783274337,7834.2,7834.2,7834.2,1783274337.126
1783274338,7834.1,7834.1,7834.1,1783274338.165
1783274339,7834.2,7834.2,7834.2,1783274339.121
1783274340,7834.3,7834.3,7834.3,1783274340.164
1783274341,7834.4,7834.4,7834.4,1783274341.125
1783274342,7834.3,7834.3,7834.3,1783274342.198
1783274343,7834.2,7834.2,7834.2,1783274343.217
1783274344,7834.3,7834.3,7834.3,1783274344.210
1783274345,7834.2,7834.2,7834.2,1783274345.130
1783274346,7834.3,7834.3,7834.3,1783274346.142
1783274347,7834.4,7834.4,7834.4,1783274347.140
1783274348,7834.5,7834.5,7834.5,1783274348.204
1783274349,7834.6,7834.6,7834.6,1783274349.122
1783274350,7834.7,7834.7,7834.7,1783274350.147
1783274351,7834.6,7834.6,7834.6,1783274351.121
1783274352,7834.7,7834.7,7834.7,1783274352.156
1783274353,7834.8,7834.8,7834.8,1783274353.119
1783274354,7834.7,7834.7,7834.7,1783274354.164
1783274355,7834.8,7834.8,7834.8,1783274355.120
1783274356,7834.9,7834.9,7834.9,1783274356.142
1783274357,7835,7835,7835,1783274357.122
1783274358,7835.1,7835.1,7835.1,1783274358.142
1783274359,7835.2,7835.2,7835.2,1783274359.148
1783274360,7835.1,7835.1,7835.1,1783274360.150
1783274361,7835.2,7835.2,7835.2,1783274361.134
1783274362,7835.3,7835.3,7835.3,1783274362.155
1783274363,7835.2,7835.2,7835.2,1783274363.202
1783274364,7835.1,7835.1,7835.1,1783274364.150
1783274365,7835.2,7835.2,7835.2,1783274365.196
1783274366,7835.1,7835.1,7835.1,1783274366.150
1783274367,7835,7835,7835,1783274367.188
1783274368,7834.9,7834.9,7834.9,1783274368.150
1783274369,7834.8,7834.8,7834.8,1783274369.127
1783274370,7834.9,7834.9,7834.9,1783274370.150
1783274371,7835,7835,7835,1783274371.127
1783274372,7834.9,7834.9,7834.9,1783274372.147
1783274373,7834.8,7834.8,7834.8,1783274373.124
1783274374,7834.7,7834.7,7834.7,1783274374.204
1783274375,7834.8,7834.8,7834.8,1783274375.127
1783274376,7834.9,7834.9,7834.9,1783274376.152
1783274377,7834.8,7834.8,7834.8,1783274377.117
1783274378,7834.7,7834.7,7834.7,1783274378.206
1783274379,7834.6,7834.6,7834.6,1783274379.120
1783274380,7834.5,7834.5,7834.5,1783274380.165
1783274381,7834.6,7834.6,7834.6,1783274381.123
1783274382,7834.5,7834.5,7834.5,1783274382.144
1783274383,7834.6,7834.6,7834.6,1783274383.122
1783274384,7834.5,7834.5,7834.5,1783274384.156
1783274385,7834.4,7834.4,7834.4,1783274385.138
1783274386,7834.3,7834.3,7834.3,1783274386.147
1783274387,7834.2,7834.2,7834.2,1783274387.135
1783274388,7834.1,7834.1,7834.1,1783274388.150
1783274389,7834,7834,7834,1783274389.126
1783274390,7834.1,7834.1,7834.1,1783274390.150
1783274391,7834.2,7834.2,7834.2,1783274391.129
1783274392,7834.1,7834.1,7834.1,1783274392.161
1783274393,7834,7834,7834,1783274393.162
1783274394,7833.9,7833.9,7833.9,1783274394.154
1783274395,7834,7834,7834,1783274395.131
1783274396,7834.1,7834.1,7834.1,1783274396.154
1783274397,7834.2,7834.2,7834.2,1783274397.126
1783274398,7834.1,7834.1,7834.1,1783274398.160
1783274399,7834,7834,7834,1783274399.128
1783274400,7834.1,7834.1,7834.1,1783274400.188
1783274401,7834.2,7834.2,7834.2,1783274401.148
1783274402,7834.3,7834.3,7834.3,1783274402.346
1783274403,7834.4,7834.4,7834.4,1783274403.165
1783274404,7834.3,7834.3,7834.3,1783274404.191
1783274405,7834.2,7834.2,7834.2,1783274405.178
1783274406,7834.1,7834.1,7834.1,1783274406.204
1783274407,7834.2,7834.2,7834.2,1783274407.150
1783274408,7834.1,7834.1,7834.1,1783274408.211
1783274409,7834.2,7834.2,7834.2,1783274409.222
1783274410,7834.3,7834.3,7834.3,1783274410.162
1783274411,7834.4,7834.4,7834.4,1783274411.123
1783274412,7834.3,7834.3,7834.3,1783274412.160
1783274413,7834.2,7834.2,7834.2,1783274413.128
1783274414,7834.1,7834.1,7834.1,1783274414.150
1783274415,7834,7834,7834,1783274415.145
1783274416,7834.1,7834.1,7834.1,1783274416.156
1783274417,7834.2,7834.2,7834.2,1783274417.133
1783274418,7834.3,7834.3,7834.3,1783274418.151
1783274419,7834.4,7834.4,7834.4,1783274419.163
1783274420,7834.5,7834.5,7834.5,1783274420.243
1783274421,7834.6,7834.6,7834.6,1783274421.131
1783274422,7834.5,7834.5,7834.5,1783274422.176
1783274423,7834.6,7834.6,7834.6,1783274423.132
1783274424,7834.7,7834.7,7834.7,1783274424.154
1783274425,7834.6,7834.6,7834.6,1783274425.135
1783274426,7834.5,7834.5,7834.5,1783274426.157
1783274427,7834.6,7834.6,7834.6,1783274427.168
1783274428,7834.5,7834.5,7834.5,1783274428.162
1783274429,7834.4,7834.4,7834.4,1783274429.129
1783274430,7834.5,7834.5,7834.5,1783274430.153
1783274431,7834.6,7834.6,7834.6,1783274431.130
1783274432,7834.5,7834.5,7834.5,1783274432.158
1783274433,7834.4,7834.4,7834.4,1783274433.124
1783274434,7834.5,7834.5,7834.5,1783274434.160
1783274435,7834.6,7834.6,7834.6,1783274435.179
1783274436,7834.7,7834.7,7834.7,1783274436.157
1783274437,7834.8,7834.8,7834.8,1783274437.125
1783274438,7834.9,7834.9,7834.9,1783274438.243
1783274439,7834.8,7834.8,7834.8,1783274439.131
1783274440,7834.7,7834.7,7834.7,1783274440.152
1783274441,7834.6,7834.6,7834.6,1783274441.133
1783274442,7834.7,7834.7,7834.7,1783274442.182
1783274443,7834.6,7834.6,7834.6,1783274443.138
1783274444,7834.5,7834.5,7834.5,1783274444.163
1783274445,7834.6,7834.6,7834.6,1783274445.130
1783274446,7834.5,7834.5,7834.5,1783274446.140
1783274447,7834.4,7834.4,7834.4,1783274447.118
1783274448,7834.3,7834.3,7834.3,1783274448.164
1783274449,7834.4,7834.4,7834.4,1783274449.122
1783274450,7834.5,7834.5,7834.5,1783274450.153
1783274451,7834.4,7834.4,7834.4,1783274451.153
1783274452,7834.3,7834.3,7834.3,1783274452.166
1783274453,7834.2,7834.2,7834.2,1783274453.151
1783274454,7834.3,7834.3,7834.3,1783274454.171
1783274455,7834.2,7834.2,7834.2,1783274455.142
1783274456,7834.1,7834.1,7834.1,1783274456.155
1783274457,7834,7834,7834,1783274457.144
1783274458,7833.9,7833.9,7833.9,1783274458.149
1783274459,7833.8,7833.8,7833.8,1783274459.243
1783274460,7833.9,7833.9,7833.9,1783274460.169
1783274461,7834,7834,7834,1783274461.162
1783274462,7833.9,7833.9,7833.9,1783274462.411
1783274463,7834,7834,7834,1783274463.212
1783274464,7833.9,7833.9,7833.9,1783274464.313
1783274465,7833.8,7833.8,7833.8,1783274465.142
1783274466,7833.9,7833.9,7833.9,1783274466.144
1783274467,7833.8,7833.8,7833.8,1783274467.127
1783274468,7833.9,7833.9,7833.9,1783274468.211
1783274469,7833.8,7833.8,7833.8,1783274469.137
1783274470,7833.9,7833.9,7833.9,1783274470.154
1783274471,7833.8,7833.8,7833.8,1783274471.127
1783274472,7833.7,7833.7,7833.7,1783274472.154
1783274473,7833.8,7833.8,7833.8,1783274473.145
1783274474,7833.9,7833.9,7833.9,1783274474.166
1783274475,7833.8,7833.8,7833.8,1783274475.133
1783274476,7833.9,7833.9,7833.9,1783274476.153
1783274477,7834,7834,7834,1783274477.124
1783274478,7834.1,7834.1,7834.1,1783274478.163
1783274479,7834,7834,7834,1783274479.144
1783274480,7834.1,7834.1,7834.1,1783274480.157
1783274481,7834.2,7834.2,7834.2,1783274481.223
1783274482,7834.3,7834.3,7834.3,1783274482.157
1783274483,7834.4,7834.4,7834.4,1783274483.140
1783274484,7834.5,7834.5,7834.5,1783274484.187
1783274485,7834.4,7834.4,7834.4,1783274485.136
1783274486,7834.5,7834.5,7834.5,1783274486.153
1783274487,7834.6,7834.6,7834.6,1783274487.129
1783274488,7834.5,7834.5,7834.5,1783274488.170
1783274489,7834.4,7834.4,7834.4,1783274489.140
1783274490,7834.3,7834.3,7834.3,1783274490.163
1783274491,7834.2,7834.2,7834.2,1783274491.128
1783274492,7834.1,7834.1,7834.1,1783274492.167
1783274493,7834,7834,7834,1783274493.140
1783274494,7834.1,7834.1,7834.1,1783274494.169
1783274495,7834.2,7834.2,7834.2,1783274495.136
1783274496,7834.3,7834.3,7834.3,1783274496.157
1783274497,7834.2,7834.2,7834.2,1783274497.139
1783274498,7834.3,7834.3,7834.3,1783274498.202
1783274499,7834.2,7834.2,7834.2,1783274499.219
1783274500,7834.3,7834.3,7834.3,1783274500.154
1783274501,7834.4,7834.4,7834.4,1783274501.128
1783274502,7834.5,7834.5,7834.5,1783274502.164
1783274503,7834.6,7834.6,7834.6,1783274503.163
1783274504,7834.5,7834.5,7834.5,1783274504.161
1783274505,7834.4,7834.4,7834.4,1783274505.128
1783274506,7834.3,7834.3,7834.3,1783274506.167
1783274507,7834.2,7834.2,7834.2,1783274507.128
1783274508,7834.1,7834.1,7834.1,1783274508.170
1783274509,7834,7834,7834,1783274509.136
1783274510,7834.1,7834.1,7834.1,1783274510.148
1783274511,7834.2,7834.2,7834.2,1783274511.131
1783274512,7834.3,7834.3,7834.3,1783274512.159
1783274513,7834.4,7834.4,7834.4,1783274513.162
1783274514,7834.3,7834.3,7834.3,1783274514.156
1783274515,7834.4,7834.4,7834.4,1783274515.128
1783274516,7834.5,7834.5,7834.5,1783274516.164
1783274517,7834.4,7834.4,7834.4,1783274517.127
1783274518,7834.3,7834.3,7834.3,1783274518.161
1783274519,7834.4,7834.4,7834.4,1783274519.127
1783274520,7834.5,7834.5,7834.5,1783274520.155
1783274521,7834.4,7834.4,7834.4,1783274521.141
1783274522,7834.5,7834.5,7834.5,1783274522.176
1783274523,7834.4,7834.4,7834.4,1783274523.129
1783274524,7834.5,7834.5,7834.5,1783274524.159
1783274525,7834.6,7834.6,7834.6,1783274525.130
1783274526,7834.5,7834.5,7834.5,1783274526.155
1783274527,7834.4,7834.4,7834.4,1783274527.126
1783274528,7834.5,7834.5,7834.5,1783274528.245
1783274529,7834.4,7834.4,7834.4,1783274529.165
1783274530,7834.3,7834.3,7834.3,1783274530.152
1783274531,7834.4,7834.4,7834.4,1783274531.138
1783274532,7834.3,7834.3,7834.3,1783274532.145
1783274533,7834.2,7834.2,7834.2,1783274533.135
1783274534,7834.1,7834.1,7834.1,1783274534.149
1783274535,7834,7834,7834,1783274535.126
1783274536,7833.9,7833.9,7833.9,1783274536.158
1783274537,7834,7834,7834,1783274537.150
1783274538,7833.9,7833.9,7833.9,1783274538.147
1783274539,7833.8,7833.8,7833.8,1783274539.142
1783274540,7833.9,7833.9,7833.9,1783274540.162
1783274541,7833.8,7833.8,7833.8,1783274541.155
1783274542,7833.9,7833.9,7833.9,1783274542.162
1783274543,7833.8,7833.8,7833.8,1783274543.150
1783274544,7833.7,7833.7,7833.7,1783274544.197
1783274545,7833.8,7833.8,7833.8,1783274545.214
1783274546,7833.9,7833.9,7833.9,1783274546.157
1783274547,7833.8,7833.8,7833.8,1783274547.204
1783274548,7833.7,7833.7,7833.7,1783274548.147
1783274549,7833.6,7833.6,7833.6,1783274549.129
1783274550,7833.7,7833.7,7833.7,1783274550.143
1783274551,7833.6,7833.6,7833.6,1783274551.130
1783274552,7833.7,7833.7,7833.7,1783274552.205
1783274553,7833.8,7833.8,7833.8,1783274553.126
1783274554,7833.9,7833.9,7833.9,1783274554.148
1783274555,7833.8,7833.8,7833.8,1783274555.123
1783274556,7833.7,7833.7,7833.7,1783274556.156
1783274557,7833.8,7833.8,7833.8,1783274557.130
1783274558,7833.7,7833.7,7833.7,1783274558.205
1783274559,7833.8,7833.8,7833.8,1783274559.127
1783274560,7833.9,7833.9,7833.9,1783274560.159
1783274561,7834,7834,7834,1783274561.125
1783274562,7833.9,7833.9,7833.9,1783274562.155
1783274563,7833.8,7833.8,7833.8,1783274563.131
1783274564,7833.7,7833.7,7833.7,1783274564.152
1783274565,7833.8,7833.8,7833.8,1783274565.129
1783274566,7833.9,7833.9,7833.9,1783274566.147
1783274567,7834,7834,7834,1783274567.125
1783274568,7833.9,7833.9,7833.9,1783274568.148
1783274569,7833.8,7833.8,7833.8,1783274569.127
1783274570,7833.9,7833.9,7833.9,1783274570.147
1783274571,7834,7834,7834,1783274571.132
1783274572,7833.9,7833.9,7833.9,1783274572.154
1783274573,7833.8,7833.8,7833.8,1783274573.132
1783274574,7833.7,7833.7,7833.7,1783274574.159
1783274575,7833.8,7833.8,7833.8,1783274575.132
1783274576,7833.7,7833.7,7833.7,1783274576.164
1783274577,7833.8,7833.8,7833.8,1783274577.132
1783274578,7833.7,7833.7,7833.7,1783274578.139
1783274579,7833.6,7833.6,7833.6,1783274579.142
1783274580,7833.5,7833.5,7833.5,1783274580.156
1783274581,7833.6,7833.6,7833.6,1783274581.162
1783274582,7833.5,7833.5,7833.5,1783274582.176
1783274583,7833.4,7833.4,7833.4,1783274583.197
1783274584,7833.5,7833.5,7833.5,1783274584.164
1783274585,7833.4,7833.4,7833.4,1783274585.141
1783274586,7833.3,7833.3,7833.3,1783274586.160
1783274587,7833.4,7833.4,7833.4,1783274587.155
1783274588,7833.3,7833.3,7833.3,1783274588.205
1783274589,7833.4,7833.4,7833.4,1783274589.242
1783274590,7833.3,7833.3,7833.3,1783274590.159
1783274591,7833.4,7833.4,7833.4,1783274591.185
1783274592,7833.3,7833.3,7833.3,1783274592.162
1783274593,7833.2,7833.2,7833.2,1783274593.128
1783274594,7833.1,7833.1,7833.1,1783274594.164
1783274595,7833,7833,7833,1783274595.130
1783274596,7833.1,7833.1,7833.1,1783274596.149
1783274597,7833,7833,7833,1783274597.132
1783274598,7832.9,7832.9,7832.9,1783274598.164
1783274599,7832.8,7832.8,7832.8,1783274599.130
1783274600,7832.9,7832.9,7832.9,1783274600.158
1783274601,7832.8,7832.8,7832.8,1783274601.131
1783274602,7832.9,7832.9,7832.9,1783274602.137
1783274603,7832.8,7832.8,7832.8,1783274603.134
1783274604,7832.9,7832.9,7832.9,1783274604.152
1783274605,7833,7833,7833,1783274605.131
1783274606,7832.9,7832.9,7832.9,1783274606.158
1783274607,7833,7833,7833,1783274607.131
1783274608,7833.1,7833.1,7833.1,1783274608.175
1783274609,7833,7833,7833,1783274609.127
1783274610,7833.1,7833.1,7833.1,1783274610.129
1783274611,7833,7833,7833,1783274611.132
1783274612,7833.1,7833.1,7833.1,1783274612.176
1783274613,7833,7833,7833,1783274613.131
1783274614,7833.1,7833.1,7833.1,1783274614.140
1783274615,7833.2,7833.2,7833.2,1783274615.136
1783274616,7833.3,7833.3,7833.3,1783274616.162
1783274617,7833.2,7833.2,7833.2,1783274617.136
1783274618,7833.1,7833.1,7833.1,1783274618.203
1783274619,7833,7833,7833,1783274619.132
1783274620,7832.9,7832.9,7832.9,1783274620.151
1783274621,7832.8,7832.8,7832.8,1783274621.138
1783274622,7832.7,7832.7,7832.7,1783274622.139
1783274623,7832.8,7832.8,7832.8,1783274623.162
1783274624,7832.7,7832.7,7832.7,1783274624.147
1783274625,7832.8,7832.8,7832.8,1783274625.151
1783274626,7832.9,7832.9,7832.9,1783274626.157
1783274627,7832.8,7832.8,7832.8,1783274627.241
1783274628,7832.9,7832.9,7832.9,1783274628.154
1783274629,7833,7833,7833,1783274629.133
1783274630,7832.9,7832.9,7832.9,1783274630.136
1783274631,7832.8,7832.8,7832.8,1783274631.134
1783274632,7832.7,7832.7,7832.7,1783274632.154
1783274633,7832.8,7832.8,7832.8,1783274633.136
1783274634,7832.7,7832.7,7832.7,1783274634.146
1783274635,7832.6,7832.6,7832.6,1783274635.139
1783274636,7832.7,7832.7,7832.7,1783274636.168
1783274637,7832.8,7832.8,7832.8,1783274637.136
1783274638,7832.9,7832.9,7832.9,1783274638.145
1783274639,7833,7833,7833,1783274639.117
1783274640,7833.1,7833.1,7833.1,1783274640.160
1783274641,7833,7833,7833,1783274641.136
1783274642,7832.9,7832.9,7832.9,1783274642.179
1783274643,7832.8,7832.8,7832.8,1783274643.162
1783274644,7832.7,7832.7,7832.7,1783274644.229
1783274645,7832.8,7832.8,7832.8,1783274645.137
1783274646,7832.7,7832.7,7832.7,1783274646.167
1783274647,7832.8,7832.8,7832.8,1783274647.136
1783274648,7832.7,7832.7,7832.7,1783274648.206
1783274649,7832.8,7832.8,7832.8,1783274649.140
1783274650,7832.7,7832.7,7832.7,1783274650.136
1783274651,7832.8,7832.8,7832.8,1783274651.147
1783274652,7832.7,7832.7,7832.7,1783274652.154
1783274653,7832.6,7832.6,7832.6,1783274653.142
1783274654,7832.7,7832.7,7832.7,1783274654.139
1783274655,7832.8,7832.8,7832.8,1783274655.139
1783274656,7832.7,7832.7,7832.7,1783274656.145
1783274657,7832.8,7832.8,7832.8,1783274657.118
1783274658,7832.9,7832.9,7832.9,1783274658.158
1783274659,7832.8,7832.8,7832.8,1783274659.121
1783274660,7832.7,7832.7,7832.7,1783274660.140
1783274661,7832.6,7832.6,7832.6,1783274661.157
1783274662,7832.7,7832.7,7832.7,1783274662.170
1783274663,7832.8,7832.8,7832.8,1783274663.121
1783274664,7832.7,7832.7,7832.7,1783274664.142
1783274665,7832.8,7832.8,7832.8,1783274665.117
1783274666,7832.9,7832.9,7832.9,1783274666.169
1783274667,7833,7833,7833,1783274667.125
1783274668,7832.9,7832.9,7832.9,1783274668.145
1783274669,7832.8,7832.8,7832.8,1783274669.161
1783274670,7832.7,7832.7,7832.7,1783274670.141
1783274671,7832.8,7832.8,7832.8,1783274671.146
1783274672,7832.7,7832.7,7832.7,1783274672.162
1783274673,7832.8,7832.8,7832.8,1783274673.114
1783274674,7832.7,7832.7,7832.7,1783274674.156
1783274675,7832.8,7832.8,7832.8,1783274675.121
1783274676,7832.9,7832.9,7832.9,1783274676.142
1783274677,7833,7833,7833,1783274677.123
1783274678,7833.1,7833.1,7833.1,1783274678.200
1783274679,7833.2,7833.2,7833.2,1783274679.118
1783274680,7833.1,7833.1,7833.1,1783274680.164
1783274681,7833,7833,7833,1783274681.124
1783274682,7832.9,7832.9,7832.9,1783274682.156
1783274683,7833,7833,7833,1783274683.143
1783274684,7832.9,7832.9,7832.9,1783274684.159
1783274685,7832.8,7832.8,7832.8,1783274685.136
1783274686,7832.9,7832.9,7832.9,1783274686.147
1783274687,7832.8,7832.8,7832.8,1783274687.149
1783274688,7832.7,7832.7,7832.7,1783274688.133
1783274689,7832.6,7832.6,7832.6,1783274689.124
1783274690,7832.7,7832.7,7832.7,1783274690.160
1783274691,7832.8,7832.8,7832.8,1783274691.121
1783274692,7832.9,7832.9,7832.9,1783274692.162
1783274693,7832.8,7832.8,7832.8,1783274693.129
1783274694,7832.7,7832.7,7832.7,1783274694.152
1783274695,7832.6,7832.6,7832.6,1783274695.122
1783274696,7832.7,7832.7,7832.7,1783274696.144
1783274697,7832.8,7832.8,7832.8,1783274697.131
1783274698,7832.7,7832.7,7832.7,1783274698.149
1783274699,7832.8,7832.8,7832.8,1783274699.125
1783274700,7832.9,7832.9,7832.9,1783274700.158
1783274701,7832.8,7832.8,7832.8,1783274701.132
1783274702,7832.9,7832.9,7832.9,1783274702.193
1783274703,7832.8,7832.8,7832.8,1783274703.246
1783274704,7832.9,7832.9,7832.9,1783274704.243
1783274705,7833,7833,7833,1783274705.151
1783274706,7832.9,7832.9,7832.9,1783274706.141
1783274707,7832.8,7832.8,7832.8,1783274707.130
1783274708,7832.9,7832.9,7832.9,1783274708.203
1783274709,7833,7833,7833,1783274709.124
1783274710,7833.1,7833.1,7833.1,1783274710.150
1783274711,7833,7833,7833,1783274711.121
1783274712,7833.1,7833.1,7833.1,1783274712.167
1783274713,7833,7833,7833,1783274713.131
1783274714,7832.9,7832.9,7832.9,1783274714.150
1783274715,7833,7833,7833,1783274715.119
1783274716,7833.1,7833.1,7833.1,1783274716.152
1783274717,7833.2,7833.2,7833.2,1783274717.149
1783274718,7833.3,7833.3,7833.3,1783274718.156
1783274719,7833.2,7833.2,7833.2,1783274719.133
1783274720,7833.1,7833.1,7833.1,1783274720.157
1783274721,7833.2,7833.2,7833.2,1783274721.166
1783274722,7833.1,7833.1,7833.1,1783274722.151
1783274723,7833,7833,7833,1783274723.123
1783274724,7832.9,7832.9,7832.9,1783274724.149
1783274725,7833,7833,7833,1783274725.111
1783274726,7832.9,7832.9,7832.9,1783274726.152
1783274727,7833,7833,7833,1783274727.122
1783274728,7833.1,7833.1,7833.1,1783274728.146
1783274729,7833,7833,7833,1783274729.132
1783274730,7833.1,7833.1,7833.1,1783274730.162
1783274731,7833.2,7833.2,7833.2,1783274731.116
1783274732,7833.1,7833.1,7833.1,1783274732.137
1783274733,7833.2,7833.2,7833.2,1783274733.129
1783274734,7833.1,7833.1,7833.1,1783274734.162
1783274735,7833.2,7833.2,7833.2,1783274735.123
1783274736,7833.3,7833.3,7833.3,1783274736.157
1783274737,7833.4,7833.4,7833.4,1783274737.131
1783274738,7833.3,7833.3,7833.3,1783274738.246
1783274739,7833.2,7833.2,7833.2,1783274739.119
1783274740,7833.1,7833.1,7833.1,1783274740.151
1783274741,7833.2,7833.2,7833.2,1783274741.122
1783274742,7833.1,7833.1,7833.1,1783274742.174
1783274743,7833,7833,7833,1783274743.125
1783274744,7833.1,7833.1,7833.1,1783274744.162
1783274745,7833,7833,7833,1783274745.253
1783274746,7833.1,7833.1,7833.1,1783274746.162
1783274747,7833.2,7833.2,7833.2,1783274747.121
1783274748,7833.1,7833.1,7833.1,1783274748.152
1783274749,7833.2,7833.2,7833.2,1783274749.117
1783274750,7833.3,7833.3,7833.3,1783274750.152
1783274751,7833.2,7833.2,7833.2,1783274751.125
1783274752,7833.1,7833.1,7833.1,1783274752.167
1783274753,7833.2,7833.2,7833.2,1783274753.206
1783274754,7833.1,7833.1,7833.1,1783274754.150
1783274755,7833,7833,7833,1783274755.120
1783274756,7832.9,7832.9,7832.9,1783274756.243
1783274757,7833,7833,7833,1783274757.162
1783274758,7832.9,7832.9,7832.9,1783274758.149
1783274759,7832.8,7832.8,7832.8,1783274759.113
1783274760,7832.9,7832.9,7832.9,1783274760.300
1783274761,7833,7833,7833,1783274761.133
1783274762,7833.1,7833.1,7833.1,1783274762.249
1783274763,7833,7833,7833,1783274763.122
1783274764,7832.9,7832.9,7832.9,1783274764.149
1783274765,7832.8,7832.8,7832.8,1783274765.122
1783274766,7832.7,7832.7,7832.7,1783274766.168
1783274767,7832.8,7832.8,7832.8,1783274767.117
1783274768,7832.7,7832.7,7832.7,1783274768.244
1783274769,7832.8,7832.8,7832.8,1783274769.114
1783274770,7832.9,7832.9,7832.9,1783274770.167
1783274771,7833,7833,7833,1783274771.119
1783274772,7833.1,7833.1,7833.1,1783274772.157
1783274773,7833,7833,7833,1783274773.117
1783274774,7832.9,7832.9,7832.9,1783274774.143
1783274775,7832.8,7832.8,7832.8,1783274775.128
1783274776,7832.7,7832.7,7832.7,1783274776.146
1783274777,7832.6,7832.6,7832.6,1783274777.117
1783274778,7832.7,7832.7,7832.7,1783274778.142
1783274779,7832.8,7832.8,7832.8,1783274779.122
1783274780,7832.9,7832.9,7832.9,1783274780.159
1783274781,7833,7833,7833,1783274781.124
1783274782,7832.9,7832.9,7832.9,1783274782.141
1783274783,7833,7833,7833,1783274783.125
1783274784,7832.9,7832.9,7832.9,1783274784.155
1783274785,7833,7833,7833,1783274785.124
1783274786,7832.9,7832.9,7832.9,1783274786.159
1783274787,7833,7833,7833,1783274787.118
1783274788,7833.1,7833.1,7833.1,1783274788.161
1783274789,7833,7833,7833,1783274789.117
1783274790,7833.1,7833.1,7833.1,1783274790.145
1783274791,7833.2,7833.2,7833.2,1783274791.114
1783274792,7833.3,7833.3,7833.3,1783274792.141
1783274793,7833.2,7833.2,7833.2,1783274793.129
1783274794,7833.3,7833.3,7833.3,1783274794.169
1783274795,7833.4,7833.4,7833.4,1783274795.120
1783274796,7833.5,7833.5,7833.5,1783274796.165
1783274797,7833.4,7833.4,7833.4,1783274797.117
1783274798,7833.5,7833.5,7833.5,1783274798.205
1783274799,7833.6,7833.6,7833.6,1783274799.136
1783274800,7833.5,7833.5,7833.5,1783274800.162
1783274801,7833.6,7833.6,7833.6,1783274801.127
1783274802,7833.7,7833.7,7833.7,1783274802.142
1783274803,7833.6,7833.6,7833.6,1783274803.118
1783274804,7833.5,7833.5,7833.5,1783274804.148
1783274805,7833.4,7833.4,7833.4,1783274805.126
1783274806,7833.3,7833.3,7833.3,1783274806.142
1783274807,7833.4,7833.4,7833.4,1783274807.118
1783274808,7833.5,7833.5,7833.5,1783274808.137
1783274809,7833.4,7833.4,7833.4,1783274809.123
1783274810,7833.5,7833.5,7833.5,1783274810.152
1783274811,7833.4,7833.4,7833.4,1783274811.117
1783274812,7833.5,7833.5,7833.5,1783274812.167
1783274813,7833.4,7833.4,7833.4,1783274813.125
1783274814,7833.5,7833.5,7833.5,1783274814.154
1783274815,7833.4,7833.4,7833.4,1783274815.126
1783274816,7833.3,7833.3,7833.3,1783274816.152
1783274817,7833.4,7833.4,7833.4,1783274817.121
1783274818,7833.3,7833.3,7833.3,1783274818.150
1783274819,7833.2,7833.2,7833.2,1783274819.120
1783274820,7833.1,7833.1,7833.1,1783274820.149
1783274821,7833.2,7833.2,7833.2,1783274821.121
1783274822,7833.3,7833.3,7833.3,1783274822.174
1783274823,7833.4,7833.4,7833.4,1783274823.125
1783274824,7833.5,7833.5,7833.5,1783274824.157
1783274825,7833.6,7833.6,7833.6,1783274825.125
1783274826,7833.5,7833.5,7833.5,1783274826.149
1783274827,7833.4,7833.4,7833.4,1783274827.120
1783274828,7833.5,7833.5,7833.5,1783274828.247
1783274829,7833.6,7833.6,7833.6,1783274829.125
1783274830,7833.5,7833.5,7833.5,1783274830.152
1783274831,7833.6,7833.6,7833.6,1783274831.125
1783274832,7833.7,7833.7,7833.7,1783274832.162
1783274833,7833.8,7833.8,7833.8,1783274833.121
1783274834,7833.9,7833.9,7833.9,1783274834.134
1783274835,7833.8,7833.8,7833.8,1783274835.125
1783274836,7833.7,7833.7,7833.7,1783274836.144
1783274837,7833.8,7833.8,7833.8,1783274837.124
1783274838,7833.7,7833.7,7833.7,1783274838.146
1783274839,7833.6,7833.6,7833.6,1783274839.131
1783274840,7833.7,7833.7,7833.7,1783274840.155
1783274841,7833.6,7833.6,7833.6,1783274841.126
1783274842,7833.5,7833.5,7833.5,1783274842.159
1783274843,7833.4,7833.4,7833.4,1783274843.130
1783274844,7833.3,7833.3,7833.3,1783274844.137
1783274845,7833.2,7833.2,7833.2,1783274845.132
1783274846,7833.3,7833.3,7833.3,1783274846.165
1783274847,7833.4,7833.4,7833.4,1783274847.130
1783274848,7833.3,7833.3,7833.3,1783274848.158
1783274849,7833.2,7833.2,7833.2,1783274849.118
1783274850,7833.1,7833.1,7833.1,1783274850.155
1783274851,7833,7833,7833,1783274851.125
1783274852,7833.1,7833.1,7833.1,1783274852.143
1783274853,7833.2,7833.2,7833.2,1783274853.119
1783274854,7833.3,7833.3,7833.3,1783274854.148
1783274855,7833.2,7833.2,7833.2,1783274855.124
1783274856,7833.1,7833.1,7833.1,1783274856.140
1783274857,7833.2,7833.2,7833.2,1783274857.134
1783274858,7833.1,7833.1,7833.1,1783274858.210
1783274859,7833.2,7833.2,7833.2,1783274859.129
1783274860,7833.3,7833.3,7833.3,1783274860.148
1783274861,7833.2,7833.2,7833.2,1783274861.115
1783274862,7833.3,7833.3,7833.3,1783274862.200
1783274863,7833.4,7833.4,7833.4,1783274863.132
1783274864,7833.3,7833.3,7833.3,1783274864.147
1783274865,7833.4,7833.4,7833.4,1783274865.132
1783274866,7833.5,7833.5,7833.5,1783274866.152
1783274867,7833.6,7833.6,7833.6,1783274867.135
1783274868,7833.7,7833.7,7833.7,1783274868.165
1783274869,7833.8,7833.8,7833.8,1783274869.142
1783274870,7833.7,7833.7,7833.7,1783274870.155
1783274871,7833.6,7833.6,7833.6,1783274871.134
1783274872,7833.5,7833.5,7833.5,1783274872.140
1783274873,7833.4,7833.4,7833.4,1783274873.123
1783274874,7833.5,7833.5,7833.5,1783274874.168
1783274875,7833.4,7833.4,7833.4,1783274875.117
1783274876,7833.5,7833.5,7833.5,1783274876.145
1783274877,7833.4,7833.4,7833.4,1783274877.128
1783274878,7833.3,7833.3,7833.3,1783274878.153
1783274879,7833.2,7833.2,7833.2,1783274879.126
1783274880,7833.1,7833.1,7833.1,1783274880.149
1783274881,7833.2,7833.2,7833.2,1783274881.134
1783274882,7833.3,7833.3,7833.3,1783274882.283
1783274883,7833.4,7833.4,7833.4,1783274883.145
1783274884,7833.5,7833.5,7833.5,1783274884.224
1783274885,7833.4,7833.4,7833.4,1783274885.151
1783274886,7833.5,7833.5,7833.5,1783274886.139
1783274887,7833.6,7833.6,7833.6,1783274887.123
1783274888,7833.5,7833.5,7833.5,1783274888.206
1783274889,7833.6,7833.6,7833.6,1783274889.137
1783274890,7833.7,7833.7,7833.7,1783274890.158
1783274891,7833.8,7833.8,7833.8,1783274891.119
1783274892,7833.9,7833.9,7833.9,1783274892.143
1783274893,7833.8,7833.8,7833.8,1783274893.118
1783274894,7833.9,7833.9,7833.9,1783274894.162
1783274895,7833.8,7833.8,7833.8,1783274895.126
1783274896,7833.7,7833.7,7833.7,1783274896.145
1783274897,7833.8,7833.8,7833.8,1783274897.122
1783274898,7833.7,7833.7,7833.7,1783274898.159
1783274899,7833.8,7833.8,7833.8,1783274899.116
1783274900,7833.9,7833.9,7833.9,1783274900.146
1783274901,7834,7834,7834,1783274901.124
1783274902,7834.1,7834.1,7834.1,1783274902.145
1783274903,7834,7834,7834,1783274903.127
1783274904,7834.1,7834.1,7834.1,1783274904.139
1783274905,7834,7834,7834,1783274905.142
1783274906,7833.9,7833.9,7833.9,1783274906.145
1783274907,7833.8,7833.8,7833.8,1783274907.120
1783274908,7833.9,7833.9,7833.9,1783274908.154
1783274909,7834,7834,7834,1783274909.129
1783274910,7833.9,7833.9,7833.9,1783274910.148
1783274911,7834,7834,7834,1783274911.127
1783274912,7834.1,7834.1,7834.1,1783274912.142
1783274913,7834,7834,7834,1783274913.128
1783274914,7833.9,7833.9,7833.9,1783274914.145
1783274915,7834,7834,7834,1783274915.139
1783274916,7834.1,7834.1,7834.1,1783274916.156
1783274917,7834.2,7834.2,7834.2,1783274917.163
1783274918,7834.3,7834.3,7834.3,1783274918.251
1783274919,7834.4,7834.4,7834.4,1783274919.132
1783274920,7834.3,7834.3,7834.3,1783274920.157
1783274921,7834.2,7834.2,7834.2,1783274921.117
1783274922,7834.1,7834.1,7834.1,1783274922.157
1783274923,7834.2,7834.2,7834.2,1783274923.122
1783274924,7834.3,7834.3,7834.3,1783274924.170
1783274925,7834.2,7834.2,7834.2,1783274925.134
1783274926,7834.1,7834.1,7834.1,1783274926.144
1783274927,7834,7834,7834,1783274927.125
1783274928,7833.9,7833.9,7833.9,1783274928.157
1783274929,7833.8,7833.8,7833.8,1783274929.131
1783274930,7833.9,7833.9,7833.9,1783274930.165
1783274931,7833.8,7833.8,7833.8,1783274931.127
1783274932,7833.7,7833.7,7833.7,1783274932.154
1783274933,7833.8,7833.8,7833.8,1783274933.125
1783274934,7833.9,7833.9,7833.9,1783274934.148
1783274935,7834,7834,7834,1783274935.118
1783274936,7834.1,7834.1,7834.1,1783274936.131
1783274937,7834.2,7834.2,7834.2,1783274937.140
1783274938,7834.1,7834.1,7834.1,1783274938.147
1783274939,7834.2,7834.2,7834.2,1783274939.120
1783274940,7834.3,7834.3,7834.3,1783274940.142
1783274941,7834.2,7834.2,7834.2,1783274941.125
1783274942,7834.1,7834.1,7834.1,1783274942.185
1783274943,7834.2,7834.2,7834.2,1783274943.233
1783274944,7834.3,7834.3,7834.3,1783274944.174
1783274945,7834.2,7834.2,7834.2,1783274945.126
1783274946,7834.3,7834.3,7834.3,1783274946.160
1783274947,7834.4,7834.4,7834.4,1783274947.115
1783274948,7834.3,7834.3,7834.3,1783274948.202
1783274949,7834.2,7834.2,7834.2,1783274949.118
1783274950,7834.3,7834.3,7834.3,1783274950.151
1783274951,7834.4,7834.4,7834.4,1783274951.115
1783274952,7834.3,7834.3,7834.3,1783274952.149
1783274953,7834.2,7834.2,7834.2,1783274953.119
1783274954,7834.3,7834.3,7834.3,1783274954.146
1783274955,7834.2,7834.2,7834.2,1783274955.118
1783274956,7834.3,7834.3,7834.3,1783274956.168
1783274957,7834.2,7834.2,7834.2,1783274957.118
1783274958,7834.3,7834.3,7834.3,1783274958.151
1783274959,7834.2,7834.2,7834.2,1783274959.118
1783274960,7834.3,7834.3,7834.3,1783274960.155
1783274961,7834.2,7834.2,7834.2,1783274961.127
1783274962,7834.3,7834.3,7834.3,1783274962.144
1783274963,7834.4,7834.4,7834.4,1783274963.125
1783274964,7834.5,7834.5,7834.5,1783274964.148
1783274965,7834.6,7834.6,7834.6,1783274965.126
1783274966,7834.5,7834.5,7834.5,1783274966.159
1783274967,7834.6,7834.6,7834.6,1783274967.132
1783274968,7834.7,7834.7,7834.7,1783274968.157
1783274969,7834.8,7834.8,7834.8,1783274969.119
1783274970,7834.9,7834.9,7834.9,1783274970.151
1783274971,7834.8,7834.8,7834.8,1783274971.121
1783274972,7834.7,7834.7,7834.7,1783274972.133
1783274973,7834.8,7834.8,7834.8,1783274973.119
1783274974,7834.7,7834.7,7834.7,1783274974.150
1783274975,7834.6,7834.6,7834.6,1783274975.133
1783274976,7834.7,7834.7,7834.7,1783274976.156
1783274977,7834.6,7834.6,7834.6,1783274977.122
1783274978,7834.7,7834.7,7834.7,1783274978.245
1783274979,7834.8,7834.8,7834.8,1783274979.119
1783274980,7834.7,7834.7,7834.7,1783274980.145
1783274981,7834.8,7834.8,7834.8,1783274981.126
1783274982,7834.7,7834.7,7834.7,1783274982.149
1783274983,7834.8,7834.8,7834.8,1783274983.129
1783274984,7834.9,7834.9,7834.9,1783274984.151
1783274985,7834.8,7834.8,7834.8,1783274985.120
1783274986,7834.7,7834.7,7834.7,1783274986.148
1783274987,7834.6,7834.6,7834.6,1783274987.136
1783274988,7834.7,7834.7,7834.7,1783274988.149
1783274989,7834.8,7834.8,7834.8,1783274989.121
1783274990,7834.9,7834.9,7834.9,1783274990.155
1783274991,7834.8,7834.8,7834.8,1783274991.134
1783274992,7834.9,7834.9,7834.9,1783274992.164
1783274993,7834.8,7834.8,7834.8,1783274993.123
1783274994,7834.9,7834.9,7834.9,1783274994.159
1783274995,7834.8,7834.8,7834.8,1783274995.127
1783274996,7834.7,7834.7,7834.7,1783274996.150
1783274997,7834.8,7834.8,7834.8,1783274997.125
1783274998,7834.7,7834.7,7834.7,1783274998.158
1783274999,7834.6,7834.6,7834.6,1783274999.124
1783275000,7834.7,7834.7,7834.7,1783275000.164
1783275001,7834.6,7834.6,7834.6,1783275001.135
1783275002,7834.7,7834.7,7834.7,1783275002.215
1783275003,7834.6,7834.6,7834.6,1783275003.159
1783275004,7834.7,7834.7,7834.7,1783275004.223
1783275005,7834.8,7834.8,7834.8,1783275005.278
1783275006,7834.7,7834.7,7834.7,1783275006.175
1783275007,7834.6,7834.6,7834.6,1783275007.125
1783275008,7834.5,7834.5,7834.5,1783275008.246
1783275009,7834.4,7834.4,7834.4,1783275009.130
1783275010,7834.3,7834.3,7834.3,1783275010.147
1783275011,7834.4,7834.4,7834.4,1783275011.118
1783275012,7834.3,7834.3,7834.3,1783275012.167
1783275013,7834.4,7834.4,7834.4,1783275013.132
1783275014,7834.3,7834.3,7834.3,1783275014.162
1783275015,7834.4,7834.4,7834.4,1783275015.125
1783275016,7834.5,7834.5,7834.5,1783275016.161
1783275017,7834.4,7834.4,7834.4,1783275017.122
1783275018,7834.5,7834.5,7834.5,1783275018.155
1783275019,7834.4,7834.4,7834.4,1783275019.127
1783275020,7834.3,7834.3,7834.3,1783275020.201
1783275021,7834.2,7834.2,7834.2,1783275021.134
1783275022,7834.1,7834.1,7834.1,1783275022.144
1783275023,7834.2,7834.2,7834.2,1783275023.129
1783275024,7834.1,7834.1,7834.1,1783275024.144
1783275025,7834.2,7834.2,7834.2,1783275025.153
1783275026,7834.1,7834.1,7834.1,1783275026.144
1783275027,7834,7834,7834,1783275027.128
1783275028,7834.1,7834.1,7834.1,1783275028.145
1783275029,7834,7834,7834,1783275029.130
1783275030,7833.9,7833.9,7833.9,1783275030.151
1783275031,7834,7834,7834,1783275031.129
1783275032,7833.9,7833.9,7833.9,1783275032.154
1783275033,7833.8,7833.8,7833.8,1783275033.131
1783275034,7833.7,7833.7,7833.7,1783275034.162
1783275035,7833.8,7833.8,7833.8,1783275035.128
1783275036,7833.9,7833.9,7833.9,1783275036.139
1783275037,7834,7834,7834,1783275037.117
1783275038,7833.9,7833.9,7833.9,1783275038.243
1783275039,7834,7834,7834,1783275039.133
1783275040,7833.9,7833.9,7833.9,1783275040.158
1783275041,7833.8,7833.8,7833.8,1783275041.118
1783275042,7833.9,7833.9,7833.9,1783275042.139
1783275043,7834,7834,7834,1783275043.119
1783275044,7833.9,7833.9,7833.9,1783275044.160
1783275045,7833.8,7833.8,7833.8,1783275045.122
1783275046,7833.9,7833.9,7833.9,1783275046.157
1783275047,7834,7834,7834,1783275047.126
1783275048,7833.9,7833.9,7833.9,1783275048.138
1783275049,7834,7834,7834,1783275049.129
1783275050,7834.1,7834.1,7834.1,1783275050.155
1783275051,7834.2,7834.2,7834.2,1783275051.139
1783275052,7834.1,7834.1,7834.1,1783275052.144
1783275053,7834,7834,7834,1783275053.129
1783275054,7834.1,7834.1,7834.1,1783275054.144
1783275055,7834,7834,7834,1783275055.122
1783275056,7834.1,7834.1,7834.1,1783275056.144
1783275057,7834,7834,7834,1783275057.120
1783275058,7834.1,7834.1,7834.1,1783275058.144
1783275059,7834,7834,7834,1783275059.126
1783275060,7833.9,7833.9,7833.9,1783275060.158
1783275061,7834,7834,7834,1783275061.138
1783275062,7833.9,7833.9,7833.9,1783275062.195
1783275063,7833.8,7833.8,7833.8,1783275063.206
1783275064,7833.7,7833.7,7833.7,1783275064.174
1783275065,7833.6,7833.6,7833.6,1783275065.133
1783275066,7833.7,7833.7,7833.7,1783275066.168
1783275067,7833.6,7833.6,7833.6,1783275067.141
1783275068,7833.5,7833.5,7833.5,1783275068.255
1783275069,7833.6,7833.6,7833.6,1783275069.122
1783275070,7833.7,7833.7,7833.7,1783275070.153
1783275071,7833.6,7833.6,7833.6,1783275071.118
1783275072,7833.7,7833.7,7833.7,1783275072.150
1783275073,7833.6,7833.6,7833.6,1783275073.127
1783275074,7833.5,7833.5,7833.5,1783275074.140
1783275075,7833.4,7833.4,7833.4,1783275075.118
1783275076,7833.5,7833.5,7833.5,1783275076.155
1783275077,7833.6,7833.6,7833.6,1783275077.126
1783275078,7833.5,7833.5,7833.5,1783275078.144
1783275079,7833.6,7833.6,7833.6,1783275079.131
1783275080,7833.5,7833.5,7833.5,1783275080.149
1783275081,7833.4,7833.4,7833.4,1783275081.127
1783275082,7833.3,7833.3,7833.3,1783275082.155
1783275083,7833.4,7833.4,7833.4,1783275083.127
1783275084,7833.3,7833.3,7833.3,1783275084.144
1783275085,7833.4,7833.4,7833.4,1783275085.129
1783275086,7833.5,7833.5,7833.5,1783275086.155
1783275087,7833.4,7833.4,7833.4,1783275087.122
1783275088,7833.3,7833.3,7833.3,1783275088.148
1783275089,7833.2,7833.2,7833.2,1783275089.117
1783275090,7833.3,7833.3,7833.3,1783275090.148
1783275091,7833.4,7833.4,7833.4,1783275091.130
1783275092,7833.3,7833.3,7833.3,1783275092.141
1783275093,7833.2,7833.2,7833.2,1783275093.137
1783275094,7833.1,7833.1,7833.1,1783275094.164
1783275095,7833.2,7833.2,7833.2,1783275095.123
1783275096,7833.1,7833.1,7833.1,1783275096.143
1783275097,7833.2,7833.2,7833.2,1783275097.126
1783275098,7833.3,7833.3,7833.3,1783275098.249
1783275099,7833.2,7833.2,7833.2,1783275099.122
1783275100,7833.1,7833.1,7833.1,1783275100.164
1783275101,7833.2,7833.2,7833.2,1783275101.118
1783275102,7833.3,7833.3,7833.3,1783275102.146
1783275103,7833.2,7833.2,7833.2,1783275103.133
1783275104,7833.3,7833.3,7833.3,1783275104.155
1783275105,7833.2,7833.2,7833.2,1783275105.116
1783275106,7833.1,7833.1,7833.1,1783275106.160
1783275107,7833,7833,7833,1783275107.118
1783275108,7833.1,7833.1,7833.1,1783275108.146
1783275109,7833,7833,7833,1783275109.116
1783275110,7833.1,7833.1,7833.1,1783275110.144
1783275111,7833,7833,7833,1783275111.127
1783275112,7833.1,7833.1,7833.1,1783275112.145
1783275113,7833.2,7833.2,7833.2,1783275113.122
1783275114,7833.3,7833.3,7833.3,1783275114.142
1783275115,7833.4,7833.4,7833.4,1783275115.123
1783275116,7833.5,7833.5,7833.5,1783275116.145
1783275117,7833.6,7833.6,7833.6,1783275117.118
1783275118,7833.7,7833.7,7833.7,1783275118.145
1783275119,7833.8,7833.8,7833.8,1783275119.125
1783275120,7833.9,7833.9,7833.9,1783275120.149
1783275121,7833.8,7833.8,7833.8,1783275121.119
1783275122,7833.9,7833.9,7833.9,1783275122.189
1783275123,7834,7834,7834,1783275123.203
1783275124,7834.1,7834.1,7834.1,1783275124.172
1783275125,7834.2,7834.2,7834.2,1783275125.121
1783275126,7834.1,7834.1,7834.1,1783275126.163
1783275127,7834.2,7834.2,7834.2,1783275127.129
1783275128,7834.3,7834.3,7834.3,1783275128.242
1783275129,7834.4,7834.4,7834.4,1783275129.124
1783275130,7834.5,7834.5,7834.5,1783275130.144
1783275131,7834.4,7834.4,7834.4,1783275131.125
1783275132,7834.5,7834.5,7834.5,1783275132.145
1783275133,7834.4,7834.4,7834.4,1783275133.124
1783275134,7834.3,7834.3,7834.3,1783275134.156
1783275135,7834.2,7834.2,7834.2,1783275135.123
1783275136,7834.1,7834.1,7834.1,1783275136.165
1783275137,7834,7834,7834,1783275137.134
1783275138,7834.1,7834.1,7834.1,1783275138.152
1783275139,7834.2,7834.2,7834.2,1783275139.125
1783275140,7834.1,7834.1,7834.1,1783275140.153
1783275141,7834,7834,7834,1783275141.120
1783275142,7834.1,7834.1,7834.1,1783275142.164
1783275143,7834,7834,7834,1783275143.134
1783275144,7834.1,7834.1,7834.1,1783275144.154
1783275145,7834.2,7834.2,7834.2,1783275145.131
1783275146,7834.3,7834.3,7834.3,1783275146.177
1783275147,7834.4,7834.4,7834.4,1783275147.129
1783275148,7834.3,7834.3,7834.3,1783275148.164
1783275149,7834.2,7834.2,7834.2,1783275149.138
1783275150,7834.1,7834.1,7834.1,1783275150.149
1783275151,7834,7834,7834,1783275151.133
1783275152,7834.1,7834.1,7834.1,1783275152.156
1783275153,7834.2,7834.2,7834.2,1783275153.127
1783275154,7834.1,7834.1,7834.1,1783275154.146
1783275155,7834.2,7834.2,7834.2,1783275155.140
1783275156,7834.3,7834.3,7834.3,1783275156.151
1783275157,7834.2,7834.2,7834.2,1783275157.124
1783275158,7834.1,7834.1,7834.1,1783275158.157
1783275159,7834,7834,7834,1783275159.224
1783275160,7834.1,7834.1,7834.1,1783275160.136
1783275161,7834.2,7834.2,7834.2,1783275161.116
1783275162,7834.3,7834.3,7834.3,1783275162.165
1783275163,7834.4,7834.4,7834.4,1783275163.123
1783275164,7834.5,7834.5,7834.5,1783275164.140
1783275165,7834.4,7834.4,7834.4,1783275165.124
1783275166,7834.5,7834.5,7834.5,1783275166.146
1783275167,7834.6,7834.6,7834.6,1783275167.128
1783275168,7834.7,7834.7,7834.7,1783275168.162
1783275169,7834.8,7834.8,7834.8,1783275169.121
1783275170,7834.9,7834.9,7834.9,1783275170.156
1783275171,7834.8,7834.8,7834.8,1783275171.138
1783275172,7834.9,7834.9,7834.9,1783275172.166
1783275173,7834.8,7834.8,7834.8,1783275173.120
1783275174,7834.9,7834.9,7834.9,1783275174.141
1783275175,7835,7835,7835,1783275175.120
1783275176,7834.9,7834.9,7834.9,1783275176.145
1783275177,7834.8,7834.8,7834.8,1783275177.127
1783275178,7834.9,7834.9,7834.9,1783275178.152
1783275179,7835,7835,7835,1783275179.119
1783275180,7835.1,7835.1,7835.1,1783275180.173
1783275181,7835.2,7835.2,7835.2,1783275181.132
1783275182,7835.1,7835.1,7835.1,1783275182.251
1783275183,7835.2,7835.2,7835.2,1783275183.120
1783275184,7835.1,7835.1,7835.1,1783275184.161
1783275185,7835,7835,7835,1783275185.128
1783275186,7835.1,7835.1,7835.1,1783275186.160
1783275187,7835.2,7835.2,7835.2,1783275187.119
1783275188,7835.1,7835.1,7835.1,1783275188.244
1783275189,7835.2,7835.2,7835.2,1783275189.120
1783275190,7835.3,7835.3,7835.3,1783275190.140
1783275191,7835.4,7835.4,7835.4,1783275191.121
1783275192,7835.3,7835.3,7835.3,1783275192.157
1783275193,7835.2,7835.2,7835.2,1783275193.122
1783275194,7835.3,7835.3,7835.3,1783275194.156
1783275195,7835.2,7835.2,7835.2,1783275195.119
1783275196,7835.3,7835.3,7835.3,1783275196.145
1783275197,7835.2,7835.2,7835.2,1783275197.117
1783275198,7835.3,7835.3,7835.3,1783275198.135
1783275199,7835.2,7835.2,7835.2,1783275199.132
1783275200,7835.1,7835.1,7835.1,1783275200.165
1783275201,7835.2,7835.2,7835.2,1783275201.124
1783275202,7835.3,7835.3,7835.3,1783275202.150
1783275203,7835.4,7835.4,7835.4,1783275203.124
1783275204,7835.3,7835.3,7835.3,1783275204.154
1783275205,7835.4,7835.4,7835.4,1783275205.127
1783275206,7835.3,7835.3,7835.3,1783275206.155
1783275207,7835.4,7835.4,7835.4,1783275207.141
1783275208,7835.5,7835.5,7835.5,1783275208.162
1783275209,7835.6,7835.6,7835.6,1783275209.132
1783275210,7835.7,7835.7,7835.7,1783275210.146
1783275211,7835.8,7835.8,7835.8,1783275211.120
1783275212,7835.7,7835.7,7835.7,1783275212.143
1783275213,7835.6,7835.6,7835.6,1783275213.128
1783275214,7835.5,7835.5,7835.5,1783275214.150
1783275215,7835.6,7835.6,7835.6,1783275215.121
1783275216,7835.7,7835.7,7835.7,1783275216.156
1783275217,7835.6,7835.6,7835.6,1783275217.123
1783275218,7835.5,7835.5,7835.5,1783275218.202
1783275219,7835.6,7835.6,7835.6,1783275219.125
1783275220,7835.5,7835.5,7835.5,1783275220.145
1783275221,7835.4,7835.4,7835.4,1783275221.126
1783275222,7835.3,7835.3,7835.3,1783275222.169
1783275223,7835.2,7835.2,7835.2,1783275223.127
1783275224,7835.1,7835.1,7835.1,1783275224.162
1783275225,7835,7835,7835,1783275225.133
1783275226,7834.9,7834.9,7834.9,1783275226.158
1783275227,7835,7835,7835,1783275227.128
1783275228,7834.9,7834.9,7834.9,1783275228.247
1783275229,7834.8,7834.8,7834.8,1783275229.121
1783275230,7834.9,7834.9,7834.9,1783275230.145
1783275231,7834.8,7834.8,7834.8,1783275231.123
1783275232,7834.7,7834.7,7834.7,1783275232.149
1783275233,7834.8,7834.8,7834.8,1783275233.127
1783275234,7834.7,7834.7,7834.7,1783275234.148
1783275235,7834.6,7834.6,7834.6,1783275235.176
1783275236,7834.5,7834.5,7834.5,1783275236.152
1783275237,7834.6,7834.6,7834.6,1783275237.124
1783275238,7834.7,7834.7,7834.7,1783275238.150
1783275239,7834.8,7834.8,7834.8,1783275239.133
1783275240,7834.7,7834.7,7834.7,1783275240.163
1783275241,7834.8,7834.8,7834.8,1783275241.120
1783275242,7834.9,7834.9,7834.9,1783275242.203
1783275243,7835,7835,7835,1783275243.178
1783275244,7834.9,7834.9,7834.9,1783275244.167
1783275245,7834.8,7834.8,7834.8,1783275245.158
1783275246,7834.9,7834.9,7834.9,1783275246.162
1783275247,7834.8,7834.8,7834.8,1783275247.117
1783275248,7834.9,7834.9,7834.9,1783275248.142
1783275249,7835,7835,7835,1783275249.116
1783275250,7835.1,7835.1,7835.1,1783275250.163
1783275251,7835.2,7835.2,7835.2,1783275251.118
1783275252,7835.1,7835.1,7835.1,1783275252.157
1783275253,7835.2,7835.2,7835.2,1783275253.119
1783275254,7835.3,7835.3,7835.3,1783275254.136
1783275255,7835.4,7835.4,7835.4,1783275255.144
1783275256,7835.3,7835.3,7835.3,1783275256.153
1783275257,7835.2,7835.2,7835.2,1783275257.115
1783275258,7835.1,7835.1,7835.1,1783275258.156
1783275259,7835.2,7835.2,7835.2,1783275259.125
1783275260,7835.3,7835.3,7835.3,1783275260.150
1783275261,7835.4,7835.4,7835.4,1783275261.118
1783275262,7835.5,7835.5,7835.5,1783275262.158
1783275263,7835.6,7835.6,7835.6,1783275263.123
1783275264,7835.7,7835.7,7835.7,1783275264.148
1783275265,7835.6,7835.6,7835.6,1783275265.116
1783275266,7835.7,7835.7,7835.7,1783275266.167
1783275267,7835.6,7835.6,7835.6,1783275267.163
1783275268,7835.5,7835.5,7835.5,1783275268.148
1783275269,7835.4,7835.4,7835.4,1783275269.137
1783275270,7835.5,7835.5,7835.5,1783275270.144
1783275271,7835.4,7835.4,7835.4,1783275271.123
1783275272,7835.3,7835.3,7835.3,1783275272.165
1783275273,7835.4,7835.4,7835.4,1783275273.119
1783275274,7835.5,7835.5,7835.5,1783275274.208
1783275275,7835.6,7835.6,7835.6,1783275275.121
1783275276,7835.7,7835.7,7835.7,1783275276.145
1783275277,7835.6,7835.6,7835.6,1783275277.127
1783275278,7835.5,7835.5,7835.5,1783275278.207
1783275279,7835.4,7835.4,7835.4,1783275279.125
1783275280,7835.3,7835.3,7835.3,1783275280.163
1783275281,7835.4,7835.4,7835.4,1783275281.119
1783275282,7835.3,7835.3,7835.3,1783275282.140
1783275283,7835.4,7835.4,7835.4,1783275283.132
1783275284,7835.3,7835.3,7835.3,1783275284.141
1783275285,7835.2,7835.2,7835.2,1783275285.115
1783275286,7835.1,7835.1,7835.1,1783275286.149
1783275287,7835,7835,7835,1783275287.116
1783275288,7835.1,7835.1,7835.1,1783275288.145
1783275289,7835,7835,7835,1783275289.115
1783275290,7834.9,7834.9,7834.9,1783275290.207
1783275291,7835,7835,7835,1783275291.120
1783275292,7834.9,7834.9,7834.9,1783275292.141
1783275293,7835,7835,7835,1783275293.125
1783275294,7835.1,7835.1,7835.1,1783275294.142
1783275295,7835.2,7835.2,7835.2,1783275295.117
1783275296,7835.3,7835.3,7835.3,1783275296.144
1783275297,7835.4,7835.4,7835.4,1783275297.118
1783275298,7835.5,7835.5,7835.5,1783275298.160
1783275299,7835.6,7835.6,7835.6,1783275299.123
1783275300,7835.7,7835.7,7835.7,1783275300.160
1783275301,7835.8,7835.8,7835.8,1783275301.113
1783275302,7835.9,7835.9,7835.9,1783275302.315
1783275303,7836,7836,7836,1783275303.130
1783275304,7835.9,7835.9,7835.9,1783275304.300
1783275305,7836,7836,7836,1783275305.178
1783275306,7836.1,7836.1,7836.1,1783275306.147
1783275307,7836.2,7836.2,7836.2,1783275307.127
1783275308,7836.3,7836.3,7836.3,1783275308.248
1783275309,7836.4,7836.4,7836.4,1783275309.122
1783275310,7836.3,7836.3,7836.3,1783275310.155
1783275311,7836.4,7836.4,7836.4,1783275311.111
1783275312,7836.3,7836.3,7836.3,1783275312.165
1783275313,7836.4,7836.4,7836.4,1783275313.125
1783275314,7836.5,7836.5,7836.5,1783275314.156
1783275315,7836.4,7836.4,7836.4,1783275315.129
1783275316,7836.3,7836.3,7836.3,1783275316.152
1783275317,7836.2,7836.2,7836.2,1783275317.155
1783275318,7836.3,7836.3,7836.3,1783275318.140
1783275319,7836.2,7836.2,7836.2,1783275319.122
1783275320,7836.3,7836.3,7836.3,1783275320.148
1783275321,7836.4,7836.4,7836.4,1783275321.125
1783275322,7836.5,7836.5,7836.5,1783275322.138
1783275323,7836.4,7836.4,7836.4,1783275323.129
1783275324,7836.5,7836.5,7836.5,1783275324.143
1783275325,7836.6,7836.6,7836.6,1783275325.124
1783275326,7836.7,7836.7,7836.7,1783275326.164
1783275327,7836.6,7836.6,7836.6,1783275327.118
1783275328,7836.5,7836.5,7836.5,1783275328.150
1783275329,7836.6,7836.6,7836.6,1783275329.124
1783275330,7836.5,7836.5,7836.5,1783275330.159
1783275331,7836.6,7836.6,7836.6,1783275331.114
1783275332,7836.5,7836.5,7836.5,1783275332.162
1783275333,7836.6,7836.6,7836.6,1783275333.123
1783275334,7836.7,7836.7,7836.7,1783275334.155
1783275335,7836.6,7836.6,7836.6,1783275335.141
1783275336,7836.7,7836.7,7836.7,1783275336.143
1783275337,7836.6,7836.6,7836.6,1783275337.133
1783275338,7836.5,7836.5,7836.5,1783275338.243
1783275339,7836.4,7836.4,7836.4,1783275339.127
1783275340,7836.5,7836.5,7836.5,1783275340.152
1783275341,7836.4,7836.4,7836.4,1783275341.113
1783275342,7836.5,7836.5,7836.5,1783275342.159
1783275343,7836.6,7836.6,7836.6,1783275343.121
1783275344,7836.7,7836.7,7836.7,1783275344.171
1783275345,7836.8,7836.8,7836.8,1783275345.123
1783275346,7836.7,7836.7,7836.7,1783275346.136
1783275347,7836.8,7836.8,7836.8,1783275347.111
1783275348,7836.9,7836.9,7836.9,1783275348.141
1783275349,7837,7837,7837,1783275349.119
1783275350,7836.9,7836.9,7836.9,1783275350.146
1783275351,7837,7837,7837,1783275351.122
1783275352,7836.9,7836.9,7836.9,1783275352.150
1783275353,7836.8,7836.8,7836.8,1783275353.117
1783275354,7836.7,7836.7,7836.7,1783275354.165
1783275355,7836.8,7836.8,7836.8,1783275355.113
1783275356,7836.7,7836.7,7836.7,1783275356.171
1783275357,7836.8,7836.8,7836.8,1783275357.187
1783275358,7836.7,7836.7,7836.7,1783275358.154
1783275359,7836.8,7836.8,7836.8,1783275359.121
1783275360,7836.9,7836.9,7836.9,1783275360.142
1783275361,7836.8,7836.8,7836.8,1783275361.120
1783275362,7836.9,7836.9,7836.9,1783275362.164
1783275363,7836.8,7836.8,7836.8,1783275363.137
1783275364,7836.7,7836.7,7836.7,1783275364.176
1783275365,7836.6,7836.6,7836.6,1783275365.129
1783275366,7836.7,7836.7,7836.7,1783275366.163
1783275367,7836.6,7836.6,7836.6,1783275367.113
1783275368,7836.7,7836.7,7836.7,1783275368.205
1783275369,7836.6,7836.6,7836.6,1783275369.128
1783275370,7836.5,7836.5,7836.5,1783275370.163
1783275371,7836.6,7836.6,7836.6,1783275371.118
1783275372,7836.7,7836.7,7836.7,1783275372.145
1783275373,7836.6,7836.6,7836.6,1783275373.124
1783275374,7836.7,7836.7,7836.7,1783275374.144
1783275375,7836.6,7836.6,7836.6,1783275375.126
1783275376,7836.7,7836.7,7836.7,1783275376.163
1783275377,7836.6,7836.6,7836.6,1783275377.122
1783275378,7836.7,7836.7,7836.7,1783275378.156
1783275379,7836.6,7836.6,7836.6,1783275379.120
1783275380,7836.7,7836.7,7836.7,1783275380.160
1783275381,7836.8,7836.8,7836.8,1783275381.120
1783275382,7836.9,7836.9,7836.9,1783275382.162
1783275383,7836.8,7836.8,7836.8,1783275383.129
1783275384,7836.7,7836.7,7836.7,1783275384.144
1783275385,7836.8,7836.8,7836.8,1783275385.129
1783275386,7836.7,7836.7,7836.7,1783275386.146
1783275387,7836.8,7836.8,7836.8,1783275387.122
1783275388,7836.9,7836.9,7836.9,1783275388.164
1783275389,7836.8,7836.8,7836.8,1783275389.121
1783275390,7836.9,7836.9,7836.9,1783275390.162
1783275391,7837,7837,7837,1783275391.124
1783275392,7837.1,7837.1,7837.1,1783275392.156
1783275393,7837,7837,7837,1783275393.117
1783275394,7836.9,7836.9,7836.9,1783275394.141
1783275395,7836.8,7836.8,7836.8,1783275395.128
1783275396,7836.7,7836.7,7836.7,1783275396.138
1783275397,7836.8,7836.8,7836.8,1783275397.119
1783275398,7836.7,7836.7,7836.7,1783275398.245
1783275399,7836.8,7836.8,7836.8,1783275399.122
1783275400,7836.7,7836.7,7836.7,1783275400.181
1783275401,7836.6,7836.6,7836.6,1783275401.159
1783275402,7836.5,7836.5,7836.5,1783275402.148
1783275403,7836.6,7836.6,7836.6,1783275403.116
1783275404,7836.5,7836.5,7836.5,1783275404.201
1783275405,7836.4,7836.4,7836.4,1783275405.121
1783275406,7836.5,7836.5,7836.5,1783275406.140
1783275407,7836.6,7836.6,7836.6,1783275407.119
1783275408,7836.7,7836.7,7836.7,1783275408.161
1783275409,7836.8,7836.8,7836.8,1783275409.125
1783275410,7836.9,7836.9,7836.9,1783275410.144
1783275411,7837,7837,7837,1783275411.115
1783275412,7837.1,7837.1,7837.1,1783275412.154
1783275413,7837.2,7837.2,7837.2,1783275413.127
1783275414,7837.3,7837.3,7837.3,1783275414.137
1783275415,7837.4,7837.4,7837.4,1783275415.117
1783275416,7837.5,7837.5,7837.5,1783275416.135
1783275417,7837.6,7837.6,7837.6,1783275417.127
1783275418,7837.7,7837.7,7837.7,1783275418.138
1783275419,7837.6,7837.6,7837.6,1783275419.124
1783275420,7837.5,7837.5,7837.5,1783275420.148
1783275421,7837.6,7837.6,7837.6,1783275421.121
1783275422,7837.7,7837.7,7837.7,1783275422.213
1783275423,7837.8,7837.8,7837.8,1783275423.122
1783275424,7837.9,7837.9,7837.9,1783275424.168
1783275425,7837.8,7837.8,7837.8,1783275425.127
1783275426,7837.7,7837.7,7837.7,1783275426.162
1783275427,7837.6,7837.6,7837.6,1783275427.118
1783275428,7837.5,7837.5,7837.5,1783275428.210
1783275429,7837.4,7837.4,7837.4,1783275429.119
1783275430,7837.3,7837.3,7837.3,1783275430.149
1783275431,7837.2,7837.2,7837.2,1783275431.119
1783275432,7837.1,7837.1,7837.1,1783275432.156
1783275433,7837.2,7837.2,7837.2,1783275433.117
1783275434,7837.1,7837.1,7837.1,1783275434.150
1783275435,7837.2,7837.2,7837.2,1783275435.126
1783275436,7837.1,7837.1,7837.1,1783275436.152
1783275437,7837.2,7837.2,7837.2,1783275437.128
1783275438,7837.1,7837.1,7837.1,1783275438.173
1783275439,7837,7837,7837,1783275439.136
1783275440,7836.9,7836.9,7836.9,1783275440.160
1783275441,7836.8,7836.8,7836.8,1783275441.122
1783275442,7836.7,7836.7,7836.7,1783275442.153
1783275443,7836.8,7836.8,7836.8,1783275443.118
1783275444,7836.9,7836.9,7836.9,1783275444.162
1783275445,7836.8,7836.8,7836.8,1783275445.124
1783275446,7836.9,7836.9,7836.9,1783275446.163
1783275447,7836.8,7836.8,7836.8,1783275447.126
1783275448,7836.7,7836.7,7836.7,1783275448.137
1783275449,7836.8,7836.8,7836.8,1783275449.124
1783275450,7836.9,7836.9,7836.9,1783275450.169
1783275451,7836.8,7836.8,7836.8,1783275451.129
1783275452,7836.7,7836.7,7836.7,1783275452.143
1783275453,7836.6,7836.6,7836.6,1783275453.128
1783275454,7836.5,7836.5,7836.5,1783275454.150
1783275455,7836.4,7836.4,7836.4,1783275455.118
1783275456,7836.5,7836.5,7836.5,1783275456.151
1783275457,7836.6,7836.6,7836.6,1783275457.145
1783275458,7836.7,7836.7,7836.7,1783275458.207
1783275459,7836.8,7836.8,7836.8,1783275459.138
1783275460,7836.7,7836.7,7836.7,1783275460.263
1783275461,7836.6,7836.6,7836.6,1783275461.124
1783275462,7836.5,7836.5,7836.5,1783275462.150
1783275463,7836.6,7836.6,7836.6,1783275463.130
1783275464,7836.5,7836.5,7836.5,1783275464.145
1783275465,7836.4,7836.4,7836.4,1783275465.118
1783275466,7836.3,7836.3,7836.3,1783275466.161
1783275467,7836.4,7836.4,7836.4,1783275467.119
1783275468,7836.5,7836.5,7836.5,1783275468.163
1783275469,7836.4,7836.4,7836.4,1783275469.131
1783275470,7836.3,7836.3,7836.3,1783275470.157
1783275471,7836.4,7836.4,7836.4,1783275471.138
1783275472,7836.3,7836.3,7836.3,1783275472.168
1783275473,7836.2,7836.2,7836.2,1783275473.121
1783275474,7836.1,7836.1,7836.1,1783275474.170
1783275475,7836,7836,7836,1783275475.120
1783275476,7836.1,7836.1,7836.1,1783275476.155
1783275477,7836.2,7836.2,7836.2,1783275477.134
1783275478,7836.3,7836.3,7836.3,1783275478.147
1783275479,7836.4,7836.4,7836.4,1783275479.116
1783275480,7836.5,7836.5,7836.5,1783275480.169
1783275481,7836.4,7836.4,7836.4,1783275481.130
1783275482,7836.5,7836.5,7836.5,1783275482.192
1783275483,7836.6,7836.6,7836.6,1783275483.138
1783275484,7836.7,7836.7,7836.7,1783275484.396
1783275485,7836.6,7836.6,7836.6,1783275485.189
1783275486,7836.5,7836.5,7836.5,1783275486.162
1783275487,7836.6,7836.6,7836.6,1783275487.128
1783275488,7836.5,7836.5,7836.5,1783275488.200
1783275489,7836.4,7836.4,7836.4,1783275489.124
1783275490,7836.3,7836.3,7836.3,1783275490.155
1783275491,7836.4,7836.4,7836.4,1783275491.126
1783275492,7836.3,7836.3,7836.3,1783275492.161
1783275493,7836.2,7836.2,7836.2,1783275493.161
1783275494,7836.1,7836.1,7836.1,1783275494.156
1783275495,7836,7836,7836,1783275495.131
1783275496,7835.9,7835.9,7835.9,1783275496.165
1783275497,7836,7836,7836,1783275497.130
1783275498,7836.1,7836.1,7836.1,1783275498.157
1783275499,7836,7836,7836,1783275499.125
1783275500,7836.1,7836.1,7836.1,1783275500.150
1783275501,7836.2,7836.2,7836.2,1783275501.124
1783275502,7836.1,7836.1,7836.1,1783275502.170
1783275503,7836.2,7836.2,7836.2,1783275503.128
1783275504,7836.1,7836.1,7836.1,1783275504.147
1783275505,7836.2,7836.2,7836.2,1783275505.124
1783275506,7836.1,7836.1,7836.1,1783275506.153
1783275507,7836.2,7836.2,7836.2,1783275507.123
1783275508,7836.3,7836.3,7836.3,1783275508.151
1783275509,7836.4,7836.4,7836.4,1783275509.123
1783275510,7836.3,7836.3,7836.3,1783275510.150
1783275511,7836.4,7836.4,7836.4,1783275511.132
1783275512,7836.3,7836.3,7836.3,1783275512.157
1783275513,7836.4,7836.4,7836.4,1783275513.136
1783275514,7836.3,7836.3,7836.3,1783275514.155
1783275515,7836.4,7836.4,7836.4,1783275515.116
1783275516,7836.3,7836.3,7836.3,1783275516.159
1783275517,7836.4,7836.4,7836.4,1783275517.125
1783275518,7836.3,7836.3,7836.3,1783275518.301
1783275519,7836.2,7836.2,7836.2,1783275519.212
1783275520,7836.3,7836.3,7836.3,1783275520.144
1783275521,7836.2,7836.2,7836.2,1783275521.126
1783275522,7836.1,7836.1,7836.1,1783275522.163
1783275523,7836,7836,7836,1783275523.126
1783275524,7836.1,7836.1,7836.1,1783275524.164
1783275525,7836.2,7836.2,7836.2,1783275525.149
1783275526,7836.1,7836.1,7836.1,1783275526.147
1783275527,7836,7836,7836,1783275527.131
1783275528,7835.9,7835.9,7835.9,1783275528.155
1783275529,7835.8,7835.8,7835.8,1783275529.126
1783275530,7835.7,7835.7,7835.7,1783275530.137
1783275531,7835.6,7835.6,7835.6,1783275531.134
1783275532,7835.5,7835.5,7835.5,1783275532.164
1783275533,7835.6,7835.6,7835.6,1783275533.120
1783275534,7835.7,7835.7,7835.7,1783275534.152
1783275535,7835.6,7835.6,7835.6,1783275535.120
1783275536,7835.7,7835.7,7835.7,1783275536.164
1783275537,7835.8,7835.8,7835.8,1783275537.124
1783275538,7835.9,7835.9,7835.9,1783275538.137
1783275539,7835.8,7835.8,7835.8,1783275539.121
1783275540,7835.7,7835.7,7835.7,1783275540.151
1783275541,7835.8,7835.8,7835.8,1783275541.122
1783275542,7835.9,7835.9,7835.9,1783275542.164
1783275543,7835.8,7835.8,7835.8,1783275543.151
1783275544,7835.9,7835.9,7835.9,1783275544.167
1783275545,7835.8,7835.8,7835.8,1783275545.114
1783275546,7835.9,7835.9,7835.9,1783275546.149
1783275547,7836,7836,7836,1783275547.120
1783275548,7835.9,7835.9,7835.9,1783275548.205
1783275549,7836,7836,7836,1783275549.115
1783275550,7836.1,7836.1,7836.1,1783275550.150
1783275551,7836,7836,7836,1783275551.127
1783275552,7836.1,7836.1,7836.1,1783275552.155
1783275553,7836,7836,7836,1783275553.127
1783275554,7835.9,7835.9,7835.9,1783275554.148
1783275555,7836,7836,7836,1783275555.128
1783275556,7835.9,7835.9,7835.9,1783275556.143
1783275557,7836,7836,7836,1783275557.128
1783275558,7835.9,7835.9,7835.9,1783275558.150
1783275559,7835.8,7835.8,7835.8,1783275559.125
1783275560,7835.7,7835.7,7835.7,1783275560.151
1783275561,7835.8,7835.8,7835.8,1783275561.121
1783275562,7835.9,7835.9,7835.9,1783275562.144
1783275563,7836,7836,7836,1783275563.134
1783275564,7835.9,7835.9,7835.9,1783275564.144
1783275565,7836,7836,7836,1783275565.132
1783275566,7835.9,7835.9,7835.9,1783275566.143
1783275567,7835.8,7835.8,7835.8,1783275567.127
1783275568,7835.9,7835.9,7835.9,1783275568.163
1783275569,7836,7836,7836,1783275569.124
1783275570,7835.9,7835.9,7835.9,1783275570.157
1783275571,7835.8,7835.8,7835.8,1783275571.123
1783275572,7835.7,7835.7,7835.7,1783275572.166
1783275573,7835.6,7835.6,7835.6,1783275573.137
1783275574,7835.7,7835.7,7835.7,1783275574.154
1783275575,7835.8,7835.8,7835.8,1783275575.119
1783275576,7835.7,7835.7,7835.7,1783275576.178
1783275577,7835.6,7835.6,7835.6,1783275577.116
1783275578,7835.7,7835.7,7835.7,1783275578.208
1783275579,7835.8,7835.8,7835.8,1783275579.117
1783275580,7835.9,7835.9,7835.9,1783275580.164
1783275581,7836,7836,7836,1783275581.124
1783275582,7835.9,7835.9,7835.9,1783275582.157
1783275583,7836,7836,7836,1783275583.135
1783275584,7836.1,7836.1,7836.1,1783275584.141
1783275585,7836.2,7836.2,7836.2,1783275585.118
1783275586,7836.1,7836.1,7836.1,1783275586.155
1783275587,7836,7836,7836,1783275587.123
1783275588,7836.1,7836.1,7836.1,1783275588.157
1783275589,7836,7836,7836,1783275589.125
1783275590,7836.1,7836.1,7836.1,1783275590.152
1783275591,7836.2,7836.2,7836.2,1783275591.119
1783275592,7836.3,7836.3,7836.3,1783275592.158
1783275593,7836.2,7836.2,7836.2,1783275593.129
1783275594,7836.3,7836.3,7836.3,1783275594.147
1783275595,7836.2,7836.2,7836.2,1783275595.128
1783275596,7836.3,7836.3,7836.3,1783275596.145
1783275597,7836.4,7836.4,7836.4,1783275597.132
1783275598,7836.5,7836.5,7836.5,1783275598.146
1783275599,7836.4,7836.4,7836.4,1783275599.136
1783275600,7836.5,7836.5,7836.5,1783275600.160
1783275601,7836.4,7836.4,7836.4,1783275601.191
1783275602,7836.5,7836.5,7836.5,1783275602.170
1783275603,7836.4,7836.4,7836.4,1783275603.212
1783275604,7836.3,7836.3,7836.3,1783275604.172
1783275605,7836.4,7836.4,7836.4,1783275605.190
1783275606,7836.3,7836.3,7836.3,1783275606.169
1783275607,7836.2,7836.2,7836.2,1783275607.120
1783275608,7836.1,7836.1,7836.1,1783275608.202
1783275609,7836.2,7836.2,7836.2,1783275609.130
1783275610,7836.3,7836.3,7836.3,1783275610.142
1783275611,7836.4,7836.4,7836.4,1783275611.117
1783275612,7836.5,7836.5,7836.5,1783275612.158
1783275613,7836.6,7836.6,7836.6,1783275613.127
1783275614,7836.7,7836.7,7836.7,1783275614.162
1783275615,7836.6,7836.6,7836.6,1783275615.123
1783275616,7836.5,7836.5,7836.5,1783275616.138
1783275617,7836.4,7836.4,7836.4,1783275617.128
1783275618,7836.5,7836.5,7836.5,1783275618.136
1783275619,7836.4,7836.4,7836.4,1783275619.116
1783275620,7836.5,7836.5,7836.5,1783275620.157
1783275621,7836.6,7836.6,7836.6,1783275621.122
1783275622,7836.7,7836.7,7836.7,1783275622.136
1783275623,7836.8,7836.8,7836.8,1783275623.124
1783275624,7836.9,7836.9,7836.9,1783275624.161
1783275625,7837,7837,7837,1783275625.130
1783275626,7836.9,7836.9,7836.9,1783275626.162
1783275627,7836.8,7836.8,7836.8,1783275627.122
1783275628,7836.9,7836.9,7836.9,1783275628.139
1783275629,7837,7837,7837,1783275629.132
1783275630,7836.9,7836.9,7836.9,1783275630.147
1783275631,7837,7837,7837,1783275631.128
1783275632,7837.1,7837.1,7837.1,1783275632.141
1783275633,7837,7837,7837,1783275633.125
1783275634,7836.9,7836.9,7836.9,1783275634.172
1783275635,7837,7837,7837,1783275635.127
1783275636,7836.9,7836.9,7836.9,1783275636.151
1783275637,7837,7837,7837,1783275637.129
1783275638,7836.9,7836.9,7836.9,1783275638.245
1783275639,7837,7837,7837,1783275639.206
1783275640,7836.9,7836.9,7836.9,1783275640.162
1783275641,7836.8,7836.8,7836.8,1783275641.132
1783275642,7836.7,7836.7,7836.7,1783275642.140
1783275643,7836.6,7836.6,7836.6,1783275643.119
1783275644,7836.5,7836.5,7836.5,1783275644.137
1783275645,7836.6,7836.6,7836.6,1783275645.125
1783275646,7836.7,7836.7,7836.7,1783275646.153
1783275647,7836.8,7836.8,7836.8,1783275647.132
1783275648,7836.9,7836.9,7836.9,1783275648.140
1783275649,7836.8,7836.8,7836.8,1783275649.123
1783275650,7836.7,7836.7,7836.7,1783275650.158
1783275651,7836.6,7836.6,7836.6,1783275651.127
1783275652,7836.7,7836.7,7836.7,1783275652.152
1783275653,7836.6,7836.6,7836.6,1783275653.132
1783275654,7836.5,7836.5,7836.5,1783275654.154
1783275655,7836.6,7836.6,7836.6,1783275655.117
1783275656,7836.5,7836.5,7836.5,1783275656.153
1783275657,7836.4,7836.4,7836.4,1783275657.119
1783275658,7836.3,7836.3,7836.3,1783275658.150
1783275659,7836.2,7836.2,7836.2,1783275659.125
1783275660,7836.1,7836.1,7836.1,1783275660.158
1783275661,7836,7836,7836,1783275661.124
1783275662,7835.9,7835.9,7835.9,1783275662.270
1783275663,7836,7836,7836,1783275663.205
1783275664,7836.1,7836.1,7836.1,1783275664.148
1783275665,7836,7836,7836,1783275665.121
1783275666,7836.1,7836.1,7836.1,1783275666.163
1783275667,7836.2,7836.2,7836.2,1783275667.147
1783275668,7836.1,7836.1,7836.1,1783275668.204
1783275669,7836,7836,7836,1783275669.132
1783275670,7836.1,7836.1,7836.1,1783275670.151
1783275671,7836,7836,7836,1783275671.125
1783275672,7835.9,7835.9,7835.9,1783275672.150
1783275673,7835.8,7835.8,7835.8,1783275673.127
1783275674,7835.9,7835.9,7835.9,1783275674.158
1783275675,7835.8,7835.8,7835.8,1783275675.127
1783275676,7835.7,7835.7,7835.7,1783275676.163
1783275677,7835.6,7835.6,7835.6,1783275677.122
1783275678,7835.5,7835.5,7835.5,1783275678.148
1783275679,7835.4,7835.4,7835.4,1783275679.137
1783275680,7835.5,7835.5,7835.5,1783275680.139
1783275681,7835.6,7835.6,7835.6,1783275681.123
1783275682,7835.7,7835.7,7835.7,1783275682.134
1783275683,7835.6,7835.6,7835.6,1783275683.121
1783275684,7835.7,7835.7,7835.7,1783275684.148
1783275685,7835.6,7835.6,7835.6,1783275685.126
1783275686,7835.5,7835.5,7835.5,1783275686.160
1783275687,7835.6,7835.6,7835.6,1783275687.121
1783275688,7835.7,7835.7,7835.7,1783275688.164
1783275689,7835.8,7835.8,7835.8,1783275689.132
1783275690,7835.7,7835.7,7835.7,1783275690.134
1783275691,7835.8,7835.8,7835.8,1783275691.126
1783275692,7835.7,7835.7,7835.7,1783275692.160
1783275693,7835.8,7835.8,7835.8,1783275693.120
1783275694,7835.9,7835.9,7835.9,1783275694.131
1783275695,7835.8,7835.8,7835.8,1783275695.123
1783275696,7835.7,7835.7,7835.7,1783275696.153
1783275697,7835.6,7835.6,7835.6,1783275697.126
1783275698,7835.7,7835.7,7835.7,1783275698.203
1783275699,7835.6,7835.6,7835.6,1783275699.128
1783275700,7835.5,7835.5,7835.5,1783275700.145
1783275701,7835.6,7835.6,7835.6,1783275701.151
1783275702,7835.5,7835.5,7835.5,1783275702.163
1783275703,7835.6,7835.6,7835.6,1783275703.135
1783275704,7835.7,7835.7,7835.7,1783275704.152
1783275705,7835.8,7835.8,7835.8,1783275705.118
1783275706,7835.9,7835.9,7835.9,1783275706.150
1783275707,7836,7836,7836,1783275707.121
1783275708,7836.1,7836.1,7836.1,1783275708.137
1783275709,7836.2,7836.2,7836.2,1783275709.134
1783275710,7836.3,7836.3,7836.3,1783275710.156
1783275711,7836.2,7836.2,7836.2,1783275711.123
1783275712,7836.3,7836.3,7836.3,1783275712.163
1783275713,7836.2,7836.2,7836.2,1783275713.129
1783275714,7836.3,7836.3,7836.3,1783275714.162
1783275715,7836.4,7836.4,7836.4,1783275715.122
1783275716,7836.3,7836.3,7836.3,1783275716.154
1783275717,7836.4,7836.4,7836.4,1783275717.123
1783275718,7836.3,7836.3,7836.3,1783275718.154
1783275719,7836.4,7836.4,7836.4,1783275719.128
1783275720,7836.5,7836.5,7836.5,1783275720.156
1783275721,7836.4,7836.4,7836.4,1783275721.149
1783275722,7836.5,7836.5,7836.5,1783275722.217
1783275723,7836.6,7836.6,7836.6,1783275723.302
1783275724,7836.5,7836.5,7836.5,1783275724.213
1783275725,7836.6,7836.6,7836.6,1783275725.165
1783275726,7836.5,7836.5,7836.5,1783275726.147
1783275727,7836.4,7836.4,7836.4,1783275727.128
1783275728,7836.5,7836.5,7836.5,1783275728.202
1783275729,7836.4,7836.4,7836.4,1783275729.119
1783275730,7836.5,7836.5,7836.5,1783275730.151
1783275731,7836.4,7836.4,7836.4,1783275731.123
1783275732,7836.3,7836.3,7836.3,1783275732.147
1783275733,7836.4,7836.4,7836.4,1783275733.117
1783275734,7836.3,7836.3,7836.3,1783275734.166
1783275735,7836.2,7836.2,7836.2,1783275735.123
1783275736,7836.1,7836.1,7836.1,1783275736.154
1783275737,7836.2,7836.2,7836.2,1783275737.122
1783275738,7836.3,7836.3,7836.3,1783275738.134
1783275739,7836.4,7836.4,7836.4,1783275739.133
1783275740,7836.3,7836.3,7836.3,1783275740.136
1783275741,7836.4,7836.4,7836.4,1783275741.123
1783275742,7836.3,7836.3,7836.3,1783275742.151
1783275743,7836.4,7836.4,7836.4,1783275743.120
1783275744,7836.3,7836.3,7836.3,1783275744.143
1783275745,7836.4,7836.4,7836.4,1783275745.127
1783275746,7836.3,7836.3,7836.3,1783275746.155
1783275747,7836.2,7836.2,7836.2,1783275747.135
1783275748,7836.1,7836.1,7836.1,1783275748.164
1783275749,7836.2,7836.2,7836.2,1783275749.133
1783275750,7836.3,7836.3,7836.3,1783275750.160
1783275751,7836.2,7836.2,7836.2,1783275751.137
1783275752,7836.3,7836.3,7836.3,1783275752.179
1783275753,7836.4,7836.4,7836.4,1783275753.129
1783275754,7836.5,7836.5,7836.5,1783275754.154
1783275755,7836.6,7836.6,7836.6,1783275755.120
1783275756,7836.5,7836.5,7836.5,1783275756.147
1783275757,7836.6,7836.6,7836.6,1783275757.125
1783275758,7836.5,7836.5,7836.5,1783275758.137
1783275759,7836.6,7836.6,7836.6,1783275759.128
1783275760,7836.7,7836.7,7836.7,1783275760.140
1783275761,7836.6,7836.6,7836.6,1783275761.121
1783275762,7836.7,7836.7,7836.7,1783275762.159
1783275763,7836.8,7836.8,7836.8,1783275763.121
1783275764,7836.9,7836.9,7836.9,1783275764.150
1783275765,7836.8,7836.8,7836.8,1783275765.136
1783275766,7836.7,7836.7,7836.7,1783275766.161
1783275767,7836.6,7836.6,7836.6,1783275767.131
1783275768,7836.7,7836.7,7836.7,1783275768.161
1783275769,7836.8,7836.8,7836.8,1783275769.144
1783275770,7836.7,7836.7,7836.7,1783275770.167
1783275771,7836.8,7836.8,7836.8,1783275771.120
1783275772,7836.7,7836.7,7836.7,1783275772.142
1783275773,7836.8,7836.8,7836.8,1783275773.129
1783275774,7836.9,7836.9,7836.9,1783275774.137
1783275775,7837,7837,7837,1783275775.125
1783275776,7837.1,7837.1,7837.1,1783275776.150
1783275777,7837,7837,7837,1783275777.122
1783275778,7836.9,7836.9,7836.9,1783275778.136
1783275779,7836.8,7836.8,7836.8,1783275779.121
1783275780,7836.7,7836.7,7836.7,1783275780.150
1783275781,7836.6,7836.6,7836.6,1783275781.137
1783275782,7836.5,7836.5,7836.5,1783275782.184
1783275783,7836.4,7836.4,7836.4,1783275783.132
1783275784,7836.5,7836.5,7836.5,1783275784.171
1783275785,7836.6,7836.6,7836.6,1783275785.123
1783275786,7836.7,7836.7,7836.7,1783275786.146
1783275787,7836.6,7836.6,7836.6,1783275787.125
1783275788,7836.7,7836.7,7836.7,1783275788.247
1783275789,7836.8,7836.8,7836.8,1783275789.137
1783275790,7836.7,7836.7,7836.7,1783275790.139
1783275791,7836.8,7836.8,7836.8,1783275791.128
1783275792,7836.7,7836.7,7836.7,1783275792.134
1783275793,7836.8,7836.8,7836.8,1783275793.122
1783275794,7836.9,7836.9,7836.9,1783275794.158
1783275795,7837,7837,7837,1783275795.121
1783275796,7837.1,7837.1,7837.1,1783275796.161
1783275797,7837.2,7837.2,7837.2,1783275797.162
1783275798,7837.3,7837.3,7837.3,1783275798.149
1783275799,7837.4,7837.4,7837.4,1783275799.127
1783275800,7837.3,7837.3,7837.3,1783275800.136
1783275801,7837.2,7837.2,7837.2,1783275801.119
1783275802,7837.1,7837.1,7837.1,1783275802.150
1783275803,7837,7837,7837,1783275803.128
1783275804,7837.1,7837.1,7837.1,1783275804.142
1783275805,7837,7837,7837,1783275805.117
1783275806,7836.9,7836.9,7836.9,1783275806.152
1783275807,7836.8,7836.8,7836.8,1783275807.126
1783275808,7836.7,7836.7,7836.7,1783275808.162
1783275809,7836.6,7836.6,7836.6,1783275809.119
1783275810,7836.5,7836.5,7836.5,1783275810.141
1783275811,7836.6,7836.6,7836.6,1783275811.116
1783275812,7836.5,7836.5,7836.5,1783275812.154
1783275813,7836.6,7836.6,7836.6,1783275813.117
1783275814,7836.5,7836.5,7836.5,1783275814.170
1783275815,7836.4,7836.4,7836.4,1783275815.124
1783275816,7836.3,7836.3,7836.3,1783275816.151
1783275817,7836.2,7836.2,7836.2,1783275817.120
1783275818,7836.1,7836.1,7836.1,1783275818.205
1783275819,7836.2,7836.2,7836.2,1783275819.124
1783275820,7836.1,7836.1,7836.1,1783275820.162
1783275821,7836.2,7836.2,7836.2,1783275821.134
1783275822,7836.1,7836.1,7836.1,1783275822.146
1783275823,7836,7836,7836,1783275823.122
1783275824,7836.1,7836.1,7836.1,1783275824.146
1783275825,7836.2,7836.2,7836.2,1783275825.122
1783275826,7836.1,7836.1,7836.1,1783275826.143
1783275827,7836.2,7836.2,7836.2,1783275827.124
1783275828,7836.3,7836.3,7836.3,1783275828.148
1783275829,7836.4,7836.4,7836.4,1783275829.132
1783275830,7836.3,7836.3,7836.3,1783275830.147
1783275831,7836.2,7836.2,7836.2,1783275831.123
1783275832,7836.1,7836.1,7836.1,1783275832.153
1783275833,7836,7836,7836,1783275833.127
1783275834,7836.1,7836.1,7836.1,1783275834.154
1783275835,7836,7836,7836,1783275835.133
1783275836,7836.1,7836.1,7836.1,1783275836.139
1783275837,7836.2,7836.2,7836.2,1783275837.129
1783275838,7836.3,7836.3,7836.3,1783275838.164
1783275839,7836.4,7836.4,7836.4,1783275839.122
1783275840,7836.5,7836.5,7836.5,1783275840.162
1783275841,7836.4,7836.4,7836.4,1783275841.155
1783275842,7836.5,7836.5,7836.5,1783275842.181
1783275843,7836.6,7836.6,7836.6,1783275843.145
1783275844,7836.5,7836.5,7836.5,1783275844.349
1783275845,7836.6,7836.6,7836.6,1783275845.126
1783275846,7836.7,7836.7,7836.7,1783275846.153
1783275847,7836.6,7836.6,7836.6,1783275847.127
1783275848,7836.7,7836.7,7836.7,1783275848.205
1783275849,7836.6,7836.6,7836.6,1783275849.126
1783275850,7836.5,7836.5,7836.5,1783275850.138
1783275851,7836.4,7836.4,7836.4,1783275851.125
1783275852,7836.5,7836.5,7836.5,1783275852.129
1783275853,7836.6,7836.6,7836.6,1783275853.141
1783275854,7836.5,7836.5,7836.5,1783275854.161
1783275855,7836.6,7836.6,7836.6,1783275855.132
1783275856,7836.7,7836.7,7836.7,1783275856.139
1783275857,7836.6,7836.6,7836.6,1783275857.118
1783275858,7836.7,7836.7,7836.7,1783275858.156
1783275859,7836.8,7836.8,7836.8,1783275859.117
1783275860,7836.7,7836.7,7836.7,1783275860.140
1783275861,7836.6,7836.6,7836.6,1783275861.128
1783275862,7836.5,7836.5,7836.5,1783275862.148
1783275863,7836.4,7836.4,7836.4,1783275863.120
1783275864,7836.3,7836.3,7836.3,1783275864.148
1783275865,7836.2,7836.2,7836.2,1783275865.129
1783275866,7836.1,7836.1,7836.1,1783275866.152
1783275867,7836.2,7836.2,7836.2,1783275867.129
1783275868,7836.1,7836.1,7836.1,1783275868.164
1783275869,7836.2,7836.2,7836.2,1783275869.169
1783275870,7836.1,7836.1,7836.1,1783275870.144
1783275871,7836.2,7836.2,7836.2,1783275871.128
1783275872,7836.1,7836.1,7836.1,1783275872.159
1783275873,7836,7836,7836,1783275873.122
1783275874,7836.1,7836.1,7836.1,1783275874.161
1783275875,7836.2,7836.2,7836.2,1783275875.126
1783275876,7836.3,7836.3,7836.3,1783275876.147
1783275877,7836.4,7836.4,7836.4,1783275877.205
1783275878,7836.3,7836.3,7836.3,1783275878.204
1783275879,7836.4,7836.4,7836.4,1783275879.144
1783275880,7836.3,7836.3,7836.3,1783275880.141
1783275881,7836.4,7836.4,7836.4,1783275881.119
1783275882,7836.3,7836.3,7836.3,1783275882.168
1783275883,7836.4,7836.4,7836.4,1783275883.117
1783275884,7836.3,7836.3,7836.3,1783275884.160
1783275885,7836.4,7836.4,7836.4,1783275885.119
1783275886,7836.5,7836.5,7836.5,1783275886.149
1783275887,7836.4,7836.4,7836.4,1783275887.119
1783275888,7836.5,7836.5,7836.5,1783275888.132
1783275889,7836.6,7836.6,7836.6,1783275889.136
1783275890,7836.7,7836.7,7836.7,1783275890.147
1783275891,7836.6,7836.6,7836.6,1783275891.129
1783275892,7836.5,7836.5,7836.5,1783275892.144
1783275893,7836.4,7836.4,7836.4,1783275893.120
1783275894,7836.5,7836.5,7836.5,1783275894.170
1783275895,7836.6,7836.6,7836.6,1783275895.131
1783275896,7836.7,7836.7,7836.7,1783275896.144
1783275897,7836.8,7836.8,7836.8,1783275897.124
1783275898,7836.9,7836.9,7836.9,1783275898.152
1783275899,7837,7837,7837,1783275899.126
1783275900,7837.1,7837.1,7837.1,1783275900.164
1783275901,7837,7837,7837,1783275901.135
1783275902,7837.1,7837.1,7837.1,1783275902.172
1783275903,7837,7837,7837,1783275903.153
1783275904,7836.9,7836.9,7836.9,1783275904.479
1783275905,7837,7837,7837,1783275905.164
1783275906,7837.1,7837.1,7837.1,1783275906.143
1783275907,7837,7837,7837,1783275907.127
1783275908,7836.9,7836.9,7836.9,1783275908.210
1783275909,7836.8,7836.8,7836.8,1783275909.117
1783275910,7836.9,7836.9,7836.9,1783275910.157
1783275911,7836.8,7836.8,7836.8,1783275911.122
1783275912,7836.9,7836.9,7836.9,1783275912.138
1783275913,7837,7837,7837,1783275913.125
1783275914,7837.1,7837.1,7837.1,1783275914.147
1783275915,7837,7837,7837,1783275915.164
1783275916,7837.1,7837.1,7837.1,1783275916.155
1783275917,7837.2,7837.2,7837.2,1783275917.125
1783275918,7837.1,7837.1,7837.1,1783275918.170
1783275919,7837,7837,7837,1783275919.118
1783275920,7837.1,7837.1,7837.1,1783275920.134
1783275921,7837,7837,7837,1783275921.114
1783275922,7836.9,7836.9,7836.9,1783275922.144
1783275923,7836.8,7836.8,7836.8,1783275923.132
1783275924,7836.9,7836.9,7836.9,1783275924.139
1783275925,7836.8,7836.8,7836.8,1783275925.148
1783275926,7836.9,7836.9,7836.9,1783275926.141
1783275927,7837,7837,7837,1783275927.127
1783275928,7837.1,7837.1,7837.1,1783275928.145
1783275929,7837,7837,7837,1783275929.122
1783275930,7836.9,7836.9,7836.9,1783275930.155
1783275931,7836.8,7836.8,7836.8,1783275931.162
1783275932,7836.7,7836.7,7836.7,1783275932.152
1783275933,7836.8,7836.8,7836.8,1783275933.119
1783275934,7836.7,7836.7,7836.7,1783275934.300
1783275935,7836.8,7836.8,7836.8,1783275935.120
1783275936,7836.9,7836.9,7836.9,1783275936.153
1783275937,7837,7837,7837,1783275937.120
1783275938,7837.1,7837.1,7837.1,1783275938.246
1783275939,7837.2,7837.2,7837.2,1783275939.120
1783275940,7837.1,7837.1,7837.1,1783275940.149
1783275941,7837.2,7837.2,7837.2,1783275941.126
1783275942,7837.3,7837.3,7837.3,1783275942.166
1783275943,7837.4,7837.4,7837.4,1783275943.143
1783275944,7837.3,7837.3,7837.3,1783275944.165
1783275945,7837.4,7837.4,7837.4,1783275945.116
1783275946,7837.3,7837.3,7837.3,1783275946.161
1783275947,7837.2,7837.2,7837.2,1783275947.129
1783275948,7837.1,7837.1,7837.1,1783275948.142
1783275949,7837,7837,7837,1783275949.128
1783275950,7837.1,7837.1,7837.1,1783275950.141
1783275951,7837.2,7837.2,7837.2,1783275951.126
1783275952,7837.1,7837.1,7837.1,1783275952.147
1783275953,7837.2,7837.2,7837.2,1783275953.131
1783275954,7837.3,7837.3,7837.3,1783275954.146
1783275955,7837.4,7837.4,7837.4,1783275955.127
1783275956,7837.5,7837.5,7837.5,1783275956.148
1783275957,7837.6,7837.6,7837.6,1783275957.162
1783275958,7837.5,7837.5,7837.5,1783275958.157
1783275959,7837.6,7837.6,7837.6,1783275959.145
1783275960,7837.7,7837.7,7837.7,1783275960.145
1783275961,7837.8,7837.8,7837.8,1783275961.127
1783275962,7837.7,7837.7,7837.7,1783275962.154
1783275963,7837.6,7837.6,7837.6,1783275963.136
1783275964,7837.5,7837.5,7837.5,1783275964.163
1783275965,7837.6,7837.6,7837.6,1783275965.119
1783275966,7837.5,7837.5,7837.5,1783275966.157
1783275967,7837.6,7837.6,7837.6,1783275967.116
1783275968,7837.5,7837.5,7837.5,1783275968.248
1783275969,7837.4,7837.4,7837.4,1783275969.134
1783275970,7837.5,7837.5,7837.5,1783275970.164
1783275971,7837.4,7837.4,7837.4,1783275971.118
1783275972,7837.3,7837.3,7837.3,1783275972.144
1783275973,7837.4,7837.4,7837.4,1783275973.119
1783275974,7837.5,7837.5,7837.5,1783275974.139
1783275975,7837.6,7837.6,7837.6,1783275975.127
1783275976,7837.5,7837.5,7837.5,1783275976.134
1783275977,7837.4,7837.4,7837.4,1783275977.128
1783275978,7837.5,7837.5,7837.5,1783275978.138
1783275979,7837.4,7837.4,7837.4,1783275979.120
1783275980,7837.3,7837.3,7837.3,1783275980.148
1783275981,7837.4,7837.4,7837.4,1783275981.118
1783275982,7837.5,7837.5,7837.5,1783275982.153
1783275983,7837.4,7837.4,7837.4,1783275983.162
1783275984,7837.3,7837.3,7837.3,1783275984.141
1783275985,7837.2,7837.2,7837.2,1783275985.116
1783275986,7837.1,7837.1,7837.1,1783275986.137
1783275987,7837,7837,7837,1783275987.122
1783275988,7837.1,7837.1,7837.1,1783275988.156
1783275989,7837,7837,7837,1783275989.122
1783275990,7836.9,7836.9,7836.9,1783275990.140
1783275991,7837,7837,7837,1783275991.128
1783275992,7836.9,7836.9,7836.9,1783275992.147
1783275993,7837,7837,7837,1783275993.132
1783275994,7836.9,7836.9,7836.9,1783275994.142
1783275995,7836.8,7836.8,7836.8,1783275995.120
1783275996,7836.7,7836.7,7836.7,1783275996.147
1783275997,7836.6,7836.6,7836.6,1783275997.117
1783275998,7836.5,7836.5,7836.5,1783275998.204
1783275999,7836.4,7836.4,7836.4,1783275999.118
1783276000,7836.3,7836.3,7836.3,1783276000.139
1783276001,7836.2,7836.2,7836.2,1783276001.115
1783276002,7836.3,7836.3,7836.3,1783276002.145
1783276003,7836.4,7836.4,7836.4,1783276003.118
1783276004,7836.3,7836.3,7836.3,1783276004.144
1783276005,7836.4,7836.4,7836.4,1783276005.122
1783276006,7836.5,7836.5,7836.5,1783276006.163
1783276007,7836.6,7836.6,7836.6,1783276007.121
1783276008,7836.5,7836.5,7836.5,1783276008.142
1783276009,7836.4,7836.4,7836.4,1783276009.119
1783276010,7836.5,7836.5,7836.5,1783276010.146
1783276011,7836.4,7836.4,7836.4,1783276011.131
1783276012,7836.5,7836.5,7836.5,1783276012.153
1783276013,7836.6,7836.6,7836.6,1783276013.122
1783276014,7836.7,7836.7,7836.7,1783276014.163
1783276015,7836.8,7836.8,7836.8,1783276015.121
1783276016,7836.7,7836.7,7836.7,1783276016.151
1783276017,7836.6,7836.6,7836.6,1783276017.124
1783276018,7836.5,7836.5,7836.5,1783276018.140
1783276019,7836.4,7836.4,7836.4,1783276019.115
1783276020,7836.3,7836.3,7836.3,1783276020.146
1783276021,7836.2,7836.2,7836.2,1783276021.128
1783276022,7836.3,7836.3,7836.3,1783276022.208
1783276023,7836.2,7836.2,7836.2,1783276023.184
1783276024,7836.3,7836.3,7836.3,1783276024.159
1783276025,7836.4,7836.4,7836.4,1783276025.115
1783276026,7836.3,7836.3,7836.3,1783276026.154
1783276027,7836.4,7836.4,7836.4,1783276027.119
1783276028,7836.3,7836.3,7836.3,1783276028.202
1783276029,7836.4,7836.4,7836.4,1783276029.119
1783276030,7836.5,7836.5,7836.5,1783276030.164
1783276031,7836.4,7836.4,7836.4,1783276031.128
1783276032,7836.3,7836.3,7836.3,1783276032.149
1783276033,7836.4,7836.4,7836.4,1783276033.128
1783276034,7836.3,7836.3,7836.3,1783276034.161
1783276035,7836.2,7836.2,7836.2,1783276035.137
1783276036,7836.1,7836.1,7836.1,1783276036.139
1783276037,7836,7836,7836,1783276037.120
1783276038,7835.9,7835.9,7835.9,1783276038.154
1783276039,7835.8,7835.8,7835.8,1783276039.123
1783276040,7835.7,7835.7,7835.7,1783276040.133
1783276041,7835.6,7835.6,7835.6,1783276041.123
1783276042,7835.7,7835.7,7835.7,1783276042.142
1783276043,7835.8,7835.8,7835.8,1783276043.128
1783276044,7835.7,7835.7,7835.7,1783276044.151
1783276045,7835.6,7835.6,7835.6,1783276045.163
1783276046,7835.5,7835.5,7835.5,1783276046.143
1783276047,7835.4,7835.4,7835.4,1783276047.120
1783276048,7835.5,7835.5,7835.5,1783276048.142
1783276049,7835.6,7835.6,7835.6,1783276049.122
1783276050,7835.5,7835.5,7835.5,1783276050.153
1783276051,7835.6,7835.6,7835.6,1783276051.124
1783276052,7835.5,7835.5,7835.5,1783276052.149
1783276053,7835.6,7835.6,7835.6,1783276053.135
1783276054,7835.7,7835.7,7835.7,1783276054.151
1783276055,7835.6,7835.6,7835.6,1783276055.134
1783276056,7835.7,7835.7,7835.7,1783276056.204
1783276057,7835.6,7835.6,7835.6,1783276057.129
1783276058,7835.5,7835.5,7835.5,1783276058.201
1783276059,7835.6,7835.6,7835.6,1783276059.123
1783276060,7835.5,7835.5,7835.5,1783276060.141
1783276061,7835.4,7835.4,7835.4,1783276061.129
1783276062,7835.3,7835.3,7835.3,1783276062.152
1783276063,7835.4,7835.4,7835.4,1783276063.124
1783276064,7835.5,7835.5,7835.5,1783276064.143
1783276065,7835.6,7835.6,7835.6,1783276065.119
1783276066,7835.7,7835.7,7835.7,1783276066.150
1783276067,7835.6,7835.6,7835.6,1783276067.136
1783276068,7835.5,7835.5,7835.5,1783276068.153
1783276069,7835.4,7835.4,7835.4,1783276069.129
1783276070,7835.5,7835.5,7835.5,1783276070.144
1783276071,7835.4,7835.4,7835.4,1783276071.129
1783276072,7835.3,7835.3,7835.3,1783276072.164
1783276073,7835.2,7835.2,7835.2,1783276073.132
1783276074,7835.3,7835.3,7835.3,1783276074.162
1783276075,7835.2,7835.2,7835.2,1783276075.132
1783276076,7835.1,7835.1,7835.1,1783276076.160
1783276077,7835.2,7835.2,7835.2,1783276077.123
1783276078,7835.3,7835.3,7835.3,1783276078.151
1783276079,7835.2,7835.2,7835.2,1783276079.124
1783276080,7835.3,7835.3,7835.3,1783276080.164
1783276081,7835.2,7835.2,7835.2,1783276081.127
1783276082,7835.1,7835.1,7835.1,1783276082.194
1783276083,7835,7835,7835,1783276083.124
1783276084,7834.9,7834.9,7834.9,1783276084.164
1783276085,7835,7835,7835,1783276085.124
1783276086,7834.9,7834.9,7834.9,1783276086.144
1783276087,7835,7835,7835,1783276087.119
1783276088,7834.9,7834.9,7834.9,1783276088.205
1783276089,7834.8,7834.8,7834.8,1783276089.126
1783276090,7834.9,7834.9,7834.9,1783276090.154
1783276091,7835,7835,7835,1783276091.114
1783276092,7835.1,7835.1,7835.1,1783276092.150
1783276093,7835.2,7835.2,7835.2,1783276093.118
1783276094,7835.1,7835.1,7835.1,1783276094.148
1783276095,7835,7835,7835,1783276095.117
1783276096,7835.1,7835.1,7835.1,1783276096.154
1783276097,7835,7835,7835,1783276097.118
1783276098,7834.9,7834.9,7834.9,1783276098.152
1783276099,7835,7835,7835,1783276099.126
1783276100,7835.1,7835.1,7835.1,1783276100.162
1783276101,7835,7835,7835,1783276101.127
1783276102,7835.1,7835.1,7835.1,1783276102.151
1783276103,7835,7835,7835,1783276103.113
1783276104,7834.9,7834.9,7834.9,1783276104.152
1783276105,7835,7835,7835,1783276105.127
1783276106,7835.1,7835.1,7835.1,1783276106.142
1783276107,7835,7835,7835,1783276107.122
1783276108,7834.9,7834.9,7834.9,1783276108.139
1783276109,7834.8,7834.8,7834.8,1783276109.117
1783276110,7834.7,7834.7,7834.7,1783276110.157
1783276111,7834.8,7834.8,7834.8,1783276111.122
1783276112,7834.7,7834.7,7834.7,1783276112.205
1783276113,7834.6,7834.6,7834.6,1783276113.125
1783276114,7834.5,7834.5,7834.5,1783276114.130
1783276115,7834.4,7834.4,7834.4,1783276115.131
1783276116,7834.5,7834.5,7834.5,1783276116.141
1783276117,7834.6,7834.6,7834.6,1783276117.117
1783276118,7834.5,7834.5,7834.5,1783276118.138
1783276119,7834.4,7834.4,7834.4,1783276119.111
1783276120,7834.5,7834.5,7834.5,1783276120.173
1783276121,7834.4,7834.4,7834.4,1783276121.124
1783276122,7834.5,7834.5,7834.5,1783276122.157
1783276123,7834.4,7834.4,7834.4,1783276123.114
1783276124,7834.5,7834.5,7834.5,1783276124.154
1783276125,7834.6,7834.6,7834.6,1783276125.111
1783276126,7834.7,7834.7,7834.7,1783276126.140
1783276127,7834.8,7834.8,7834.8,1783276127.136
1783276128,7834.7,7834.7,7834.7,1783276128.159
1783276129,7834.6,7834.6,7834.6,1783276129.114
1783276130,7834.5,7834.5,7834.5,1783276130.158
1783276131,7834.4,7834.4,7834.4,1783276131.120
1783276132,7834.3,7834.3,7834.3,1783276132.151
1783276133,7834.4,7834.4,7834.4,1783276133.112
1783276134,7834.3,7834.3,7834.3,1783276134.158
1783276135,7834.4,7834.4,7834.4,1783276135.113
1783276136,7834.3,7834.3,7834.3,1783276136.154
1783276137,7834.4,7834.4,7834.4,1783276137.123
1783276138,7834.3,7834.3,7834.3,1783276138.140
1783276139,7834.4,7834.4,7834.4,1783276139.125
1783276140,7834.5,7834.5,7834.5,1783276140.144
1783276141,7834.4,7834.4,7834.4,1783276141.131
1783276142,7834.5,7834.5,7834.5,1783276142.145
1783276143,7834.4,7834.4,7834.4,1783276143.194
1783276144,7834.5,7834.5,7834.5,1783276144.170
1783276145,7834.6,7834.6,7834.6,1783276145.113
1783276146,7834.7,7834.7,7834.7,1783276146.150
1783276147,7834.6,7834.6,7834.6,1783276147.126
1783276148,7834.5,7834.5,7834.5,1783276148.209
1783276149,7834.4,7834.4,7834.4,1783276149.121
1783276150,7834.3,7834.3,7834.3,1783276150.139
1783276151,7834.2,7834.2,7834.2,1783276151.112
1783276152,7834.1,7834.1,7834.1,1783276152.128
1783276153,7834.2,7834.2,7834.2,1783276153.125
1783276154,7834.1,7834.1,7834.1,1783276154.148
1783276155,7834,7834,7834,1783276155.111
1783276156,7834.1,7834.1,7834.1,1783276156.162
1783276157,7834,7834,7834,1783276157.124
1783276158,7834.1,7834.1,7834.1,1783276158.129
1783276159,7834.2,7834.2,7834.2,1783276159.108
1783276160,7834.1,7834.1,7834.1,1783276160.133
1783276161,7834,7834,7834,1783276161.157
1783276162,7833.9,7833.9,7833.9,1783276162.151
1783276163,7833.8,7833.8,7833.8,1783276163.114
1783276164,7833.7,7833.7,7833.7,1783276164.155
1783276165,7833.6,7833.6,7833.6,1783276165.145
1783276166,7833.5,7833.5,7833.5,1783276166.140
1783276167,7833.4,7833.4,7833.4,1783276167.127
1783276168,7833.5,7833.5,7833.5,1783276168.160
1783276169,7833.6,7833.6,7833.6,1783276169.113
1783276170,7833.5,7833.5,7833.5,1783276170.168
1783276171,7833.6,7833.6,7833.6,1783276171.128
1783276172,7833.7,7833.7,7833.7,1783276172.162
1783276173,7833.8,7833.8,7833.8,1783276173.131
1783276174,7833.9,7833.9,7833.9,1783276174.207
1783276175,7834,7834,7834,1783276175.206
1783276176,7833.9,7833.9,7833.9,1783276176.167
1783276177,7833.8,7833.8,7833.8,1783276177.121
1783276178,7833.9,7833.9,7833.9,1783276178.203
1783276179,7833.8,7833.8,7833.8,1783276179.126
1783276180,7833.9,7833.9,7833.9,1783276180.148
1783276181,7833.8,7833.8,7833.8,1783276181.130
1783276182,7833.7,7833.7,7833.7,1783276182.157
1783276183,7833.8,7833.8,7833.8,1783276183.144
1783276184,7833.9,7833.9,7833.9,1783276184.148
1783276185,7834,7834,7834,1783276185.120
1783276186,7834.1,7834.1,7834.1,1783276186.139
1783276187,7834,7834,7834,1783276187.123
1783276188,7833.9,7833.9,7833.9,1783276188.150
1783276189,7834,7834,7834,1783276189.166
1783276190,7834.1,7834.1,7834.1,1783276190.156
1783276191,7834.2,7834.2,7834.2,1783276191.127
1783276192,7834.1,7834.1,7834.1,1783276192.144
1783276193,7834,7834,7834,1783276193.117
1783276194,7834.1,7834.1,7834.1,1783276194.153
1783276195,7834.2,7834.2,7834.2,1783276195.129
1783276196,7834.1,7834.1,7834.1,1783276196.157
1783276197,7834.2,7834.2,7834.2,1783276197.125
1783276198,7834.3,7834.3,7834.3,1783276198.163
1783276199,7834.2,7834.2,7834.2,1783276199.127
1783276200,7834.3,7834.3,7834.3,1783276200.164
1783276201,7834.4,7834.4,7834.4,1783276201.123
1783276202,7834.5,7834.5,7834.5,1783276202.262
1783276203,7834.6,7834.6,7834.6,1783276203.165
1783276204,7834.5,7834.5,7834.5,1783276204.191
1783276205,7834.4,7834.4,7834.4,1783276205.211
1783276206,7834.3,7834.3,7834.3,1783276206.217
1783276207,7834.4,7834.4,7834.4,1783276207.138
1783276208,7834.5,7834.5,7834.5,1783276208.206
1783276209,7834.6,7834.6,7834.6,1783276209.132
1783276210,7834.7,7834.7,7834.7,1783276210.154
1783276211,7834.8,7834.8,7834.8,1783276211.134
1783276212,7834.7,7834.7,7834.7,1783276212.164
1783276213,7834.8,7834.8,7834.8,1783276213.123
1783276214,7834.9,7834.9,7834.9,1783276214.153
1783276215,7835,7835,7835,1783276215.127
1783276216,7834.9,7834.9,7834.9,1783276216.139
1783276217,7834.8,7834.8,7834.8,1783276217.121
1783276218,7834.9,7834.9,7834.9,1783276218.160
1783276219,7834.8,7834.8,7834.8,1783276219.118
1783276220,7834.7,7834.7,7834.7,1783276220.157
1783276221,7834.8,7834.8,7834.8,1783276221.128
1783276222,7834.7,7834.7,7834.7,1783276222.146
1783276223,7834.8,7834.8,7834.8,1783276223.123
1783276224,7834.7,7834.7,7834.7,1783276224.156
1783276225,7834.6,7834.6,7834.6,1783276225.208
1783276226,7834.5,7834.5,7834.5,1783276226.141
1783276227,7834.6,7834.6,7834.6,1783276227.132
1783276228,7834.7,7834.7,7834.7,1783276228.159
1783276229,7834.6,7834.6,7834.6,1783276229.117
1783276230,7834.7,7834.7,7834.7,1783276230.171
1783276231,7834.6,7834.6,7834.6,1783276231.127
1783276232,7834.7,7834.7,7834.7,1783276232.158
1783276233,7834.6,7834.6,7834.6,1783276233.113
1783276234,7834.7,7834.7,7834.7,1783276234.147
1783276235,7834.8,7834.8,7834.8,1783276235.132
1783276236,7834.7,7834.7,7834.7,1783276236.146
1783276237,7834.6,7834.6,7834.6,1783276237.123
1783276238,7834.5,7834.5,7834.5,1783276238.265
1783276239,7834.4,7834.4,7834.4,1783276239.144
1783276240,7834.3,7834.3,7834.3,1783276240.140
1783276241,7834.2,7834.2,7834.2,1783276241.135
1783276242,7834.1,7834.1,7834.1,1783276242.153
1783276243,7834,7834,7834,1783276243.127
